{
  "n_zeros": 1000,
  "mean_spacing": 1.4066944502545156,
  "spectral_flatness_total": 0.013059965457229414,
  "spectral_flatness_spacings": 0.49193749047442525,
  "spectral_flatness_gue_mean": 0.015262666130315765,
  "spectral_flatness_gue_std": 0.00020186306745163766,
  "ks_stat_vs_gue": 0.2565130260521042,
  "ks_pval_vs_gue": 7.864580524237304e-15,
  "log_power_corr_vs_gue": 0.999925317422689,
  "pair_corr_rms_residual": 0.11599506981274937,
  "pair_corr_at_zero": 0.0,
  "n_peaks_above_10x_noise": 71
}