anchor_log10,x_anchor,x,pi_x,R_x,K_compute,kernel,pi_K_kernel,err,abs_err
7,10000000,10624678,703309,703343.981664,500,hard,703306.535866,-2.464134,2.464134
7,10000000,10624678,703309,703343.981664,500,paired_hann,703311.613285,2.613285,2.613285
7,10000000,10624678,703309,703343.981664,500,paired_triangle,703312.938625,3.938625,3.938625
7,10000000,10624678,703309,703343.981664,500,paired_riesz,703309.223474,0.223474,0.223474
7,10000000,10624678,703309,703343.981664,500,antipair_03,703312.641658,3.641658,3.641658
7,10000000,10624678,703309,703343.981664,500,antipair_05,703316.712186,7.712186,7.712186
7,10000000,10624678,703309,703343.981664,500,half_int,703306.284879,-2.715121,2.715121
7,10000000,10624678,703309,703343.981664,500,boundary_pair,703306.082868,-2.917132,2.917132
7,10000000,10624678,703309,703343.981664,1000,hard,703308.078433,-0.921567,0.921567
7,10000000,10624678,703309,703343.981664,1000,paired_hann,703307.363282,-1.636718,1.636718
7,10000000,10624678,703309,703343.981664,1000,paired_triangle,703309.273606,0.273606,0.273606
7,10000000,10624678,703309,703343.981664,1000,paired_riesz,703306.664763,-2.335237,2.335237
7,10000000,10624678,703309,703343.981664,1000,antipair_03,703312.558945,3.558945,3.558945
7,10000000,10624678,703309,703343.981664,1000,antipair_05,703315.545954,6.545954,6.545954
7,10000000,10624678,703309,703343.981664,1000,half_int,703307.991675,-1.008325,1.008325
7,10000000,10624678,703309,703343.981664,1000,boundary_pair,703307.961651,-1.038349,1.038349
7,10000000,10624678,703309,703343.981664,2000,hard,703305.268837,-3.731163,3.731163
7,10000000,10624678,703309,703343.981664,2000,paired_hann,703305.296395,-3.703605,3.703605
7,10000000,10624678,703309,703343.981664,2000,paired_triangle,703306.505307,-2.494693,2.494693
7,10000000,10624678,703309,703343.981664,2000,paired_riesz,703304.396758,-4.603242,4.603242
7,10000000,10624678,703309,703343.981664,2000,antipair_03,703310.112679,1.112679,1.112679
7,10000000,10624678,703309,703343.981664,2000,antipair_05,703313.341906,4.341906,4.341906
7,10000000,10624678,703309,703343.981664,2000,half_int,703305.200693,-3.799307,3.799307
7,10000000,10624678,703309,703343.981664,2000,boundary_pair,703305.170245,-3.829755,3.829755
7,10000000,10624678,703309,703343.981664,4000,hard,703302.034032,-6.965968,6.965968
7,10000000,10624678,703309,703343.981664,4000,paired_hann,703304.746578,-4.253422,4.253422
7,10000000,10624678,703309,703343.981664,4000,paired_triangle,703305.434512,-3.565488,3.565488
7,10000000,10624678,703309,703343.981664,4000,paired_riesz,703304.195046,-4.804954,4.804954
7,10000000,10624678,703309,703343.981664,4000,antipair_03,703307.396818,-1.603182,1.603182
7,10000000,10624678,703309,703343.981664,4000,antipair_05,703310.972009,1.972009,1.972009
7,10000000,10624678,703309,703343.981664,4000,half_int,703302.064636,-6.935364,6.935364
7,10000000,10624678,703309,703343.981664,4000,boundary_pair,703302.100811,-6.899189,6.899189
7,10000000,11288379,744285,744283.260586,500,hard,744289.690313,4.690313,4.690313
7,10000000,11288379,744285,744283.260586,500,paired_hann,744288.423677,3.423677,3.423677
7,10000000,11288379,744285,744283.260586,500,paired_triangle,744287.870437,2.870437,2.870437
7,10000000,11288379,744285,744283.260586,500,paired_riesz,744287.317063,2.317063,2.317063
7,10000000,11288379,744285,744283.260586,500,antipair_03,744303.196955,18.196955,18.196955
7,10000000,11288379,744285,744283.260586,500,antipair_05,744312.201384,27.201384,27.201384
7,10000000,11288379,744285,744283.260586,500,half_int,744289.597786,4.597786,4.597786
7,10000000,11288379,744285,744283.260586,500,boundary_pair,744289.430603,4.430603,4.430603
7,10000000,11288379,744285,744283.260586,1000,hard,744280.801500,-4.198500,4.198500
7,10000000,11288379,744285,744283.260586,1000,paired_hann,744286.844486,1.844486,1.844486
7,10000000,11288379,744285,744283.260586,1000,paired_triangle,744286.550441,1.550441,1.550441
7,10000000,11288379,744285,744283.260586,1000,paired_riesz,744285.428602,0.428602,0.428602
7,10000000,11288379,744285,744283.260586,1000,antipair_03,744294.427510,9.427510,9.427510
7,10000000,11288379,744285,744283.260586,1000,antipair_05,744303.511517,18.511517,18.511517
7,10000000,11288379,744285,744283.260586,1000,half_int,744280.724813,-4.275187,4.275187
7,10000000,11288379,744285,744283.260586,1000,boundary_pair,744280.614460,-4.385540,4.385540
7,10000000,11288379,744285,744283.260586,2000,hard,744286.502641,1.502641,1.502641
7,10000000,11288379,744285,744283.260586,2000,paired_hann,744284.126886,-0.873114,0.873114
7,10000000,11288379,744285,744283.260586,2000,paired_triangle,744285.074272,0.074272,0.074272
7,10000000,11288379,744285,744283.260586,2000,paired_riesz,744284.381700,-0.618300,0.618300
7,10000000,11288379,744285,744283.260586,2000,antipair_03,744300.059775,15.059775,15.059775
7,10000000,11288379,744285,744283.260586,2000,antipair_05,744309.097864,24.097864,24.097864
7,10000000,11288379,744285,744283.260586,2000,half_int,744286.460357,1.460357,1.460357
7,10000000,11288379,744285,744283.260586,2000,boundary_pair,744286.479666,1.479666,1.479666
7,10000000,11288379,744285,744283.260586,4000,hard,744283.920071,-1.079929,1.079929
7,10000000,11288379,744285,744283.260586,4000,paired_hann,744285.027520,0.027520,0.027520
7,10000000,11288379,744285,744283.260586,4000,paired_triangle,744285.311920,0.311920,0.311920
7,10000000,11288379,744285,744283.260586,4000,paired_riesz,744285.206714,0.206714,0.206714
7,10000000,11288379,744285,744283.260586,4000,antipair_03,744299.878199,14.878199,14.878199
7,10000000,11288379,744285,744283.260586,4000,antipair_05,744310.516950,25.516950,25.516950
7,10000000,11288379,744285,744283.260586,4000,half_int,744283.881255,-1.118745,1.118745
7,10000000,11288379,744285,744283.260586,4000,boundary_pair,744283.843865,-1.156135,1.156135
7,10000000,11993539,787674,787618.080047,500,hard,787665.271163,-8.728837,8.728837
7,10000000,11993539,787674,787618.080047,500,paired_hann,787665.313877,-8.686123,8.686123
7,10000000,11993539,787674,787618.080047,500,paired_triangle,787663.498059,-10.501941,10.501941
7,10000000,11993539,787674,787618.080047,500,paired_riesz,787666.160901,-7.839099,7.839099
7,10000000,11993539,787674,787618.080047,500,antipair_03,787661.670761,-12.329239,12.329239
7,10000000,11993539,787674,787618.080047,500,antipair_05,787659.270493,-14.729507,14.729507
7,10000000,11993539,787674,787618.080047,500,half_int,787665.446637,-8.553363,8.553363
7,10000000,11993539,787674,787618.080047,500,boundary_pair,787665.520544,-8.479456,8.479456
7,10000000,11993539,787674,787618.080047,1000,hard,787669.015209,-4.984791,4.984791
7,10000000,11993539,787674,787618.080047,1000,paired_hann,787667.434452,-6.565548,6.565548
7,10000000,11993539,787674,787618.080047,1000,paired_triangle,787666.146564,-7.853436,7.853436
7,10000000,11993539,787674,787618.080047,1000,paired_riesz,787668.133380,-5.866620,5.866620
7,10000000,11993539,787674,787618.080047,1000,antipair_03,787665.694451,-8.305549,8.305549
7,10000000,11993539,787674,787618.080047,1000,antipair_05,787663.480612,-10.519388,10.519388
7,10000000,11993539,787674,787618.080047,1000,half_int,787669.160601,-4.839399,4.839399
7,10000000,11993539,787674,787618.080047,1000,boundary_pair,787669.279261,-4.720739,4.720739
7,10000000,11993539,787674,787618.080047,2000,hard,787674.258416,0.258416,0.258416
7,10000000,11993539,787674,787618.080047,2000,paired_hann,787667.271960,-6.728040,6.728040
7,10000000,11993539,787674,787618.080047,2000,paired_triangle,787666.869812,-7.130188,7.130188
7,10000000,11993539,787674,787618.080047,2000,paired_riesz,787668.010866,-5.989134,5.989134
7,10000000,11993539,787674,787618.080047,2000,antipair_03,787670.879094,-3.120906,3.120906
7,10000000,11993539,787674,787618.080047,2000,antipair_05,787668.626213,-5.373787,5.373787
7,10000000,11993539,787674,787618.080047,2000,half_int,787674.333431,0.333431,0.333431
7,10000000,11993539,787674,787618.080047,2000,boundary_pair,787674.367816,0.367816,0.367816
7,10000000,11993539,787674,787618.080047,4000,hard,787677.044995,3.044995,3.044995
7,10000000,11993539,787674,787618.080047,4000,paired_hann,787671.955441,-2.044559,2.044559
7,10000000,11993539,787674,787618.080047,4000,paired_triangle,787671.709843,-2.290157,2.290157
7,10000000,11993539,787674,787618.080047,4000,paired_riesz,787674.585225,0.585225,0.585225
7,10000000,11993539,787674,787618.080047,4000,antipair_03,787673.339501,-0.660499,0.660499
7,10000000,11993539,787674,787618.080047,4000,antipair_05,787670.869171,-3.130829,3.130829
7,10000000,11993539,787674,787618.080047,4000,half_int,787677.089248,3.089248,3.089248
7,10000000,11993539,787674,787618.080047,4000,boundary_pair,787677.123877,3.123877,3.123877
7,10000000,12742750,833586,833489.378476,500,hard,833578.102959,-7.897041,7.897041
7,10000000,12742750,833586,833489.378476,500,paired_hann,833571.756664,-14.243336,14.243336
7,10000000,12742750,833586,833489.378476,500,paired_triangle,833572.018081,-13.981919,13.981919
7,10000000,12742750,833586,833489.378476,500,paired_riesz,833573.781962,-12.218038,12.218038
7,10000000,12742750,833586,833489.378476,500,antipair_03,833573.120837,-12.879163,12.879163
7,10000000,12742750,833586,833489.378476,500,antipair_05,833569.799423,-16.200577,16.200577
7,10000000,12742750,833586,833489.378476,500,half_int,833578.357110,-7.642890,7.642890
7,10000000,12742750,833586,833489.378476,500,boundary_pair,833578.603058,-7.396942,7.396942
7,10000000,12742750,833586,833489.378476,1000,hard,833576.584406,-9.415594,9.415594
7,10000000,12742750,833586,833489.378476,1000,paired_hann,833575.848176,-10.151824,10.151824
7,10000000,12742750,833586,833489.378476,1000,paired_triangle,833575.018761,-10.981239,10.981239
7,10000000,12742750,833586,833489.378476,1000,paired_riesz,833576.838157,-9.161843,9.161843
7,10000000,12742750,833586,833489.378476,1000,antipair_03,833570.163000,-15.837000,15.837000
7,10000000,12742750,833586,833489.378476,1000,antipair_05,833565.882062,-20.117938,20.117938
7,10000000,12742750,833586,833489.378476,1000,half_int,833576.549594,-9.450406,9.450406
7,10000000,12742750,833586,833489.378476,1000,boundary_pair,833576.566363,-9.433637,9.433637
7,10000000,12742750,833586,833489.378476,2000,hard,833579.574804,-6.425196,6.425196
7,10000000,12742750,833586,833489.378476,2000,paired_hann,833578.452291,-7.547709,7.547709
7,10000000,12742750,833586,833489.378476,2000,paired_triangle,833577.530693,-8.469307,8.469307
7,10000000,12742750,833586,833489.378476,2000,paired_riesz,833579.211853,-6.788147,6.788147
7,10000000,12742750,833586,833489.378476,2000,antipair_03,833574.724655,-11.275345,11.275345
7,10000000,12742750,833586,833489.378476,2000,antipair_05,833571.491222,-14.508778,14.508778
7,10000000,12742750,833586,833489.378476,2000,half_int,833579.613392,-6.386608,6.386608
7,10000000,12742750,833586,833489.378476,2000,boundary_pair,833579.588580,-6.411420,6.411420
7,10000000,12742750,833586,833489.378476,4000,hard,833587.595180,1.595180,1.595180
7,10000000,12742750,833586,833489.378476,4000,paired_hann,833580.862555,-5.137445,5.137445
7,10000000,12742750,833586,833489.378476,4000,paired_triangle,833580.598733,-5.401267,5.401267
7,10000000,12742750,833586,833489.378476,4000,paired_riesz,833582.846099,-3.153901,3.153901
7,10000000,12742750,833586,833489.378476,4000,antipair_03,833584.694007,-1.305993,1.305993
7,10000000,12742750,833586,833489.378476,4000,antipair_05,833582.759893,-3.240107,3.240107
7,10000000,12742750,833586,833489.378476,4000,half_int,833587.547190,1.547190,1.547190
7,10000000,12742750,833586,833489.378476,4000,boundary_pair,833587.517619,1.517619,1.517619
7,10000000,13538762,881983,882046.170450,500,hard,881973.891091,-9.108909,9.108909
7,10000000,13538762,881983,882046.170450,500,paired_hann,881979.680329,-3.319671,3.319671
7,10000000,13538762,881983,882046.170450,500,paired_triangle,881983.422629,0.422629,0.422629
7,10000000,13538762,881983,882046.170450,500,paired_riesz,881978.316262,-4.683738,4.683738
7,10000000,13538762,881983,882046.170450,500,antipair_03,881971.845430,-11.154570,11.154570
7,10000000,13538762,881983,882046.170450,500,antipair_05,881970.481656,-12.518344,12.518344
7,10000000,13538762,881983,882046.170450,500,half_int,881973.936385,-9.063615,9.063615
7,10000000,13538762,881983,882046.170450,500,boundary_pair,881974.069136,-8.930864,8.930864
7,10000000,13538762,881983,882046.170450,1000,hard,881978.521195,-4.478805,4.478805
7,10000000,13538762,881983,882046.170450,1000,paired_hann,881977.588558,-5.411442,5.411442
7,10000000,13538762,881983,882046.170450,1000,paired_triangle,881980.292530,-2.707470,2.707470
7,10000000,13538762,881983,882046.170450,1000,paired_riesz,881977.611614,-5.388386,5.388386
7,10000000,13538762,881983,882046.170450,1000,antipair_03,881975.829561,-7.170439,7.170439
7,10000000,13538762,881983,882046.170450,1000,antipair_05,881974.035138,-8.964862,8.964862
7,10000000,13538762,881983,882046.170450,1000,half_int,881978.395003,-4.604997,4.604997
7,10000000,13538762,881983,882046.170450,1000,boundary_pair,881978.254135,-4.745865,4.745865
7,10000000,13538762,881983,882046.170450,2000,hard,881980.191460,-2.808540,2.808540
7,10000000,13538762,881983,882046.170450,2000,paired_hann,881977.937416,-5.062584,5.062584
7,10000000,13538762,881983,882046.170450,2000,paired_triangle,881979.528266,-3.471734,3.471734
7,10000000,13538762,881983,882046.170450,2000,paired_riesz,881978.633455,-4.366545,4.366545
7,10000000,13538762,881983,882046.170450,2000,antipair_03,881979.747563,-3.252437,3.252437
7,10000000,13538762,881983,882046.170450,2000,antipair_05,881979.451632,-3.548368,3.548368
7,10000000,13538762,881983,882046.170450,2000,half_int,881980.110293,-2.889707,2.889707
7,10000000,13538762,881983,882046.170450,2000,boundary_pair,881980.070471,-2.929529,2.929529
7,10000000,13538762,881983,882046.170450,4000,hard,881981.993635,-1.006365,1.006365
7,10000000,13538762,881983,882046.170450,4000,paired_hann,881978.970535,-4.029465,4.029465
7,10000000,13538762,881983,882046.170450,4000,paired_triangle,881979.540832,-3.459168,3.459168
7,10000000,13538762,881983,882046.170450,4000,paired_riesz,881979.353849,-3.646151,3.646151
7,10000000,13538762,881983,882046.170450,4000,antipair_03,881984.020702,1.020702,1.020702
7,10000000,13538762,881983,882046.170450,4000,antipair_05,881985.372080,2.372080,2.372080
7,10000000,13538762,881983,882046.170450,4000,half_int,881982.043028,-0.956972,0.956972
7,10000000,13538762,881983,882046.170450,4000,boundary_pair,881982.066127,-0.933873,0.933873
7,10000000,14384499,933480,933446.400391,500,hard,933476.157456,-3.842544,3.842544
7,10000000,14384499,933480,933446.400391,500,paired_hann,933467.806091,-12.193909,12.193909
7,10000000,14384499,933480,933446.400391,500,paired_triangle,933465.174170,-14.825830,14.825830
7,10000000,14384499,933480,933446.400391,500,paired_riesz,933470.241280,-9.758720,9.758720
7,10000000,14384499,933480,933446.400391,500,antipair_03,933453.974190,-26.025810,26.025810
7,10000000,14384499,933480,933446.400391,500,antipair_05,933439.185345,-40.814655,40.814655
7,10000000,14384499,933480,933446.400391,500,half_int,933475.927381,-4.072619,4.072619
7,10000000,14384499,933480,933446.400391,500,boundary_pair,933475.773257,-4.226743,4.226743
7,10000000,14384499,933480,933446.400391,1000,hard,933483.511445,3.511445,3.511445
7,10000000,14384499,933480,933446.400391,1000,paired_hann,933475.703637,-4.296363,4.296363
7,10000000,14384499,933480,933446.400391,1000,paired_triangle,933473.657046,-6.342954,6.342954
7,10000000,14384499,933480,933446.400391,1000,paired_riesz,933479.347092,-0.652908,0.652908
7,10000000,14384499,933480,933446.400391,1000,antipair_03,933465.353043,-14.646957,14.646957
7,10000000,14384499,933480,933446.400391,1000,antipair_05,933453.247442,-26.752558,26.752558
7,10000000,14384499,933480,933446.400391,1000,half_int,933483.649863,3.649863,3.649863
7,10000000,14384499,933480,933446.400391,1000,boundary_pair,933483.751209,3.751209,3.751209
7,10000000,14384499,933480,933446.400391,2000,hard,933473.317705,-6.682295,6.682295
7,10000000,14384499,933480,933446.400391,2000,paired_hann,933479.100964,-0.899036,0.899036
7,10000000,14384499,933480,933446.400391,2000,paired_triangle,933476.010515,-3.989485,3.989485
7,10000000,14384499,933480,933446.400391,2000,paired_riesz,933478.283306,-1.716694,1.716694
7,10000000,14384499,933480,933446.400391,2000,antipair_03,933454.776558,-25.223442,25.223442
7,10000000,14384499,933480,933446.400391,2000,antipair_05,933442.415793,-37.584207,37.584207
7,10000000,14384499,933480,933446.400391,2000,half_int,933473.285794,-6.714206,6.714206
7,10000000,14384499,933480,933446.400391,2000,boundary_pair,933473.316024,-6.683976,6.683976
7,10000000,14384499,933480,933446.400391,4000,hard,933478.576508,-1.423492,1.423492
7,10000000,14384499,933480,933446.400391,4000,paired_hann,933477.114291,-2.885709,2.885709
7,10000000,14384499,933480,933446.400391,4000,paired_triangle,933476.164448,-3.835552,3.835552
7,10000000,14384499,933480,933446.400391,4000,paired_riesz,933476.974787,-3.025213,3.025213
7,10000000,14384499,933480,933446.400391,4000,antipair_03,933458.491714,-21.508286,21.508286
7,10000000,14384499,933480,933446.400391,4000,antipair_05,933445.101851,-34.898149,34.898149
7,10000000,14384499,933480,933446.400391,4000,half_int,933478.529879,-1.470121,1.470121
7,10000000,14384499,933480,933446.400391,4000,boundary_pair,933478.515521,-1.484479,1.484479
7,10000000,15283067,987839,987857.295826,500,hard,987824.462406,-14.537594,14.537594
7,10000000,15283067,987839,987857.295826,500,paired_hann,987821.186779,-17.813221,17.813221
7,10000000,15283067,987839,987857.295826,500,paired_triangle,987819.217277,-19.782723,19.782723
7,10000000,15283067,987839,987857.295826,500,paired_riesz,987822.219307,-16.780693,16.780693
7,10000000,15283067,987839,987857.295826,500,antipair_03,987826.217706,-12.782294,12.782294
7,10000000,15283067,987839,987857.295826,500,antipair_05,987827.387906,-11.612094,11.612094
7,10000000,15283067,987839,987857.295826,500,half_int,987824.209997,-14.790003,14.790003
7,10000000,15283067,987839,987857.295826,500,boundary_pair,987823.937871,-15.062129,15.062129
7,10000000,15283067,987839,987857.295826,1000,hard,987831.278334,-7.721666,7.721666
7,10000000,15283067,987839,987857.295826,1000,paired_hann,987825.710942,-13.289058,13.289058
7,10000000,15283067,987839,987857.295826,1000,paired_triangle,987824.724463,-14.275537,14.275537
7,10000000,15283067,987839,987857.295826,1000,paired_riesz,987828.503806,-10.496194,10.496194
7,10000000,15283067,987839,987857.295826,1000,antipair_03,987832.234772,-6.765228,6.765228
7,10000000,15283067,987839,987857.295826,1000,antipair_05,987832.872398,-6.127602,6.127602
7,10000000,15283067,987839,987857.295826,1000,half_int,987831.309964,-7.690036,7.690036
7,10000000,15283067,987839,987857.295826,1000,boundary_pair,987831.383065,-7.616935,7.616935
7,10000000,15283067,987839,987857.295826,2000,hard,987831.333053,-7.666947,7.666947
7,10000000,15283067,987839,987857.295826,2000,paired_hann,987829.116100,-9.883900,9.883900
7,10000000,15283067,987839,987857.295826,2000,paired_triangle,987827.482003,-11.517997,11.517997
7,10000000,15283067,987839,987857.295826,2000,paired_riesz,987829.802611,-9.197389,9.197389
7,10000000,15283067,987839,987857.295826,2000,antipair_03,987832.297968,-6.702032,6.702032
7,10000000,15283067,987839,987857.295826,2000,antipair_05,987832.941244,-6.058756,6.058756
7,10000000,15283067,987839,987857.295826,2000,half_int,987831.421251,-7.578749,7.578749
7,10000000,15283067,987839,987857.295826,2000,boundary_pair,987831.466904,-7.533096,7.533096
7,10000000,15283067,987839,987857.295826,4000,hard,987833.132384,-5.867616,5.867616
7,10000000,15283067,987839,987857.295826,4000,paired_hann,987831.574835,-7.425165,7.425165
7,10000000,15283067,987839,987857.295826,4000,paired_triangle,987830.320891,-8.679109,8.679109
7,10000000,15283067,987839,987857.295826,4000,paired_riesz,987832.228786,-6.771214,6.771214
7,10000000,15283067,987839,987857.295826,4000,antipair_03,987834.632723,-4.367277,4.367277
7,10000000,15283067,987839,987857.295826,4000,antipair_05,987835.632948,-3.367052,3.367052
7,10000000,15283067,987839,987857.295826,4000,half_int,987833.171716,-5.828284,5.828284
7,10000000,15283067,987839,987857.295826,4000,boundary_pair,987833.174836,-5.825164,5.825164
7,10000000,16237767,1045411,1045456.015987,500,hard,1045413.400321,2.400321,2.400321
7,10000000,16237767,1045411,1045456.015987,500,paired_hann,1045414.448232,3.448232,3.448232
7,10000000,16237767,1045411,1045456.015987,500,paired_triangle,1045413.324428,2.324428,2.324428
7,10000000,16237767,1045411,1045456.015987,500,paired_riesz,1045414.977253,3.977253,3.977253
7,10000000,16237767,1045411,1045456.015987,500,antipair_03,1045410.990082,-0.009918,0.009918
7,10000000,16237767,1045411,1045456.015987,500,antipair_05,1045409.383256,-1.616744,1.616744
7,10000000,16237767,1045411,1045456.015987,500,half_int,1045413.415807,2.415807,2.415807
7,10000000,16237767,1045411,1045456.015987,500,boundary_pair,1045413.348152,2.348152,2.348152
7,10000000,16237767,1045411,1045456.015987,1000,hard,1045418.639128,7.639128,7.639128
7,10000000,16237767,1045411,1045456.015987,1000,paired_hann,1045415.073010,4.073010,4.073010
7,10000000,16237767,1045411,1045456.015987,1000,paired_triangle,1045414.604871,3.604871,3.604871
7,10000000,16237767,1045411,1045456.015987,1000,paired_riesz,1045415.843505,4.843505,4.843505
7,10000000,16237767,1045411,1045456.015987,1000,antipair_03,1045417.030477,6.030477,6.030477
7,10000000,16237767,1045411,1045456.015987,1000,antipair_05,1045415.958043,4.958043,4.958043
7,10000000,16237767,1045411,1045456.015987,1000,half_int,1045418.468787,7.468787,7.468787
7,10000000,16237767,1045411,1045456.015987,1000,boundary_pair,1045418.301958,7.301958,7.301958
7,10000000,16237767,1045411,1045456.015987,2000,hard,1045413.845621,2.845621,2.845621
7,10000000,16237767,1045411,1045456.015987,2000,paired_hann,1045416.722336,5.722336,5.722336
7,10000000,16237767,1045411,1045456.015987,2000,paired_triangle,1045415.498483,4.498483,4.498483
7,10000000,16237767,1045411,1045456.015987,2000,paired_riesz,1045415.836514,4.836514,4.836514
7,10000000,16237767,1045411,1045456.015987,2000,antipair_03,1045413.338481,2.338481,2.338481
7,10000000,16237767,1045411,1045456.015987,2000,antipair_05,1045413.000387,2.000387,2.000387
7,10000000,16237767,1045411,1045456.015987,2000,half_int,1045413.869210,2.869210,2.869210
7,10000000,16237767,1045411,1045456.015987,2000,boundary_pair,1045413.833487,2.833487,2.833487
7,10000000,16237767,1045411,1045456.015987,4000,hard,1045417.401450,6.401450,6.401450
7,10000000,16237767,1045411,1045456.015987,4000,paired_hann,1045415.993904,4.993904,4.993904
7,10000000,16237767,1045411,1045456.015987,4000,paired_triangle,1045415.826241,4.826241,4.826241
7,10000000,16237767,1045411,1045456.015987,4000,paired_riesz,1045416.157271,5.157271,5.157271
7,10000000,16237767,1045411,1045456.015987,4000,antipair_03,1045416.486335,5.486335,5.486335
7,10000000,16237767,1045411,1045456.015987,4000,antipair_05,1045415.876259,4.876259,4.876259
7,10000000,16237767,1045411,1045456.015987,4000,half_int,1045417.372202,6.372202,6.372202
7,10000000,16237767,1045411,1045456.015987,4000,boundary_pair,1045417.380659,6.380659,6.380659
7,10000000,17252105,1106389,1106430.108317,500,hard,1106379.756415,-9.243585,9.243585
7,10000000,17252105,1106389,1106430.108317,500,paired_hann,1106395.989311,6.989311,6.989311
7,10000000,17252105,1106389,1106430.108317,500,paired_triangle,1106400.591761,11.591761,11.591761
7,10000000,17252105,1106389,1106430.108317,500,paired_riesz,1106389.028848,0.028848,0.028848
7,10000000,17252105,1106389,1106430.108317,500,antipair_03,1106354.203729,-34.796271,34.796271
7,10000000,17252105,1106389,1106430.108317,500,antipair_05,1106337.168605,-51.831395,51.831395
7,10000000,17252105,1106389,1106430.108317,500,half_int,1106380.039076,-8.960924,8.960924
7,10000000,17252105,1106389,1106430.108317,500,boundary_pair,1106380.273517,-8.726483,8.726483
7,10000000,17252105,1106389,1106430.108317,1000,hard,1106394.610533,5.610533,5.610533
7,10000000,17252105,1106389,1106430.108317,1000,paired_hann,1106387.045686,-1.954314,1.954314
7,10000000,17252105,1106389,1106430.108317,1000,paired_triangle,1106393.110180,4.110180,4.110180
7,10000000,17252105,1106389,1106430.108317,1000,paired_riesz,1106386.994367,-2.005633,2.005633
7,10000000,17252105,1106389,1106430.108317,1000,antipair_03,1106367.277687,-21.722313,21.722313
7,10000000,17252105,1106389,1106430.108317,1000,antipair_05,1106349.055789,-39.944211,39.944211
7,10000000,17252105,1106389,1106430.108317,1000,half_int,1106394.705592,5.705592,5.705592
7,10000000,17252105,1106389,1106430.108317,1000,boundary_pair,1106394.760802,5.760802,5.760802
7,10000000,17252105,1106389,1106430.108317,2000,hard,1106396.952273,7.952273,7.952273
7,10000000,17252105,1106389,1106430.108317,2000,paired_hann,1106391.179919,2.179919,2.179919
7,10000000,17252105,1106389,1106430.108317,2000,paired_triangle,1106394.303974,5.303974,5.303974
7,10000000,17252105,1106389,1106430.108317,2000,paired_riesz,1106393.387525,4.387525,4.387525
7,10000000,17252105,1106389,1106430.108317,2000,antipair_03,1106370.463659,-18.536341,18.536341
7,10000000,17252105,1106389,1106430.108317,2000,antipair_05,1106352.804582,-36.195418,36.195418
7,10000000,17252105,1106389,1106430.108317,2000,half_int,1106396.854377,7.854377,7.854377
7,10000000,17252105,1106389,1106430.108317,2000,boundary_pair,1106396.803266,7.803266,7.803266
7,10000000,17252105,1106389,1106430.108317,4000,hard,1106393.050460,4.050460,4.050460
7,10000000,17252105,1106389,1106430.108317,4000,paired_hann,1106394.363814,5.363814,5.363814
7,10000000,17252105,1106389,1106430.108317,4000,paired_triangle,1106394.549772,5.549772,5.549772
7,10000000,17252105,1106389,1106430.108317,4000,paired_riesz,1106394.152858,5.152858,5.152858
7,10000000,17252105,1106389,1106430.108317,4000,antipair_03,1106368.927069,-20.072931,20.072931
7,10000000,17252105,1106389,1106430.108317,4000,antipair_05,1106352.844809,-36.155191,36.155191
7,10000000,17252105,1106389,1106430.108317,4000,half_int,1106393.068303,4.068303,4.068303
7,10000000,17252105,1106389,1106430.108317,4000,boundary_pair,1106393.050280,4.050280,4.050280
7,10000000,18329807,1171087,1170978.256173,500,hard,1171064.318188,-22.681812,22.681812
7,10000000,18329807,1171087,1170978.256173,500,paired_hann,1171049.227842,-37.772158,37.772158
7,10000000,18329807,1171087,1170978.256173,500,paired_triangle,1171047.127884,-39.872116,39.872116
7,10000000,18329807,1171087,1170978.256173,500,paired_riesz,1171055.325375,-31.674625,31.674625
7,10000000,18329807,1171087,1170978.256173,500,antipair_03,1171077.917046,-9.082954,9.082954
7,10000000,18329807,1171087,1170978.256173,500,antipair_05,1171086.982952,-0.017048,0.017048
7,10000000,18329807,1171087,1170978.256173,500,half_int,1171064.565165,-22.434835,22.434835
7,10000000,18329807,1171087,1170978.256173,500,boundary_pair,1171064.839628,-22.160372,22.160372
7,10000000,18329807,1171087,1170978.256173,1000,hard,1171072.597714,-14.402286,14.402286
7,10000000,18329807,1171087,1170978.256173,1000,paired_hann,1171059.903517,-27.096483,27.096483
7,10000000,18329807,1171087,1170978.256173,1000,paired_triangle,1171057.091821,-29.908179,29.908179
7,10000000,18329807,1171087,1170978.256173,1000,paired_riesz,1171064.531611,-22.468389,22.468389
7,10000000,18329807,1171087,1170978.256173,1000,antipair_03,1171084.642141,-2.357859,2.357859
7,10000000,18329807,1171087,1170978.256173,1000,antipair_05,1171092.671760,5.671760,5.671760
7,10000000,18329807,1171087,1170978.256173,1000,half_int,1171072.698841,-14.301159,14.301159
7,10000000,18329807,1171087,1170978.256173,1000,boundary_pair,1171072.826620,-14.173380,14.173380
7,10000000,18329807,1171087,1170978.256173,2000,hard,1171079.786383,-7.213617,7.213617
7,10000000,18329807,1171087,1170978.256173,2000,paired_hann,1171070.431958,-16.568042,16.568042
7,10000000,18329807,1171087,1170978.256173,2000,paired_triangle,1171067.403394,-19.596606,19.596606
7,10000000,18329807,1171087,1170978.256173,2000,paired_riesz,1171074.622269,-12.377731,12.377731
7,10000000,18329807,1171087,1170978.256173,2000,antipair_03,1171090.962055,3.962055,3.962055
7,10000000,18329807,1171087,1170978.256173,2000,antipair_05,1171098.412503,11.412503,11.412503
7,10000000,18329807,1171087,1170978.256173,2000,half_int,1171079.768633,-7.231367,7.231367
7,10000000,18329807,1171087,1170978.256173,2000,boundary_pair,1171079.810222,-7.189778,7.189778
7,10000000,18329807,1171087,1170978.256173,4000,hard,1171084.850138,-2.149862,2.149862
7,10000000,18329807,1171087,1170978.256173,4000,paired_hann,1171078.186944,-8.813056,8.813056
7,10000000,18329807,1171087,1170978.256173,4000,paired_triangle,1171075.056096,-11.943904,11.943904
7,10000000,18329807,1171087,1170978.256173,4000,paired_riesz,1171080.744197,-6.255803,6.255803
7,10000000,18329807,1171087,1170978.256173,4000,antipair_03,1171095.957544,8.957544,8.957544
7,10000000,18329807,1171087,1170978.256173,4000,antipair_05,1171103.362481,16.362481,16.362481
7,10000000,18329807,1171087,1170978.256173,4000,half_int,1171084.845541,-2.154459,2.154459
7,10000000,18329807,1171087,1170978.256173,4000,boundary_pair,1171084.871194,-2.128806,2.128806
7,10000000,19474830,1239360,1239310.774356,500,hard,1239367.630610,7.630610,7.630610
7,10000000,19474830,1239360,1239310.774356,500,paired_hann,1239349.919056,-10.080944,10.080944
7,10000000,19474830,1239360,1239310.774356,500,paired_triangle,1239347.078515,-12.921485,12.921485
7,10000000,19474830,1239360,1239310.774356,500,paired_riesz,1239356.786908,-3.213092,3.213092
7,10000000,19474830,1239360,1239310.774356,500,antipair_03,1239383.106314,23.106314,23.106314
7,10000000,19474830,1239360,1239310.774356,500,antipair_05,1239393.423450,33.423450,33.423450
7,10000000,19474830,1239360,1239310.774356,500,half_int,1239367.555203,7.555203,7.555203
7,10000000,19474830,1239360,1239310.774356,500,boundary_pair,1239367.535217,7.535217,7.535217
7,10000000,19474830,1239360,1239310.774356,1000,hard,1239364.000168,4.000168,4.000168
7,10000000,19474830,1239360,1239310.774356,1000,paired_hann,1239361.122434,1.122434,1.122434
7,10000000,19474830,1239360,1239310.774356,1000,paired_triangle,1239356.288421,-3.711579,3.711579
7,10000000,19474830,1239360,1239310.774356,1000,paired_riesz,1239362.966333,2.966333,2.966333
7,10000000,19474830,1239360,1239310.774356,1000,antipair_03,1239381.660639,21.660639,21.660639
7,10000000,19474830,1239360,1239310.774356,1000,antipair_05,1239393.434286,33.434286,33.434286
7,10000000,19474830,1239360,1239310.774356,1000,half_int,1239363.821297,3.821297,3.821297
7,10000000,19474830,1239360,1239310.774356,1000,boundary_pair,1239363.655991,3.655991,3.655991
7,10000000,19474830,1239360,1239310.774356,2000,hard,1239364.869136,4.869136,4.869136
7,10000000,19474830,1239360,1239310.774356,2000,paired_hann,1239363.872963,3.872963,3.872963
7,10000000,19474830,1239360,1239310.774356,2000,paired_triangle,1239360.681303,0.681303,0.681303
7,10000000,19474830,1239360,1239310.774356,2000,paired_riesz,1239364.588169,4.588169,4.588169
7,10000000,19474830,1239360,1239310.774356,2000,antipair_03,1239382.185067,22.185067,22.185067
7,10000000,19474830,1239360,1239310.774356,2000,antipair_05,1239393.729021,33.729021,33.729021
7,10000000,19474830,1239360,1239310.774356,2000,half_int,1239364.974278,4.974278,4.974278
7,10000000,19474830,1239360,1239310.774356,2000,boundary_pair,1239365.030578,5.030578,5.030578
7,10000000,19474830,1239360,1239310.774356,4000,hard,1239366.591490,6.591490,6.591490
7,10000000,19474830,1239360,1239310.774356,4000,paired_hann,1239365.278031,5.278031,5.278031
7,10000000,19474830,1239360,1239310.774356,4000,paired_triangle,1239363.330145,3.330145,3.330145
7,10000000,19474830,1239360,1239310.774356,4000,paired_riesz,1239365.599087,5.599087,5.599087
7,10000000,19474830,1239360,1239310.774356,4000,antipair_03,1239381.644670,21.644670,21.644670
7,10000000,19474830,1239360,1239310.774356,4000,antipair_05,1239391.680123,31.680123,31.680123
7,10000000,19474830,1239360,1239310.774356,4000,half_int,1239366.580404,6.580404,6.580404
7,10000000,19474830,1239360,1239310.774356,4000,boundary_pair,1239366.548057,6.548057,6.548057
7,10000000,20691381,1311667,1311650.571242,500,hard,1311657.819246,-9.180754,9.180754
7,10000000,20691381,1311667,1311650.571242,500,paired_hann,1311656.439615,-10.560385,10.560385
7,10000000,20691381,1311667,1311650.571242,500,paired_triangle,1311655.060175,-11.939825,11.939825
7,10000000,20691381,1311667,1311650.571242,500,paired_riesz,1311657.182684,-9.817316,9.817316
7,10000000,20691381,1311667,1311650.571242,500,antipair_03,1311670.308030,3.308030,3.308030
7,10000000,20691381,1311667,1311650.571242,500,antipair_05,1311678.633886,11.633886,11.633886
7,10000000,20691381,1311667,1311650.571242,500,half_int,1311657.492868,-9.507132,9.507132
7,10000000,20691381,1311667,1311650.571242,500,boundary_pair,1311657.185014,-9.814986,9.814986
7,10000000,20691381,1311667,1311650.571242,1000,hard,1311657.336092,-9.663908,9.663908
7,10000000,20691381,1311667,1311650.571242,1000,paired_hann,1311656.469269,-10.530731,10.530731
7,10000000,20691381,1311667,1311650.571242,1000,paired_triangle,1311655.492062,-11.507938,11.507938
7,10000000,20691381,1311667,1311650.571242,1000,paired_riesz,1311656.185792,-10.814208,10.814208
7,10000000,20691381,1311667,1311650.571242,1000,antipair_03,1311669.970199,2.970199,2.970199
7,10000000,20691381,1311667,1311650.571242,1000,antipair_05,1311678.392937,11.392937,11.392937
7,10000000,20691381,1311667,1311650.571242,1000,half_int,1311657.370515,-9.629485,9.629485
7,10000000,20691381,1311667,1311650.571242,1000,boundary_pair,1311657.372537,-9.627463,9.627463
7,10000000,20691381,1311667,1311650.571242,2000,hard,1311663.358260,-3.641740,3.641740
7,10000000,20691381,1311667,1311650.571242,2000,paired_hann,1311657.597329,-9.402671,9.402671
7,10000000,20691381,1311667,1311650.571242,2000,paired_triangle,1311657.417259,-9.582741,9.582741
7,10000000,20691381,1311667,1311650.571242,2000,paired_riesz,1311658.646698,-8.353302,8.353302
7,10000000,20691381,1311667,1311650.571242,2000,antipair_03,1311677.966469,10.966469,10.966469
7,10000000,20691381,1311667,1311650.571242,2000,antipair_05,1311687.705275,20.705275,20.705275
7,10000000,20691381,1311667,1311650.571242,2000,half_int,1311663.369443,-3.630557,3.630557
7,10000000,20691381,1311667,1311650.571242,2000,boundary_pair,1311663.321093,-3.678907,3.678907
7,10000000,20691381,1311667,1311650.571242,4000,hard,1311667.050957,0.050957,0.050957
7,10000000,20691381,1311667,1311650.571242,4000,paired_hann,1311660.684370,-6.315630,6.315630
7,10000000,20691381,1311667,1311650.571242,4000,paired_triangle,1311660.412472,-6.587528,6.587528
7,10000000,20691381,1311667,1311650.571242,4000,paired_riesz,1311662.348591,-4.651409,4.651409
7,10000000,20691381,1311667,1311650.571242,4000,antipair_03,1311681.991380,14.991380,14.991380
7,10000000,20691381,1311667,1311650.571242,4000,antipair_05,1311691.951663,24.951663,24.951663
7,10000000,20691381,1311667,1311650.571242,4000,half_int,1311667.078158,0.078158,0.078158
7,10000000,20691381,1311667,1311650.571242,4000,boundary_pair,1311667.115148,0.115148,0.115148
7,10000000,21983926,1388298,1388233.501349,500,hard,1388322.630569,24.630569,24.630569
7,10000000,21983926,1388298,1388233.501349,500,paired_hann,1388314.450592,16.450592,16.450592
7,10000000,21983926,1388298,1388233.501349,500,paired_triangle,1388308.903084,10.903084,10.903084
7,10000000,21983926,1388298,1388233.501349,500,paired_riesz,1388317.976138,19.976138,19.976138
7,10000000,21983926,1388298,1388233.501349,500,antipair_03,1388315.819096,17.819096,17.819096
7,10000000,21983926,1388298,1388233.501349,500,antipair_05,1388311.278114,13.278114,13.278114
7,10000000,21983926,1388298,1388233.501349,500,half_int,1388322.409276,24.409276,24.409276
7,10000000,21983926,1388298,1388233.501349,500,boundary_pair,1388322.167433,24.167433,24.167433
7,10000000,21983926,1388298,1388233.501349,1000,hard,1388310.646387,12.646387,12.646387
7,10000000,21983926,1388298,1388233.501349,1000,paired_hann,1388317.351788,19.351788,19.351788
7,10000000,21983926,1388298,1388233.501349,1000,paired_triangle,1388312.156984,14.156984,14.156984
7,10000000,21983926,1388298,1388233.501349,1000,paired_riesz,1388315.414737,17.414737,17.414737
7,10000000,21983926,1388298,1388233.501349,1000,antipair_03,1388301.310764,3.310764,3.310764
7,10000000,21983926,1388298,1388233.501349,1000,antipair_05,1388295.087016,-2.912984,2.912984
7,10000000,21983926,1388298,1388233.501349,1000,half_int,1388310.814245,12.814245,12.814245
7,10000000,21983926,1388298,1388233.501349,1000,boundary_pair,1388310.993526,12.993526,12.993526
7,10000000,21983926,1388298,1388233.501349,2000,hard,1388309.957332,11.957332,11.957332
7,10000000,21983926,1388298,1388233.501349,2000,paired_hann,1388313.714817,15.714817,15.714817
7,10000000,21983926,1388298,1388233.501349,2000,paired_triangle,1388311.862718,13.862718,13.862718
7,10000000,21983926,1388298,1388233.501349,2000,paired_riesz,1388312.516023,14.516023,14.516023
7,10000000,21983926,1388298,1388233.501349,2000,antipair_03,1388299.605237,1.605237,1.605237
7,10000000,21983926,1388298,1388233.501349,2000,antipair_05,1388292.703841,-5.296159,5.296159
7,10000000,21983926,1388298,1388233.501349,2000,half_int,1388309.848611,11.848611,11.848611
7,10000000,21983926,1388298,1388233.501349,2000,boundary_pair,1388309.787673,11.787673,11.787673
7,10000000,21983926,1388298,1388233.501349,4000,hard,1388309.265457,11.265457,11.265457
7,10000000,21983926,1388298,1388233.501349,4000,paired_hann,1388310.669522,12.669522,12.669522
7,10000000,21983926,1388298,1388233.501349,4000,paired_triangle,1388310.122511,12.122511,12.122511
7,10000000,21983926,1388298,1388233.501349,4000,paired_riesz,1388309.330273,11.330273,11.330273
7,10000000,21983926,1388298,1388233.501349,4000,antipair_03,1388299.989165,1.989165,1.989165
7,10000000,21983926,1388298,1388233.501349,4000,antipair_05,1388293.804970,-4.195030,4.195030
7,10000000,21983926,1388298,1388233.501349,4000,half_int,1388309.224589,11.224589,11.224589
7,10000000,21983926,1388298,1388233.501349,4000,boundary_pair,1388309.187174,11.187174,11.187174
7,10000000,23357215,1469332,1469309.655989,500,hard,1469324.280277,-7.719723,7.719723
7,10000000,23357215,1469332,1469309.655989,500,paired_hann,1469313.845213,-18.154787,18.154787
7,10000000,23357215,1469332,1469309.655989,500,paired_triangle,1469313.930813,-18.069187,18.069187
7,10000000,23357215,1469332,1469309.655989,500,paired_riesz,1469318.468184,-13.531816,13.531816
7,10000000,23357215,1469332,1469309.655989,500,antipair_03,1469314.249132,-17.750868,17.750868
7,10000000,23357215,1469332,1469309.655989,500,antipair_05,1469307.561702,-24.438298,24.438298
7,10000000,23357215,1469332,1469309.655989,500,half_int,1469324.419267,-7.580733,7.580733
7,10000000,23357215,1469332,1469309.655989,500,boundary_pair,1469324.539610,-7.460390,7.460390
7,10000000,23357215,1469332,1469309.655989,1000,hard,1469339.191327,7.191327,7.191327
7,10000000,23357215,1469332,1469309.655989,1000,paired_hann,1469325.459545,-6.540455,6.540455
7,10000000,23357215,1469332,1469309.655989,1000,paired_triangle,1469324.159889,-7.840111,7.840111
7,10000000,23357215,1469332,1469309.655989,1000,paired_riesz,1469330.815928,-1.184072,1.184072
7,10000000,23357215,1469332,1469309.655989,1000,antipair_03,1469328.368629,-3.631371,3.631371
7,10000000,23357215,1469332,1469309.655989,1000,antipair_05,1469321.153496,-10.846504,10.846504
7,10000000,23357215,1469332,1469309.655989,1000,half_int,1469339.028891,7.028891,7.028891
7,10000000,23357215,1469332,1469309.655989,1000,boundary_pair,1469338.884058,6.884058,6.884058
7,10000000,23357215,1469332,1469309.655989,2000,hard,1469337.995674,5.995674,5.995674
7,10000000,23357215,1469332,1469309.655989,2000,paired_hann,1469334.253057,2.253057,2.253057
7,10000000,23357215,1469332,1469309.655989,2000,paired_triangle,1469331.131943,-0.868057,0.868057
7,10000000,23357215,1469332,1469309.655989,2000,paired_riesz,1469336.112324,4.112324,4.112324
7,10000000,23357215,1469332,1469309.655989,2000,antipair_03,1469329.285698,-2.714302,2.714302
7,10000000,23357215,1469332,1469309.655989,2000,antipair_05,1469323.479048,-8.520952,8.520952
7,10000000,23357215,1469332,1469309.655989,2000,half_int,1469337.995929,5.995929,5.995929
7,10000000,23357215,1469332,1469309.655989,2000,boundary_pair,1469338.052694,6.052694,6.052694
7,10000000,23357215,1469332,1469309.655989,4000,hard,1469331.248116,-0.751884,0.751884
7,10000000,23357215,1469332,1469309.655989,4000,paired_hann,1469334.943214,2.943214,2.943214
7,10000000,23357215,1469332,1469309.655989,4000,paired_triangle,1469332.430412,0.430412,0.430412
7,10000000,23357215,1469332,1469309.655989,4000,paired_riesz,1469334.183718,2.183718,2.183718
7,10000000,23357215,1469332,1469309.655989,4000,antipair_03,1469320.363485,-11.636515,11.636515
7,10000000,23357215,1469332,1469309.655989,4000,antipair_05,1469313.107065,-18.892935,18.892935
7,10000000,23357215,1469332,1469309.655989,4000,half_int,1469331.299802,-0.700198,0.700198
7,10000000,23357215,1469332,1469309.655989,4000,boundary_pair,1469331.333541,-0.666459,0.666459
7,10000000,24816289,1555207,1555143.572214,500,hard,1555195.803246,-11.196754,11.196754
7,10000000,24816289,1555207,1555143.572214,500,paired_hann,1555190.770771,-16.229229,16.229229
7,10000000,24816289,1555207,1555143.572214,500,paired_triangle,1555188.177567,-18.822433,18.822433
7,10000000,24816289,1555207,1555143.572214,500,paired_riesz,1555194.635799,-12.364201,12.364201
7,10000000,24816289,1555207,1555143.572214,500,antipair_03,1555169.771962,-37.228038,37.228038
7,10000000,24816289,1555207,1555143.572214,500,antipair_05,1555152.417772,-54.582228,54.582228
7,10000000,24816289,1555207,1555143.572214,500,half_int,1555196.161757,-10.838243,10.838243
7,10000000,24816289,1555207,1555143.572214,500,boundary_pair,1555196.522941,-10.477059,10.477059
7,10000000,24816289,1555207,1555143.572214,1000,hard,1555186.566696,-20.433304,20.433304
7,10000000,24816289,1555207,1555143.572214,1000,paired_hann,1555193.109652,-13.890348,13.890348
7,10000000,24816289,1555207,1555143.572214,1000,paired_triangle,1555189.683118,-17.316882,17.316882
7,10000000,24816289,1555207,1555143.572214,1000,paired_riesz,1555191.712525,-15.287475,15.287475
7,10000000,24816289,1555207,1555143.572214,1000,antipair_03,1555165.446799,-41.553201,41.553201
7,10000000,24816289,1555207,1555143.572214,1000,antipair_05,1555151.366867,-55.633133,55.633133
7,10000000,24816289,1555207,1555143.572214,1000,half_int,1555186.512058,-20.487942,20.487942
7,10000000,24816289,1555207,1555143.572214,1000,boundary_pair,1555186.437227,-20.562773,20.562773
7,10000000,24816289,1555207,1555143.572214,2000,hard,1555195.205053,-11.794947,11.794947
7,10000000,24816289,1555207,1555143.572214,2000,paired_hann,1555192.239739,-14.760261,14.760261
7,10000000,24816289,1555207,1555143.572214,2000,paired_triangle,1555191.329202,-15.670798,15.670798
7,10000000,24816289,1555207,1555143.572214,2000,paired_riesz,1555192.859008,-14.140992,14.140992
7,10000000,24816289,1555207,1555143.572214,2000,antipair_03,1555176.679285,-30.320715,30.320715
7,10000000,24816289,1555207,1555143.572214,2000,antipair_05,1555164.328773,-42.671227,42.671227
7,10000000,24816289,1555207,1555143.572214,2000,half_int,1555195.319812,-11.680188,11.680188
7,10000000,24816289,1555207,1555143.572214,2000,boundary_pair,1555195.386725,-11.613275,11.613275
7,10000000,24816289,1555207,1555143.572214,4000,hard,1555195.049027,-11.950973,11.950973
7,10000000,24816289,1555207,1555143.572214,4000,paired_hann,1555193.243876,-13.756124,13.756124
7,10000000,24816289,1555207,1555143.572214,4000,paired_triangle,1555192.903462,-14.096538,14.096538
7,10000000,24816289,1555207,1555143.572214,4000,paired_riesz,1555194.291070,-12.708930,12.708930
7,10000000,24816289,1555207,1555143.572214,4000,antipair_03,1555174.245105,-32.754895,32.754895
7,10000000,24816289,1555207,1555143.572214,4000,antipair_05,1555160.375824,-46.624176,46.624176
7,10000000,24816289,1555207,1555143.572214,4000,half_int,1555194.988208,-12.011792,12.011792
7,10000000,24816289,1555207,1555143.572214,4000,boundary_pair,1555194.960097,-12.039903,12.039903
7,10000000,26366509,1645939,1646015.727674,500,hard,1645942.420535,3.420535,3.420535
7,10000000,26366509,1645939,1646015.727674,500,paired_hann,1645947.474493,8.474493,8.474493
7,10000000,26366509,1645939,1646015.727674,500,paired_triangle,1645950.625860,11.625860,11.625860
7,10000000,26366509,1645939,1646015.727674,500,paired_riesz,1645944.357419,5.357419,5.357419
7,10000000,26366509,1645939,1646015.727674,500,antipair_03,1645930.127977,-8.872023,8.872023
7,10000000,26366509,1645939,1646015.727674,500,antipair_05,1645921.932939,-17.067061,17.067061
7,10000000,26366509,1645939,1646015.727674,500,half_int,1645942.592381,3.592381,3.592381
7,10000000,26366509,1645939,1646015.727674,500,boundary_pair,1645942.767997,3.767997,3.767997
7,10000000,26366509,1645939,1646015.727674,1000,hard,1645938.399698,-0.600302,0.600302
7,10000000,26366509,1645939,1646015.727674,1000,paired_hann,1645945.037080,6.037080,6.037080
7,10000000,26366509,1645939,1646015.727674,1000,paired_triangle,1645947.447804,8.447804,8.447804
7,10000000,26366509,1645939,1646015.727674,1000,paired_riesz,1645944.084602,5.084602,5.084602
7,10000000,26366509,1645939,1646015.727674,1000,antipair_03,1645930.615197,-8.384803,8.384803
7,10000000,26366509,1645939,1646015.727674,1000,antipair_05,1645925.425530,-13.574470,13.574470
7,10000000,26366509,1645939,1646015.727674,1000,half_int,1645938.608274,-0.391726,0.391726
7,10000000,26366509,1645939,1646015.727674,1000,boundary_pair,1645938.817215,-0.182785,0.182785
7,10000000,26366509,1645939,1646015.727674,2000,hard,1645925.870379,-13.129621,13.129621
7,10000000,26366509,1645939,1646015.727674,2000,paired_hann,1645937.358683,-1.641317,1.641317
7,10000000,26366509,1645939,1646015.727674,2000,paired_triangle,1645937.866494,-1.133506,1.133506
7,10000000,26366509,1645939,1646015.727674,2000,paired_riesz,1645931.509243,-7.490757,7.490757
7,10000000,26366509,1645939,1646015.727674,2000,antipair_03,1645917.604511,-21.395489,21.395489
7,10000000,26366509,1645939,1646015.727674,2000,antipair_05,1645912.093932,-26.906068,26.906068
7,10000000,26366509,1645939,1646015.727674,2000,half_int,1645925.857115,-13.142885,13.142885
7,10000000,26366509,1645939,1646015.727674,2000,boundary_pair,1645925.792048,-13.207952,13.207952
7,10000000,26366509,1645939,1646015.727674,4000,hard,1645928.635792,-10.364208,10.364208
7,10000000,26366509,1645939,1646015.727674,4000,paired_hann,1645930.730138,-8.269862,8.269862
7,10000000,26366509,1645939,1646015.727674,4000,paired_triangle,1645933.437806,-5.562194,5.562194
7,10000000,26366509,1645939,1646015.727674,4000,paired_riesz,1645929.681042,-9.318958,9.318958
7,10000000,26366509,1645939,1646015.727674,4000,antipair_03,1645920.870205,-18.129795,18.129795
7,10000000,26366509,1645939,1646015.727674,4000,antipair_05,1645915.693147,-23.306853,23.306853
7,10000000,26366509,1645939,1646015.727674,4000,half_int,1645928.702905,-10.297095,10.297095
7,10000000,26366509,1645939,1646015.727674,4000,boundary_pair,1645928.724330,-10.275670,10.275670
7,10000000,28013568,1742231,1742223.015731,500,hard,1742249.609788,18.609788,18.609788
7,10000000,28013568,1742231,1742223.015731,500,paired_hann,1742235.057050,4.057050,4.057050
7,10000000,28013568,1742231,1742223.015731,500,paired_triangle,1742236.674009,5.674009,5.674009
7,10000000,28013568,1742231,1742223.015731,500,paired_riesz,1742241.099414,10.099414,10.099414
7,10000000,28013568,1742231,1742223.015731,500,antipair_03,1742264.605028,33.605028,33.605028
7,10000000,28013568,1742231,1742223.015731,500,antipair_05,1742274.601854,43.601854,43.601854
7,10000000,28013568,1742231,1742223.015731,500,half_int,1742249.390528,18.390528,18.390528
7,10000000,28013568,1742231,1742223.015731,500,boundary_pair,1742249.160654,18.160654,18.160654
7,10000000,28013568,1742231,1742223.015731,1000,hard,1742245.558604,14.558604,14.558604
7,10000000,28013568,1742231,1742223.015731,1000,paired_hann,1742243.580018,12.580018,12.580018
7,10000000,28013568,1742231,1742223.015731,1000,paired_triangle,1742241.284019,10.284019,10.284019
7,10000000,28013568,1742231,1742223.015731,1000,paired_riesz,1742244.268794,13.268794,13.268794
7,10000000,28013568,1742231,1742223.015731,1000,antipair_03,1742261.119707,30.119707,30.119707
7,10000000,28013568,1742231,1742223.015731,1000,antipair_05,1742271.493776,40.493776,40.493776
7,10000000,28013568,1742231,1742223.015731,1000,half_int,1742245.450731,14.450731,14.450731
7,10000000,28013568,1742231,1742223.015731,1000,boundary_pair,1742245.355503,14.355503,14.355503
7,10000000,28013568,1742231,1742223.015731,2000,hard,1742245.411039,14.411039,14.411039
7,10000000,28013568,1742231,1742223.015731,2000,paired_hann,1742244.642949,13.642949,13.642949
7,10000000,28013568,1742231,1742223.015731,2000,paired_triangle,1742243.123307,12.123307,12.123307
7,10000000,28013568,1742231,1742223.015731,2000,paired_riesz,1742244.745996,13.745996,13.745996
7,10000000,28013568,1742231,1742223.015731,2000,antipair_03,1742260.212752,29.212752,29.212752
7,10000000,28013568,1742231,1742223.015731,2000,antipair_05,1742270.080561,39.080561,39.080561
7,10000000,28013568,1742231,1742223.015731,2000,half_int,1742245.288169,14.288169,14.288169
7,10000000,28013568,1742231,1742223.015731,2000,boundary_pair,1742245.215059,14.215059,14.215059
7,10000000,28013568,1742231,1742223.015731,4000,hard,1742229.634403,-1.365597,1.365597
7,10000000,28013568,1742231,1742223.015731,4000,paired_hann,1742240.601292,9.601292,9.601292
7,10000000,28013568,1742231,1742223.015731,4000,paired_triangle,1742238.850831,7.850831,7.850831
7,10000000,28013568,1742231,1742223.015731,4000,paired_riesz,1742236.468732,5.468732,5.468732
7,10000000,28013568,1742231,1742223.015731,4000,antipair_03,1742246.453915,15.453915,15.453915
7,10000000,28013568,1742231,1742223.015731,4000,antipair_05,1742257.666922,26.666922,26.666922
7,10000000,28013568,1742231,1742223.015731,4000,half_int,1742229.566631,-1.433369,1.433369
7,10000000,28013568,1742231,1742223.015731,4000,boundary_pair,1742229.553955,-1.446045,1.446045
7,10000000,29763514,1844039,1844079.853041,500,hard,1844025.374785,-13.625215,13.625215
7,10000000,29763514,1844039,1844079.853041,500,paired_hann,1844029.720152,-9.279848,9.279848
7,10000000,29763514,1844039,1844079.853041,500,paired_triangle,1844035.063643,-3.936357,3.936357
7,10000000,29763514,1844039,1844079.853041,500,paired_riesz,1844030.172908,-8.827092,8.827092
7,10000000,29763514,1844039,1844079.853041,500,antipair_03,1844012.789839,-26.210161,26.210161
7,10000000,29763514,1844039,1844079.853041,500,antipair_05,1844004.399875,-34.600125,34.600125
7,10000000,29763514,1844039,1844079.853041,500,half_int,1844024.993493,-14.006507,14.006507
7,10000000,29763514,1844039,1844079.853041,500,boundary_pair,1844024.613353,-14.386647,14.386647
7,10000000,29763514,1844039,1844079.853041,1000,hard,1844044.037830,5.037830,5.037830
7,10000000,29763514,1844039,1844079.853041,1000,paired_hann,1844034.057501,-4.942499,4.942499
7,10000000,29763514,1844039,1844079.853041,1000,paired_triangle,1844037.257444,-1.742556,1.742556
7,10000000,29763514,1844039,1844079.853041,1000,paired_riesz,1844037.638260,-1.361740,1.361740
7,10000000,29763514,1844039,1844079.853041,1000,antipair_03,1844031.528569,-7.471431,7.471431
7,10000000,29763514,1844039,1844079.853041,1000,antipair_05,1844023.189062,-15.810938,15.810938
7,10000000,29763514,1844039,1844079.853041,1000,half_int,1844043.903036,4.903036,4.903036
7,10000000,29763514,1844039,1844079.853041,1000,boundary_pair,1844043.760586,4.760586,4.760586
7,10000000,29763514,1844039,1844079.853041,2000,hard,1844044.093887,5.093887,5.093887
7,10000000,29763514,1844039,1844079.853041,2000,paired_hann,1844042.743083,3.743083,3.743083
7,10000000,29763514,1844039,1844079.853041,2000,paired_triangle,1844042.596985,3.596985,3.596985
7,10000000,29763514,1844039,1844079.853041,2000,paired_riesz,1844045.254890,6.254890,6.254890
7,10000000,29763514,1844039,1844079.853041,2000,antipair_03,1844031.997973,-7.002027,7.002027
7,10000000,29763514,1844039,1844079.853041,2000,antipair_05,1844023.934030,-15.065970,15.065970
7,10000000,29763514,1844039,1844079.853041,2000,half_int,1844044.116800,5.116800,5.116800
7,10000000,29763514,1844039,1844079.853041,2000,boundary_pair,1844044.189256,5.189256,5.189256
7,10000000,29763514,1844039,1844079.853041,4000,hard,1844034.389365,-4.610635,4.610635
7,10000000,29763514,1844039,1844079.853041,4000,paired_hann,1844041.168376,2.168376,2.168376
7,10000000,29763514,1844039,1844079.853041,4000,paired_triangle,1844039.513303,0.513303,0.513303
7,10000000,29763514,1844039,1844079.853041,4000,paired_riesz,1844038.280332,-0.719668,0.719668
7,10000000,29763514,1844039,1844079.853041,4000,antipair_03,1844021.942734,-17.057266,17.057266
7,10000000,29763514,1844039,1844079.853041,4000,antipair_05,1844013.644981,-25.355019,25.355019
7,10000000,29763514,1844039,1844079.853041,4000,half_int,1844034.451816,-4.548184,4.548184
7,10000000,29763514,1844039,1844079.853041,4000,boundary_pair,1844034.453676,-4.546324,4.546324
7,10000000,31622777,1951958,1951919.498983,500,hard,1951947.249870,-10.750130,10.750130
7,10000000,31622777,1951958,1951919.498983,500,paired_hann,1951940.579610,-17.420390,17.420390
7,10000000,31622777,1951958,1951919.498983,500,paired_triangle,1951944.803103,-13.196897,13.196897
7,10000000,31622777,1951958,1951919.498983,500,paired_riesz,1951940.203081,-17.796919,17.796919
7,10000000,31622777,1951958,1951919.498983,500,antipair_03,1951982.882130,24.882130,24.882130
7,10000000,31622777,1951958,1951919.498983,500,antipair_05,1952006.636970,48.636970,48.636970
7,10000000,31622777,1951958,1951919.498983,500,half_int,1951947.136783,-10.863217,10.863217
7,10000000,31622777,1951958,1951919.498983,500,boundary_pair,1951947.055644,-10.944356,10.944356
7,10000000,31622777,1951958,1951919.498983,1000,hard,1951951.734919,-6.265081,6.265081
7,10000000,31622777,1951958,1951919.498983,1000,paired_hann,1951946.451177,-11.548823,11.548823
7,10000000,31622777,1951958,1951919.498983,1000,paired_triangle,1951948.794534,-9.205466,9.205466
7,10000000,31622777,1951958,1951919.498983,1000,paired_riesz,1951949.687563,-8.312437,8.312437
7,10000000,31622777,1951958,1951919.498983,1000,antipair_03,1951989.463922,31.463922,31.463922
7,10000000,31622777,1951958,1951919.498983,1000,antipair_05,1952014.616590,56.616590,56.616590
7,10000000,31622777,1951958,1951919.498983,1000,half_int,1951951.957259,-6.042741,6.042741
7,10000000,31622777,1951958,1951919.498983,1000,boundary_pair,1951952.179029,-5.820971,5.820971
7,10000000,31622777,1951958,1951919.498983,2000,hard,1951949.688035,-8.311965,8.311965
7,10000000,31622777,1951958,1951919.498983,2000,paired_hann,1951950.120658,-7.879342,7.879342
7,10000000,31622777,1951958,1951919.498983,2000,paired_triangle,1951949.678030,-8.321970,8.321970
7,10000000,31622777,1951958,1951919.498983,2000,paired_riesz,1951950.174025,-7.825975,7.825975
7,10000000,31622777,1951958,1951919.498983,2000,antipair_03,1951989.715647,31.715647,31.715647
7,10000000,31622777,1951958,1951919.498983,2000,antipair_05,1952016.400721,58.400721,58.400721
7,10000000,31622777,1951958,1951919.498983,2000,half_int,1951949.815571,-8.184429,8.184429
7,10000000,31622777,1951958,1951919.498983,2000,boundary_pair,1951949.892621,-8.107379,8.107379
7,10000000,31622777,1951958,1951919.498983,4000,hard,1951949.938828,-8.061172,8.061172
7,10000000,31622777,1951958,1951919.498983,4000,paired_hann,1951949.302488,-8.697512,8.697512
7,10000000,31622777,1951958,1951919.498983,4000,paired_triangle,1951949.120776,-8.879224,8.879224
7,10000000,31622777,1951958,1951919.498983,4000,paired_riesz,1951948.988615,-9.011385,9.011385
7,10000000,31622777,1951958,1951919.498983,4000,antipair_03,1951988.768975,30.768975,30.768975
7,10000000,31622777,1951958,1951919.498983,4000,antipair_05,1952014.655739,56.655739,56.655739
7,10000000,31622777,1951958,1951919.498983,4000,half_int,1951949.885400,-8.114600,8.114600
7,10000000,31622777,1951958,1951919.498983,4000,boundary_pair,1951949.894075,-8.105925,8.105925
7,10000000,31632777,1952541,1952498.499486,500,hard,1952529.034748,-11.965252,11.965252
7,10000000,31632777,1952541,1952498.499486,500,paired_hann,1952519.674363,-21.325637,21.325637
7,10000000,31632777,1952541,1952498.499486,500,paired_triangle,1952524.065953,-16.934047,16.934047
7,10000000,31632777,1952541,1952498.499486,500,paired_riesz,1952519.937871,-21.062129,21.062129
7,10000000,31632777,1952541,1952498.499486,500,antipair_03,1952564.285852,23.285852,23.285852
7,10000000,31632777,1952541,1952498.499486,500,antipair_05,1952587.786588,46.786588,46.786588
7,10000000,31632777,1952541,1952498.499486,500,half_int,1952528.827875,-12.172125,12.172125
7,10000000,31632777,1952541,1952498.499486,500,boundary_pair,1952528.649913,-12.350087,12.350087
7,10000000,31632777,1952541,1952498.499486,1000,hard,1952534.503308,-6.496692,6.496692
7,10000000,31632777,1952541,1952498.499486,1000,paired_hann,1952527.641844,-13.358156,13.358156
7,10000000,31632777,1952541,1952498.499486,1000,paired_triangle,1952529.924962,-11.075038,11.075038
7,10000000,31632777,1952541,1952498.499486,1000,paired_riesz,1952531.940900,-9.059100,9.059100
7,10000000,31632777,1952541,1952498.499486,1000,antipair_03,1952571.177744,30.177744,30.177744
7,10000000,31632777,1952541,1952498.499486,1000,antipair_05,1952595.627367,54.627367,54.627367
7,10000000,31632777,1952541,1952498.499486,1000,half_int,1952534.676656,-6.323344,6.323344
7,10000000,31632777,1952541,1952498.499486,1000,boundary_pair,1952534.847722,-6.152278,6.152278
7,10000000,31632777,1952541,1952498.499486,2000,hard,1952523.562158,-17.437842,17.437842
7,10000000,31632777,1952541,1952498.499486,2000,paired_hann,1952530.225703,-10.774297,10.774297
7,10000000,31632777,1952541,1952498.499486,2000,paired_triangle,1952528.788447,-12.211553,12.211553
7,10000000,31632777,1952541,1952498.499486,2000,paired_riesz,1952528.237418,-12.762582,12.762582
7,10000000,31632777,1952541,1952498.499486,2000,antipair_03,1952560.051723,19.051723,19.051723
7,10000000,31632777,1952541,1952498.499486,2000,antipair_05,1952584.378100,43.378100,43.378100
7,10000000,31632777,1952541,1952498.499486,2000,half_int,1952523.631411,-17.368589,17.368589
7,10000000,31632777,1952541,1952498.499486,2000,boundary_pair,1952523.630024,-17.369976,17.369976
7,10000000,31632777,1952541,1952498.499486,4000,hard,1952532.966062,-8.033938,8.033938
7,10000000,31632777,1952541,1952498.499486,4000,paired_hann,1952527.536088,-13.463912,13.463912
7,10000000,31632777,1952541,1952498.499486,4000,paired_triangle,1952528.552183,-12.447817,12.447817
7,10000000,31632777,1952541,1952498.499486,4000,paired_riesz,1952528.865783,-12.134217,12.134217
7,10000000,31632777,1952541,1952498.499486,4000,antipair_03,1952570.652335,29.652335,29.652335
7,10000000,31632777,1952541,1952498.499486,4000,antipair_05,1952595.776518,54.776518,54.776518
7,10000000,31632777,1952541,1952498.499486,4000,half_int,1952532.911548,-8.088452,8.088452
7,10000000,31632777,1952541,1952498.499486,4000,boundary_pair,1952532.880640,-8.119360,8.119360
8,100000000,106246783,6100105,6100090.346058,500,hard,6100109.873405,4.873405,4.873405
8,100000000,106246783,6100105,6100090.346058,500,paired_hann,6100113.866084,8.866084,8.866084
8,100000000,106246783,6100105,6100090.346058,500,paired_triangle,6100119.002237,14.002237,14.002237
8,100000000,106246783,6100105,6100090.346058,500,paired_riesz,6100114.144637,9.144637,9.144637
8,100000000,106246783,6100105,6100090.346058,500,antipair_03,6100120.957586,15.957586,15.957586
8,100000000,106246783,6100105,6100090.346058,500,antipair_05,6100128.347040,23.347040,23.347040
8,100000000,106246783,6100105,6100090.346058,500,half_int,6100109.900191,4.900191,4.900191
8,100000000,106246783,6100105,6100090.346058,500,boundary_pair,6100109.567680,4.567680,4.567680
8,100000000,106246783,6100105,6100090.346058,1000,hard,6100102.039362,-2.960638,2.960638
8,100000000,106246783,6100105,6100090.346058,1000,paired_hann,6100108.448909,3.448909,3.448909
8,100000000,106246783,6100105,6100090.346058,1000,paired_triangle,6100110.164825,5.164825,5.164825
8,100000000,106246783,6100105,6100090.346058,1000,paired_riesz,6100103.997478,-1.002522,1.002522
8,100000000,106246783,6100105,6100090.346058,1000,antipair_03,6100107.506763,2.506763,2.506763
8,100000000,106246783,6100105,6100090.346058,1000,antipair_05,6100111.151698,6.151698,6.151698
8,100000000,106246783,6100105,6100090.346058,1000,half_int,6100102.207760,-2.792240,2.792240
8,100000000,106246783,6100105,6100090.346058,1000,boundary_pair,6100102.214533,-2.785467,2.785467
8,100000000,106246783,6100105,6100090.346058,2000,hard,6100103.098482,-1.901518,1.901518
8,100000000,106246783,6100105,6100090.346058,2000,paired_hann,6100104.009131,-0.990869,0.990869
8,100000000,106246783,6100105,6100090.346058,2000,paired_triangle,6100107.221616,2.221616,2.221616
8,100000000,106246783,6100105,6100090.346058,2000,paired_riesz,6100104.601071,-0.398929,0.398929
8,100000000,106246783,6100105,6100090.346058,2000,antipair_03,6100099.533077,-5.466923,5.466923
8,100000000,106246783,6100105,6100090.346058,2000,antipair_05,6100097.156140,-7.843860,7.843860
8,100000000,106246783,6100105,6100090.346058,2000,half_int,6100103.191623,-1.808377,1.808377
8,100000000,106246783,6100105,6100090.346058,2000,boundary_pair,6100103.298735,-1.701265,1.701265
8,100000000,106246783,6100105,6100090.346058,4000,hard,6100099.330917,-5.669083,5.669083
8,100000000,106246783,6100105,6100090.346058,4000,paired_hann,6100102.144727,-2.855273,2.855273
8,100000000,106246783,6100105,6100090.346058,4000,paired_triangle,6100103.144420,-1.855580,1.855580
8,100000000,106246783,6100105,6100090.346058,4000,paired_riesz,6100100.202622,-4.797378,4.797378
8,100000000,106246783,6100105,6100090.346058,4000,antipair_03,6100094.019334,-10.980666,10.980666
8,100000000,106246783,6100105,6100090.346058,4000,antipair_05,6100090.478279,-14.521721,14.521721
8,100000000,106246783,6100105,6100090.346058,4000,half_int,6100099.213016,-5.786984,5.786984
8,100000000,106246783,6100105,6100090.346058,4000,boundary_pair,6100099.212910,-5.787090,5.787090
8,100000000,112883789,6458812,6458599.878137,500,hard,6458795.389607,-16.610393,16.610393
8,100000000,112883789,6458812,6458599.878137,500,paired_hann,6458814.918339,2.918339,2.918339
8,100000000,112883789,6458812,6458599.878137,500,paired_triangle,6458805.546625,-6.453375,6.453375
8,100000000,112883789,6458812,6458599.878137,500,paired_riesz,6458807.599430,-4.400570,4.400570
8,100000000,112883789,6458812,6458599.878137,500,antipair_03,6458752.699089,-59.300911,59.300911
8,100000000,112883789,6458812,6458599.878137,500,antipair_05,6458724.238744,-87.761256,87.761256
8,100000000,112883789,6458812,6458599.878137,500,half_int,6458794.774168,-17.225832,17.225832
8,100000000,112883789,6458812,6458599.878137,500,boundary_pair,6458794.301199,-17.698801,17.698801
8,100000000,112883789,6458812,6458599.878137,1000,hard,6458802.153733,-9.846267,9.846267
8,100000000,112883789,6458812,6458599.878137,1000,paired_hann,6458802.539115,-9.460885,9.460885
8,100000000,112883789,6458812,6458599.878137,1000,paired_triangle,6458801.584649,-10.415351,10.415351
8,100000000,112883789,6458812,6458599.878137,1000,paired_riesz,6458800.623598,-11.376402,11.376402
8,100000000,112883789,6458812,6458599.878137,1000,antipair_03,6458764.193644,-47.806356,47.806356
8,100000000,112883789,6458812,6458599.878137,1000,antipair_05,6458738.886918,-73.113082,73.113082
8,100000000,112883789,6458812,6458599.878137,1000,half_int,6458801.747386,-10.252614,10.252614
8,100000000,112883789,6458812,6458599.878137,1000,boundary_pair,6458801.406246,-10.593754,10.593754
8,100000000,112883789,6458812,6458599.878137,2000,hard,6458813.471613,1.471613,1.471613
8,100000000,112883789,6458812,6458599.878137,2000,paired_hann,6458802.718116,-9.281884,9.281884
8,100000000,112883789,6458812,6458599.878137,2000,paired_triangle,6458803.748073,-8.251927,8.251927
8,100000000,112883789,6458812,6458599.878137,2000,paired_riesz,6458804.940181,-7.059819,7.059819
8,100000000,112883789,6458812,6458599.878137,2000,antipair_03,6458780.355560,-31.644440,31.644440
8,100000000,112883789,6458812,6458599.878137,2000,antipair_05,6458758.278191,-53.721809,53.721809
8,100000000,112883789,6458812,6458599.878137,2000,half_int,6458813.259521,1.259521,1.259521
8,100000000,112883789,6458812,6458599.878137,2000,boundary_pair,6458813.059285,1.059285,1.059285
8,100000000,112883789,6458812,6458599.878137,4000,hard,6458814.450266,2.450266,2.450266
8,100000000,112883789,6458812,6458599.878137,4000,paired_hann,6458810.023049,-1.976951,1.976951
8,100000000,112883789,6458812,6458599.878137,4000,paired_triangle,6458809.120461,-2.879539,2.879539
8,100000000,112883789,6458812,6458599.878137,4000,paired_riesz,6458811.852444,-0.147556,0.147556
8,100000000,112883789,6458812,6458599.878137,4000,antipair_03,6458781.942589,-30.057411,30.057411
8,100000000,112883789,6458812,6458599.878137,4000,antipair_05,6458760.270804,-51.729196,51.729196
8,100000000,112883789,6458812,6458599.878137,4000,half_int,6458814.576615,2.576615,2.576615
8,100000000,112883789,6458812,6458599.878137,4000,boundary_pair,6458814.576687,2.576687,2.576687
8,100000000,119935395,6838172,6838262.583097,500,hard,6838188.471816,16.471816,16.471816
8,100000000,119935395,6838172,6838262.583097,500,paired_hann,6838163.487687,-8.512313,8.512313
8,100000000,119935395,6838172,6838262.583097,500,paired_triangle,6838167.498110,-4.501890,4.501890
8,100000000,119935395,6838172,6838262.583097,500,paired_riesz,6838173.657762,1.657762,1.657762
8,100000000,119935395,6838172,6838262.583097,500,antipair_03,6838236.701532,64.701532,64.701532
8,100000000,119935395,6838172,6838262.583097,500,antipair_05,6838268.854675,96.854675,96.854675
8,100000000,119935395,6838172,6838262.583097,500,half_int,6838187.884251,15.884251,15.884251
8,100000000,119935395,6838172,6838262.583097,500,boundary_pair,6838187.821798,15.821798,15.821798
8,100000000,119935395,6838172,6838262.583097,1000,hard,6838168.794352,-3.205648,3.205648
8,100000000,119935395,6838172,6838262.583097,1000,paired_hann,6838169.398186,-2.601814,2.601814
8,100000000,119935395,6838172,6838262.583097,1000,paired_triangle,6838166.581268,-5.418732,5.418732
8,100000000,119935395,6838172,6838262.583097,1000,paired_riesz,6838167.100341,-4.899659,4.899659
8,100000000,119935395,6838172,6838262.583097,1000,antipair_03,6838208.474441,36.474441,36.474441
8,100000000,119935395,6838172,6838262.583097,1000,antipair_05,6838234.927834,62.927834,62.927834
8,100000000,119935395,6838172,6838262.583097,1000,half_int,6838168.925831,-3.074169,3.074169
8,100000000,119935395,6838172,6838262.583097,1000,boundary_pair,6838169.187272,-2.812728,2.812728
8,100000000,119935395,6838172,6838262.583097,2000,hard,6838154.789074,-17.210926,17.210926
8,100000000,119935395,6838172,6838262.583097,2000,paired_hann,6838161.847449,-10.152551,10.152551
8,100000000,119935395,6838172,6838262.583097,2000,paired_triangle,6838161.517505,-10.482495,10.482495
8,100000000,119935395,6838172,6838262.583097,2000,paired_riesz,6838159.160725,-12.839275,12.839275
8,100000000,119935395,6838172,6838262.583097,2000,antipair_03,6838192.653519,20.653519,20.653519
8,100000000,119935395,6838172,6838262.583097,2000,antipair_05,6838217.896482,45.896482,45.896482
8,100000000,119935395,6838172,6838262.583097,2000,half_int,6838154.706926,-17.293074,17.293074
8,100000000,119935395,6838172,6838262.583097,2000,boundary_pair,6838154.599542,-17.400458,17.400458
8,100000000,119935395,6838172,6838262.583097,4000,hard,6838163.543981,-8.456019,8.456019
8,100000000,119935395,6838172,6838262.583097,4000,paired_hann,6838159.596491,-12.403509,12.403509
8,100000000,119935395,6838172,6838262.583097,4000,paired_triangle,6838160.548577,-11.451423,11.451423
8,100000000,119935395,6838172,6838262.583097,4000,paired_riesz,6838159.434367,-12.565633,12.565633
8,100000000,119935395,6838172,6838262.583097,4000,antipair_03,6838200.868724,28.868724,28.868724
8,100000000,119935395,6838172,6838262.583097,4000,antipair_05,6838225.751886,53.751886,53.751886
8,100000000,119935395,6838172,6838262.583097,4000,half_int,6838163.416324,-8.583676,8.583676
8,100000000,119935395,6838172,6838262.583097,4000,boundary_pair,6838163.414352,-8.585648,8.585648
8,100000000,127427499,7240314,7240330.760892,500,hard,7240344.468815,30.468815,30.468815
8,100000000,127427499,7240314,7240330.760892,500,paired_hann,7240344.175006,30.175006,30.175006
8,100000000,127427499,7240314,7240330.760892,500,paired_triangle,7240345.251466,31.251466,31.251466
8,100000000,127427499,7240314,7240330.760892,500,paired_riesz,7240343.871019,29.871019,29.871019
8,100000000,127427499,7240314,7240330.760892,500,antipair_03,7240304.534470,-9.465530,9.465530
8,100000000,127427499,7240314,7240330.760892,500,antipair_05,7240277.911574,-36.088426,36.088426
8,100000000,127427499,7240314,7240330.760892,500,half_int,7240344.588524,30.588524,30.588524
8,100000000,127427499,7240314,7240330.760892,500,boundary_pair,7240345.001448,31.001448,31.001448
8,100000000,127427499,7240314,7240330.760892,1000,hard,7240348.324407,34.324407,34.324407
8,100000000,127427499,7240314,7240330.760892,1000,paired_hann,7240342.124123,28.124123,28.124123
8,100000000,127427499,7240314,7240330.760892,1000,paired_triangle,7240344.448352,30.448352,30.448352
8,100000000,127427499,7240314,7240330.760892,1000,paired_riesz,7240344.679157,30.679157,30.679157
8,100000000,127427499,7240314,7240330.760892,1000,antipair_03,7240304.903585,-9.096415,9.096415
8,100000000,127427499,7240314,7240330.760892,1000,antipair_05,7240275.956370,-38.043630,38.043630
8,100000000,127427499,7240314,7240330.760892,1000,half_int,7240348.643249,34.643249,34.643249
8,100000000,127427499,7240314,7240330.760892,1000,boundary_pair,7240348.778105,34.778105,34.778105
8,100000000,127427499,7240314,7240330.760892,2000,hard,7240337.337173,23.337173,23.337173
8,100000000,127427499,7240314,7240330.760892,2000,paired_hann,7240338.740516,24.740516,24.740516
8,100000000,127427499,7240314,7240330.760892,2000,paired_triangle,7240338.747644,24.747644,24.747644
8,100000000,127427499,7240314,7240330.760892,2000,paired_riesz,7240335.746242,21.746242,21.746242
8,100000000,127427499,7240314,7240330.760892,2000,antipair_03,7240297.466566,-16.533434,16.533434
8,100000000,127427499,7240314,7240330.760892,2000,antipair_05,7240270.886161,-43.113839,43.113839
8,100000000,127427499,7240314,7240330.760892,2000,half_int,7240337.567103,23.567103,23.567103
8,100000000,127427499,7240314,7240330.760892,2000,boundary_pair,7240337.779277,23.779277,23.779277
8,100000000,127427499,7240314,7240330.760892,4000,hard,7240325.793690,11.793690,11.793690
8,100000000,127427499,7240314,7240330.760892,4000,paired_hann,7240335.609910,21.609910,21.609910
8,100000000,127427499,7240314,7240330.760892,4000,paired_triangle,7240335.512052,21.512052,21.512052
8,100000000,127427499,7240314,7240330.760892,4000,paired_riesz,7240332.306115,18.306115,18.306115
8,100000000,127427499,7240314,7240330.760892,4000,antipair_03,7240286.722334,-27.277666,27.277666
8,100000000,127427499,7240314,7240330.760892,4000,antipair_05,7240260.674762,-53.325238,53.325238
8,100000000,127427499,7240314,7240330.760892,4000,half_int,7240325.915232,11.915232,11.915232
8,100000000,127427499,7240314,7240330.760892,4000,boundary_pair,7240325.922427,11.922427,11.922427
8,100000000,135387618,7666137,7666131.140268,500,hard,7666189.679379,52.679379,52.679379
8,100000000,135387618,7666137,7666131.140268,500,paired_hann,7666142.622324,5.622324,5.622324
8,100000000,135387618,7666137,7666131.140268,500,paired_triangle,7666143.336470,6.336470,6.336470
8,100000000,135387618,7666137,7666131.140268,500,paired_riesz,7666159.147794,22.147794,22.147794
8,100000000,135387618,7666137,7666131.140268,500,antipair_03,7666146.226080,9.226080,9.226080
8,100000000,135387618,7666137,7666131.140268,500,antipair_05,7666117.257214,-19.742786,19.742786
8,100000000,135387618,7666137,7666131.140268,500,half_int,7666190.416810,53.416810,53.416810
8,100000000,135387618,7666137,7666131.140268,500,boundary_pair,7666190.817661,53.817661,53.817661
8,100000000,135387618,7666137,7666131.140268,1000,hard,7666176.241642,39.241642,39.241642
8,100000000,135387618,7666137,7666131.140268,1000,paired_hann,7666169.350666,32.350666,32.350666
8,100000000,135387618,7666137,7666131.140268,1000,paired_triangle,7666161.939211,24.939211,24.939211
8,100000000,135387618,7666137,7666131.140268,1000,paired_riesz,7666174.525218,37.525218,37.525218
8,100000000,135387618,7666137,7666131.140268,1000,antipair_03,7666130.025373,-6.974627,6.974627
8,100000000,135387618,7666137,7666131.140268,1000,antipair_05,7666099.214528,-37.785472,37.785472
8,100000000,135387618,7666137,7666131.140268,1000,half_int,7666175.853706,38.853706,38.853706
8,100000000,135387618,7666137,7666131.140268,1000,boundary_pair,7666175.474071,38.474071,38.474071
8,100000000,135387618,7666137,7666131.140268,2000,hard,7666168.783406,31.783406,31.783406
8,100000000,135387618,7666137,7666131.140268,2000,paired_hann,7666174.782642,37.782642,37.782642
8,100000000,135387618,7666137,7666131.140268,2000,paired_triangle,7666168.524760,31.524760,31.524760
8,100000000,135387618,7666137,7666131.140268,2000,paired_riesz,7666174.747912,37.747912,37.747912
8,100000000,135387618,7666137,7666131.140268,2000,antipair_03,7666129.235278,-7.764722,7.764722
8,100000000,135387618,7666137,7666131.140268,2000,antipair_05,7666102.869859,-34.130141,34.130141
8,100000000,135387618,7666137,7666131.140268,2000,half_int,7666168.850527,31.850527,31.850527
8,100000000,135387618,7666137,7666131.140268,2000,boundary_pair,7666168.956453,31.956453,31.956453
8,100000000,135387618,7666137,7666131.140268,4000,hard,7666160.770483,23.770483,23.770483
8,100000000,135387618,7666137,7666131.140268,4000,paired_hann,7666170.175838,33.175838,33.175838
8,100000000,135387618,7666137,7666131.140268,4000,paired_triangle,7666166.709831,29.709831,29.709831
8,100000000,135387618,7666137,7666131.140268,4000,paired_riesz,7666167.146526,30.146526,30.146526
8,100000000,135387618,7666137,7666131.140268,4000,antipair_03,7666113.661309,-23.338691,23.338691
8,100000000,135387618,7666137,7666131.140268,4000,antipair_05,7666082.255193,-54.744807,54.744807
8,100000000,135387618,7666137,7666131.140268,4000,half_int,7666160.664938,23.664938,23.664938
8,100000000,135387618,7666137,7666131.140268,4000,boundary_pair,7666160.650762,23.650762,23.650762
8,100000000,143844989,8117155,8117069.302097,500,hard,8117157.669055,2.669055,2.669055
8,100000000,143844989,8117155,8117069.302097,500,paired_hann,8117167.129577,12.129577,12.129577
8,100000000,143844989,8117155,8117069.302097,500,paired_triangle,8117156.249384,1.249384,1.249384
8,100000000,143844989,8117155,8117069.302097,500,paired_riesz,8117166.296823,11.296823,11.296823
8,100000000,143844989,8117155,8117069.302097,500,antipair_03,8117070.845335,-84.154665,84.154665
8,100000000,143844989,8117155,8117069.302097,500,antipair_05,8117012.962854,-142.037146,142.037146
8,100000000,143844989,8117155,8117069.302097,500,half_int,8117158.214989,3.214989,3.214989
8,100000000,143844989,8117155,8117069.302097,500,boundary_pair,8117158.138026,3.138026,3.138026
8,100000000,143844989,8117155,8117069.302097,1000,hard,8117154.514520,-0.485480,0.485480
8,100000000,143844989,8117155,8117069.302097,1000,paired_hann,8117161.345646,6.345646,6.345646
8,100000000,143844989,8117155,8117069.302097,1000,paired_triangle,8117156.438764,1.438764,1.438764
8,100000000,143844989,8117155,8117069.302097,1000,paired_riesz,8117159.082933,4.082933,4.082933
8,100000000,143844989,8117155,8117069.302097,1000,antipair_03,8117072.895314,-82.104686,82.104686
8,100000000,143844989,8117155,8117069.302097,1000,antipair_05,8117018.482509,-136.517491,136.517491
8,100000000,143844989,8117155,8117069.302097,1000,half_int,8117154.480430,-0.519570,0.519570
8,100000000,143844989,8117155,8117069.302097,1000,boundary_pair,8117154.651894,-0.348106,0.348106
8,100000000,143844989,8117155,8117069.302097,2000,hard,8117158.920133,3.920133,3.920133
8,100000000,143844989,8117155,8117069.302097,2000,paired_hann,8117157.817065,2.817065,2.817065
8,100000000,143844989,8117155,8117069.302097,2000,paired_triangle,8117156.475407,1.475407,1.475407
8,100000000,143844989,8117155,8117069.302097,2000,paired_riesz,8117157.198435,2.198435,2.198435
8,100000000,143844989,8117155,8117069.302097,2000,antipair_03,8117074.435230,-80.564770,80.564770
8,100000000,143844989,8117155,8117069.302097,2000,antipair_05,8117018.111961,-136.888039,136.888039
8,100000000,143844989,8117155,8117069.302097,2000,half_int,8117158.674518,3.674518,3.674518
8,100000000,143844989,8117155,8117069.302097,2000,boundary_pair,8117158.449993,3.449993,3.449993
8,100000000,143844989,8117155,8117069.302097,4000,hard,8117156.814787,1.814787,1.814787
8,100000000,143844989,8117155,8117069.302097,4000,paired_hann,8117158.359594,3.359594,3.359594
8,100000000,143844989,8117155,8117069.302097,4000,paired_triangle,8117157.694511,2.694511,2.694511
8,100000000,143844989,8117155,8117069.302097,4000,paired_riesz,8117158.364690,3.364690,3.364690
8,100000000,143844989,8117155,8117069.302097,4000,antipair_03,8117069.594484,-85.405516,85.405516
8,100000000,143844989,8117155,8117069.302097,4000,antipair_05,8117011.447615,-143.552385,143.552385
8,100000000,143844989,8117155,8117069.302097,4000,half_int,8117156.894114,1.894114,1.894114
8,100000000,143844989,8117155,8117069.302097,4000,boundary_pair,8117156.914458,1.914458,1.914458
8,100000000,152830673,8594504,8594634.191229,500,hard,8594436.809541,-67.190459,67.190459
8,100000000,152830673,8594504,8594634.191229,500,paired_hann,8594444.575869,-59.424131,59.424131
8,100000000,152830673,8594504,8594634.191229,500,paired_triangle,8594451.936598,-52.063402,52.063402
8,100000000,152830673,8594504,8594634.191229,500,paired_riesz,8594438.932230,-65.067770,65.067770
8,100000000,152830673,8594504,8594634.191229,500,antipair_03,8594480.428407,-23.571593,23.571593
8,100000000,152830673,8594504,8594634.191229,500,antipair_05,8594509.507650,5.507650,5.507650
8,100000000,152830673,8594504,8594634.191229,500,half_int,8594436.532321,-67.467679,67.467679
8,100000000,152830673,8594504,8594634.191229,500,boundary_pair,8594436.089392,-67.910608,67.910608
8,100000000,152830673,8594504,8594634.191229,1000,hard,8594459.573141,-44.426859,44.426859
8,100000000,152830673,8594504,8594634.191229,1000,paired_hann,8594447.266214,-56.733786,56.733786
8,100000000,152830673,8594504,8594634.191229,1000,paired_triangle,8594454.520275,-49.479725,49.479725
8,100000000,152830673,8594504,8594634.191229,1000,paired_riesz,8594453.471613,-50.528387,50.528387
8,100000000,152830673,8594504,8594634.191229,1000,antipair_03,8594507.057976,3.057976,3.057976
8,100000000,152830673,8594504,8594634.191229,1000,antipair_05,8594538.714532,34.714532,34.714532
8,100000000,152830673,8594504,8594634.191229,1000,half_int,8594460.016643,-43.983357,43.983357
8,100000000,152830673,8594504,8594634.191229,1000,boundary_pair,8594460.276484,-43.723516,43.723516
8,100000000,152830673,8594504,8594634.191229,2000,hard,8594474.949800,-29.050200,29.050200
8,100000000,152830673,8594504,8594634.191229,2000,paired_hann,8594458.595669,-45.404331,45.404331
8,100000000,152830673,8594504,8594634.191229,2000,paired_triangle,8594460.456183,-43.543817,43.543817
8,100000000,152830673,8594504,8594634.191229,2000,paired_riesz,8594463.660616,-40.339384,40.339384
8,100000000,152830673,8594504,8594634.191229,2000,antipair_03,8594519.489351,15.489351,15.489351
8,100000000,152830673,8594504,8594634.191229,2000,antipair_05,8594549.182385,45.182385,45.182385
8,100000000,152830673,8594504,8594634.191229,2000,half_int,8594474.905163,-29.094837,29.094837
8,100000000,152830673,8594504,8594634.191229,2000,boundary_pair,8594474.801213,-29.198787,29.198787
8,100000000,152830673,8594504,8594634.191229,4000,hard,8594486.445330,-17.554670,17.554670
8,100000000,152830673,8594504,8594634.191229,4000,paired_hann,8594471.129808,-32.870192,32.870192
8,100000000,152830673,8594504,8594634.191229,4000,paired_triangle,8594470.932110,-33.067890,33.067890
8,100000000,152830673,8594504,8594634.191229,4000,paired_riesz,8594477.571225,-26.428775,26.428775
8,100000000,152830673,8594504,8594634.191229,4000,antipair_03,8594531.178758,27.178758,27.178758
8,100000000,152830673,8594504,8594634.191229,4000,antipair_05,8594561.001043,57.001043,57.001043
8,100000000,152830673,8594504,8594634.191229,4000,half_int,8594486.398689,-17.601311,17.601311
8,100000000,152830673,8594504,8594634.191229,4000,boundary_pair,8594486.373366,-17.626634,17.626634
8,100000000,162377674,9100232,9100403.350472,500,hard,9100219.921075,-12.078925,12.078925
8,100000000,162377674,9100232,9100403.350472,500,paired_hann,9100210.537006,-21.462994,21.462994
8,100000000,162377674,9100232,9100403.350472,500,paired_triangle,9100220.674463,-11.325537,11.325537
8,100000000,162377674,9100232,9100403.350472,500,paired_riesz,9100204.703109,-27.296891,27.296891
8,100000000,162377674,9100232,9100403.350472,500,antipair_03,9100192.234635,-39.765365,39.765365
8,100000000,162377674,9100232,9100403.350472,500,antipair_05,9100173.777008,-58.222992,58.222992
8,100000000,162377674,9100232,9100403.350472,500,half_int,9100219.090613,-12.909387,12.909387
8,100000000,162377674,9100232,9100403.350472,500,boundary_pair,9100218.807588,-13.192412,13.192412
8,100000000,162377674,9100232,9100403.350472,1000,hard,9100214.925684,-17.074316,17.074316
8,100000000,162377674,9100232,9100403.350472,1000,paired_hann,9100211.796726,-20.203274,20.203274
8,100000000,162377674,9100232,9100403.350472,1000,paired_triangle,9100218.597263,-13.402737,13.402737
8,100000000,162377674,9100232,9100403.350472,1000,paired_riesz,9100213.118255,-18.881745,18.881745
8,100000000,162377674,9100232,9100403.350472,1000,antipair_03,9100183.861925,-48.138075,48.138075
8,100000000,162377674,9100232,9100403.350472,1000,antipair_05,9100163.152752,-68.847248,68.847248
8,100000000,162377674,9100232,9100403.350472,1000,half_int,9100214.624368,-17.375632,17.375632
8,100000000,162377674,9100232,9100403.350472,1000,boundary_pair,9100214.243124,-17.756876,17.756876
8,100000000,162377674,9100232,9100403.350472,2000,hard,9100224.925344,-7.074656,7.074656
8,100000000,162377674,9100232,9100403.350472,2000,paired_hann,9100218.788517,-13.211483,13.211483
8,100000000,162377674,9100232,9100403.350472,2000,paired_triangle,9100222.405723,-9.594277,9.594277
8,100000000,162377674,9100232,9100403.350472,2000,paired_riesz,9100223.531309,-8.468691,8.468691
8,100000000,162377674,9100232,9100403.350472,2000,antipair_03,9100202.042511,-29.957489,29.957489
8,100000000,162377674,9100232,9100403.350472,2000,antipair_05,9100186.787289,-45.212711,45.212711
8,100000000,162377674,9100232,9100403.350472,2000,half_int,9100225.190069,-6.809931,6.809931
8,100000000,162377674,9100232,9100403.350472,2000,boundary_pair,9100225.426554,-6.573446,6.573446
8,100000000,162377674,9100232,9100403.350472,4000,hard,9100226.830665,-5.169335,5.169335
8,100000000,162377674,9100232,9100403.350472,4000,paired_hann,9100223.235646,-8.764354,8.764354
8,100000000,162377674,9100232,9100403.350472,4000,paired_triangle,9100223.364072,-8.635928,8.635928
8,100000000,162377674,9100232,9100403.350472,4000,paired_riesz,9100224.269894,-7.730106,7.730106
8,100000000,162377674,9100232,9100403.350472,4000,antipair_03,9100206.549642,-25.450358,25.450358
8,100000000,162377674,9100232,9100403.350472,4000,antipair_05,9100193.028960,-38.971040,38.971040
8,100000000,162377674,9100232,9100403.350472,4000,half_int,9100226.841718,-5.158282,5.158282
8,100000000,162377674,9100232,9100403.350472,4000,boundary_pair,9100226.871622,-5.128378,5.128378
8,100000000,172521055,9636192,9636047.912430,500,hard,9636186.553056,-5.446944,5.446944
8,100000000,172521055,9636192,9636047.912430,500,paired_hann,9636183.877729,-8.122271,8.122271
8,100000000,172521055,9636192,9636047.912430,500,paired_triangle,9636181.309880,-10.690120,10.690120
8,100000000,172521055,9636192,9636047.912430,500,paired_riesz,9636181.408628,-10.591372,10.591372
8,100000000,172521055,9636192,9636047.912430,500,antipair_03,9636236.585277,44.585277,44.585277
8,100000000,172521055,9636192,9636047.912430,500,antipair_05,9636269.940091,77.940091,77.940091
8,100000000,172521055,9636192,9636047.912430,500,half_int,9636186.085976,-5.914024,5.914024
8,100000000,172521055,9636192,9636047.912430,500,boundary_pair,9636186.280719,-5.719281,5.719281
8,100000000,172521055,9636192,9636047.912430,1000,hard,9636194.867768,2.867768,2.867768
8,100000000,172521055,9636192,9636047.912430,1000,paired_hann,9636187.256703,-4.743297,4.743297
8,100000000,172521055,9636192,9636047.912430,1000,paired_triangle,9636188.266659,-3.733341,3.733341
8,100000000,172521055,9636192,9636047.912430,1000,paired_riesz,9636192.678732,0.678732,0.678732
8,100000000,172521055,9636192,9636047.912430,1000,antipair_03,9636245.246551,53.246551,53.246551
8,100000000,172521055,9636192,9636047.912430,1000,antipair_05,9636278.832406,86.832406,86.832406
8,100000000,172521055,9636192,9636047.912430,1000,half_int,9636194.628209,2.628209,2.628209
8,100000000,172521055,9636192,9636047.912430,1000,boundary_pair,9636194.661993,2.661993,2.661993
8,100000000,172521055,9636192,9636047.912430,2000,hard,9636200.771077,8.771077,8.771077
8,100000000,172521055,9636192,9636047.912430,2000,paired_hann,9636196.099510,4.099510,4.099510
8,100000000,172521055,9636192,9636047.912430,2000,paired_triangle,9636195.286201,3.286201,3.286201
8,100000000,172521055,9636192,9636047.912430,2000,paired_riesz,9636200.482594,8.482594,8.482594
8,100000000,172521055,9636192,9636047.912430,2000,antipair_03,9636245.890042,53.890042,53.890042
8,100000000,172521055,9636192,9636047.912430,2000,antipair_05,9636275.969352,83.969352,83.969352
8,100000000,172521055,9636192,9636047.912430,2000,half_int,9636200.792809,8.792809,8.792809
8,100000000,172521055,9636192,9636047.912430,2000,boundary_pair,9636200.894497,8.894497,8.894497
8,100000000,172521055,9636192,9636047.912430,4000,hard,9636199.504269,7.504269,7.504269
8,100000000,172521055,9636192,9636047.912430,4000,paired_hann,9636200.156035,8.156035,8.156035
8,100000000,172521055,9636192,9636047.912430,4000,paired_triangle,9636198.093689,6.093689,6.093689
8,100000000,172521055,9636192,9636047.912430,4000,paired_riesz,9636200.935867,8.935867,8.935867
8,100000000,172521055,9636192,9636047.912430,4000,antipair_03,9636239.052536,47.052536,47.052536
8,100000000,172521055,9636192,9636047.912430,4000,antipair_05,9636265.418048,73.418048,73.418048
8,100000000,172521055,9636192,9636047.912430,4000,half_int,9636199.531664,7.531664,7.531664
8,100000000,172521055,9636192,9636047.912430,4000,boundary_pair,9636199.498766,7.498766,7.498766
8,100000000,183298071,10203242,10203338.406702,500,hard,10203276.098935,34.098935,34.098935
8,100000000,183298071,10203242,10203338.406702,500,paired_hann,10203302.367340,60.367340,60.367340
8,100000000,183298071,10203242,10203338.406702,500,paired_triangle,10203321.752134,79.752134,79.752134
8,100000000,183298071,10203242,10203338.406702,500,paired_riesz,10203289.086438,47.086438,47.086438
8,100000000,183298071,10203242,10203338.406702,500,antipair_03,10203306.321958,64.321958,64.321958
8,100000000,183298071,10203242,10203338.406702,500,antipair_05,10203326.470641,84.470641,84.470641
8,100000000,183298071,10203242,10203338.406702,500,half_int,10203276.547175,34.547175,34.547175
8,100000000,183298071,10203242,10203338.406702,500,boundary_pair,10203276.971398,34.971398,34.971398
8,100000000,183298071,10203242,10203338.406702,1000,hard,10203257.850179,15.850179,15.850179
8,100000000,183298071,10203242,10203338.406702,1000,paired_hann,10203280.005464,38.005464,38.005464
8,100000000,183298071,10203242,10203338.406702,1000,paired_triangle,10203293.829190,51.829190,51.829190
8,100000000,183298071,10203242,10203338.406702,1000,paired_riesz,10203270.938838,28.938838,28.938838
8,100000000,183298071,10203242,10203338.406702,1000,antipair_03,10203279.215813,37.215813,37.215813
8,100000000,183298071,10203242,10203338.406702,1000,antipair_05,10203293.459569,51.459569,51.459569
8,100000000,183298071,10203242,10203338.406702,1000,half_int,10203258.346007,16.346007,16.346007
8,100000000,183298071,10203242,10203338.406702,1000,boundary_pair,10203258.702458,16.702458,16.702458
8,100000000,183298071,10203242,10203338.406702,2000,hard,10203252.051069,10.051069,10.051069
8,100000000,183298071,10203242,10203338.406702,2000,paired_hann,10203262.454391,20.454391,20.454391
8,100000000,183298071,10203242,10203338.406702,2000,paired_triangle,10203272.707520,30.707520,30.707520
8,100000000,183298071,10203242,10203338.406702,2000,paired_riesz,10203256.220356,14.220356,14.220356
8,100000000,183298071,10203242,10203338.406702,2000,antipair_03,10203272.374887,30.374887,30.374887
8,100000000,183298071,10203242,10203338.406702,2000,antipair_05,10203285.924100,43.924100,43.924100
8,100000000,183298071,10203242,10203338.406702,2000,half_int,10203251.766771,9.766771,9.766771
8,100000000,183298071,10203242,10203338.406702,2000,boundary_pair,10203251.520024,9.520024,9.520024
8,100000000,183298071,10203242,10203338.406702,4000,hard,10203243.127463,1.127463,1.127463
8,100000000,183298071,10203242,10203338.406702,4000,paired_hann,10203253.736877,11.736877,11.736877
8,100000000,183298071,10203242,10203338.406702,4000,paired_triangle,10203261.260716,19.260716,19.260716
8,100000000,183298071,10203242,10203338.406702,4000,paired_riesz,10203251.344726,9.344726,9.344726
8,100000000,183298071,10203242,10203338.406702,4000,antipair_03,10203263.961901,21.961901,21.961901
8,100000000,183298071,10203242,10203338.406702,4000,antipair_05,10203277.851526,35.851526,35.851526
8,100000000,183298071,10203242,10203338.406702,4000,half_int,10203243.059076,1.059076,1.059076
8,100000000,183298071,10203242,10203338.406702,4000,boundary_pair,10203243.090588,1.090588,1.090588
8,100000000,194748304,10804260,10804150.579509,500,hard,10804308.415969,48.415969,48.415969
8,100000000,194748304,10804260,10804150.579509,500,paired_hann,10804306.636969,46.636969,46.636969
8,100000000,194748304,10804260,10804150.579509,500,paired_triangle,10804296.353988,36.353988,36.353988
8,100000000,194748304,10804260,10804150.579509,500,paired_riesz,10804313.798588,53.798588,53.798588
8,100000000,194748304,10804260,10804150.579509,500,antipair_03,10804298.702700,38.702700,38.702700
8,100000000,194748304,10804260,10804150.579509,500,antipair_05,10804292.227187,32.227187,32.227187
8,100000000,194748304,10804260,10804150.579509,500,half_int,10804309.307994,49.307994,49.307994
8,100000000,194748304,10804260,10804150.579509,500,boundary_pair,10804309.457738,49.457738,49.457738
8,100000000,194748304,10804260,10804150.579509,1000,hard,10804302.607519,42.607519,42.607519
8,100000000,194748304,10804260,10804150.579509,1000,paired_hann,10804309.472799,49.472799,49.472799
8,100000000,194748304,10804260,10804150.579509,1000,paired_triangle,10804300.874952,40.874952,40.874952
8,100000000,194748304,10804260,10804150.579509,1000,paired_riesz,10804307.143734,47.143734,47.143734
8,100000000,194748304,10804260,10804150.579509,1000,antipair_03,10804294.485773,34.485773,34.485773
8,100000000,194748304,10804260,10804150.579509,1000,antipair_05,10804289.071276,29.071276,29.071276
8,100000000,194748304,10804260,10804150.579509,1000,half_int,10804302.470770,42.470770,42.470770
8,100000000,194748304,10804260,10804150.579509,1000,boundary_pair,10804302.146719,42.146719,42.146719
8,100000000,194748304,10804260,10804150.579509,2000,hard,10804258.175046,-1.824954,1.824954
8,100000000,194748304,10804260,10804150.579509,2000,paired_hann,10804295.275488,35.275488,35.275488
8,100000000,194748304,10804260,10804150.579509,2000,paired_triangle,10804288.924205,28.924205,28.924205
8,100000000,194748304,10804260,10804150.579509,2000,paired_riesz,10804282.661685,22.661685,22.661685
8,100000000,194748304,10804260,10804150.579509,2000,antipair_03,10804250.703999,-9.296001,9.296001
8,100000000,194748304,10804260,10804150.579509,2000,antipair_05,10804245.723300,-14.276700,14.276700
8,100000000,194748304,10804260,10804150.579509,2000,half_int,10804258.176121,-1.823879,1.823879
8,100000000,194748304,10804260,10804150.579509,2000,boundary_pair,10804258.078929,-1.921071,1.921071
8,100000000,194748304,10804260,10804150.579509,4000,hard,10804264.862712,4.862712,4.862712
8,100000000,194748304,10804260,10804150.579509,4000,paired_hann,10804272.270268,12.270268,12.270268
8,100000000,194748304,10804260,10804150.579509,4000,paired_triangle,10804274.658527,14.658527,14.658527
8,100000000,194748304,10804260,10804150.579509,4000,paired_riesz,10804266.185255,6.185255,6.185255
8,100000000,194748304,10804260,10804150.579509,4000,antipair_03,10804254.071569,-5.928431,5.928431
8,100000000,194748304,10804260,10804150.579509,4000,antipair_05,10804246.877473,-13.122527,13.122527
8,100000000,194748304,10804260,10804150.579509,4000,half_int,10804264.969968,4.969968,4.969968
8,100000000,194748304,10804260,10804150.579509,4000,boundary_pair,10804264.945301,4.945301,4.945301
8,100000000,206913808,11440387,11440471.644349,500,hard,11440384.741158,-2.258842,2.258842
8,100000000,206913808,11440387,11440471.644349,500,paired_hann,11440399.428778,12.428778,12.428778
8,100000000,206913808,11440387,11440471.644349,500,paired_triangle,11440394.765475,7.765475,7.765475
8,100000000,206913808,11440387,11440471.644349,500,paired_riesz,11440391.759403,4.759403,4.759403
8,100000000,206913808,11440387,11440471.644349,500,antipair_03,11440343.674400,-43.325600,43.325600
8,100000000,206913808,11440387,11440471.644349,500,antipair_05,11440316.296561,-70.703439,70.703439
8,100000000,206913808,11440387,11440471.644349,500,half_int,11440385.076409,-1.923591,1.923591
8,100000000,206913808,11440387,11440471.644349,500,boundary_pair,11440384.801365,-2.198635,2.198635
8,100000000,206913808,11440387,11440471.644349,1000,hard,11440400.586160,13.586160,13.586160
8,100000000,206913808,11440387,11440471.644349,1000,paired_hann,11440388.488463,1.488463,1.488463
8,100000000,206913808,11440387,11440471.644349,1000,paired_triangle,11440389.474323,2.474323,2.474323
8,100000000,206913808,11440387,11440471.644349,1000,paired_riesz,11440386.113636,-0.886364,0.886364
8,100000000,206913808,11440387,11440471.644349,1000,antipair_03,11440351.283018,-35.716982,35.716982
8,100000000,206913808,11440387,11440471.644349,1000,antipair_05,11440318.414257,-68.585743,68.585743
8,100000000,206913808,11440387,11440471.644349,1000,half_int,11440400.169979,13.169979,13.169979
8,100000000,206913808,11440387,11440471.644349,1000,boundary_pair,11440400.068723,13.068723,13.068723
8,100000000,206913808,11440387,11440471.644349,2000,hard,11440398.699309,11.699309,11.699309
8,100000000,206913808,11440387,11440471.644349,2000,paired_hann,11440390.954267,3.954267,3.954267
8,100000000,206913808,11440387,11440471.644349,2000,paired_triangle,11440393.662549,6.662549,6.662549
8,100000000,206913808,11440387,11440471.644349,2000,paired_riesz,11440395.612218,8.612218,8.612218
8,100000000,206913808,11440387,11440471.644349,2000,antipair_03,11440351.229559,-35.770441,35.770441
8,100000000,206913808,11440387,11440471.644349,2000,antipair_05,11440319.583058,-67.416942,67.416942
8,100000000,206913808,11440387,11440471.644349,2000,half_int,11440398.999073,11.999073,11.999073
8,100000000,206913808,11440387,11440471.644349,2000,boundary_pair,11440399.256768,12.256768,12.256768
8,100000000,206913808,11440387,11440471.644349,4000,hard,11440415.865386,28.865386,28.865386
8,100000000,206913808,11440387,11440471.644349,4000,paired_hann,11440405.451898,18.451898,18.451898
8,100000000,206913808,11440387,11440471.644349,4000,paired_triangle,11440405.108927,18.108927,18.108927
8,100000000,206913808,11440387,11440471.644349,4000,paired_riesz,11440411.521328,24.521328,24.521328
8,100000000,206913808,11440387,11440471.644349,4000,antipair_03,11440368.292257,-18.707743,18.707743
8,100000000,206913808,11440387,11440471.644349,4000,antipair_05,11440336.576838,-50.423162,50.423162
8,100000000,206913808,11440387,11440471.644349,4000,half_int,11440415.727012,28.727012,28.727012
8,100000000,206913808,11440387,11440471.644349,4000,boundary_pair,11440415.740832,28.740832,28.740832
8,100000000,219839265,12114146,12114407.007367,500,hard,12114179.167397,33.167397,33.167397
8,100000000,219839265,12114146,12114407.007367,500,paired_hann,12114170.581987,24.581987,24.581987
8,100000000,219839265,12114146,12114407.007367,500,paired_triangle,12114175.472757,29.472757,29.472757
8,100000000,219839265,12114146,12114407.007367,500,paired_riesz,12114173.330911,27.330911,27.330911
8,100000000,219839265,12114146,12114407.007367,500,antipair_03,12114178.300579,32.300579,32.300579
8,100000000,219839265,12114146,12114407.007367,500,antipair_05,12114177.722700,31.722700,31.722700
8,100000000,219839265,12114146,12114407.007367,500,half_int,12114178.530168,32.530168,32.530168
8,100000000,219839265,12114146,12114407.007367,500,boundary_pair,12114178.172512,32.172512,32.172512
8,100000000,219839265,12114146,12114407.007367,1000,hard,12114164.466412,18.466412,18.466412
8,100000000,219839265,12114146,12114407.007367,1000,paired_hann,12114177.946616,31.946616,31.946616
8,100000000,219839265,12114146,12114407.007367,1000,paired_triangle,12114179.273344,33.273344,33.273344
8,100000000,219839265,12114146,12114407.007367,1000,paired_riesz,12114180.676866,34.676866,34.676866
8,100000000,219839265,12114146,12114407.007367,1000,antipair_03,12114164.828895,18.828895,18.828895
8,100000000,219839265,12114146,12114407.007367,1000,antipair_05,12114165.070550,19.070550,19.070550
8,100000000,219839265,12114146,12114407.007367,1000,half_int,12114164.938670,18.938670,18.938670
8,100000000,219839265,12114146,12114407.007367,1000,boundary_pair,12114165.358302,19.358302,19.358302
8,100000000,219839265,12114146,12114407.007367,2000,hard,12114175.832736,29.832736,29.832736
8,100000000,219839265,12114146,12114407.007367,2000,paired_hann,12114177.078853,31.078853,31.078853
8,100000000,219839265,12114146,12114407.007367,2000,paired_triangle,12114177.005730,31.005730,31.005730
8,100000000,219839265,12114146,12114407.007367,2000,paired_riesz,12114176.616166,30.616166,30.616166
8,100000000,219839265,12114146,12114407.007367,2000,antipair_03,12114168.947741,22.947741,22.947741
8,100000000,219839265,12114146,12114407.007367,2000,antipair_05,12114164.357744,18.357744,18.357744
8,100000000,219839265,12114146,12114407.007367,2000,half_int,12114175.806089,29.806089,29.806089
8,100000000,219839265,12114146,12114407.007367,2000,boundary_pair,12114175.898923,29.898923,29.898923
8,100000000,219839265,12114146,12114407.007367,4000,hard,12114158.471237,12.471237,12.471237
8,100000000,219839265,12114146,12114407.007367,4000,paired_hann,12114173.866163,27.866163,27.866163
8,100000000,219839265,12114146,12114407.007367,4000,paired_triangle,12114173.081999,27.081999,27.081999
8,100000000,219839265,12114146,12114407.007367,4000,paired_riesz,12114170.489221,24.489221,24.489221
8,100000000,219839265,12114146,12114407.007367,4000,antipair_03,12114158.552476,12.552476,12.552476
8,100000000,219839265,12114146,12114407.007367,4000,antipair_05,12114158.606635,12.606635,12.606635
8,100000000,219839265,12114146,12114407.007367,4000,half_int,12114158.631630,12.631630,12.631630
8,100000000,219839265,12114146,12114407.007367,4000,boundary_pair,12114158.631395,12.631395,12.631395
8,100000000,233572147,12827964,12828187.198736,500,hard,12827921.855796,-42.144204,42.144204
8,100000000,233572147,12827964,12828187.198736,500,paired_hann,12827929.629558,-34.370442,34.370442
8,100000000,233572147,12827964,12828187.198736,500,paired_triangle,12827940.098389,-23.901611,23.901611
8,100000000,233572147,12827964,12828187.198736,500,paired_riesz,12827924.543166,-39.456834,39.456834
8,100000000,233572147,12827964,12828187.198736,500,antipair_03,12827903.856456,-60.143544,60.143544
8,100000000,233572147,12827964,12828187.198736,500,antipair_05,12827891.856895,-72.143105,72.143105
8,100000000,233572147,12827964,12828187.198736,500,half_int,12827920.920861,-43.079139,43.079139
8,100000000,233572147,12827964,12828187.198736,500,boundary_pair,12827920.887375,-43.112625,43.112625
8,100000000,233572147,12827964,12828187.198736,1000,hard,12827929.365396,-34.634604,34.634604
8,100000000,233572147,12827964,12828187.198736,1000,paired_hann,12827931.453281,-32.546719,32.546719
8,100000000,233572147,12827964,12828187.198736,1000,paired_triangle,12827938.343668,-25.656332,25.656332
8,100000000,233572147,12827964,12828187.198736,1000,paired_riesz,12827933.431029,-30.568971,30.568971
8,100000000,233572147,12827964,12828187.198736,1000,antipair_03,12827907.414572,-56.585428,56.585428
8,100000000,233572147,12827964,12828187.198736,1000,antipair_05,12827892.780689,-71.219311,71.219311
8,100000000,233572147,12827964,12828187.198736,1000,half_int,12827929.448724,-34.551276,34.551276
8,100000000,233572147,12827964,12828187.198736,1000,boundary_pair,12827929.222022,-34.777978,34.777978
8,100000000,233572147,12827964,12828187.198736,2000,hard,12827952.606633,-11.393367,11.393367
8,100000000,233572147,12827964,12828187.198736,2000,paired_hann,12827930.063438,-33.936562,33.936562
8,100000000,233572147,12827964,12828187.198736,2000,paired_triangle,12827935.213939,-28.786061,28.786061
8,100000000,233572147,12827964,12828187.198736,2000,paired_riesz,12827933.839519,-30.160481,30.160481
8,100000000,233572147,12827964,12828187.198736,2000,antipair_03,12827919.486546,-44.513454,44.513454
8,100000000,233572147,12827964,12828187.198736,2000,antipair_05,12827897.406488,-66.593512,66.593512
8,100000000,233572147,12827964,12828187.198736,2000,half_int,12827952.295579,-11.704421,11.704421
8,100000000,233572147,12827964,12828187.198736,2000,boundary_pair,12827952.028015,-11.971985,11.971985
8,100000000,233572147,12827964,12828187.198736,4000,hard,12827952.145435,-11.854565,11.854565
8,100000000,233572147,12827964,12828187.198736,4000,paired_hann,12827942.859520,-21.140480,21.140480
8,100000000,233572147,12827964,12828187.198736,4000,paired_triangle,12827943.313192,-20.686808,20.686808
8,100000000,233572147,12827964,12828187.198736,4000,paired_riesz,12827946.623424,-17.376576,17.376576
8,100000000,233572147,12827964,12828187.198736,4000,antipair_03,12827923.195087,-40.804913,40.804913
8,100000000,233572147,12827964,12828187.198736,4000,antipair_05,12827903.894854,-60.105146,60.105146
8,100000000,233572147,12827964,12828187.198736,4000,half_int,12827951.971051,-12.028949,12.028949
8,100000000,233572147,12827964,12828187.198736,4000,boundary_pair,12827951.954464,-12.045536,12.045536
8,100000000,248162892,13584159,13584175.420661,500,hard,13584217.593361,58.593361,58.593361
8,100000000,248162892,13584159,13584175.420661,500,paired_hann,13584239.316658,80.316658,80.316658
8,100000000,248162892,13584159,13584175.420661,500,paired_triangle,13584243.179998,84.179998,84.179998
8,100000000,248162892,13584159,13584175.420661,500,paired_riesz,13584236.595165,77.595165,77.595165
8,100000000,248162892,13584159,13584175.420661,500,antipair_03,13584213.592626,54.592626,54.592626
8,100000000,248162892,13584159,13584175.420661,500,antipair_05,13584210.925469,51.925469,51.925469
8,100000000,248162892,13584159,13584175.420661,500,half_int,13584217.424872,58.424872,58.424872
8,100000000,248162892,13584159,13584175.420661,500,boundary_pair,13584217.719883,58.719883,58.719883
8,100000000,248162892,13584159,13584175.420661,1000,hard,13584222.797382,63.797382,63.797382
8,100000000,248162892,13584159,13584175.420661,1000,paired_hann,13584226.942468,67.942468,67.942468
8,100000000,248162892,13584159,13584175.420661,1000,paired_triangle,13584230.507319,71.507319,71.507319
8,100000000,248162892,13584159,13584175.420661,1000,paired_riesz,13584222.903492,63.903492,63.903492
8,100000000,248162892,13584159,13584175.420661,1000,antipair_03,13584215.465741,56.465741,56.465741
8,100000000,248162892,13584159,13584175.420661,1000,antipair_05,13584210.577980,51.577980,51.577980
8,100000000,248162892,13584159,13584175.420661,1000,half_int,13584222.235700,63.235700,63.235700
8,100000000,248162892,13584159,13584175.420661,1000,boundary_pair,13584221.988320,62.988320,62.988320
8,100000000,248162892,13584159,13584175.420661,2000,hard,13584200.364553,41.364553,41.364553
8,100000000,248162892,13584159,13584175.420661,2000,paired_hann,13584214.747089,55.747089,55.747089
8,100000000,248162892,13584159,13584175.420661,2000,paired_triangle,13584216.805217,57.805217,57.805217
8,100000000,248162892,13584159,13584175.420661,2000,paired_riesz,13584207.048519,48.048519,48.048519
8,100000000,248162892,13584159,13584175.420661,2000,antipair_03,13584190.040146,31.040146,31.040146
8,100000000,248162892,13584159,13584175.420661,2000,antipair_05,13584183.157207,24.157207,24.157207
8,100000000,248162892,13584159,13584175.420661,2000,half_int,13584200.423000,41.423000,41.423000
8,100000000,248162892,13584159,13584175.420661,2000,boundary_pair,13584200.334015,41.334015,41.334015
8,100000000,248162892,13584159,13584175.420661,4000,hard,13584191.435641,32.435641,32.435641
8,100000000,248162892,13584159,13584175.420661,4000,paired_hann,13584204.352952,45.352952,45.352952
8,100000000,248162892,13584159,13584175.420661,4000,paired_triangle,13584207.462864,48.462864,48.462864
8,100000000,248162892,13584159,13584175.420661,4000,paired_riesz,13584199.775683,40.775683,40.775683
8,100000000,248162892,13584159,13584175.420661,4000,antipair_03,13584185.276960,26.276960,26.276960
8,100000000,248162892,13584159,13584175.420661,4000,antipair_05,13584181.171172,22.171172,22.171172
8,100000000,248162892,13584159,13584175.420661,4000,half_int,13584191.614124,32.614124,32.614124
8,100000000,248162892,13584159,13584175.420661,4000,boundary_pair,13584191.650749,32.650749,32.650749
8,100000000,263665090,14385018,14384875.493589,500,hard,14385085.167112,67.167112,67.167112
8,100000000,263665090,14385018,14384875.493589,500,paired_hann,14385075.010087,57.010087,57.010087
8,100000000,263665090,14385018,14384875.493589,500,paired_triangle,14385073.016764,55.016764,55.016764
8,100000000,263665090,14385018,14384875.493589,500,paired_riesz,14385073.598266,55.598266,55.598266
8,100000000,263665090,14385018,14384875.493589,500,antipair_03,14385082.859202,64.859202,64.859202
8,100000000,263665090,14385018,14384875.493589,500,antipair_05,14385081.320596,63.320596,63.320596
8,100000000,263665090,14385018,14384875.493589,500,half_int,14385086.005240,68.005240,68.005240
8,100000000,263665090,14385018,14384875.493589,500,boundary_pair,14385086.260236,68.260236,68.260236
8,100000000,263665090,14385018,14384875.493589,1000,hard,14385047.127561,29.127561,29.127561
8,100000000,263665090,14385018,14384875.493589,1000,paired_hann,14385073.594206,55.594206,55.594206
8,100000000,263665090,14385018,14384875.493589,1000,paired_triangle,14385070.306970,52.306970,52.306970
8,100000000,263665090,14385018,14384875.493589,1000,paired_riesz,14385067.219342,49.219342,49.219342
8,100000000,263665090,14385018,14384875.493589,1000,antipair_03,14385047.545338,29.545338,29.545338
8,100000000,263665090,14385018,14384875.493589,1000,antipair_05,14385047.823856,29.823856,29.823856
8,100000000,263665090,14385018,14384875.493589,1000,half_int,14385047.465820,29.465820,29.465820
8,100000000,263665090,14385018,14384875.493589,1000,boundary_pair,14385047.884854,29.884854,29.884854
8,100000000,263665090,14385018,14384875.493589,2000,hard,14385058.098642,40.098642,40.098642
8,100000000,263665090,14385018,14384875.493589,2000,paired_hann,14385061.854718,43.854718,43.854718
8,100000000,263665090,14385018,14384875.493589,2000,paired_triangle,14385062.432052,44.432052,44.432052
8,100000000,263665090,14385018,14384875.493589,2000,paired_riesz,14385057.494104,39.494104,39.494104
8,100000000,263665090,14385018,14384875.493589,2000,antipair_03,14385062.510959,44.510959,44.510959
8,100000000,263665090,14385018,14384875.493589,2000,antipair_05,14385065.452504,47.452504,47.452504
8,100000000,263665090,14385018,14384875.493589,2000,half_int,14385058.420562,40.420562,40.420562
8,100000000,263665090,14385018,14384875.493589,2000,boundary_pair,14385058.694495,40.694495,40.694495
8,100000000,263665090,14385018,14384875.493589,4000,hard,14385036.098667,18.098667,18.098667
8,100000000,263665090,14385018,14384875.493589,4000,paired_hann,14385056.143950,38.143950,38.143950
8,100000000,263665090,14385018,14384875.493589,4000,paired_triangle,14385056.341057,38.341057,38.341057
8,100000000,263665090,14385018,14384875.493589,4000,paired_riesz,14385050.907742,32.907742,32.907742
8,100000000,263665090,14385018,14384875.493589,4000,antipair_03,14385040.639640,22.639640,22.639640
8,100000000,263665090,14385018,14384875.493589,4000,antipair_05,14385043.666956,25.666956,25.666956
8,100000000,263665090,14385018,14384875.493589,4000,half_int,14385035.930111,17.930111,17.930111
8,100000000,263665090,14385018,14384875.493589,4000,boundary_pair,14385035.873024,17.873024,17.873024
8,100000000,280135676,15233027,15232940.039156,500,hard,15233045.429254,18.429254,18.429254
8,100000000,280135676,15233027,15232940.039156,500,paired_hann,15233040.981787,13.981787,13.981787
8,100000000,280135676,15233027,15232940.039156,500,paired_triangle,15233040.476416,13.476416,13.476416
8,100000000,280135676,15233027,15232940.039156,500,paired_riesz,15233036.384043,9.384043,9.384043
8,100000000,280135676,15233027,15232940.039156,500,antipair_03,15233106.044879,79.044879,79.044879
8,100000000,280135676,15233027,15232940.039156,500,antipair_05,15233146.455296,119.455296,119.455296
8,100000000,280135676,15233027,15232940.039156,500,half_int,15233046.375407,19.375407,19.375407
8,100000000,280135676,15233027,15232940.039156,500,boundary_pair,15233046.321738,19.321738,19.321738
8,100000000,280135676,15233027,15232940.039156,1000,hard,15233070.563474,43.563474,43.563474
8,100000000,280135676,15233027,15232940.039156,1000,paired_hann,15233051.157307,24.157307,24.157307
8,100000000,280135676,15233027,15232940.039156,1000,paired_triangle,15233054.499393,27.499393,27.499393
8,100000000,280135676,15233027,15232940.039156,1000,paired_riesz,15233061.588898,34.588898,34.588898
8,100000000,280135676,15233027,15232940.039156,1000,antipair_03,15233121.206078,94.206078,94.206078
8,100000000,280135676,15233027,15232940.039156,1000,antipair_05,15233154.967814,127.967814,127.967814
8,100000000,280135676,15233027,15232940.039156,1000,half_int,15233070.888155,43.888155,43.888155
8,100000000,280135676,15233027,15232940.039156,1000,boundary_pair,15233070.799652,43.799652,43.799652
8,100000000,280135676,15233027,15232940.039156,2000,hard,15233046.941667,19.941667,19.941667
8,100000000,280135676,15233027,15232940.039156,2000,paired_hann,15233063.484665,36.484665,36.484665
8,100000000,280135676,15233027,15232940.039156,2000,paired_triangle,15233059.276741,32.276741,32.276741
8,100000000,280135676,15233027,15232940.039156,2000,paired_riesz,15233062.393433,35.393433,35.393433
8,100000000,280135676,15233027,15232940.039156,2000,antipair_03,15233099.549156,72.549156,72.549156
8,100000000,280135676,15233027,15232940.039156,2000,antipair_05,15233134.620816,107.620816,107.620816
8,100000000,280135676,15233027,15232940.039156,2000,half_int,15233046.846434,19.846434,19.846434
8,100000000,280135676,15233027,15232940.039156,2000,boundary_pair,15233046.928164,19.928164,19.928164
8,100000000,280135676,15233027,15232940.039156,4000,hard,15233062.535014,35.535014,35.535014
8,100000000,280135676,15233027,15232940.039156,4000,paired_hann,15233057.523674,30.523674,30.523674
8,100000000,280135676,15233027,15232940.039156,4000,paired_triangle,15233056.952228,29.952228,29.952228
8,100000000,280135676,15233027,15232940.039156,4000,paired_riesz,15233057.299483,30.299483,30.299483
8,100000000,280135676,15233027,15232940.039156,4000,antipair_03,15233109.180790,82.180790,82.180790
8,100000000,280135676,15233027,15232940.039156,4000,antipair_05,15233140.277974,113.277974,113.277974
8,100000000,280135676,15233027,15232940.039156,4000,half_int,15233062.678972,35.678972,35.678972
8,100000000,280135676,15233027,15232940.039156,4000,boundary_pair,15233062.753174,35.753174,35.753174
8,100000000,297635144,16131142,16131179.613718,500,hard,16131205.757185,63.757185,63.757185
8,100000000,297635144,16131142,16131179.613718,500,paired_hann,16131170.155291,28.155291,28.155291
8,100000000,297635144,16131142,16131179.613718,500,paired_triangle,16131176.042926,34.042926,34.042926
8,100000000,297635144,16131142,16131179.613718,500,paired_riesz,16131184.254884,42.254884,42.254884
8,100000000,297635144,16131142,16131179.613718,500,antipair_03,16131238.668826,96.668826,96.668826
8,100000000,297635144,16131142,16131179.613718,500,antipair_05,16131260.609920,118.609920,118.609920
8,100000000,297635144,16131142,16131179.613718,500,half_int,16131205.739448,63.739448,63.739448
8,100000000,297635144,16131142,16131179.613718,500,boundary_pair,16131205.491901,63.491901,63.491901
8,100000000,297635144,16131142,16131179.613718,1000,hard,16131168.383588,26.383588,26.383588
8,100000000,297635144,16131142,16131179.613718,1000,paired_hann,16131181.161387,39.161387,39.161387
8,100000000,297635144,16131142,16131179.613718,1000,paired_triangle,16131175.806754,33.806754,33.806754
8,100000000,297635144,16131142,16131179.613718,1000,paired_riesz,16131176.055306,34.055306,34.055306
8,100000000,297635144,16131142,16131179.613718,1000,antipair_03,16131211.298328,69.298328,69.298328
8,100000000,297635144,16131142,16131179.613718,1000,antipair_05,16131239.908156,97.908156,97.908156
8,100000000,297635144,16131142,16131179.613718,1000,half_int,16131167.772931,25.772931,25.772931
8,100000000,297635144,16131142,16131179.613718,1000,boundary_pair,16131167.419836,25.419836,25.419836
8,100000000,297635144,16131142,16131179.613718,2000,hard,16131159.230650,17.230650,17.230650
8,100000000,297635144,16131142,16131179.613718,2000,paired_hann,16131170.899393,28.899393,28.899393
8,100000000,297635144,16131142,16131179.613718,2000,paired_triangle,16131170.653524,28.653524,28.653524
8,100000000,297635144,16131142,16131179.613718,2000,paired_riesz,16131168.400624,26.400624,26.400624
8,100000000,297635144,16131142,16131179.613718,2000,antipair_03,16131198.527226,56.527226,56.527226
8,100000000,297635144,16131142,16131179.613718,2000,antipair_05,16131224.724943,82.724943,82.724943
8,100000000,297635144,16131142,16131179.613718,2000,half_int,16131158.895365,16.895365,16.895365
8,100000000,297635144,16131142,16131179.613718,2000,boundary_pair,16131158.614752,16.614752,16.614752
8,100000000,297635144,16131142,16131179.613718,4000,hard,16131124.286247,-17.713753,17.713753
8,100000000,297635144,16131142,16131179.613718,4000,paired_hann,16131153.285052,11.285052,11.285052
8,100000000,297635144,16131142,16131179.613718,4000,paired_triangle,16131151.994736,9.994736,9.994736
8,100000000,297635144,16131142,16131179.613718,4000,paired_riesz,16131140.550119,-1.449881,1.449881
8,100000000,297635144,16131142,16131179.613718,4000,antipair_03,16131156.791496,14.791496,14.791496
8,100000000,297635144,16131142,16131179.613718,4000,antipair_05,16131178.461662,36.461662,36.461662
8,100000000,297635144,16131142,16131179.613718,4000,half_int,16131124.177417,-17.822583,17.822583
8,100000000,297635144,16131142,16131179.613718,4000,boundary_pair,16131124.091136,-17.908864,17.908864
8,100000000,316227766,17082666,17082571.956025,500,hard,17082740.621810,74.621810,74.621810
8,100000000,316227766,17082666,17082571.956025,500,paired_hann,17082749.974115,83.974115,83.974115
8,100000000,316227766,17082666,17082571.956025,500,paired_triangle,17082743.344219,77.344219,77.344219
8,100000000,316227766,17082666,17082571.956025,500,paired_riesz,17082744.252343,78.252343,78.252343
8,100000000,316227766,17082666,17082571.956025,500,antipair_03,17082787.540908,121.540908,121.540908
8,100000000,316227766,17082666,17082571.956025,500,antipair_05,17082818.820307,152.820307,152.820307
8,100000000,316227766,17082666,17082571.956025,500,half_int,17082739.602576,73.602576,73.602576
8,100000000,316227766,17082666,17082571.956025,500,boundary_pair,17082739.465414,73.465414,73.465414
8,100000000,316227766,17082666,17082571.956025,1000,hard,17082751.290396,85.290396,85.290396
8,100000000,316227766,17082666,17082571.956025,1000,paired_hann,17082746.599593,80.599593,80.599593
8,100000000,316227766,17082666,17082571.956025,1000,paired_triangle,17082747.418104,81.418104,81.418104
8,100000000,316227766,17082666,17082571.956025,1000,paired_riesz,17082750.729827,84.729827,84.729827
8,100000000,316227766,17082666,17082571.956025,1000,antipair_03,17082803.665882,137.665882,137.665882
8,100000000,316227766,17082666,17082571.956025,1000,antipair_05,17082838.582873,172.582873,172.582873
8,100000000,316227766,17082666,17082571.956025,1000,half_int,17082751.425859,85.425859,85.425859
8,100000000,316227766,17082666,17082571.956025,1000,boundary_pair,17082751.803719,85.803719,85.803719
8,100000000,316227766,17082666,17082571.956025,2000,hard,17082697.869332,31.869332,31.869332
8,100000000,316227766,17082666,17082571.956025,2000,paired_hann,17082739.016933,73.016933,73.016933
8,100000000,316227766,17082666,17082571.956025,2000,paired_triangle,17082734.373272,68.373272,68.373272
8,100000000,316227766,17082666,17082571.956025,2000,paired_riesz,17082726.568479,60.568479,60.568479
8,100000000,316227766,17082666,17082571.956025,2000,antipair_03,17082740.875713,74.875713,74.875713
8,100000000,316227766,17082666,17082571.956025,2000,antipair_05,17082769.546633,103.546633,103.546633
8,100000000,316227766,17082666,17082571.956025,2000,half_int,17082697.998450,31.998450,31.998450
8,100000000,316227766,17082666,17082571.956025,2000,boundary_pair,17082697.924498,31.924498,31.924498
8,100000000,316227766,17082666,17082571.956025,4000,hard,17082681.531287,15.531287,15.531287
8,100000000,316227766,17082666,17082571.956025,4000,paired_hann,17082710.799119,44.799119,44.799119
8,100000000,316227766,17082666,17082571.956025,4000,paired_triangle,17082712.350401,46.350401,46.350401
8,100000000,316227766,17082666,17082571.956025,4000,paired_riesz,17082698.657130,32.657130,32.657130
8,100000000,316227766,17082666,17082571.956025,4000,antipair_03,17082713.823039,47.823039,47.823039
8,100000000,316227766,17082666,17082571.956025,4000,antipair_05,17082735.350873,69.350873,69.350873
8,100000000,316227766,17082666,17082571.956025,4000,half_int,17082681.597932,15.597932,15.597932
8,100000000,316227766,17082666,17082571.956025,4000,boundary_pair,17082681.690977,15.690977,15.690977
8,100000000,316327766,17087785,17087681.114154,500,hard,17087846.574692,61.574692,61.574692
8,100000000,316327766,17087785,17087681.114154,500,paired_hann,17087857.338320,72.338320,72.338320
8,100000000,316327766,17087785,17087681.114154,500,paired_triangle,17087850.778986,65.778986,65.778986
8,100000000,316327766,17087785,17087681.114154,500,paired_riesz,17087852.445200,67.445200,67.445200
8,100000000,316327766,17087785,17087681.114154,500,antipair_03,17087895.718272,110.718272,110.718272
8,100000000,316327766,17087785,17087681.114154,500,antipair_05,17087928.480659,143.480659,143.480659
8,100000000,316327766,17087785,17087681.114154,500,half_int,17087845.710659,60.710659,60.710659
8,100000000,316327766,17087785,17087681.114154,500,boundary_pair,17087845.532223,60.532223,60.532223
8,100000000,316327766,17087785,17087681.114154,1000,hard,17087864.846579,79.846579,79.846579
8,100000000,316327766,17087785,17087681.114154,1000,paired_hann,17087854.940210,69.940210,69.940210
8,100000000,316327766,17087785,17087681.114154,1000,paired_triangle,17087855.824516,70.824516,70.824516
8,100000000,316327766,17087785,17087681.114154,1000,paired_riesz,17087860.065653,75.065653,75.065653
8,100000000,316327766,17087785,17087681.114154,1000,antipair_03,17087919.065559,134.065559,134.065559
8,100000000,316327766,17087785,17087681.114154,1000,antipair_05,17087955.211545,170.211545,170.211545
8,100000000,316327766,17087785,17087681.114154,1000,half_int,17087864.697150,79.697150,79.697150
8,100000000,316327766,17087785,17087681.114154,1000,boundary_pair,17087864.939046,79.939046,79.939046
8,100000000,316327766,17087785,17087681.114154,2000,hard,17087801.754369,16.754369,16.754369
8,100000000,316327766,17087785,17087681.114154,2000,paired_hann,17087846.592109,61.592109,61.592109
8,100000000,316327766,17087785,17087681.114154,2000,paired_triangle,17087840.955441,55.955441,55.955441
8,100000000,316327766,17087785,17087681.114154,2000,paired_riesz,17087832.043587,47.043587,47.043587
8,100000000,316327766,17087785,17087681.114154,2000,antipair_03,17087844.093233,59.093233,59.093233
8,100000000,316327766,17087785,17087681.114154,2000,antipair_05,17087872.319143,87.319143,87.319143
8,100000000,316327766,17087785,17087681.114154,2000,half_int,17087802.087183,17.087183,17.087183
8,100000000,316327766,17087785,17087681.114154,2000,boundary_pair,17087802.238497,17.238497,17.238497
8,100000000,316327766,17087785,17087681.114154,4000,hard,17087790.065153,5.065153,5.065153
8,100000000,316327766,17087785,17087681.114154,4000,paired_hann,17087817.132892,32.132892,32.132892
8,100000000,316327766,17087785,17087681.114154,4000,paired_triangle,17087819.371354,34.371354,34.371354
8,100000000,316327766,17087785,17087681.114154,4000,paired_riesz,17087805.860525,20.860525,20.860525
8,100000000,316327766,17087785,17087681.114154,4000,antipair_03,17087824.147253,39.147253,39.147253
8,100000000,316327766,17087785,17087681.114154,4000,antipair_05,17087846.868653,61.868653,61.868653
8,100000000,316327766,17087785,17087681.114154,4000,half_int,17087790.264093,5.264093,5.264093
8,100000000,316327766,17087785,17087681.114154,4000,boundary_pair,17087790.291767,5.291767,5.291767
9,1000000000,1062467831,53857247,53857346.239588,500,hard,53857204.458105,-42.541895,42.541895
9,1000000000,1062467831,53857247,53857346.239588,500,paired_hann,53857256.422348,9.422348,9.422348
9,1000000000,1062467831,53857247,53857346.239588,500,paired_triangle,53857282.632264,35.632264,35.632264
9,1000000000,1062467831,53857247,53857346.239588,500,paired_riesz,53857228.059467,-18.940533,18.940533
9,1000000000,1062467831,53857247,53857346.239588,500,antipair_03,53857178.077951,-68.922049,68.922049
9,1000000000,1062467831,53857247,53857346.239588,500,antipair_05,53857160.491182,-86.508818,86.508818
9,1000000000,1062467831,53857247,53857346.239588,500,half_int,53857206.366046,-40.633954,40.633954
9,1000000000,1062467831,53857247,53857346.239588,500,boundary_pair,53857206.608184,-40.391816,40.391816
9,1000000000,1062467831,53857247,53857346.239588,1000,hard,53857157.757267,-89.242733,89.242733
9,1000000000,1062467831,53857247,53857346.239588,1000,paired_hann,53857209.823140,-37.176860,37.176860
9,1000000000,1062467831,53857247,53857346.239588,1000,paired_triangle,53857230.482964,-16.517036,16.517036
9,1000000000,1062467831,53857247,53857346.239588,1000,paired_riesz,53857188.096079,-58.903921,58.903921
9,1000000000,1062467831,53857247,53857346.239588,1000,antipair_03,53857143.947907,-103.052093,103.052093
9,1000000000,1062467831,53857247,53857346.239588,1000,antipair_05,53857134.741667,-112.258333,112.258333
9,1000000000,1062467831,53857247,53857346.239588,1000,half_int,53857158.864652,-88.135348,88.135348
9,1000000000,1062467831,53857247,53857346.239588,1000,boundary_pair,53857158.954659,-88.045341,88.045341
9,1000000000,1062467831,53857247,53857346.239588,2000,hard,53857171.463741,-75.536259,75.536259
9,1000000000,1062467831,53857247,53857346.239588,2000,paired_hann,53857172.130145,-74.869855,74.869855
9,1000000000,1062467831,53857247,53857346.239588,2000,paired_triangle,53857192.992952,-54.007048,54.007048
9,1000000000,1062467831,53857247,53857346.239588,2000,paired_riesz,53857164.450658,-82.549342,82.549342
9,1000000000,1062467831,53857247,53857346.239588,2000,antipair_03,53857164.176746,-82.823254,82.823254
9,1000000000,1062467831,53857247,53857346.239588,2000,antipair_05,53857159.318749,-87.681251,87.681251
9,1000000000,1062467831,53857247,53857346.239588,2000,half_int,53857172.055085,-74.944915,74.944915
9,1000000000,1062467831,53857247,53857346.239588,2000,boundary_pair,53857172.055817,-74.944183,74.944183
9,1000000000,1062467831,53857247,53857346.239588,4000,hard,53857222.624774,-24.375226,24.375226
9,1000000000,1062467831,53857247,53857346.239588,4000,paired_hann,53857184.190894,-62.809106,62.809106
9,1000000000,1062467831,53857247,53857346.239588,4000,paired_triangle,53857201.821105,-45.178895,45.178895
9,1000000000,1062467831,53857247,53857346.239588,4000,paired_riesz,53857201.713698,-45.286302,45.286302
9,1000000000,1062467831,53857247,53857346.239588,4000,antipair_03,53857206.488475,-40.511525,40.511525
9,1000000000,1062467831,53857247,53857346.239588,4000,antipair_05,53857195.730942,-51.269058,51.269058
9,1000000000,1062467831,53857247,53857346.239588,4000,half_int,53857222.966054,-24.033946,24.033946
9,1000000000,1062467831,53857247,53857346.239588,4000,boundary_pair,53857223.239617,-23.760383,23.760383
9,1000000000,1128837892,57046641,57045950.373619,500,hard,57046563.046379,-77.953621,77.953621
9,1000000000,1128837892,57046641,57045950.373619,500,paired_hann,57046549.734872,-91.265128,91.265128
9,1000000000,1128837892,57046641,57045950.373619,500,paired_triangle,57046531.527091,-109.472909,109.472909
9,1000000000,1128837892,57046641,57045950.373619,500,paired_riesz,57046556.630100,-84.369900,84.369900
9,1000000000,1128837892,57046641,57045950.373619,500,antipair_03,57046368.652299,-272.347701,272.347701
9,1000000000,1128837892,57046641,57045950.373619,500,antipair_05,57046239.056245,-401.943755,401.943755
9,1000000000,1128837892,57046641,57045950.373619,500,half_int,57046564.242424,-76.757576,76.757576
9,1000000000,1128837892,57046641,57045950.373619,500,boundary_pair,57046565.184592,-75.815408,75.815408
9,1000000000,1128837892,57046641,57045950.373619,1000,hard,57046572.452662,-68.547338,68.547338
9,1000000000,1128837892,57046641,57045950.373619,1000,paired_hann,57046549.352615,-91.647385,91.647385
9,1000000000,1128837892,57046641,57045950.373619,1000,paired_triangle,57046540.537228,-100.462772,100.462772
9,1000000000,1128837892,57046641,57045950.373619,1000,paired_riesz,57046552.878667,-88.121333,88.121333
9,1000000000,1128837892,57046641,57045950.373619,1000,antipair_03,57046368.929363,-272.070637,272.070637
9,1000000000,1128837892,57046641,57045950.373619,1000,antipair_05,57046233.247163,-407.752837,407.752837
9,1000000000,1128837892,57046641,57045950.373619,1000,half_int,57046571.977045,-69.022955,69.022955
9,1000000000,1128837892,57046641,57045950.373619,1000,boundary_pair,57046571.649877,-69.350123,69.350123
9,1000000000,1128837892,57046641,57045950.373619,2000,hard,57046566.917449,-74.082551,74.082551
9,1000000000,1128837892,57046641,57045950.373619,2000,paired_hann,57046564.697480,-76.302520,76.302520
9,1000000000,1128837892,57046641,57045950.373619,2000,paired_triangle,57046558.021393,-82.978607,82.978607
9,1000000000,1128837892,57046641,57045950.373619,2000,paired_riesz,57046569.288527,-71.711473,71.711473
9,1000000000,1128837892,57046641,57045950.373619,2000,antipair_03,57046347.398437,-293.601563,293.601563
9,1000000000,1128837892,57046641,57045950.373619,2000,antipair_05,57046201.052429,-439.947571,439.947571
9,1000000000,1128837892,57046641,57045950.373619,2000,half_int,57046567.081661,-73.918339,73.918339
9,1000000000,1128837892,57046641,57045950.373619,2000,boundary_pair,57046567.266705,-73.733295,73.733295
9,1000000000,1128837892,57046641,57045950.373619,4000,hard,57046640.506338,-0.493662,0.493662
9,1000000000,1128837892,57046641,57045950.373619,4000,paired_hann,57046587.291420,-53.708580,53.708580
9,1000000000,1128837892,57046641,57045950.373619,4000,paired_triangle,57046587.960184,-53.039816,53.039816
9,1000000000,1128837892,57046641,57045950.373619,4000,paired_riesz,57046609.633240,-31.366760,31.366760
9,1000000000,1128837892,57046641,57045950.373619,4000,antipair_03,57046421.549513,-219.450487,219.450487
9,1000000000,1128837892,57046641,57045950.373619,4000,antipair_05,57046275.578296,-365.421704,365.421704
9,1000000000,1128837892,57046641,57045950.373619,4000,half_int,57046640.184734,-0.815266,0.815266
9,1000000000,1128837892,57046641,57045950.373619,4000,boundary_pair,57046639.879026,-1.120974,1.120974
9,1000000000,1199353946,60423816,60423907.421173,500,hard,60423742.453923,-73.546077,73.546077
9,1000000000,1199353946,60423816,60423907.421173,500,paired_hann,60423664.787731,-151.212269,151.212269
9,1000000000,1199353946,60423816,60423907.421173,500,paired_triangle,60423676.065449,-139.934551,139.934551
9,1000000000,1199353946,60423816,60423907.421173,500,paired_riesz,60423691.246520,-124.753480,124.753480
9,1000000000,1199353946,60423816,60423907.421173,500,antipair_03,60423737.375684,-78.624316,78.624316
9,1000000000,1199353946,60423816,60423907.421173,500,antipair_05,60423733.990191,-82.009809,82.009809
9,1000000000,1199353946,60423816,60423907.421173,500,half_int,60423741.532028,-74.467972,74.467972
9,1000000000,1199353946,60423816,60423907.421173,500,boundary_pair,60423742.096103,-73.903897,73.903897
9,1000000000,1199353946,60423816,60423907.421173,1000,hard,60423778.002947,-37.997053,37.997053
9,1000000000,1199353946,60423816,60423907.421173,1000,paired_hann,60423731.387222,-84.612778,84.612778
9,1000000000,1199353946,60423816,60423907.421173,1000,paired_triangle,60423727.949932,-88.050068,88.050068
9,1000000000,1199353946,60423816,60423907.421173,1000,paired_riesz,60423758.995650,-57.004350,57.004350
9,1000000000,1199353946,60423816,60423907.421173,1000,antipair_03,60423760.148820,-55.851180,55.851180
9,1000000000,1199353946,60423816,60423907.421173,1000,antipair_05,60423748.246069,-67.753931,67.753931
9,1000000000,1199353946,60423816,60423907.421173,1000,half_int,60423777.197355,-38.802645,38.802645
9,1000000000,1199353946,60423816,60423907.421173,1000,boundary_pair,60423777.353946,-38.646054,38.646054
9,1000000000,1199353946,60423816,60423907.421173,2000,hard,60423827.063931,11.063931,11.063931
9,1000000000,1199353946,60423816,60423907.421173,2000,paired_hann,60423777.538516,-38.461484,38.461484
9,1000000000,1199353946,60423816,60423907.421173,2000,paired_triangle,60423767.024596,-48.975404,48.975404
9,1000000000,1199353946,60423816,60423907.421173,2000,paired_riesz,60423795.870201,-20.129799,20.129799
9,1000000000,1199353946,60423816,60423907.421173,2000,antipair_03,60423791.958401,-24.041599,24.041599
9,1000000000,1199353946,60423816,60423907.421173,2000,antipair_05,60423768.554714,-47.445286,47.445286
9,1000000000,1199353946,60423816,60423907.421173,2000,half_int,60423826.418759,10.418759,10.418759
9,1000000000,1199353946,60423816,60423907.421173,2000,boundary_pair,60423826.411279,10.411279,10.411279
9,1000000000,1199353946,60423816,60423907.421173,4000,hard,60423855.143067,39.143067,39.143067
9,1000000000,1199353946,60423816,60423907.421173,4000,paired_hann,60423817.983285,1.983285,1.983285
9,1000000000,1199353946,60423816,60423907.421173,4000,paired_triangle,60423807.416995,-8.583005,8.583005
9,1000000000,1199353946,60423816,60423907.421173,4000,paired_riesz,60423836.169631,20.169631,20.169631
9,1000000000,1199353946,60423816,60423907.421173,4000,antipair_03,60423807.580047,-8.419953,8.419953
9,1000000000,1199353946,60423816,60423907.421173,4000,antipair_05,60423775.871367,-40.128633,40.128633
9,1000000000,1199353946,60423816,60423907.421173,4000,half_int,60423855.424039,39.424039,39.424039
9,1000000000,1199353946,60423816,60423907.421173,4000,boundary_pair,60423855.738447,39.738447,39.738447
9,1000000000,1274274986,64002382,64002492.156983,500,hard,64002407.853842,25.853842,25.853842
9,1000000000,1274274986,64002382,64002492.156983,500,paired_hann,64002414.944431,32.944431,32.944431
9,1000000000,1274274986,64002382,64002492.156983,500,paired_triangle,64002393.533862,11.533862,11.533862
9,1000000000,1274274986,64002382,64002492.156983,500,paired_riesz,64002423.326211,41.326211,41.326211
9,1000000000,1274274986,64002382,64002492.156983,500,antipair_03,64002445.905057,63.905057,63.905057
9,1000000000,1274274986,64002382,64002492.156983,500,antipair_05,64002471.272533,89.272533,89.272533
9,1000000000,1274274986,64002382,64002492.156983,500,half_int,64002405.745238,23.745238,23.745238
9,1000000000,1274274986,64002382,64002492.156983,500,boundary_pair,64002405.136587,23.136587,23.136587
9,1000000000,1274274986,64002382,64002492.156983,1000,hard,64002399.901719,17.901719,17.901719
9,1000000000,1274274986,64002382,64002492.156983,1000,paired_hann,64002406.839375,24.839375,24.839375
9,1000000000,1274274986,64002382,64002492.156983,1000,paired_triangle,64002392.186339,10.186339,10.186339
9,1000000000,1274274986,64002382,64002492.156983,1000,paired_riesz,64002398.386558,16.386558,16.386558
9,1000000000,1274274986,64002382,64002492.156983,1000,antipair_03,64002429.308038,47.308038,47.308038
9,1000000000,1274274986,64002382,64002492.156983,1000,antipair_05,64002448.912251,66.912251,66.912251
9,1000000000,1274274986,64002382,64002492.156983,1000,half_int,64002401.016231,19.016231,19.016231
9,1000000000,1274274986,64002382,64002492.156983,1000,boundary_pair,64002401.186098,19.186098,19.186098
9,1000000000,1274274986,64002382,64002492.156983,2000,hard,64002424.831616,42.831616,42.831616
9,1000000000,1274274986,64002382,64002492.156983,2000,paired_hann,64002408.516031,26.516031,26.516031
9,1000000000,1274274986,64002382,64002492.156983,2000,paired_triangle,64002405.702959,23.702959,23.702959
9,1000000000,1274274986,64002382,64002492.156983,2000,paired_riesz,64002414.675032,32.675032,32.675032
9,1000000000,1274274986,64002382,64002492.156983,2000,antipair_03,64002462.647945,80.647945,80.647945
9,1000000000,1274274986,64002382,64002492.156983,2000,antipair_05,64002487.858830,105.858830,105.858830
9,1000000000,1274274986,64002382,64002492.156983,2000,half_int,64002424.713882,42.713882,42.713882
9,1000000000,1274274986,64002382,64002492.156983,2000,boundary_pair,64002424.559380,42.559380,42.559380
9,1000000000,1274274986,64002382,64002492.156983,4000,hard,64002422.023213,40.023213,40.023213
9,1000000000,1274274986,64002382,64002492.156983,4000,paired_hann,64002419.584250,37.584250,37.584250
9,1000000000,1274274986,64002382,64002492.156983,4000,paired_triangle,64002415.403725,33.403725,33.403725
9,1000000000,1274274986,64002382,64002492.156983,4000,paired_riesz,64002422.338908,40.338908,40.338908
9,1000000000,1274274986,64002382,64002492.156983,4000,antipair_03,64002444.970542,62.970542,62.970542
9,1000000000,1274274986,64002382,64002492.156983,4000,antipair_05,64002460.268762,78.268762,78.268762
9,1000000000,1274274986,64002382,64002492.156983,4000,half_int,64002421.806541,39.806541,39.806541
9,1000000000,1274274986,64002382,64002492.156983,4000,boundary_pair,64002421.509829,39.509829,39.509829
9,1000000000,1353876180,67793611,67793652.114918,500,hard,67793663.164464,52.164464,52.164464
9,1000000000,1353876180,67793611,67793652.114918,500,paired_hann,67793725.241718,114.241718,114.241718
9,1000000000,1353876180,67793611,67793652.114918,500,paired_triangle,67793717.969006,106.969006,106.969006
9,1000000000,1353876180,67793611,67793652.114918,500,paired_riesz,67793701.063098,90.063098,90.063098
9,1000000000,1353876180,67793611,67793652.114918,500,antipair_03,67793563.955029,-47.044971,47.044971
9,1000000000,1353876180,67793611,67793652.114918,500,antipair_05,67793497.815405,-113.184595,113.184595
9,1000000000,1353876180,67793611,67793652.114918,500,half_int,67793662.219121,51.219121,51.219121
9,1000000000,1353876180,67793611,67793652.114918,500,boundary_pair,67793661.014437,50.014437,50.014437
9,1000000000,1353876180,67793611,67793652.114918,1000,hard,67793602.577121,-8.422879,8.422879
9,1000000000,1353876180,67793611,67793652.114918,1000,paired_hann,67793675.524908,64.524908,64.524908
9,1000000000,1353876180,67793611,67793652.114918,1000,paired_triangle,67793675.935909,64.935909,64.935909
9,1000000000,1353876180,67793611,67793652.114918,1000,paired_riesz,67793647.291529,36.291529,36.291529
9,1000000000,1353876180,67793611,67793652.114918,1000,antipair_03,67793518.219158,-92.780842,92.780842
9,1000000000,1353876180,67793611,67793652.114918,1000,antipair_05,67793461.980515,-149.019485,149.019485
9,1000000000,1353876180,67793611,67793652.114918,1000,half_int,67793602.556859,-8.443141,8.443141
9,1000000000,1353876180,67793611,67793652.114918,1000,boundary_pair,67793602.288702,-8.711298,8.711298
9,1000000000,1353876180,67793611,67793652.114918,2000,hard,67793596.482851,-14.517149,14.517149
9,1000000000,1353876180,67793611,67793652.114918,2000,paired_hann,67793631.305518,20.305518,20.305518
9,1000000000,1353876180,67793611,67793652.114918,2000,paired_triangle,67793643.089037,32.089037,32.089037
9,1000000000,1353876180,67793611,67793652.114918,2000,paired_riesz,67793619.701242,8.701242,8.701242
9,1000000000,1353876180,67793611,67793652.114918,2000,antipair_03,67793549.721655,-61.278345,61.278345
9,1000000000,1353876180,67793611,67793652.114918,2000,antipair_05,67793518.547523,-92.452477,92.452477
9,1000000000,1353876180,67793611,67793652.114918,2000,half_int,67793597.175560,-13.824440,13.824440
9,1000000000,1353876180,67793611,67793652.114918,2000,boundary_pair,67793597.188386,-13.811614,13.811614
9,1000000000,1353876180,67793611,67793652.114918,4000,hard,67793638.510213,27.510213,27.510213
9,1000000000,1353876180,67793611,67793652.114918,4000,paired_hann,67793619.681674,8.681674,8.681674
9,1000000000,1353876180,67793611,67793652.114918,4000,paired_triangle,67793633.937811,22.937811,22.937811
9,1000000000,1353876180,67793611,67793652.114918,4000,paired_riesz,67793625.704298,14.704298,14.704298
9,1000000000,1353876180,67793611,67793652.114918,4000,antipair_03,67793590.208645,-20.791355,20.791355
9,1000000000,1353876180,67793611,67793652.114918,4000,antipair_05,67793558.007599,-52.992401,52.992401
9,1000000000,1353876180,67793611,67793652.114918,4000,half_int,67793638.640323,27.640323,27.640323
9,1000000000,1353876180,67793611,67793652.114918,4000,boundary_pair,67793638.891245,27.891245,27.891245
9,1000000000,1438449888,71809580,71810048.141988,500,hard,71809644.889636,64.889636,64.889636
9,1000000000,1438449888,71809580,71810048.141988,500,paired_hann,71809655.453289,75.453289,75.453289
9,1000000000,1438449888,71809580,71810048.141988,500,paired_triangle,71809660.693006,80.693006,80.693006
9,1000000000,1438449888,71809580,71810048.141988,500,paired_riesz,71809647.357859,67.357859,67.357859
9,1000000000,1438449888,71809580,71810048.141988,500,antipair_03,71809661.110896,81.110896,81.110896
9,1000000000,1438449888,71809580,71810048.141988,500,antipair_05,71809671.925069,91.925069,91.925069
9,1000000000,1438449888,71809580,71810048.141988,500,half_int,71809646.243253,66.243253,66.243253
9,1000000000,1438449888,71809580,71810048.141988,500,boundary_pair,71809645.872092,65.872092,65.872092
9,1000000000,1438449888,71809580,71810048.141988,1000,hard,71809631.866696,51.866696,51.866696
9,1000000000,1438449888,71809580,71810048.141988,1000,paired_hann,71809642.055522,62.055522,62.055522
9,1000000000,1438449888,71809580,71810048.141988,1000,paired_triangle,71809647.581815,67.581815,67.581815
9,1000000000,1438449888,71809580,71810048.141988,1000,paired_riesz,71809637.523019,57.523019,57.523019
9,1000000000,1438449888,71809580,71810048.141988,1000,antipair_03,71809651.011607,71.011607,71.011607
9,1000000000,1438449888,71809580,71810048.141988,1000,antipair_05,71809663.774881,83.774881,83.774881
9,1000000000,1438449888,71809580,71810048.141988,1000,half_int,71809630.706142,50.706142,50.706142
9,1000000000,1438449888,71809580,71810048.141988,1000,boundary_pair,71809630.761534,50.761534,50.761534
9,1000000000,1438449888,71809580,71810048.141988,2000,hard,71809568.190337,-11.809663,11.809663
9,1000000000,1438449888,71809580,71810048.141988,2000,paired_hann,71809624.162795,44.162795,44.162795
9,1000000000,1438449888,71809580,71810048.141988,2000,paired_triangle,71809623.722066,43.722066,43.722066
9,1000000000,1438449888,71809580,71810048.141988,2000,paired_riesz,71809606.051309,26.051309,26.051309
9,1000000000,1438449888,71809580,71810048.141988,2000,antipair_03,71809570.431764,-9.568236,9.568236
9,1000000000,1438449888,71809580,71810048.141988,2000,antipair_05,71809571.926049,-8.073951,8.073951
9,1000000000,1438449888,71809580,71810048.141988,2000,half_int,71809568.255342,-11.744658,11.744658
9,1000000000,1438449888,71809580,71810048.141988,2000,boundary_pair,71809568.379086,-11.620914,11.620914
9,1000000000,1438449888,71809580,71810048.141988,4000,hard,71809573.224898,-6.775102,6.775102
9,1000000000,1438449888,71809580,71810048.141988,4000,paired_hann,71809593.559973,13.559973,13.559973
9,1000000000,1438449888,71809580,71810048.141988,4000,paired_triangle,71809602.140555,22.140555,22.140555
9,1000000000,1438449888,71809580,71810048.141988,4000,paired_riesz,71809588.082176,8.082176,8.082176
9,1000000000,1438449888,71809580,71810048.141988,4000,antipair_03,71809560.602718,-19.397282,19.397282
9,1000000000,1438449888,71809580,71810048.141988,4000,antipair_05,71809552.187931,-27.812069,27.812069
9,1000000000,1438449888,71809580,71810048.141988,4000,half_int,71809573.194733,-6.805267,6.805267
9,1000000000,1438449888,71809580,71810048.141988,4000,boundary_pair,71809573.016129,-6.983871,6.983871
9,1000000000,1528306733,76065696,76065096.927408,500,hard,76065640.243234,-55.756766,55.756766
9,1000000000,1528306733,76065696,76065096.927408,500,paired_hann,76065639.848506,-56.151494,56.151494
9,1000000000,1528306733,76065696,76065096.927408,500,paired_triangle,76065627.307458,-68.692542,68.692542
9,1000000000,1528306733,76065696,76065096.927408,500,paired_riesz,76065652.704308,-43.295692,43.295692
9,1000000000,1528306733,76065696,76065096.927408,500,antipair_03,76065483.217089,-212.782911,212.782911
9,1000000000,1528306733,76065696,76065096.927408,500,antipair_05,76065378.532992,-317.467008,317.467008
9,1000000000,1528306733,76065696,76065096.927408,500,half_int,76065642.466307,-53.533693,53.533693
9,1000000000,1528306733,76065696,76065096.927408,500,boundary_pair,76065643.525962,-52.474038,52.474038
9,1000000000,1528306733,76065696,76065096.927408,1000,hard,76065681.211736,-14.788264,14.788264
9,1000000000,1528306733,76065696,76065096.927408,1000,paired_hann,76065660.437194,-35.562806,35.562806
9,1000000000,1528306733,76065696,76065096.927408,1000,paired_triangle,76065650.023398,-45.976602,45.976602
9,1000000000,1528306733,76065696,76065096.927408,1000,paired_riesz,76065668.927369,-27.072631,27.072631
9,1000000000,1528306733,76065696,76065096.927408,1000,antipair_03,76065554.019131,-141.980869,141.980869
9,1000000000,1528306733,76065696,76065096.927408,1000,antipair_05,76065469.224061,-226.775939,226.775939
9,1000000000,1528306733,76065696,76065096.927408,1000,half_int,76065682.138448,-13.861552,13.861552
9,1000000000,1528306733,76065696,76065096.927408,1000,boundary_pair,76065682.335701,-13.664299,13.664299
9,1000000000,1528306733,76065696,76065096.927408,2000,hard,76065647.419689,-48.580311,48.580311
9,1000000000,1528306733,76065696,76065096.927408,2000,paired_hann,76065667.279100,-28.720900,28.720900
9,1000000000,1528306733,76065696,76065096.927408,2000,paired_triangle,76065655.634124,-40.365876,40.365876
9,1000000000,1528306733,76065696,76065096.927408,2000,paired_riesz,76065661.286596,-34.713404,34.713404
9,1000000000,1528306733,76065696,76065096.927408,2000,antipair_03,76065518.776805,-177.223195,177.223195
9,1000000000,1528306733,76065696,76065096.927408,2000,antipair_05,76065433.014882,-262.985118,262.985118
9,1000000000,1528306733,76065696,76065096.927408,2000,half_int,76065646.688135,-49.311865,49.311865
9,1000000000,1528306733,76065696,76065096.927408,2000,boundary_pair,76065646.678323,-49.321677,49.321677
9,1000000000,1528306733,76065696,76065096.927408,4000,hard,76065633.367417,-62.632583,62.632583
9,1000000000,1528306733,76065696,76065096.927408,4000,paired_hann,76065643.872167,-52.127833,52.127833
9,1000000000,1528306733,76065696,76065096.927408,4000,paired_triangle,76065640.464015,-55.535985,55.535985
9,1000000000,1528306733,76065696,76065096.927408,4000,paired_riesz,76065634.068249,-61.931751,61.931751
9,1000000000,1528306733,76065696,76065096.927408,4000,antipair_03,76065507.796215,-188.203785,188.203785
9,1000000000,1528306733,76065696,76065096.927408,4000,antipair_05,76065424.082079,-271.917921,271.917921
9,1000000000,1528306733,76065696,76065096.927408,4000,half_int,76065633.293448,-62.706552,62.706552
9,1000000000,1528306733,76065696,76065096.927408,4000,boundary_pair,76065633.378407,-62.621593,62.621593
9,1000000000,1623776739,80573091,80573016.087283,500,hard,80573111.369844,20.369844,20.369844
9,1000000000,1623776739,80573091,80573016.087283,500,paired_hann,80573093.598887,2.598887,2.598887
9,1000000000,1623776739,80573091,80573016.087283,500,paired_triangle,80573121.121681,30.121681,30.121681
9,1000000000,1623776739,80573091,80573016.087283,500,paired_riesz,80573089.339425,-1.660575,1.660575
9,1000000000,1623776739,80573091,80573016.087283,500,antipair_03,80573157.354269,66.354269,66.354269
9,1000000000,1623776739,80573091,80573016.087283,500,antipair_05,80573188.010553,97.010553,97.010553
9,1000000000,1623776739,80573091,80573016.087283,500,half_int,80573111.958605,20.958605,20.958605
9,1000000000,1623776739,80573091,80573016.087283,500,boundary_pair,80573113.312445,22.312445,22.312445
9,1000000000,1623776739,80573091,80573016.087283,1000,hard,80573151.530103,60.530103,60.530103
9,1000000000,1623776739,80573091,80573016.087283,1000,paired_hann,80573101.949290,10.949290,10.949290
9,1000000000,1623776739,80573091,80573016.087283,1000,paired_triangle,80573123.763892,32.763892,32.763892
9,1000000000,1623776739,80573091,80573016.087283,1000,paired_riesz,80573120.758570,29.758570,29.758570
9,1000000000,1623776739,80573091,80573016.087283,1000,antipair_03,80573195.305095,104.305095,104.305095
9,1000000000,1623776739,80573091,80573016.087283,1000,antipair_05,80573224.488423,133.488423,133.488423
9,1000000000,1623776739,80573091,80573016.087283,1000,half_int,80573152.053102,61.053102,61.053102
9,1000000000,1623776739,80573091,80573016.087283,1000,boundary_pair,80573151.868580,60.868580,60.868580
9,1000000000,1623776739,80573091,80573016.087283,2000,hard,80573149.006679,58.006679,58.006679
9,1000000000,1623776739,80573091,80573016.087283,2000,paired_hann,80573144.481523,53.481523,53.481523
9,1000000000,1623776739,80573091,80573016.087283,2000,paired_triangle,80573148.150612,57.150612,57.150612
9,1000000000,1623776739,80573091,80573016.087283,2000,paired_riesz,80573160.102792,69.102792,69.102792
9,1000000000,1623776739,80573091,80573016.087283,2000,antipair_03,80573193.348592,102.348592,102.348592
9,1000000000,1623776739,80573091,80573016.087283,2000,antipair_05,80573222.909868,131.909868,131.909868
9,1000000000,1623776739,80573091,80573016.087283,2000,half_int,80573149.010098,58.010098,58.010098
9,1000000000,1623776739,80573091,80573016.087283,2000,boundary_pair,80573148.926580,57.926580,57.926580
9,1000000000,1623776739,80573091,80573016.087283,4000,hard,80573134.343443,43.343443,43.343443
9,1000000000,1623776739,80573091,80573016.087283,4000,paired_hann,80573142.899001,51.899001,51.899001
9,1000000000,1623776739,80573091,80573016.087283,4000,paired_triangle,80573136.704186,45.704186,45.704186
9,1000000000,1623776739,80573091,80573016.087283,4000,paired_riesz,80573132.901973,41.901973,41.901973
9,1000000000,1623776739,80573091,80573016.087283,4000,antipair_03,80573185.442397,94.442397,94.442397
9,1000000000,1623776739,80573091,80573016.087283,4000,antipair_05,80573219.508366,128.508366,128.508366
9,1000000000,1623776739,80573091,80573016.087283,4000,half_int,80573134.521852,43.521852,43.521852
9,1000000000,1623776739,80573091,80573016.087283,4000,boundary_pair,80573134.544791,43.544791,43.544791
9,1000000000,1725210550,85349243,85348872.419685,500,hard,85349391.898558,148.898558,148.898558
9,1000000000,1725210550,85349243,85348872.419685,500,paired_hann,85349276.623723,33.623723,33.623723
9,1000000000,1725210550,85349243,85348872.419685,500,paired_triangle,85349260.427616,17.427616,17.427616
9,1000000000,1725210550,85349243,85348872.419685,500,paired_riesz,85349317.651024,74.651024,74.651024
9,1000000000,1725210550,85349243,85348872.419685,500,antipair_03,85349486.128321,243.128321,243.128321
9,1000000000,1725210550,85349243,85348872.419685,500,antipair_05,85349548.948163,305.948163,305.948163
9,1000000000,1725210550,85349243,85348872.419685,500,half_int,85349390.078392,147.078392,147.078392
9,1000000000,1725210550,85349243,85348872.419685,500,boundary_pair,85349390.050647,147.050647,147.050647
9,1000000000,1725210550,85349243,85348872.419685,1000,hard,85349297.297497,54.297497,54.297497
9,1000000000,1725210550,85349243,85348872.419685,1000,paired_hann,85349323.566298,80.566298,80.566298
9,1000000000,1725210550,85349243,85348872.419685,1000,paired_triangle,85349293.460498,50.460498,50.460498
9,1000000000,1725210550,85349243,85348872.419685,1000,paired_riesz,85349320.849576,77.849576,77.849576
9,1000000000,1725210550,85349243,85348872.419685,1000,antipair_03,85349371.936773,128.936773,128.936773
9,1000000000,1725210550,85349243,85348872.419685,1000,antipair_05,85349421.696291,178.696291,178.696291
9,1000000000,1725210550,85349243,85348872.419685,1000,half_int,85349295.917470,52.917470,52.917470
9,1000000000,1725210550,85349243,85348872.419685,1000,boundary_pair,85349295.884247,52.884247,52.884247
9,1000000000,1725210550,85349243,85348872.419685,2000,hard,85349265.013521,22.013521,22.013521
9,1000000000,1725210550,85349243,85348872.419685,2000,paired_hann,85349306.764294,63.764294,63.764294
9,1000000000,1725210550,85349243,85348872.419685,2000,paired_triangle,85349288.433134,45.433134,45.433134
9,1000000000,1725210550,85349243,85348872.419685,2000,paired_riesz,85349290.167554,47.167554,47.167554
9,1000000000,1725210550,85349243,85348872.419685,2000,antipair_03,85349333.798729,90.798729,90.798729
9,1000000000,1725210550,85349243,85348872.419685,2000,antipair_05,85349379.655534,136.655534,136.655534
9,1000000000,1725210550,85349243,85348872.419685,2000,half_int,85349265.785978,22.785978,22.785978
9,1000000000,1725210550,85349243,85348872.419685,2000,boundary_pair,85349265.790947,22.790947,22.790947
9,1000000000,1725210550,85349243,85348872.419685,4000,hard,85349264.772162,21.772162,21.772162
9,1000000000,1725210550,85349243,85348872.419685,4000,paired_hann,85349278.526836,35.526836,35.526836
9,1000000000,1725210550,85349243,85348872.419685,4000,paired_triangle,85349274.638740,31.638740,31.638740
9,1000000000,1725210550,85349243,85348872.419685,4000,paired_riesz,85349267.100384,24.100384,24.100384
9,1000000000,1725210550,85349243,85348872.419685,4000,antipair_03,85349329.415581,86.415581,86.415581
9,1000000000,1725210550,85349243,85348872.419685,4000,antipair_05,85349372.511193,129.511193,129.511193
9,1000000000,1725210550,85349243,85348872.419685,4000,half_int,85349264.492572,21.492572,21.492572
9,1000000000,1725210550,85349243,85348872.419685,4000,boundary_pair,85349264.355223,21.355223,21.355223
9,1000000000,1832980711,90408554,90408632.384229,500,hard,90408846.666115,292.666115,292.666115
9,1000000000,1832980711,90408554,90408632.384229,500,paired_hann,90408831.146282,277.146282,277.146282
9,1000000000,1832980711,90408554,90408632.384229,500,paired_triangle,90408831.469319,277.469319,277.469319
9,1000000000,1832980711,90408554,90408632.384229,500,paired_riesz,90408830.351487,276.351487,276.351487
9,1000000000,1832980711,90408554,90408632.384229,500,antipair_03,90408965.393219,411.393219,411.393219
9,1000000000,1832980711,90408554,90408632.384229,500,antipair_05,90409044.544622,490.544622,490.544622
9,1000000000,1832980711,90408554,90408632.384229,500,half_int,90408844.398388,290.398388,290.398388
9,1000000000,1832980711,90408554,90408632.384229,500,boundary_pair,90408842.836399,288.836399,288.836399
9,1000000000,1832980711,90408554,90408632.384229,1000,hard,90408790.969340,236.969340,236.969340
9,1000000000,1832980711,90408554,90408632.384229,1000,paired_hann,90408832.453450,278.453450,278.453450
9,1000000000,1832980711,90408554,90408632.384229,1000,paired_triangle,90408828.871310,274.871310,274.871310
9,1000000000,1832980711,90408554,90408632.384229,1000,paired_riesz,90408825.107985,271.107985,271.107985
9,1000000000,1832980711,90408554,90408632.384229,1000,antipair_03,90408893.583139,339.583139,339.583139
9,1000000000,1832980711,90408554,90408632.384229,1000,antipair_05,90408961.992339,407.992339,407.992339
9,1000000000,1832980711,90408554,90408632.384229,1000,half_int,90408791.471880,237.471880,237.471880
9,1000000000,1832980711,90408554,90408632.384229,1000,boundary_pair,90408791.626973,237.626973,237.626973
9,1000000000,1832980711,90408554,90408632.384229,2000,hard,90408746.652536,192.652536,192.652536
9,1000000000,1832980711,90408554,90408632.384229,2000,paired_hann,90408800.083651,246.083651,246.083651
9,1000000000,1832980711,90408554,90408632.384229,2000,paired_triangle,90408797.824157,243.824157,243.824157
9,1000000000,1832980711,90408554,90408632.384229,2000,paired_riesz,90408779.231720,225.231720,225.231720
9,1000000000,1832980711,90408554,90408632.384229,2000,antipair_03,90408863.569770,309.569770,309.569770
9,1000000000,1832980711,90408554,90408632.384229,2000,antipair_05,90408941.514593,387.514593,387.514593
9,1000000000,1832980711,90408554,90408632.384229,2000,half_int,90408746.573309,192.573309,192.573309
9,1000000000,1832980711,90408554,90408632.384229,2000,boundary_pair,90408746.608535,192.608535,192.608535
9,1000000000,1832980711,90408554,90408632.384229,4000,hard,90408696.494829,142.494829,142.494829
9,1000000000,1832980711,90408554,90408632.384229,4000,paired_hann,90408760.157446,206.157446,206.157446
9,1000000000,1832980711,90408554,90408632.384229,4000,paired_triangle,90408762.904153,208.904153,208.904153
9,1000000000,1832980711,90408554,90408632.384229,4000,paired_riesz,90408738.174330,184.174330,184.174330
9,1000000000,1832980711,90408554,90408632.384229,4000,antipair_03,90408814.898348,260.898348,260.898348
9,1000000000,1832980711,90408554,90408632.384229,4000,antipair_05,90408893.834027,339.834027,339.834027
9,1000000000,1832980711,90408554,90408632.384229,4000,half_int,90408696.862869,142.862869,142.862869
9,1000000000,1832980711,90408554,90408632.384229,4000,boundary_pair,90408697.112089,143.112089,143.112089
9,1000000000,1947483040,95768631,95769216.126178,500,hard,95768495.999048,-135.000952,135.000952
9,1000000000,1947483040,95768631,95769216.126178,500,paired_hann,95768593.202449,-37.797551,37.797551
9,1000000000,1947483040,95768631,95769216.126178,500,paired_triangle,95768587.811635,-43.188365,43.188365
9,1000000000,1947483040,95768631,95769216.126178,500,paired_riesz,95768559.675296,-71.324704,71.324704
9,1000000000,1947483040,95768631,95769216.126178,500,antipair_03,95768269.282130,-361.717870,361.717870
9,1000000000,1947483040,95768631,95769216.126178,500,antipair_05,95768118.137518,-512.862482,512.862482
9,1000000000,1947483040,95768631,95769216.126178,500,half_int,95768495.862435,-135.137565,135.137565
9,1000000000,1947483040,95768631,95769216.126178,500,boundary_pair,95768494.524752,-136.475248,136.475248
9,1000000000,1947483040,95768631,95769216.126178,1000,hard,95768523.431946,-107.568054,107.568054
9,1000000000,1947483040,95768631,95769216.126178,1000,paired_hann,95768547.089521,-83.910479,83.910479
9,1000000000,1947483040,95768631,95769216.126178,1000,paired_triangle,95768558.436986,-72.563014,72.563014
9,1000000000,1947483040,95768631,95769216.126178,1000,paired_riesz,95768537.081822,-93.918178,93.918178
9,1000000000,1947483040,95768631,95769216.126178,1000,antipair_03,95768299.003835,-331.996165,331.996165
9,1000000000,1947483040,95768631,95769216.126178,1000,antipair_05,95768149.385094,-481.614906,481.614906
9,1000000000,1947483040,95768631,95769216.126178,1000,half_int,95768524.490005,-106.509995,106.509995
9,1000000000,1947483040,95768631,95769216.126178,1000,boundary_pair,95768524.408158,-106.591842,106.591842
9,1000000000,1947483040,95768631,95769216.126178,2000,hard,95768550.066047,-80.933953,80.933953
9,1000000000,1947483040,95768631,95769216.126178,2000,paired_hann,95768530.529900,-100.470100,100.470100
9,1000000000,1947483040,95768631,95769216.126178,2000,paired_triangle,95768543.341118,-87.658882,87.658882
9,1000000000,1947483040,95768631,95769216.126178,2000,paired_riesz,95768531.991457,-99.008543,99.008543
9,1000000000,1947483040,95768631,95769216.126178,2000,antipair_03,95768329.216006,-301.783994,301.783994
9,1000000000,1947483040,95768631,95769216.126178,2000,antipair_05,95768181.982646,-449.017354,449.017354
9,1000000000,1947483040,95768631,95769216.126178,2000,half_int,95768549.250558,-81.749442,81.749442
9,1000000000,1947483040,95768631,95769216.126178,2000,boundary_pair,95768549.248522,-81.751478,81.751478
9,1000000000,1947483040,95768631,95769216.126178,4000,hard,95768628.094953,-2.905047,2.905047
9,1000000000,1947483040,95768631,95769216.126178,4000,paired_hann,95768547.903100,-83.096900,83.096900
9,1000000000,1947483040,95768631,95769216.126178,4000,paired_triangle,95768559.398517,-71.601483,71.601483
9,1000000000,1947483040,95768631,95769216.126178,4000,paired_riesz,95768567.820055,-63.179945,63.179945
9,1000000000,1947483040,95768631,95769216.126178,4000,antipair_03,95768422.392916,-208.607084,208.607084
9,1000000000,1947483040,95768631,95769216.126178,4000,antipair_05,95768285.258225,-345.741775,345.741775
9,1000000000,1947483040,95768631,95769216.126178,4000,half_int,95768627.662644,-3.337356,3.337356
9,1000000000,1947483040,95768631,95769216.126178,4000,boundary_pair,95768627.314753,-3.685247,3.685247
9,1000000000,2069138081,101448309,101448554.517680,500,hard,101448293.194269,-15.805731,15.805731
9,1000000000,2069138081,101448309,101448554.517680,500,paired_hann,101448315.217983,6.217983,6.217983
9,1000000000,2069138081,101448309,101448554.517680,500,paired_triangle,101448332.826813,23.826813,23.826813
9,1000000000,2069138081,101448309,101448554.517680,500,paired_riesz,101448299.842601,-9.157399,9.157399
9,1000000000,2069138081,101448309,101448554.517680,500,antipair_03,101447973.599233,-335.400767,335.400767
9,1000000000,2069138081,101448309,101448554.517680,500,antipair_05,101447760.535876,-548.464124,548.464124
9,1000000000,2069138081,101448309,101448554.517680,500,half_int,101448295.476558,-13.523442,13.523442
9,1000000000,2069138081,101448309,101448554.517680,500,boundary_pair,101448296.080121,-12.919879,12.919879
9,1000000000,2069138081,101448309,101448554.517680,1000,hard,101448318.021349,9.021349,9.021349
9,1000000000,2069138081,101448309,101448554.517680,1000,paired_hann,101448322.942609,13.942609,13.942609
9,1000000000,2069138081,101448309,101448554.517680,1000,paired_triangle,101448337.793432,28.793432,28.793432
9,1000000000,2069138081,101448309,101448554.517680,1000,paired_riesz,101448332.198814,23.198814,23.198814
9,1000000000,2069138081,101448309,101448554.517680,1000,antipair_03,101448001.048279,-307.951721,307.951721
9,1000000000,2069138081,101448309,101448554.517680,1000,antipair_05,101447789.732899,-519.267101,519.267101
9,1000000000,2069138081,101448309,101448554.517680,1000,half_int,101448316.666826,7.666826,7.666826
9,1000000000,2069138081,101448309,101448554.517680,1000,boundary_pair,101448316.618868,7.618868,7.618868
9,1000000000,2069138081,101448309,101448554.517680,2000,hard,101448326.893433,17.893433,17.893433
9,1000000000,2069138081,101448309,101448554.517680,2000,paired_hann,101448322.280156,13.280156,13.280156
9,1000000000,2069138081,101448309,101448554.517680,2000,paired_triangle,101448326.759999,17.759999,17.759999
9,1000000000,2069138081,101448309,101448554.517680,2000,paired_riesz,101448320.239407,11.239407,11.239407
9,1000000000,2069138081,101448309,101448554.517680,2000,antipair_03,101448021.513131,-287.486869,287.486869
9,1000000000,2069138081,101448309,101448554.517680,2000,antipair_05,101447817.926263,-491.073737,491.073737
9,1000000000,2069138081,101448309,101448554.517680,2000,half_int,101448327.047607,18.047607,18.047607
9,1000000000,2069138081,101448309,101448554.517680,2000,boundary_pair,101448327.061823,18.061823,18.061823
9,1000000000,2069138081,101448309,101448554.517680,4000,hard,101448295.380532,-13.619468,13.619468
9,1000000000,2069138081,101448309,101448554.517680,4000,paired_hann,101448315.729923,6.729923,6.729923
9,1000000000,2069138081,101448309,101448554.517680,4000,paired_triangle,101448317.353263,8.353263,8.353263
9,1000000000,2069138081,101448309,101448554.517680,4000,paired_riesz,101448310.016055,1.016055,1.016055
9,1000000000,2069138081,101448309,101448554.517680,4000,antipair_03,101447994.453070,-314.546930,314.546930
9,1000000000,2069138081,101448309,101448554.517680,4000,antipair_05,101447793.834762,-515.165238,515.165238
9,1000000000,2069138081,101448309,101448554.517680,4000,half_int,101448295.847873,-13.152127,13.152127
9,1000000000,2069138081,101448309,101448554.517680,4000,boundary_pair,101448296.270835,-12.729165,12.729165
9,1000000000,2198392649,107465559,107465649.677352,500,hard,107465467.839461,-91.160539,91.160539
9,1000000000,2198392649,107465559,107465649.677352,500,paired_hann,107465372.093915,-186.906085,186.906085
9,1000000000,2198392649,107465559,107465649.677352,500,paired_triangle,107465377.340111,-181.659889,181.659889
9,1000000000,2198392649,107465559,107465649.677352,500,paired_riesz,107465402.228547,-156.771453,156.771453
9,1000000000,2198392649,107465559,107465649.677352,500,antipair_03,107465512.683238,-46.316762,46.316762
9,1000000000,2198392649,107465559,107465649.677352,500,antipair_05,107465542.579089,-16.420911,16.420911
9,1000000000,2198392649,107465559,107465649.677352,500,half_int,107465470.071867,-88.928133,88.928133
9,1000000000,2198392649,107465559,107465649.677352,500,boundary_pair,107465472.111303,-86.888697,86.888697
9,1000000000,2198392649,107465559,107465649.677352,1000,hard,107465570.274194,11.274194,11.274194
9,1000000000,2198392649,107465559,107465649.677352,1000,paired_hann,107465454.805308,-104.194692,104.194692
9,1000000000,2198392649,107465559,107465649.677352,1000,paired_triangle,107465451.287329,-107.712671,107.712671
9,1000000000,2198392649,107465559,107465649.677352,1000,paired_riesz,107465497.901795,-61.098205,61.098205
9,1000000000,2198392649,107465559,107465649.677352,1000,antipair_03,107465616.037298,57.037298,57.037298
9,1000000000,2198392649,107465559,107465649.677352,1000,antipair_05,107465646.546034,87.546034,87.546034
9,1000000000,2198392649,107465559,107465649.677352,1000,half_int,107465570.209454,11.209454,11.209454
9,1000000000,2198392649,107465559,107465649.677352,1000,boundary_pair,107465570.291160,11.291160,11.291160
9,1000000000,2198392649,107465559,107465649.677352,2000,hard,107465542.669539,-16.330461,16.330461
9,1000000000,2198392649,107465559,107465649.677352,2000,paired_hann,107465539.433358,-19.566642,19.566642
9,1000000000,2198392649,107465559,107465649.677352,2000,paired_triangle,107465514.974849,-44.025151,44.025151
9,1000000000,2198392649,107465559,107465649.677352,2000,paired_riesz,107465555.583782,-3.416218,3.416218
9,1000000000,2198392649,107465559,107465649.677352,2000,antipair_03,107465604.433508,45.433508,45.433508
9,1000000000,2198392649,107465559,107465649.677352,2000,antipair_05,107465645.609487,86.609487,86.609487
9,1000000000,2198392649,107465559,107465649.677352,2000,half_int,107465543.516223,-15.483777,15.483777
9,1000000000,2198392649,107465559,107465649.677352,2000,boundary_pair,107465543.511135,-15.488865,15.488865
9,1000000000,2198392649,107465559,107465649.677352,4000,hard,107465590.644615,31.644615,31.644615
9,1000000000,2198392649,107465559,107465649.677352,4000,paired_hann,107465561.933782,2.933782,2.933782
9,1000000000,2198392649,107465559,107465649.677352,4000,paired_triangle,107465543.876130,-15.123870,15.123870
9,1000000000,2198392649,107465559,107465649.677352,4000,paired_riesz,107465569.131102,10.131102,10.131102
9,1000000000,2198392649,107465559,107465649.677352,4000,antipair_03,107465664.630123,105.630123,105.630123
9,1000000000,2198392649,107465559,107465649.677352,4000,antipair_05,107465713.953795,154.953795,154.953795
9,1000000000,2198392649,107465559,107465649.677352,4000,half_int,107465590.170717,31.170717,31.170717
9,1000000000,2198392649,107465559,107465649.677352,4000,boundary_pair,107465589.704266,30.704266,30.704266
9,1000000000,2335721469,113841019,113840639.002455,500,hard,113840948.913588,-70.086412,70.086412
9,1000000000,2335721469,113841019,113840639.002455,500,paired_hann,113840955.787784,-63.212216,63.212216
9,1000000000,2335721469,113841019,113840639.002455,500,paired_triangle,113840952.389113,-66.610887,66.610887
9,1000000000,2335721469,113841019,113840639.002455,500,paired_riesz,113840945.857548,-73.142452,73.142452
9,1000000000,2335721469,113841019,113840639.002455,500,antipair_03,113841059.576576,40.576576,40.576576
9,1000000000,2335721469,113841019,113840639.002455,500,antipair_05,113841133.351902,114.351902,114.351902
9,1000000000,2335721469,113841019,113840639.002455,500,half_int,113840948.534679,-70.465321,70.465321
9,1000000000,2335721469,113841019,113840639.002455,500,boundary_pair,113840949.642806,-69.357194,69.357194
9,1000000000,2335721469,113841019,113840639.002455,1000,hard,113840918.623912,-100.376088,100.376088
9,1000000000,2335721469,113841019,113840639.002455,1000,paired_hann,113840942.345688,-76.654312,76.654312
9,1000000000,2335721469,113841019,113840639.002455,1000,paired_triangle,113840939.689346,-79.310654,79.310654
9,1000000000,2335721469,113841019,113840639.002455,1000,paired_riesz,113840928.140966,-90.859034,90.859034
9,1000000000,2335721469,113841019,113840639.002455,1000,antipair_03,113841015.398651,-3.601349,3.601349
9,1000000000,2335721469,113841019,113840639.002455,1000,antipair_05,113841079.915144,60.915144,60.915144
9,1000000000,2335721469,113841019,113840639.002455,1000,half_int,113840920.117023,-98.882977,98.882977
9,1000000000,2335721469,113841019,113840639.002455,1000,boundary_pair,113840920.101973,-98.898027,98.898027
9,1000000000,2335721469,113841019,113840639.002455,2000,hard,113841002.370604,-16.629396,16.629396
9,1000000000,2335721469,113841019,113840639.002455,2000,paired_hann,113840946.389848,-72.610152,72.610152
9,1000000000,2335721469,113841019,113840639.002455,2000,paired_triangle,113840954.604745,-64.395255,64.395255
9,1000000000,2335721469,113841019,113840639.002455,2000,paired_riesz,113840961.474568,-57.525432,57.525432
9,1000000000,2335721469,113841019,113840639.002455,2000,antipair_03,113841110.760397,91.760397,91.760397
9,1000000000,2335721469,113841019,113840639.002455,2000,antipair_05,113841183.020259,164.020259,164.020259
9,1000000000,2335721469,113841019,113840639.002455,2000,half_int,113841002.133913,-16.866087,16.866087
9,1000000000,2335721469,113841019,113840639.002455,2000,boundary_pair,113841002.067949,-16.932051,16.932051
9,1000000000,2335721469,113841019,113840639.002455,4000,hard,113841004.688900,-14.311100,14.311100
9,1000000000,2335721469,113841019,113840639.002455,4000,paired_hann,113840969.821952,-49.178048,49.178048
9,1000000000,2335721469,113841019,113840639.002455,4000,paired_triangle,113840970.344804,-48.655196,48.655196
9,1000000000,2335721469,113841019,113840639.002455,4000,paired_riesz,113840981.148305,-37.851695,37.851695
9,1000000000,2335721469,113841019,113840639.002455,4000,antipair_03,113841123.108683,104.108683,104.108683
9,1000000000,2335721469,113841019,113840639.002455,4000,antipair_05,113841202.055206,183.055206,183.055206
9,1000000000,2335721469,113841019,113840639.002455,4000,half_int,113841005.139306,-13.860694,13.860694
9,1000000000,2335721469,113841019,113840639.002455,4000,boundary_pair,113841005.612281,-13.387719,13.387719
9,1000000000,2481628923,120594889,120594863.302413,500,hard,120594824.445199,-64.554801,64.554801
9,1000000000,2481628923,120594889,120594863.302413,500,paired_hann,120594710.004683,-178.995317,178.995317
9,1000000000,2481628923,120594889,120594863.302413,500,paired_triangle,120594698.246319,-190.753681,190.753681
9,1000000000,2481628923,120594889,120594863.302413,500,paired_riesz,120594773.337488,-115.662512,115.662512
9,1000000000,2481628923,120594889,120594863.302413,500,antipair_03,120594894.667950,5.667950,5.667950
9,1000000000,2481628923,120594889,120594863.302413,500,antipair_05,120594941.483118,52.483118,52.483118
9,1000000000,2481628923,120594889,120594863.302413,500,half_int,120594821.745636,-67.254364,67.254364
9,1000000000,2481628923,120594889,120594863.302413,500,boundary_pair,120594820.443760,-68.556240,68.556240
9,1000000000,2481628923,120594889,120594863.302413,1000,hard,120594871.884198,-17.115802,17.115802
9,1000000000,2481628923,120594889,120594863.302413,1000,paired_hann,120594811.927720,-77.072280,77.072280
9,1000000000,2481628923,120594889,120594863.302413,1000,paired_triangle,120594779.397501,-109.602499,109.602499
9,1000000000,2481628923,120594889,120594863.302413,1000,paired_riesz,120594838.152748,-50.847252,50.847252
9,1000000000,2481628923,120594889,120594863.302413,1000,antipair_03,120594926.146708,37.146708,37.146708
9,1000000000,2481628923,120594889,120594863.302413,1000,antipair_05,120594962.321715,73.321715,73.321715
9,1000000000,2481628923,120594889,120594863.302413,1000,half_int,120594870.809114,-18.190886,18.190886
9,1000000000,2481628923,120594889,120594863.302413,1000,boundary_pair,120594870.796238,-18.203762,18.203762
9,1000000000,2481628923,120594889,120594863.302413,2000,hard,120594883.905032,-5.094968,5.094968
9,1000000000,2481628923,120594889,120594863.302413,2000,paired_hann,120594837.776818,-51.223182,51.223182
9,1000000000,2481628923,120594889,120594863.302413,2000,paired_triangle,120594814.211755,-74.788245,74.788245
9,1000000000,2481628923,120594889,120594863.302413,2000,paired_riesz,120594848.101207,-40.898793,40.898793
9,1000000000,2481628923,120594889,120594863.302413,2000,antipair_03,120594931.505712,42.505712,42.505712
9,1000000000,2481628923,120594889,120594863.302413,2000,antipair_05,120594963.239499,74.239499,74.239499
9,1000000000,2481628923,120594889,120594863.302413,2000,half_int,120594883.038478,-5.961522,5.961522
9,1000000000,2481628923,120594889,120594863.302413,2000,boundary_pair,120594883.059005,-5.940995,5.940995
9,1000000000,2481628923,120594889,120594863.302413,4000,hard,120594907.822389,18.822389,18.822389
9,1000000000,2481628923,120594889,120594863.302413,4000,paired_hann,120594857.020457,-31.979543,31.979543
9,1000000000,2481628923,120594889,120594863.302413,4000,paired_triangle,120594842.903694,-46.096306,46.096306
9,1000000000,2481628923,120594889,120594863.302413,4000,paired_riesz,120594866.457891,-22.542109,22.542109
9,1000000000,2481628923,120594889,120594863.302413,4000,antipair_03,120594948.055767,59.055767,59.055767
9,1000000000,2481628923,120594889,120594863.302413,4000,antipair_05,120594974.878019,85.878019,85.878019
9,1000000000,2481628923,120594889,120594863.302413,4000,half_int,120594907.430555,18.430555,18.430555
9,1000000000,2481628923,120594889,120594863.302413,4000,boundary_pair,120594906.991325,17.991325,17.991325
9,1000000000,2636650899,127751467,127750938.687969,500,hard,127751641.596900,174.596900,174.596900
9,1000000000,2636650899,127751467,127750938.687969,500,paired_hann,127751609.805622,142.805622,142.805622
9,1000000000,2636650899,127751467,127750938.687969,500,paired_triangle,127751606.831077,139.831077,139.831077
9,1000000000,2636650899,127751467,127750938.687969,500,paired_riesz,127751617.772604,150.772604,150.772604
9,1000000000,2636650899,127751467,127750938.687969,500,antipair_03,127751565.884956,98.884956,98.884956
9,1000000000,2636650899,127751467,127750938.687969,500,antipair_05,127751515.410327,48.410327,48.410327
9,1000000000,2636650899,127751467,127750938.687969,500,half_int,127751639.532145,172.532145,172.532145
9,1000000000,2636650899,127751467,127750938.687969,500,boundary_pair,127751637.163968,170.163968,170.163968
9,1000000000,2636650899,127751467,127750938.687969,1000,hard,127751626.034051,159.034051,159.034051
9,1000000000,2636650899,127751467,127750938.687969,1000,paired_hann,127751636.189316,169.189316,169.189316
9,1000000000,2636650899,127751467,127750938.687969,1000,paired_triangle,127751628.163560,161.163560,161.163560
9,1000000000,2636650899,127751467,127750938.687969,1000,paired_riesz,127751639.638217,172.638217,172.638217
9,1000000000,2636650899,127751467,127750938.687969,1000,antipair_03,127751560.673563,93.673563,93.673563
9,1000000000,2636650899,127751467,127750938.687969,1000,antipair_05,127751517.099904,50.099904,50.099904
9,1000000000,2636650899,127751467,127750938.687969,1000,half_int,127751625.280708,158.280708,158.280708
9,1000000000,2636650899,127751467,127750938.687969,1000,boundary_pair,127751625.254261,158.254261,158.254261
9,1000000000,2636650899,127751467,127750938.687969,2000,hard,127751553.010397,86.010397,86.010397
9,1000000000,2636650899,127751467,127750938.687969,2000,paired_hann,127751622.987096,155.987096,155.987096
9,1000000000,2636650899,127751467,127750938.687969,2000,paired_triangle,127751610.657286,143.657286,143.657286
9,1000000000,2636650899,127751467,127750938.687969,2000,paired_riesz,127751600.554555,133.554555,133.554555
9,1000000000,2636650899,127751467,127750938.687969,2000,antipair_03,127751488.172144,21.172144,21.172144
9,1000000000,2636650899,127751467,127750938.687969,2000,antipair_05,127751444.946643,-22.053357,22.053357
9,1000000000,2636650899,127751467,127750938.687969,2000,half_int,127751553.345230,86.345230,86.345230
9,1000000000,2636650899,127751467,127750938.687969,2000,boundary_pair,127751553.470767,86.470767,86.470767
9,1000000000,2636650899,127751467,127750938.687969,4000,hard,127751488.647243,21.647243,21.647243
9,1000000000,2636650899,127751467,127750938.687969,4000,paired_hann,127751563.200254,96.200254,96.200254
9,1000000000,2636650899,127751467,127750938.687969,4000,paired_triangle,127751561.837247,94.837247,94.837247
9,1000000000,2636650899,127751467,127750938.687969,4000,paired_riesz,127751532.158044,65.158044,65.158044
9,1000000000,2636650899,127751467,127750938.687969,4000,antipair_03,127751421.122961,-45.877039,45.877039
9,1000000000,2636650899,127751467,127750938.687969,4000,antipair_05,127751376.106773,-90.893227,90.893227
9,1000000000,2636650899,127751467,127750938.687969,4000,half_int,127751488.945777,21.945777,21.945777
9,1000000000,2636650899,127751467,127750938.687969,4000,boundary_pair,127751489.310633,22.310633,22.310633
9,1000000000,2801356761,135332605,135332833.027868,500,hard,135332755.678553,150.678553,150.678553
9,1000000000,2801356761,135332605,135332833.027868,500,paired_hann,135332753.386424,148.386424,148.386424
9,1000000000,2801356761,135332605,135332833.027868,500,paired_triangle,135332766.733206,161.733206,161.733206
9,1000000000,2801356761,135332605,135332833.027868,500,paired_riesz,135332752.281678,147.281678,147.281678
9,1000000000,2801356761,135332605,135332833.027868,500,antipair_03,135332641.941361,36.941361,36.941361
9,1000000000,2801356761,135332605,135332833.027868,500,antipair_05,135332566.116567,-38.883433,38.883433
9,1000000000,2801356761,135332605,135332833.027868,500,half_int,135332756.642319,151.642319,151.642319
9,1000000000,2801356761,135332605,135332833.027868,500,boundary_pair,135332756.024993,151.024993,151.024993
9,1000000000,2801356761,135332605,135332833.027868,1000,hard,135332719.990780,114.990780,114.990780
9,1000000000,2801356761,135332605,135332833.027868,1000,paired_hann,135332761.813660,156.813660,156.813660
9,1000000000,2801356761,135332605,135332833.027868,1000,paired_triangle,135332763.700025,158.700025,158.700025
9,1000000000,2801356761,135332605,135332833.027868,1000,paired_riesz,135332755.247565,150.247565,150.247565
9,1000000000,2801356761,135332605,135332833.027868,1000,antipair_03,135332604.901736,-0.098264,0.098264
9,1000000000,2801356761,135332605,135332833.027868,1000,antipair_05,135332528.175706,-76.824294,76.824294
9,1000000000,2801356761,135332605,135332833.027868,1000,half_int,135332721.693723,116.693723,116.693723
9,1000000000,2801356761,135332605,135332833.027868,1000,boundary_pair,135332721.689600,116.689600,116.689600
9,1000000000,2801356761,135332605,135332833.027868,2000,hard,135332681.749542,76.749542,76.749542
9,1000000000,2801356761,135332605,135332833.027868,2000,paired_hann,135332731.804403,126.804403,126.804403
9,1000000000,2801356761,135332605,135332833.027868,2000,paired_triangle,135332731.266430,126.266430,126.266430
9,1000000000,2801356761,135332605,135332833.027868,2000,paired_riesz,135332710.460022,105.460022,105.460022
9,1000000000,2801356761,135332605,135332833.027868,2000,antipair_03,135332591.964871,-13.035129,13.035129
9,1000000000,2801356761,135332605,135332833.027868,2000,antipair_05,135332532.108424,-72.891576,72.891576
9,1000000000,2801356761,135332605,135332833.027868,2000,half_int,135332682.634629,77.634629,77.634629
9,1000000000,2801356761,135332605,135332833.027868,2000,boundary_pair,135332682.593126,77.593126,77.593126
9,1000000000,2801356761,135332605,135332833.027868,4000,hard,135332636.784634,31.784634,31.784634
9,1000000000,2801356761,135332605,135332833.027868,4000,paired_hann,135332686.321135,81.321135,81.321135
9,1000000000,2801356761,135332605,135332833.027868,4000,paired_triangle,135332692.397011,87.397011,87.397011
9,1000000000,2801356761,135332605,135332833.027868,4000,paired_riesz,135332666.130835,61.130835,61.130835
9,1000000000,2801356761,135332605,135332833.027868,4000,antipair_03,135332573.382332,-31.617668,31.617668
9,1000000000,2801356761,135332605,135332833.027868,4000,antipair_05,135332531.114131,-73.885869,73.885869
9,1000000000,2801356761,135332605,135332833.027868,4000,half_int,135332636.604679,31.604679,31.604679
9,1000000000,2801356761,135332605,135332833.027868,4000,boundary_pair,135332636.350977,31.350977,31.350977
9,1000000000,2976351442,143365983,143365946.988294,500,hard,143365987.529213,4.529213,4.529213
9,1000000000,2976351442,143365983,143365946.988294,500,paired_hann,143366082.747603,99.747603,99.747603
9,1000000000,2976351442,143365983,143365946.988294,500,paired_triangle,143366066.470250,83.470250,83.470250
9,1000000000,2976351442,143365983,143365946.988294,500,paired_riesz,143366050.203264,67.203264,67.203264
9,1000000000,2976351442,143365983,143365946.988294,500,antipair_03,143365811.520991,-171.479009,171.479009
9,1000000000,2976351442,143365983,143365946.988294,500,antipair_05,143365694.182176,-288.817824,288.817824
9,1000000000,2976351442,143365983,143365946.988294,500,half_int,143365990.579465,7.579465,7.579465
9,1000000000,2976351442,143365983,143365946.988294,500,boundary_pair,143365992.645668,9.645668,9.645668
9,1000000000,2976351442,143365983,143365946.988294,1000,hard,143365956.442200,-26.557800,26.557800
9,1000000000,2976351442,143365983,143365946.988294,1000,paired_hann,143366018.595027,35.595027,35.595027
9,1000000000,2976351442,143365983,143365946.988294,1000,paired_triangle,143366019.350466,36.350466,36.350466
9,1000000000,2976351442,143365983,143365946.988294,1000,paired_riesz,143365988.947052,5.947052,5.947052
9,1000000000,2976351442,143365983,143365946.988294,1000,antipair_03,143365773.284365,-209.715635,209.715635
9,1000000000,2976351442,143365983,143365946.988294,1000,antipair_05,143365651.179142,-331.820858,331.820858
9,1000000000,2976351442,143365983,143365946.988294,1000,half_int,143365955.914031,-27.085969,27.085969
9,1000000000,2976351442,143365983,143365946.988294,1000,boundary_pair,143365956.017049,-26.982951,26.982951
9,1000000000,2976351442,143365983,143365946.988294,2000,hard,143365953.121805,-29.878195,29.878195
9,1000000000,2976351442,143365983,143365946.988294,2000,paired_hann,143365969.211698,-13.788302,13.788302
9,1000000000,2976351442,143365983,143365946.988294,2000,paired_triangle,143365982.871974,-0.128026,0.128026
9,1000000000,2976351442,143365983,143365946.988294,2000,paired_riesz,143365957.538511,-25.461489,25.461489
9,1000000000,2976351442,143365983,143365946.988294,2000,antipair_03,143365747.258025,-235.741975,235.741975
9,1000000000,2976351442,143365983,143365946.988294,2000,antipair_05,143365610.015506,-372.984494,372.984494
9,1000000000,2976351442,143365983,143365946.988294,2000,half_int,143365952.682760,-30.317240,30.317240
9,1000000000,2976351442,143365983,143365946.988294,2000,boundary_pair,143365952.488372,-30.511628,30.511628
9,1000000000,2976351442,143365983,143365946.988294,4000,hard,143365932.005859,-50.994141,50.994141
9,1000000000,2976351442,143365983,143365946.988294,4000,paired_hann,143365958.260948,-24.739052,24.739052
9,1000000000,2976351442,143365983,143365946.988294,4000,paired_triangle,143365967.043919,-15.956081,15.956081
9,1000000000,2976351442,143365983,143365946.988294,4000,paired_riesz,143365951.190229,-31.809771,31.809771
9,1000000000,2976351442,143365983,143365946.988294,4000,antipair_03,143365707.700209,-275.299791,275.299791
9,1000000000,2976351442,143365983,143365946.988294,4000,antipair_05,143365558.163109,-424.836891,424.836891
9,1000000000,2976351442,143365983,143365946.988294,4000,half_int,143365932.051905,-50.948095,50.948095
9,1000000000,2976351442,143365983,143365946.988294,4000,boundary_pair,143365932.165484,-50.834516,50.834516
9,1000000000,3162277660,151876932,151877199.579287,500,hard,151877020.702225,88.702225,88.702225
9,1000000000,3162277660,151876932,151877199.579287,500,paired_hann,151876948.086787,16.086787,16.086787
9,1000000000,3162277660,151876932,151877199.579287,500,paired_triangle,151876943.228104,11.228104,11.228104
9,1000000000,3162277660,151876932,151877199.579287,500,paired_riesz,151876982.140229,50.140229,50.140229
9,1000000000,3162277660,151876932,151877199.579287,500,antipair_03,151876857.885753,-74.114247,74.114247
9,1000000000,3162277660,151876932,151877199.579287,500,antipair_05,151876749.341438,-182.658562,182.658562
9,1000000000,3162277660,151876932,151877199.579287,500,half_int,151877022.446439,90.446439,90.446439
9,1000000000,3162277660,151876932,151877199.579287,500,boundary_pair,151877024.899307,92.899307,92.899307
9,1000000000,3162277660,151876932,151877199.579287,1000,hard,151876955.382795,23.382795,23.382795
9,1000000000,3162277660,151876932,151877199.579287,1000,paired_hann,151876987.380158,55.380158,55.380158
9,1000000000,3162277660,151876932,151877199.579287,1000,paired_triangle,151876964.601056,32.601056,32.601056
9,1000000000,3162277660,151876932,151877199.579287,1000,paired_riesz,151876980.834173,48.834173,48.834173
9,1000000000,3162277660,151876932,151877199.579287,1000,antipair_03,151876783.368356,-148.631644,148.631644
9,1000000000,3162277660,151876932,151877199.579287,1000,antipair_05,151876668.692063,-263.307937,263.307937
9,1000000000,3162277660,151876932,151877199.579287,1000,half_int,151876953.992205,21.992205,21.992205
9,1000000000,3162277660,151876932,151877199.579287,1000,boundary_pair,151876953.893886,21.893886,21.893886
9,1000000000,3162277660,151876932,151877199.579287,2000,hard,151876876.401655,-55.598345,55.598345
9,1000000000,3162277660,151876932,151877199.579287,2000,paired_hann,151876941.819936,9.819936,9.819936
9,1000000000,3162277660,151876932,151877199.579287,2000,paired_triangle,151876930.117909,-1.882091,1.882091
9,1000000000,3162277660,151876932,151877199.579287,2000,paired_riesz,151876914.910324,-17.089676,17.089676
9,1000000000,3162277660,151876932,151877199.579287,2000,antipair_03,151876744.847536,-187.152464,187.152464
9,1000000000,3162277660,151876932,151877199.579287,2000,antipair_05,151876657.144791,-274.855209,274.855209
9,1000000000,3162277660,151876932,151877199.579287,2000,half_int,151876875.501825,-56.498175,56.498175
9,1000000000,3162277660,151876932,151877199.579287,2000,boundary_pair,151876875.564789,-56.435211,56.435211
9,1000000000,3162277660,151876932,151877199.579287,4000,hard,151876879.154029,-52.845971,52.845971
9,1000000000,3162277660,151876932,151877199.579287,4000,paired_hann,151876887.649670,-44.350330,44.350330
9,1000000000,3162277660,151876932,151877199.579287,4000,paired_triangle,151876894.023026,-37.976974,37.976974
9,1000000000,3162277660,151876932,151877199.579287,4000,paired_riesz,151876872.682671,-59.317329,59.317329
9,1000000000,3162277660,151876932,151877199.579287,4000,antipair_03,151876769.283558,-162.716442,162.716442
9,1000000000,3162277660,151876932,151877199.579287,4000,antipair_05,151876696.036578,-235.963422,235.963422
9,1000000000,3162277660,151876932,151877199.579287,4000,half_int,151876879.252967,-52.747033,52.747033
9,1000000000,3162277660,151876932,151877199.579287,4000,boundary_pair,151876879.297964,-52.702036,52.702036
9,1000000000,3163277660,151922633,151922914.043814,500,hard,151922742.489483,109.489483,109.489483
9,1000000000,3163277660,151922633,151922914.043814,500,paired_hann,151922672.494803,39.494803,39.494803
9,1000000000,3163277660,151922633,151922914.043814,500,paired_triangle,151922666.406032,33.406032,33.406032
9,1000000000,3163277660,151922633,151922914.043814,500,paired_riesz,151922707.363263,74.363263,74.363263
9,1000000000,3163277660,151922633,151922914.043814,500,antipair_03,151922578.044400,-54.955600,54.955600
9,1000000000,3163277660,151922633,151922914.043814,500,antipair_05,151922468.414344,-164.585656,164.585656
9,1000000000,3163277660,151922633,151922914.043814,500,half_int,151922744.845625,111.845625,111.845625
9,1000000000,3163277660,151922633,151922914.043814,500,boundary_pair,151922747.540663,114.540663,114.540663
9,1000000000,3163277660,151922633,151922914.043814,1000,hard,151922673.450886,40.450886,40.450886
9,1000000000,3163277660,151922633,151922914.043814,1000,paired_hann,151922713.945063,80.945063,80.945063
9,1000000000,3163277660,151922633,151922914.043814,1000,paired_triangle,151922689.699978,56.699978,56.699978
9,1000000000,3163277660,151922633,151922914.043814,1000,paired_riesz,151922707.278865,74.278865,74.278865
9,1000000000,3163277660,151922633,151922914.043814,1000,antipair_03,151922500.662847,-132.337153,132.337153
9,1000000000,3163277660,151922633,151922914.043814,1000,antipair_05,151922385.470822,-247.529178,247.529178
9,1000000000,3163277660,151922633,151922914.043814,1000,half_int,151922671.696707,38.696707,38.696707
9,1000000000,3163277660,151922633,151922914.043814,1000,boundary_pair,151922671.654604,38.654604,38.654604
9,1000000000,3163277660,151922633,151922914.043814,2000,hard,151922624.503119,-8.496881,8.496881
9,1000000000,3163277660,151922633,151922914.043814,2000,paired_hann,151922672.090700,39.090700,39.090700
9,1000000000,3163277660,151922633,151922914.043814,2000,paired_triangle,151922659.878026,26.878026,26.878026
9,1000000000,3163277660,151922633,151922914.043814,2000,paired_riesz,151922647.507814,14.507814,14.507814
9,1000000000,3163277660,151922633,151922914.043814,2000,antipair_03,151922465.503670,-167.496330,167.496330
9,1000000000,3163277660,151922633,151922914.043814,2000,antipair_05,151922359.504037,-273.495963,273.495963
9,1000000000,3163277660,151922633,151922914.043814,2000,half_int,151922624.222702,-8.777298,8.777298
9,1000000000,3163277660,151922633,151922914.043814,2000,boundary_pair,151922624.430912,-8.569088,8.569088
9,1000000000,3163277660,151922633,151922914.043814,4000,hard,151922559.030613,-73.969387,73.969387
9,1000000000,3163277660,151922633,151922914.043814,4000,paired_hann,151922624.713018,-8.286982,8.286982
9,1000000000,3163277660,151922633,151922914.043814,4000,paired_triangle,151922624.942590,-8.057410,8.057410
9,1000000000,3163277660,151922633,151922914.043814,4000,paired_riesz,151922601.977075,-31.022925,31.022925
9,1000000000,3163277660,151922633,151922914.043814,4000,antipair_03,151922429.087889,-203.912111,203.912111
9,1000000000,3163277660,151922633,151922914.043814,4000,antipair_05,151922342.459407,-290.540593,290.540593
9,1000000000,3163277660,151922633,151922914.043814,4000,half_int,151922558.488043,-74.511957,74.511957
9,1000000000,3163277660,151922633,151922914.043814,4000,boundary_pair,151922557.934705,-75.065295,75.065295
