anchor_log10,x_anchor,x,pi_x,R_x,K_compute,kernel,pi_K_kernel,err,abs_err
7,10000000,10624678,703309,703343.981664,500,hard,703306.535866,-2.464134,2.464134
7,10000000,10624678,703309,703343.981664,500,triangle,703312.983708,3.983708,3.983708
7,10000000,10624678,703309,703343.981664,500,hann,703311.665855,2.665855,2.665855
7,10000000,10624678,703309,703343.981664,500,hamming,703311.255456,2.255456,2.255456
7,10000000,10624678,703309,703343.981664,500,riesz,703309.245549,0.245549,0.245549
7,10000000,10624678,703309,703343.981664,500,riesz4,703310.970173,1.970173,1.970173
7,10000000,10624678,703309,703343.981664,500,tukey50,703307.371841,-1.628159,1.628159
7,10000000,10624678,703309,703343.981664,500,tukey25,703307.614350,-1.385650,1.385650
7,10000000,10624678,703309,703343.981664,500,cosine,703309.644431,0.644431,0.644431
7,10000000,10624678,703309,703343.981664,1000,hard,703308.078433,-0.921567,0.921567
7,10000000,10624678,703309,703343.981664,1000,triangle,703309.297855,0.297855,0.297855
7,10000000,10624678,703309,703343.981664,1000,hann,703307.377127,-1.622873,1.622873
7,10000000,10624678,703309,703343.981664,1000,hamming,703307.433232,-1.566768,1.566768
7,10000000,10624678,703309,703343.981664,1000,riesz,703306.670096,-2.329904,2.329904
7,10000000,10624678,703309,703343.981664,1000,riesz4,703307.087517,-1.912483,1.912483
7,10000000,10624678,703309,703343.981664,1000,tukey50,703305.539320,-3.460680,3.460680
7,10000000,10624678,703309,703343.981664,1000,tukey25,703306.957643,-2.042357,2.042357
7,10000000,10624678,703309,703343.981664,1000,cosine,703306.771440,-2.228560,2.228560
7,10000000,10624678,703309,703343.981664,2000,hard,703305.268837,-3.731163,3.731163
7,10000000,10624678,703309,703343.981664,2000,triangle,703306.518410,-2.481590,2.481590
7,10000000,10624678,703309,703343.981664,2000,hann,703305.299455,-3.700545,3.700545
7,10000000,10624678,703309,703343.981664,2000,hamming,703305.297006,-3.702994,3.702994
7,10000000,10624678,703309,703343.981664,2000,riesz,703304.399048,-4.600952,4.600952
7,10000000,10624678,703309,703343.981664,2000,riesz4,703305.029736,-3.970264,3.970264
7,10000000,10624678,703309,703343.981664,2000,tukey50,703302.999722,-6.000278,6.000278
7,10000000,10624678,703309,703343.981664,2000,tukey25,703303.595594,-5.404406,5.404406
7,10000000,10624678,703309,703343.981664,2000,cosine,703304.545827,-4.454173,4.454173
7,10000000,10624678,703309,703343.981664,4000,hard,703302.034032,-6.965968,6.965968
7,10000000,10624678,703309,703343.981664,4000,triangle,703305.441141,-3.558859,3.558859
7,10000000,10624678,703309,703343.981664,4000,hann,703304.747466,-4.252534,4.252534
7,10000000,10624678,703309,703343.981664,4000,hamming,703304.530392,-4.469608,4.469608
7,10000000,10624678,703309,703343.981664,4000,riesz,703304.195459,-4.804541,4.804541
7,10000000,10624678,703309,703343.981664,4000,riesz4,703304.677145,-4.322855,4.322855
7,10000000,10624678,703309,703343.981664,4000,tukey50,703304.360858,-4.639142,4.639142
7,10000000,10624678,703309,703343.981664,4000,tukey25,703303.420099,-5.579901,5.579901
7,10000000,10624678,703309,703343.981664,4000,cosine,703304.301932,-4.698068,4.698068
7,10000000,11288379,744285,744283.260586,500,hard,744289.690313,4.690313,4.690313
7,10000000,11288379,744285,744283.260586,500,triangle,744287.912754,2.912754,2.912754
7,10000000,11288379,744285,744283.260586,500,hann,744288.426624,3.426624,3.426624
7,10000000,11288379,744285,744283.260586,500,hamming,744288.527719,3.527719,3.527719
7,10000000,11288379,744285,744283.260586,500,riesz,744287.333881,2.333881,2.333881
7,10000000,11288379,744285,744283.260586,500,riesz4,744288.088272,3.088272,3.088272
7,10000000,11288379,744285,744283.260586,500,tukey50,744285.082238,0.082238,0.082238
7,10000000,11288379,744285,744283.260586,500,tukey25,744286.346569,1.346569,1.346569
7,10000000,11288379,744285,744283.260586,500,cosine,744287.510289,2.510289,2.510289
7,10000000,11288379,744285,744283.260586,1000,hard,744280.801500,-4.198500,4.198500
7,10000000,11288379,744285,744283.260586,1000,triangle,744286.568650,1.568650,1.568650
7,10000000,11288379,744285,744283.260586,1000,hann,744286.848198,1.848198,1.848198
7,10000000,11288379,744285,744283.260586,1000,hamming,744286.364462,1.364462,1.364462
7,10000000,11288379,744285,744283.260586,1000,riesz,744285.428384,0.428384,0.428384
7,10000000,11288379,744285,744283.260586,1000,riesz4,744286.591740,1.591740,1.591740
7,10000000,11288379,744285,744283.260586,1000,tukey50,744284.768989,-0.231011,0.231011
7,10000000,11288379,744285,744283.260586,1000,tukey25,744283.907942,-1.092058,1.092058
7,10000000,11288379,744285,744283.260586,1000,cosine,744285.689149,0.689149,0.689149
7,10000000,11288379,744285,744283.260586,2000,hard,744286.502641,1.502641,1.502641
7,10000000,11288379,744285,744283.260586,2000,triangle,744285.085478,0.085478,0.085478
7,10000000,11288379,744285,744283.260586,2000,hann,744284.129127,-0.870873,0.870873
7,10000000,11288379,744285,744283.260586,2000,hamming,744284.319008,-0.680992,0.680992
7,10000000,11288379,744285,744283.260586,2000,riesz,744284.384320,-0.615680,0.615680
7,10000000,11288379,744285,744283.260586,2000,riesz4,744284.039491,-0.960509,0.960509
7,10000000,11288379,744285,744283.260586,2000,tukey50,744283.795757,-1.204243,1.204243
7,10000000,11288379,744285,744283.260586,2000,tukey25,744286.126273,1.126273,1.126273
7,10000000,11288379,744285,744283.260586,2000,cosine,744284.313487,-0.686513,0.686513
7,10000000,11288379,744285,744283.260586,4000,hard,744283.920071,-1.079929,1.079929
7,10000000,11288379,744285,744283.260586,4000,triangle,744285.318140,0.318140,0.318140
7,10000000,11288379,744285,744283.260586,4000,hann,744285.029380,0.029380,0.029380
7,10000000,11288379,744285,744283.260586,4000,hamming,744284.940635,-0.059365,0.059365
7,10000000,11288379,744285,744283.260586,4000,riesz,744285.208164,0.208164,0.208164
7,10000000,11288379,744285,744283.260586,4000,riesz4,744285.120896,0.120896,0.120896
7,10000000,11288379,744285,744283.260586,4000,tukey50,744285.708481,0.708481,0.708481
7,10000000,11288379,744285,744283.260586,4000,tukey25,744285.364233,0.364233,0.364233
7,10000000,11288379,744285,744283.260586,4000,cosine,744285.185611,0.185611,0.185611
7,10000000,11993539,787674,787618.080047,500,hard,787665.271163,-8.728837,8.728837
7,10000000,11993539,787674,787618.080047,500,triangle,787663.442301,-10.557699,10.557699
7,10000000,11993539,787674,787618.080047,500,hann,787665.277936,-8.722064,8.722064
7,10000000,11993539,787674,787618.080047,500,hamming,787665.277394,-8.722606,8.722606
7,10000000,11993539,787674,787618.080047,500,riesz,787666.131541,-7.868459,7.868459
7,10000000,11993539,787674,787618.080047,500,riesz4,787665.633747,-8.366253,8.366253
7,10000000,11993539,787674,787618.080047,500,tukey50,787667.417066,-6.582934,6.582934
7,10000000,11993539,787674,787618.080047,500,tukey25,787666.150855,-7.849145,7.849145
7,10000000,11993539,787674,787618.080047,500,cosine,787666.010219,-7.989781,7.989781
7,10000000,11993539,787674,787618.080047,1000,hard,787669.015209,-4.984791,4.984791
7,10000000,11993539,787674,787618.080047,1000,triangle,787666.118403,-7.881597,7.881597
7,10000000,11993539,787674,787618.080047,1000,hann,787667.421900,-6.578100,6.578100
7,10000000,11993539,787674,787618.080047,1000,hamming,787667.549365,-6.450635,6.450635
7,10000000,11993539,787674,787618.080047,1000,riesz,787668.126710,-5.873290,5.873290
7,10000000,11993539,787674,787618.080047,1000,riesz4,787667.621880,-6.378120,6.378120
7,10000000,11993539,787674,787618.080047,1000,tukey50,787668.941006,-5.058994,5.058994
7,10000000,11993539,787674,787618.080047,1000,tukey25,787668.731152,-5.268848,5.268848
7,10000000,11993539,787674,787618.080047,1000,cosine,787668.010033,-5.989967,5.989967
7,10000000,11993539,787674,787618.080047,2000,hard,787674.258416,0.258416,0.258416
7,10000000,11993539,787674,787618.080047,2000,triangle,787666.856639,-7.143361,7.143361
7,10000000,11993539,787674,787618.080047,2000,hann,787667.268346,-6.731654,6.731654
7,10000000,11993539,787674,787618.080047,2000,hamming,787667.827552,-6.172448,6.172448
7,10000000,11993539,787674,787618.080047,2000,riesz,787668.011983,-5.988017,5.988017
7,10000000,11993539,787674,787618.080047,2000,riesz4,787667.275807,-6.724193,6.724193
7,10000000,11993539,787674,787618.080047,2000,tukey50,787666.986533,-7.013467,7.013467
7,10000000,11993539,787674,787618.080047,2000,tukey25,787669.129109,-4.870891,4.870891
7,10000000,11993539,787674,787618.080047,2000,cosine,787667.853390,-6.146610,6.146610
7,10000000,11993539,787674,787618.080047,4000,hard,787677.044995,3.044995,3.044995
7,10000000,11993539,787674,787618.080047,4000,triangle,787671.702261,-2.297739,2.297739
7,10000000,11993539,787674,787618.080047,4000,hann,787671.954164,-2.045836,2.045836
7,10000000,11993539,787674,787618.080047,4000,hamming,787672.361430,-1.638570,1.638570
7,10000000,11993539,787674,787618.080047,4000,riesz,787674.584675,0.584675,0.584675
7,10000000,11993539,787674,787618.080047,4000,riesz4,787672.581413,-1.418587,1.418587
7,10000000,11993539,787674,787618.080047,4000,tukey50,787676.907379,2.907379,2.907379
7,10000000,11993539,787674,787618.080047,4000,tukey25,787677.656534,3.656534,3.656534
7,10000000,11993539,787674,787618.080047,4000,cosine,787674.127959,0.127959,0.127959
7,10000000,12742750,833586,833489.378476,500,hard,833578.102959,-7.897041,7.897041
7,10000000,12742750,833586,833489.378476,500,triangle,833571.924733,-14.075267,14.075267
7,10000000,12742750,833586,833489.378476,500,hann,833571.771406,-14.228594,14.228594
7,10000000,12742750,833586,833489.378476,500,hamming,833572.277930,-13.722070,13.722070
7,10000000,12742750,833586,833489.378476,500,riesz,833573.797330,-12.202670,12.202670
7,10000000,12742750,833586,833489.378476,500,riesz4,833572.013116,-13.986884,13.986884
7,10000000,12742750,833586,833489.378476,500,tukey50,833574.283673,-11.716327,11.716327
7,10000000,12742750,833586,833489.378476,500,tukey25,833577.223046,-8.776954,8.776954
7,10000000,12742750,833586,833489.378476,500,cosine,833573.403283,-12.596717,12.596717
7,10000000,12742750,833586,833489.378476,1000,hard,833576.584406,-9.415594,9.415594
7,10000000,12742750,833586,833489.378476,1000,triangle,833574.965969,-11.034031,11.034031
7,10000000,12742750,833586,833489.378476,1000,hann,833575.849372,-10.150628,10.150628
7,10000000,12742750,833586,833489.378476,1000,hamming,833575.908175,-10.091825,10.091825
7,10000000,12742750,833586,833489.378476,1000,riesz,833576.834643,-9.165357,9.165357
7,10000000,12742750,833586,833489.378476,1000,riesz4,833576.147623,-9.852377,9.852377
7,10000000,12742750,833586,833489.378476,1000,tukey50,833577.516636,-8.483364,8.483364
7,10000000,12742750,833586,833489.378476,1000,tukey25,833577.942798,-8.057202,8.057202
7,10000000,12742750,833586,833489.378476,1000,cosine,833576.674865,-9.325135,9.325135
7,10000000,12742750,833586,833489.378476,2000,hard,833579.574804,-6.425196,6.425196
7,10000000,12742750,833586,833489.378476,2000,triangle,833577.505111,-8.494889,8.494889
7,10000000,12742750,833586,833489.378476,2000,hann,833578.452494,-7.547506,7.547506
7,10000000,12742750,833586,833489.378476,2000,hamming,833578.542279,-7.457721,7.457721
7,10000000,12742750,833586,833489.378476,2000,riesz,833579.212467,-6.787533,6.787533
7,10000000,12742750,833586,833489.378476,2000,riesz4,833578.711265,-7.288735,7.288735
7,10000000,12742750,833586,833489.378476,2000,tukey50,833580.477547,-5.522453,5.522453
7,10000000,12742750,833586,833489.378476,2000,tukey25,833579.616058,-6.383942,6.383942
7,10000000,12742750,833586,833489.378476,2000,cosine,833579.094104,-6.905896,6.905896
7,10000000,12742750,833586,833489.378476,4000,hard,833587.595180,1.595180,1.595180
7,10000000,12742750,833586,833489.378476,4000,triangle,833580.586993,-5.413007,5.413007
7,10000000,12742750,833586,833489.378476,4000,hann,833580.863866,-5.136134,5.136134
7,10000000,12742750,833586,833489.378476,4000,hamming,833581.402371,-4.597629,4.597629
7,10000000,12742750,833586,833489.378476,4000,riesz,833582.848209,-3.151791,3.151791
7,10000000,12742750,833586,833489.378476,4000,riesz4,833581.201232,-4.798768,4.798768
7,10000000,12742750,833586,833489.378476,4000,tukey50,833583.309503,-2.690497,2.690497
7,10000000,12742750,833586,833489.378476,4000,tukey25,833585.602528,-0.397472,0.397472
7,10000000,12742750,833586,833489.378476,4000,cosine,833582.480144,-3.519856,3.519856
7,10000000,13538762,881983,882046.170450,500,hard,881973.891091,-9.108909,9.108909
7,10000000,13538762,881983,882046.170450,500,triangle,881983.469120,0.469120,0.469120
7,10000000,13538762,881983,882046.170450,500,hann,881979.695140,-3.304860,3.304860
7,10000000,13538762,881983,882046.170450,500,hamming,881979.230816,-3.769184,3.769184
7,10000000,13538762,881983,882046.170450,500,riesz,881978.311765,-4.688235,4.688235
7,10000000,13538762,881983,882046.170450,500,riesz4,881979.234922,-3.765078,3.765078
7,10000000,13538762,881983,882046.170450,500,tukey50,881977.466092,-5.533908,5.533908
7,10000000,13538762,881983,882046.170450,500,tukey25,881978.391655,-4.608345,4.608345
7,10000000,13538762,881983,882046.170450,500,cosine,881978.528492,-4.471508,4.471508
7,10000000,13538762,881983,882046.170450,1000,hard,881978.521195,-4.478805,4.478805
7,10000000,13538762,881983,882046.170450,1000,triangle,881980.320125,-2.679875,2.679875
7,10000000,13538762,881983,882046.170450,1000,hann,881977.593801,-5.406199,5.406199
7,10000000,13538762,881983,882046.170450,1000,hamming,881977.667992,-5.332008,5.332008
7,10000000,13538762,881983,882046.170450,1000,riesz,881977.610865,-5.389135,5.389135
7,10000000,13538762,881983,882046.170450,1000,riesz4,881977.499661,-5.500339,5.500339
7,10000000,13538762,881983,882046.170450,1000,tukey50,881977.091623,-5.908377,5.908377
7,10000000,13538762,881983,882046.170450,1000,tukey25,881978.299707,-4.700293,4.700293
7,10000000,13538762,881983,882046.170450,1000,cosine,881977.590591,-5.409409,5.409409
7,10000000,13538762,881983,882046.170450,2000,hard,881980.191460,-2.808540,2.808540
7,10000000,13538762,881983,882046.170450,2000,triangle,881979.544731,-3.455269,3.455269
7,10000000,13538762,881983,882046.170450,2000,hann,881977.939778,-5.060222,5.060222
7,10000000,13538762,881983,882046.170450,2000,hamming,881978.119913,-4.880087,4.880087
7,10000000,13538762,881983,882046.170450,2000,riesz,881978.636152,-4.363848,4.363848
7,10000000,13538762,881983,882046.170450,2000,riesz4,881978.055590,-4.944410,4.944410
7,10000000,13538762,881983,882046.170450,2000,tukey50,881978.929481,-4.070519,4.070519
7,10000000,13538762,881983,882046.170450,2000,tukey25,881979.412162,-3.587838,3.587838
7,10000000,13538762,881983,882046.170450,2000,cosine,881978.506442,-4.493558,4.493558
7,10000000,13538762,881983,882046.170450,4000,hard,881981.993635,-1.006365,1.006365
7,10000000,13538762,881983,882046.170450,4000,triangle,881979.550314,-3.449686,3.449686
7,10000000,13538762,881983,882046.170450,4000,hann,881978.972319,-4.027681,4.027681
7,10000000,13538762,881983,882046.170450,4000,hamming,881979.214024,-3.785976,3.785976
7,10000000,13538762,881983,882046.170450,4000,riesz,881979.356618,-3.643382,3.643382
7,10000000,13538762,881983,882046.170450,4000,riesz4,881979.060401,-3.939599,3.939599
7,10000000,13538762,881983,882046.170450,4000,tukey50,881979.493999,-3.506001,3.506001
7,10000000,13538762,881983,882046.170450,4000,tukey25,881979.582034,-3.417966,3.417966
7,10000000,13538762,881983,882046.170450,4000,cosine,881979.289352,-3.710648,3.710648
7,10000000,14384499,933480,933446.400391,500,hard,933476.157456,-3.842544,3.842544
7,10000000,14384499,933480,933446.400391,500,triangle,933465.092271,-14.907729,14.907729
7,10000000,14384499,933480,933446.400391,500,hann,933467.758277,-12.241723,12.241723
7,10000000,14384499,933480,933446.400391,500,hamming,933468.430212,-11.569788,11.569788
7,10000000,14384499,933480,933446.400391,500,riesz,933470.217912,-9.782088,9.782088
7,10000000,14384499,933480,933446.400391,500,riesz4,933468.450015,-11.549985,11.549985
7,10000000,14384499,933480,933446.400391,500,tukey50,933471.756498,-8.243502,8.243502
7,10000000,14384499,933480,933446.400391,500,tukey25,933471.146796,-8.853204,8.853204
7,10000000,14384499,933480,933446.400391,500,cosine,933469.809999,-10.190001,10.190001
7,10000000,14384499,933480,933446.400391,1000,hard,933483.511445,3.511445,3.511445
7,10000000,14384499,933480,933446.400391,1000,triangle,933473.618042,-6.381958,6.381958
7,10000000,14384499,933480,933446.400391,1000,hann,933475.692126,-4.307874,4.307874
7,10000000,14384499,933480,933446.400391,1000,hamming,933476.317671,-3.682329,3.682329
7,10000000,14384499,933480,933446.400391,1000,riesz,933479.348963,-0.651037,0.651037
7,10000000,14384499,933480,933446.400391,1000,riesz4,933476.580489,-3.419511,3.419511
7,10000000,14384499,933480,933446.400391,1000,tukey50,933482.389160,2.389160,2.389160
7,10000000,14384499,933480,933446.400391,1000,tukey25,933483.283005,3.283005,3.283005
7,10000000,14384499,933480,933446.400391,1000,cosine,933478.717182,-1.282818,1.282818
7,10000000,14384499,933480,933446.400391,2000,hard,933473.317705,-6.682295,6.682295
7,10000000,14384499,933480,933446.400391,2000,triangle,933475.986977,-4.013023,4.013023
7,10000000,14384499,933480,933446.400391,2000,hann,933479.096665,-0.903335,0.903335
7,10000000,14384499,933480,933446.400391,2000,hamming,933478.634348,-1.365652,1.365652
7,10000000,14384499,933480,933446.400391,2000,riesz,933478.280479,-1.719521,1.719521
7,10000000,14384499,933480,933446.400391,2000,riesz4,933479.141816,-0.858184,0.858184
7,10000000,14384499,933480,933446.400391,2000,tukey50,933478.701211,-1.298789,1.298789
7,10000000,14384499,933480,933446.400391,2000,tukey25,933476.467623,-3.532377,3.532377
7,10000000,14384499,933480,933446.400391,2000,cosine,933478.464266,-1.535734,1.535734
7,10000000,14384499,933480,933446.400391,4000,hard,933478.576508,-1.423492,1.423492
7,10000000,14384499,933480,933446.400391,4000,triangle,933476.152658,-3.847342,3.847342
7,10000000,14384499,933480,933446.400391,4000,hann,933477.112862,-2.887138,2.887138
7,10000000,14384499,933480,933446.400391,4000,hamming,933477.229954,-2.770046,2.770046
7,10000000,14384499,933480,933446.400391,4000,riesz,933476.974518,-3.025482,3.025482
7,10000000,14384499,933480,933446.400391,4000,riesz4,933476.977605,-3.022395,3.022395
7,10000000,14384499,933480,933446.400391,4000,tukey50,933476.239202,-3.760798,3.760798
7,10000000,14384499,933480,933446.400391,4000,tukey25,933477.527953,-2.472047,2.472047
7,10000000,14384499,933480,933446.400391,4000,cosine,933476.980630,-3.019370,3.019370
7,10000000,15283067,987839,987857.295826,500,hard,987824.462406,-14.537594,14.537594
7,10000000,15283067,987839,987857.295826,500,triangle,987819.266551,-19.733449,19.733449
7,10000000,15283067,987839,987857.295826,500,hann,987821.176695,-17.823305,17.823305
7,10000000,15283067,987839,987857.295826,500,hamming,987821.439552,-17.560448,17.560448
7,10000000,15283067,987839,987857.295826,500,riesz,987822.224490,-16.775510,16.775510
7,10000000,15283067,987839,987857.295826,500,riesz4,987821.560557,-17.439443,17.439443
7,10000000,15283067,987839,987857.295826,500,tukey50,987822.865903,-16.134097,16.134097
7,10000000,15283067,987839,987857.295826,500,tukey25,987823.283506,-15.716494,15.716494
7,10000000,15283067,987839,987857.295826,500,cosine,987822.066430,-16.933570,16.933570
7,10000000,15283067,987839,987857.295826,1000,hard,987831.278334,-7.721666,7.721666
7,10000000,15283067,987839,987857.295826,1000,triangle,987824.745641,-14.254359,14.254359
7,10000000,15283067,987839,987857.295826,1000,hann,987825.713870,-13.286130,13.286130
7,10000000,15283067,987839,987857.295826,1000,hamming,987826.159028,-12.840972,12.840972
7,10000000,15283067,987839,987857.295826,1000,riesz,987828.500134,-10.499866,10.499866
7,10000000,15283067,987839,987857.295826,1000,riesz4,987826.326861,-12.673139,12.673139
7,10000000,15283067,987839,987857.295826,1000,tukey50,987830.481029,-8.518971,8.518971
7,10000000,15283067,987839,987857.295826,1000,tukey25,987832.427431,-6.572569,6.572569
7,10000000,15283067,987839,987857.295826,1000,cosine,987828.007442,-10.992558,10.992558
7,10000000,15283067,987839,987857.295826,2000,hard,987831.333053,-7.666947,7.666947
7,10000000,15283067,987839,987857.295826,2000,triangle,987827.491228,-11.508772,11.508772
7,10000000,15283067,987839,987857.295826,2000,hann,987829.113960,-9.886040,9.886040
7,10000000,15283067,987839,987857.295826,2000,hamming,987829.291488,-9.708512,9.708512
7,10000000,15283067,987839,987857.295826,2000,riesz,987829.801321,-9.198679,9.198679
7,10000000,15283067,987839,987857.295826,2000,riesz4,987829.330003,-9.669997,9.669997
7,10000000,15283067,987839,987857.295826,2000,tukey50,987830.172408,-8.827592,8.827592
7,10000000,15283067,987839,987857.295826,2000,tukey25,987830.426211,-8.573789,8.573789
7,10000000,15283067,987839,987857.295826,2000,cosine,987829.691325,-9.308675,9.308675
7,10000000,15283067,987839,987857.295826,4000,hard,987833.132384,-5.867616,5.867616
7,10000000,15283067,987839,987857.295826,4000,triangle,987830.325240,-8.674760,8.674760
7,10000000,15283067,987839,987857.295826,4000,hann,987831.573631,-7.426369,7.426369
7,10000000,15283067,987839,987857.295826,4000,hamming,987831.698331,-7.301669,7.301669
7,10000000,15283067,987839,987857.295826,4000,riesz,987832.228783,-6.771217,6.771217
7,10000000,15283067,987839,987857.295826,4000,riesz4,987831.784561,-7.215439,7.215439
7,10000000,15283067,987839,987857.295826,4000,tukey50,987833.125914,-5.874086,5.874086
7,10000000,15283067,987839,987857.295826,4000,tukey25,987832.345657,-6.654343,6.654343
7,10000000,15283067,987839,987857.295826,4000,cosine,987832.124733,-6.875267,6.875267
7,10000000,16237767,1045411,1045456.015987,500,hard,1045413.400321,2.400321,2.400321
7,10000000,16237767,1045411,1045456.015987,500,triangle,1045413.359230,2.359230,2.359230
7,10000000,16237767,1045411,1045456.015987,500,hann,1045414.441702,3.441702,3.441702
7,10000000,16237767,1045411,1045456.015987,500,hamming,1045414.358391,3.358391,3.358391
7,10000000,16237767,1045411,1045456.015987,500,riesz,1045414.978743,3.978743,3.978743
7,10000000,16237767,1045411,1045456.015987,500,riesz4,1045414.759745,3.759745,3.759745
7,10000000,16237767,1045411,1045456.015987,500,tukey50,1045416.413962,5.413962,5.413962
7,10000000,16237767,1045411,1045456.015987,500,tukey25,1045414.083840,3.083840,3.083840
7,10000000,16237767,1045411,1045456.015987,500,cosine,1045414.918966,3.918966,3.918966
7,10000000,16237767,1045411,1045456.015987,1000,hard,1045418.639128,7.639128,7.639128
7,10000000,16237767,1045411,1045456.015987,1000,triangle,1045414.624933,3.624933,3.624933
7,10000000,16237767,1045411,1045456.015987,1000,hann,1045415.076687,4.076687,4.076687
7,10000000,16237767,1045411,1045456.015987,1000,hamming,1045415.361682,4.361682,4.361682
7,10000000,16237767,1045411,1045456.015987,1000,riesz,1045415.848599,4.848599,4.848599
7,10000000,16237767,1045411,1045456.015987,1000,riesz4,1045415.183071,4.183071,4.183071
7,10000000,16237767,1045411,1045456.015987,1000,tukey50,1045415.744109,4.744109,4.744109
7,10000000,16237767,1045411,1045456.015987,1000,tukey25,1045417.394039,6.394039,6.394039
7,10000000,16237767,1045411,1045456.015987,1000,cosine,1045415.701042,4.701042,4.701042
7,10000000,16237767,1045411,1045456.015987,2000,hard,1045413.845621,2.845621,2.845621
7,10000000,16237767,1045411,1045456.015987,2000,triangle,1045415.507781,4.507781,4.507781
7,10000000,16237767,1045411,1045456.015987,2000,hann,1045416.724557,5.724557,5.724557
7,10000000,16237767,1045411,1045456.015987,2000,hamming,1045416.494242,5.494242,5.494242
7,10000000,16237767,1045411,1045456.015987,2000,riesz,1045415.836924,4.836924,4.836924
7,10000000,16237767,1045411,1045456.015987,2000,riesz4,1045416.705331,5.705331,5.705331
7,10000000,16237767,1045411,1045456.015987,2000,tukey50,1045416.314770,5.314770,5.314770
7,10000000,16237767,1045411,1045456.015987,2000,tukey25,1045414.071052,3.071052,3.071052
7,10000000,16237767,1045411,1045456.015987,2000,cosine,1045416.024740,5.024740,5.024740
7,10000000,16237767,1045411,1045456.015987,4000,hard,1045417.401450,6.401450,6.401450
7,10000000,16237767,1045411,1045456.015987,4000,triangle,1045415.831081,4.831081,4.831081
7,10000000,16237767,1045411,1045456.015987,4000,hann,1045415.994318,4.994318,4.994318
7,10000000,16237767,1045411,1045456.015987,4000,hamming,1045416.106889,5.106889,5.106889
7,10000000,16237767,1045411,1045456.015987,4000,riesz,1045416.157822,5.157822,5.157822
7,10000000,16237767,1045411,1045456.015987,4000,riesz4,1045416.020019,5.020019,5.020019
7,10000000,16237767,1045411,1045456.015987,4000,tukey50,1045416.568643,5.568643,5.568643
7,10000000,16237767,1045411,1045456.015987,4000,tukey25,1045416.679885,5.679885,5.679885
7,10000000,16237767,1045411,1045456.015987,4000,cosine,1045416.126954,5.126954,5.126954
7,10000000,17252105,1106389,1106430.108317,500,hard,1106379.756415,-9.243585,9.243585
7,10000000,17252105,1106389,1106430.108317,500,triangle,1106400.515114,11.515114,11.515114
7,10000000,17252105,1106389,1106430.108317,500,hann,1106396.015946,7.015946,7.015946
7,10000000,17252105,1106389,1106430.108317,500,hamming,1106394.715184,5.715184,5.715184
7,10000000,17252105,1106389,1106430.108317,500,riesz,1106389.030402,0.030402,0.030402
7,10000000,17252105,1106389,1106430.108317,500,riesz4,1106394.241278,5.241278,5.241278
7,10000000,17252105,1106389,1106430.108317,500,tukey50,1106383.811082,-5.188918,5.188918
7,10000000,17252105,1106389,1106430.108317,500,tukey25,1106380.454152,-8.545848,8.545848
7,10000000,17252105,1106389,1106430.108317,500,cosine,1106390.223606,1.223606,1.223606
7,10000000,17252105,1106389,1106430.108317,1000,hard,1106394.610533,5.610533,5.610533
7,10000000,17252105,1106389,1106430.108317,1000,triangle,1106393.083848,4.083848,4.083848
7,10000000,17252105,1106389,1106430.108317,1000,hann,1106387.055253,-1.944747,1.944747
7,10000000,17252105,1106389,1106430.108317,1000,hamming,1106387.659675,-1.340325,1.340325
7,10000000,17252105,1106389,1106430.108317,1000,riesz,1106387.003936,-1.996064,1.996064
7,10000000,17252105,1106389,1106430.108317,1000,riesz4,1106386.612046,-2.387954,2.387954
7,10000000,17252105,1106389,1106430.108317,1000,tukey50,1106384.928706,-4.071294,4.071294
7,10000000,17252105,1106389,1106430.108317,1000,tukey25,1106388.540428,-0.459572,0.459572
7,10000000,17252105,1106389,1106430.108317,1000,cosine,1106386.937189,-2.062811,2.062811
7,10000000,17252105,1106389,1106430.108317,2000,hard,1106396.952273,7.952273,7.952273
7,10000000,17252105,1106389,1106430.108317,2000,triangle,1106394.291507,5.291507,5.291507
7,10000000,17252105,1106389,1106430.108317,2000,hann,1106391.182707,2.182707,2.182707
7,10000000,17252105,1106389,1106430.108317,2000,hamming,1106391.644273,2.644273,2.644273
7,10000000,17252105,1106389,1106430.108317,2000,riesz,1106393.389562,4.389562,4.389562
7,10000000,17252105,1106389,1106430.108317,2000,riesz4,1106391.719458,2.719458,2.719458
7,10000000,17252105,1106389,1106430.108317,2000,tukey50,1106395.359307,6.359307,6.359307
7,10000000,17252105,1106389,1106430.108317,2000,tukey25,1106395.742779,6.742779,6.742779
7,10000000,17252105,1106389,1106430.108317,2000,cosine,1106393.008263,4.008263,4.008263
7,10000000,17252105,1106389,1106430.108317,4000,hard,1106393.050460,4.050460,4.050460
7,10000000,17252105,1106389,1106430.108317,4000,triangle,1106394.543976,5.543976,5.543976
7,10000000,17252105,1106389,1106430.108317,4000,hann,1106394.364759,5.364759,5.364759
7,10000000,17252105,1106389,1106430.108317,4000,hamming,1106394.259615,5.259615,5.259615
7,10000000,17252105,1106389,1106430.108317,4000,riesz,1106394.154071,5.154071,5.154071
7,10000000,17252105,1106389,1106430.108317,4000,riesz4,1106394.462201,5.462201,5.462201
7,10000000,17252105,1106389,1106430.108317,4000,tukey50,1106394.601317,5.601317,5.601317
7,10000000,17252105,1106389,1106430.108317,4000,tukey25,1106392.558546,3.558546,3.558546
7,10000000,17252105,1106389,1106430.108317,4000,cosine,1106394.216762,5.216762,5.216762
7,10000000,18329807,1171087,1170978.256173,500,hard,1171064.318188,-22.681812,22.681812
7,10000000,18329807,1171087,1170978.256173,500,triangle,1171047.121520,-39.878480,39.878480
7,10000000,18329807,1171087,1170978.256173,500,hann,1171049.216936,-37.783064,37.783064
7,10000000,18329807,1171087,1170978.256173,500,hamming,1171050.425036,-36.574964,36.574964
7,10000000,18329807,1171087,1170978.256173,500,riesz,1171055.320056,-31.679944,31.679944
7,10000000,18329807,1171087,1170978.256173,500,riesz4,1171050.612583,-36.387417,36.387417
7,10000000,18329807,1171087,1170978.256173,500,tukey50,1171057.645573,-29.354427,29.354427
7,10000000,18329807,1171087,1170978.256173,500,tukey25,1171062.340411,-24.659589,24.659589
7,10000000,18329807,1171087,1170978.256173,500,cosine,1171054.251078,-32.748922,32.748922
7,10000000,18329807,1171087,1170978.256173,1000,hard,1171072.597714,-14.402286,14.402286
7,10000000,18329807,1171087,1170978.256173,1000,triangle,1171057.080219,-29.919781,29.919781
7,10000000,18329807,1171087,1170978.256173,1000,hann,1171059.890563,-27.109437,27.109437
7,10000000,18329807,1171087,1170978.256173,1000,hamming,1171060.907135,-26.092865,26.092865
7,10000000,18329807,1171087,1170978.256173,1000,riesz,1171064.527207,-22.472793,22.472793
7,10000000,18329807,1171087,1170978.256173,1000,riesz4,1171060.897981,-26.102019,26.102019
7,10000000,18329807,1171087,1170978.256173,1000,tukey50,1171066.477858,-20.522142,20.522142
7,10000000,18329807,1171087,1170978.256173,1000,tukey25,1171068.584591,-18.415409,18.415409
7,10000000,18329807,1171087,1170978.256173,1000,cosine,1171063.705807,-23.294193,23.294193
7,10000000,18329807,1171087,1170978.256173,2000,hard,1171079.786383,-7.213617,7.213617
7,10000000,18329807,1171087,1170978.256173,2000,triangle,1171067.393511,-19.606489,19.606489
7,10000000,18329807,1171087,1170978.256173,2000,hann,1171070.425091,-16.574909,16.574909
7,10000000,18329807,1171087,1170978.256173,2000,hamming,1171071.173994,-15.826006,15.826006
7,10000000,18329807,1171087,1170978.256173,2000,riesz,1171074.618860,-12.381140,12.381140
7,10000000,18329807,1171087,1170978.256173,2000,riesz4,1171071.508311,-15.491689,15.491689
7,10000000,18329807,1171087,1170978.256173,2000,tukey50,1171078.294152,-8.705848,8.705848
7,10000000,18329807,1171087,1170978.256173,2000,tukey25,1171078.842592,-8.157408,8.157408
7,10000000,18329807,1171087,1170978.256173,2000,cosine,1171073.905630,-13.094370,13.094370
7,10000000,18329807,1171087,1170978.256173,4000,hard,1171084.850138,-2.149862,2.149862
7,10000000,18329807,1171087,1170978.256173,4000,triangle,1171075.049847,-11.950153,11.950153
7,10000000,18329807,1171087,1170978.256173,4000,hann,1171078.183549,-8.816451,8.816451
7,10000000,18329807,1171087,1170978.256173,4000,hamming,1171078.716876,-8.283124,8.283124
7,10000000,18329807,1171087,1170978.256173,4000,riesz,1171080.743250,-6.256750,6.256750
7,10000000,18329807,1171087,1170978.256173,4000,riesz4,1171078.831210,-8.168790,8.168790
7,10000000,18329807,1171087,1170978.256173,4000,tukey50,1171082.397179,-4.602821,4.602821
7,10000000,18329807,1171087,1170978.256173,4000,tukey25,1171082.701273,-4.298727,4.298727
7,10000000,18329807,1171087,1170978.256173,4000,cosine,1171080.305912,-6.694088,6.694088
7,10000000,19474830,1239360,1239310.774356,500,hard,1239367.630610,7.630610,7.630610
7,10000000,19474830,1239360,1239310.774356,500,triangle,1239347.114421,-12.885579,12.885579
7,10000000,19474830,1239360,1239310.774356,500,hann,1239349.880283,-10.119717,10.119717
7,10000000,19474830,1239360,1239310.774356,500,hamming,1239351.300309,-8.699691,8.699691
7,10000000,19474830,1239360,1239310.774356,500,riesz,1239356.768386,-3.231614,3.231614
7,10000000,19474830,1239360,1239310.774356,500,riesz4,1239351.587733,-8.412267,8.412267
7,10000000,19474830,1239360,1239310.774356,500,tukey50,1239361.361336,1.361336,1.361336
7,10000000,19474830,1239360,1239310.774356,500,tukey25,1239363.940014,3.940014,3.940014
7,10000000,19474830,1239360,1239310.774356,500,cosine,1239355.584708,-4.415292,4.415292
7,10000000,19474830,1239360,1239310.774356,1000,hard,1239364.000168,4.000168,4.000168
7,10000000,19474830,1239360,1239310.774356,1000,triangle,1239356.298965,-3.701035,3.701035
7,10000000,19474830,1239360,1239310.774356,1000,hann,1239361.104146,1.104146,1.104146
7,10000000,19474830,1239360,1239310.774356,1000,hamming,1239361.335827,1.335827,1.335827
7,10000000,19474830,1239360,1239310.774356,1000,riesz,1239362.960482,2.960482,2.960482
7,10000000,19474830,1239360,1239310.774356,1000,riesz4,1239361.863010,1.863010,1.863010
7,10000000,19474830,1239360,1239310.774356,1000,tukey50,1239365.664479,5.664479,5.664479
7,10000000,19474830,1239360,1239310.774356,1000,tukey25,1239363.458658,3.458658,3.458658
7,10000000,19474830,1239360,1239310.774356,1000,cosine,1239362.694025,2.694025,2.694025
7,10000000,19474830,1239360,1239310.774356,2000,hard,1239364.869136,4.869136,4.869136
7,10000000,19474830,1239360,1239310.774356,2000,triangle,1239360.684304,0.684304,0.684304
7,10000000,19474830,1239360,1239310.774356,2000,hann,1239363.868530,3.868530,3.868530
7,10000000,19474830,1239360,1239310.774356,2000,hamming,1239363.948578,3.948578,3.948578
7,10000000,19474830,1239360,1239310.774356,2000,riesz,1239364.585584,4.585584,4.585584
7,10000000,19474830,1239360,1239310.774356,2000,riesz4,1239364.103568,4.103568,4.103568
7,10000000,19474830,1239360,1239310.774356,2000,tukey50,1239365.628582,5.628582,5.628582
7,10000000,19474830,1239360,1239310.774356,2000,tukey25,1239364.755733,4.755733,4.755733
7,10000000,19474830,1239360,1239310.774356,2000,cosine,1239364.472412,4.472412,4.472412
7,10000000,19474830,1239360,1239310.774356,4000,hard,1239366.591490,6.591490,6.591490
7,10000000,19474830,1239360,1239310.774356,4000,triangle,1239363.330255,3.330255,3.330255
7,10000000,19474830,1239360,1239310.774356,4000,hann,1239365.275421,5.275421,5.275421
7,10000000,19474830,1239360,1239310.774356,4000,hamming,1239365.380706,5.380706,5.380706
7,10000000,19474830,1239360,1239310.774356,4000,riesz,1239365.597239,5.597239,5.597239
7,10000000,19474830,1239360,1239310.774356,4000,riesz4,1239365.380813,5.380813,5.380813
7,10000000,19474830,1239360,1239310.774356,4000,tukey50,1239365.977827,5.977827,5.977827
7,10000000,19474830,1239360,1239310.774356,4000,tukey25,1239365.636953,5.636953,5.636953
7,10000000,19474830,1239360,1239310.774356,4000,cosine,1239365.546466,5.546466,5.546466
7,10000000,20691381,1311667,1311650.571242,500,hard,1311657.819246,-9.180754,9.180754
7,10000000,20691381,1311667,1311650.571242,500,triangle,1311655.100154,-11.899846,11.899846
7,10000000,20691381,1311667,1311650.571242,500,hann,1311656.449696,-10.550304,10.550304
7,10000000,20691381,1311667,1311650.571242,500,hamming,1311656.559260,-10.440740,10.440740
7,10000000,20691381,1311667,1311650.571242,500,riesz,1311657.207047,-9.792953,9.792953
7,10000000,20691381,1311667,1311650.571242,500,riesz4,1311656.767276,-10.232724,10.232724
7,10000000,20691381,1311667,1311650.571242,500,tukey50,1311657.812895,-9.187105,9.187105
7,10000000,20691381,1311667,1311650.571242,500,tukey25,1311657.605774,-9.394226,9.394226
7,10000000,20691381,1311667,1311650.571242,500,cosine,1311657.099842,-9.900158,9.900158
7,10000000,20691381,1311667,1311650.571242,1000,hard,1311657.336092,-9.663908,9.663908
7,10000000,20691381,1311667,1311650.571242,1000,triangle,1311655.511600,-11.488400,11.488400
7,10000000,20691381,1311667,1311650.571242,1000,hann,1311656.476158,-10.523842,10.523842
7,10000000,20691381,1311667,1311650.571242,1000,hamming,1311656.544953,-10.455047,10.455047
7,10000000,20691381,1311667,1311650.571242,1000,riesz,1311656.195310,-10.804690,10.804690
7,10000000,20691381,1311667,1311650.571242,1000,riesz4,1311656.330222,-10.669778,10.669778
7,10000000,20691381,1311667,1311650.571242,1000,tukey50,1311654.787620,-12.212380,12.212380
7,10000000,20691381,1311667,1311650.571242,1000,tukey25,1311655.356489,-11.643511,11.643511
7,10000000,20691381,1311667,1311650.571242,1000,cosine,1311656.230649,-10.769351,10.769351
7,10000000,20691381,1311667,1311650.571242,2000,hard,1311663.358260,-3.641740,3.641740
7,10000000,20691381,1311667,1311650.571242,2000,triangle,1311657.429212,-9.570788,9.570788
7,10000000,20691381,1311667,1311650.571242,2000,hann,1311657.604694,-9.395306,9.395306
7,10000000,20691381,1311667,1311650.571242,2000,hamming,1311658.064979,-8.935021,8.935021
7,10000000,20691381,1311667,1311650.571242,2000,riesz,1311658.652180,-8.347820,8.347820
7,10000000,20691381,1311667,1311650.571242,2000,riesz4,1311657.772880,-9.227120,9.227120
7,10000000,20691381,1311667,1311650.571242,2000,tukey50,1311658.971331,-8.028669,8.028669
7,10000000,20691381,1311667,1311650.571242,2000,tukey25,1311659.440366,-7.559634,7.559634
7,10000000,20691381,1311667,1311650.571242,2000,cosine,1311658.456248,-8.543752,8.543752
7,10000000,20691381,1311667,1311650.571242,4000,hard,1311667.050957,0.050957,0.050957
7,10000000,20691381,1311667,1311650.571242,4000,triangle,1311660.418298,-6.581702,6.581702
7,10000000,20691381,1311667,1311650.571242,4000,hann,1311660.686650,-6.313350,6.313350
7,10000000,20691381,1311667,1311650.571242,4000,hamming,1311661.195794,-5.804206,5.804206
7,10000000,20691381,1311667,1311650.571242,4000,riesz,1311662.350409,-4.649591,4.649591
7,10000000,20691381,1311667,1311650.571242,4000,riesz4,1311661.025027,-5.974973,5.974973
7,10000000,20691381,1311667,1311650.571242,4000,tukey50,1311663.103755,-3.896245,3.896245
7,10000000,20691381,1311667,1311650.571242,4000,tukey25,1311663.695790,-3.304210,3.304210
7,10000000,20691381,1311667,1311650.571242,4000,cosine,1311662.051595,-4.948405,4.948405
7,10000000,21983926,1388298,1388233.501349,500,hard,1388322.630569,24.630569,24.630569
7,10000000,21983926,1388298,1388233.501349,500,triangle,1388308.818536,10.818536,10.818536
7,10000000,21983926,1388298,1388233.501349,500,hann,1388314.467366,16.467366,16.467366
7,10000000,21983926,1388298,1388233.501349,500,hamming,1388315.120422,17.120422,17.120422
7,10000000,21983926,1388298,1388233.501349,500,riesz,1388318.000464,20.000464,20.000464
7,10000000,21983926,1388298,1388233.501349,500,riesz4,1388315.356336,17.356336,17.356336
7,10000000,21983926,1388298,1388233.501349,500,tukey50,1388319.986691,21.986691,21.986691
7,10000000,21983926,1388298,1388233.501349,500,tukey25,1388320.778850,22.778850,22.778850
7,10000000,21983926,1388298,1388233.501349,500,cosine,1388317.395925,19.395925,19.395925
7,10000000,21983926,1388298,1388233.501349,1000,hard,1388310.646387,12.646387,12.646387
7,10000000,21983926,1388298,1388233.501349,1000,triangle,1388312.101286,14.101286,14.101286
7,10000000,21983926,1388298,1388233.501349,1000,hann,1388317.350894,19.350894,19.350894
7,10000000,21983926,1388298,1388233.501349,1000,hamming,1388316.814534,18.814534,18.814534
7,10000000,21983926,1388298,1388233.501349,1000,riesz,1388315.409367,17.409367,17.409367
7,10000000,21983926,1388298,1388233.501349,1000,riesz4,1388317.163646,19.163646,19.163646
7,10000000,21983926,1388298,1388233.501349,1000,tukey50,1388314.817856,16.817856,16.817856
7,10000000,21983926,1388298,1388233.501349,1000,tukey25,1388311.499083,13.499083,13.499083
7,10000000,21983926,1388298,1388233.501349,1000,cosine,1388315.795064,17.795064,17.795064
7,10000000,21983926,1388298,1388233.501349,2000,hard,1388309.957332,11.957332,11.957332
7,10000000,21983926,1388298,1388233.501349,2000,triangle,1388311.834010,13.834010,13.834010
7,10000000,21983926,1388298,1388233.501349,2000,hann,1388313.712005,15.712005,15.712005
7,10000000,21983926,1388298,1388233.501349,2000,hamming,1388313.411631,15.411631,15.411631
7,10000000,21983926,1388298,1388233.501349,2000,riesz,1388312.514906,14.514906,14.514906
7,10000000,21983926,1388298,1388233.501349,2000,riesz4,1388313.402679,15.402679,15.402679
7,10000000,21983926,1388298,1388233.501349,2000,tukey50,1388311.724312,13.724312,13.724312
7,10000000,21983926,1388298,1388233.501349,2000,tukey25,1388311.853695,13.853695,13.853695
7,10000000,21983926,1388298,1388233.501349,2000,cosine,1388312.718328,14.718328,14.718328
7,10000000,21983926,1388298,1388233.501349,4000,hard,1388309.265457,11.265457,11.265457
7,10000000,21983926,1388298,1388233.501349,4000,triangle,1388310.108958,12.108958,12.108958
7,10000000,21983926,1388298,1388233.501349,4000,hann,1388310.669085,12.669085,12.669085
7,10000000,21983926,1388298,1388233.501349,4000,hamming,1388310.556794,12.556794,12.556794
7,10000000,21983926,1388298,1388233.501349,4000,riesz,1388309.331621,11.331621,11.331621
7,10000000,21983926,1388298,1388233.501349,4000,riesz4,1388310.325652,12.325652,12.325652
7,10000000,21983926,1388298,1388233.501349,4000,tukey50,1388308.145741,10.145741,10.145741
7,10000000,21983926,1388298,1388233.501349,4000,tukey25,1388307.440866,9.440866,9.440866
7,10000000,21983926,1388298,1388233.501349,4000,cosine,1388309.559540,11.559540,11.559540
7,10000000,23357215,1469332,1469309.655989,500,hard,1469324.280277,-7.719723,7.719723
7,10000000,23357215,1469332,1469309.655989,500,triangle,1469313.903395,-18.096605,18.096605
7,10000000,23357215,1469332,1469309.655989,500,hann,1469313.836877,-18.163123,18.163123
7,10000000,23357215,1469332,1469309.655989,500,hamming,1469314.672349,-17.327651,17.327651
7,10000000,23357215,1469332,1469309.655989,500,riesz,1469318.463067,-13.536933,13.536933
7,10000000,23357215,1469332,1469309.655989,500,riesz4,1469314.785157,-17.214843,17.214843
7,10000000,23357215,1469332,1469309.655989,500,tukey50,1469321.310669,-10.689331,10.689331
7,10000000,23357215,1469332,1469309.655989,500,tukey25,1469323.976353,-8.023647,8.023647
7,10000000,23357215,1469332,1469309.655989,500,cosine,1469317.632957,-14.367043,14.367043
7,10000000,23357215,1469332,1469309.655989,1000,hard,1469339.191327,7.191327,7.191327
7,10000000,23357215,1469332,1469309.655989,1000,triangle,1469324.142097,-7.857903,7.857903
7,10000000,23357215,1469332,1469309.655989,1000,hann,1469325.452143,-6.547857,6.547857
7,10000000,23357215,1469332,1469309.655989,1000,hamming,1469326.551277,-5.448723,5.448723
7,10000000,23357215,1469332,1469309.655989,1000,riesz,1469330.813204,-1.186796,1.186796
7,10000000,23357215,1469332,1469309.655989,1000,riesz4,1469326.770763,-5.229237,5.229237
7,10000000,23357215,1469332,1469309.655989,1000,tukey50,1469335.529374,3.529374,3.529374
7,10000000,23357215,1469332,1469309.655989,1000,tukey25,1469335.315003,3.315003,3.315003
7,10000000,23357215,1469332,1469309.655989,1000,cosine,1469329.889822,-2.110178,2.110178
7,10000000,23357215,1469332,1469309.655989,2000,hard,1469337.995674,5.995674,5.995674
7,10000000,23357215,1469332,1469309.655989,2000,triangle,1469331.121026,-0.878974,0.878974
7,10000000,23357215,1469332,1469309.655989,2000,hann,1469334.248151,2.248151,2.248151
7,10000000,23357215,1469332,1469309.655989,2000,hamming,1469334.547953,2.547953,2.547953
7,10000000,23357215,1469332,1469309.655989,2000,riesz,1469336.112594,4.112594,4.112594
7,10000000,23357215,1469332,1469309.655989,2000,riesz4,1469334.848826,2.848826,2.848826
7,10000000,23357215,1469332,1469309.655989,2000,tukey50,1469337.865594,5.865594,5.865594
7,10000000,23357215,1469332,1469309.655989,2000,tukey25,1469336.129868,4.129868,4.129868
7,10000000,23357215,1469332,1469309.655989,2000,cosine,1469335.816851,3.816851,3.816851
7,10000000,23357215,1469332,1469309.655989,4000,hard,1469331.248116,-0.751884,0.751884
7,10000000,23357215,1469332,1469309.655989,4000,triangle,1469332.422880,0.422880,0.422880
7,10000000,23357215,1469332,1469309.655989,4000,hann,1469334.941126,2.941126,2.941126
7,10000000,23357215,1469332,1469309.655989,4000,hamming,1469334.645686,2.645686,2.645686
7,10000000,23357215,1469332,1469309.655989,4000,riesz,1469334.181810,2.181810,2.181810
7,10000000,23357215,1469332,1469309.655989,4000,riesz4,1469334.805598,2.805598,2.805598
7,10000000,23357215,1469332,1469309.655989,4000,tukey50,1469333.209284,1.209284,1.209284
7,10000000,23357215,1469332,1469309.655989,4000,tukey25,1469333.229715,1.229715,1.229715
7,10000000,23357215,1469332,1469309.655989,4000,cosine,1469334.321806,2.321806,2.321806
7,10000000,24816289,1555207,1555143.572214,500,hard,1555195.803246,-11.196754,11.196754
7,10000000,24816289,1555207,1555143.572214,500,triangle,1555188.053569,-18.946431,18.946431
7,10000000,24816289,1555207,1555143.572214,500,hann,1555190.730259,-16.269741,16.269741
7,10000000,24816289,1555207,1555143.572214,500,hamming,1555191.136098,-15.863902,15.863902
7,10000000,24816289,1555207,1555143.572214,500,riesz,1555194.603968,-12.396032,12.396032
7,10000000,24816289,1555207,1555143.572214,500,riesz4,1555191.819885,-15.180115,15.180115
7,10000000,24816289,1555207,1555143.572214,500,tukey50,1555199.155717,-7.844283,7.844283
7,10000000,24816289,1555207,1555143.572214,500,tukey25,1555198.439908,-8.560092,8.560092
7,10000000,24816289,1555207,1555143.572214,500,cosine,1555193.960412,-13.039588,13.039588
7,10000000,24816289,1555207,1555143.572214,1000,hard,1555186.566696,-20.433304,20.433304
7,10000000,24816289,1555207,1555143.572214,1000,triangle,1555189.623244,-17.376756,17.376756
7,10000000,24816289,1555207,1555143.572214,1000,hann,1555193.095389,-13.904611,13.904611
7,10000000,24816289,1555207,1555143.572214,1000,hamming,1555192.573093,-14.426907,14.426907
7,10000000,24816289,1555207,1555143.572214,1000,riesz,1555191.714127,-15.285873,15.285873
7,10000000,24816289,1555207,1555143.572214,1000,riesz4,1555192.965951,-14.034049,14.034049
7,10000000,24816289,1555207,1555143.572214,1000,tukey50,1555191.069078,-15.930922,15.930922
7,10000000,24816289,1555207,1555143.572214,1000,tukey25,1555189.918771,-17.081229,17.081229
7,10000000,24816289,1555207,1555143.572214,1000,cosine,1555191.989132,-15.010868,15.010868
7,10000000,24816289,1555207,1555143.572214,2000,hard,1555195.205053,-11.794947,11.794947
7,10000000,24816289,1555207,1555143.572214,2000,triangle,1555191.302780,-15.697220,15.697220
7,10000000,24816289,1555207,1555143.572214,2000,hann,1555192.245334,-14.754666,14.754666
7,10000000,24816289,1555207,1555143.572214,2000,hamming,1555192.482112,-14.517888,14.517888
7,10000000,24816289,1555207,1555143.572214,2000,riesz,1555192.863979,-14.136021,14.136021
7,10000000,24816289,1555207,1555143.572214,2000,riesz4,1555192.348462,-14.651538,14.651538
7,10000000,24816289,1555207,1555143.572214,2000,tukey50,1555193.778021,-13.221979,13.221979
7,10000000,24816289,1555207,1555143.572214,2000,tukey25,1555193.729420,-13.270580,13.270580
7,10000000,24816289,1555207,1555143.572214,2000,cosine,1555192.748629,-14.251371,14.251371
7,10000000,24816289,1555207,1555143.572214,4000,hard,1555195.049027,-11.950973,11.950973
7,10000000,24816289,1555207,1555143.572214,4000,triangle,1555192.888892,-14.111108,14.111108
7,10000000,24816289,1555207,1555143.572214,4000,hann,1555193.245338,-13.754662,13.754662
7,10000000,24816289,1555207,1555143.572214,4000,hamming,1555193.389633,-13.610367,13.610367
7,10000000,24816289,1555207,1555143.572214,4000,riesz,1555194.290647,-12.709353,12.709353
7,10000000,24816289,1555207,1555143.572214,4000,riesz4,1555193.421319,-13.578681,13.578681
7,10000000,24816289,1555207,1555143.572214,4000,tukey50,1555194.451365,-12.548635,12.548635
7,10000000,24816289,1555207,1555143.572214,4000,tukey25,1555196.469937,-10.530063,10.530063
7,10000000,24816289,1555207,1555143.572214,4000,cosine,1555194.096326,-12.903674,12.903674
7,10000000,26366509,1645939,1646015.727674,500,hard,1645942.420535,3.420535,3.420535
7,10000000,26366509,1645939,1646015.727674,500,triangle,1645950.641813,11.641813,11.641813
7,10000000,26366509,1645939,1646015.727674,500,hann,1645947.478200,8.478200,8.478200
7,10000000,26366509,1645939,1646015.727674,500,hamming,1645947.073586,8.073586,8.073586
7,10000000,26366509,1645939,1646015.727674,500,riesz,1645944.358155,5.358155,5.358155
7,10000000,26366509,1645939,1646015.727674,500,riesz4,1645946.570504,7.570504,7.570504
7,10000000,26366509,1645939,1646015.727674,500,tukey50,1645941.939514,2.939514,2.939514
7,10000000,26366509,1645939,1646015.727674,500,tukey25,1645943.021388,4.021388,4.021388
7,10000000,26366509,1645939,1646015.727674,500,cosine,1645944.870355,5.870355,5.870355
7,10000000,26366509,1645939,1646015.727674,1000,hard,1645938.399698,-0.600302,0.600302
7,10000000,26366509,1645939,1646015.727674,1000,triangle,1645947.464462,8.464462,8.464462
7,10000000,26366509,1645939,1646015.727674,1000,hann,1645945.046450,6.046450,6.046450
7,10000000,26366509,1645939,1646015.727674,1000,hamming,1645944.514710,5.514710,5.514710
7,10000000,26366509,1645939,1646015.727674,1000,riesz,1645944.091472,5.091472,5.091472
7,10000000,26366509,1645939,1646015.727674,1000,riesz4,1645944.952293,5.952293,5.952293
7,10000000,26366509,1645939,1646015.727674,1000,tukey50,1645945.334970,6.334970,6.334970
7,10000000,26366509,1645939,1646015.727674,1000,tukey25,1645942.560118,3.560118,3.560118
7,10000000,26366509,1645939,1646015.727674,1000,cosine,1645944.280124,5.280124,5.280124
7,10000000,26366509,1645939,1646015.727674,2000,hard,1645925.870379,-13.129621,13.129621
7,10000000,26366509,1645939,1646015.727674,2000,triangle,1645937.876076,-1.123924,1.123924
7,10000000,26366509,1645939,1646015.727674,2000,hann,1645937.363911,-1.636089,1.636089
7,10000000,26366509,1645939,1646015.727674,2000,hamming,1645936.444429,-2.555571,2.555571
7,10000000,26366509,1645939,1646015.727674,2000,riesz,1645931.510699,-7.489301,7.489301
7,10000000,26366509,1645939,1646015.727674,2000,riesz4,1645936.095780,-2.904220,2.904220
7,10000000,26366509,1645939,1646015.727674,2000,tukey50,1645927.050420,-11.949580,11.949580
7,10000000,26366509,1645939,1646015.727674,2000,tukey25,1645922.851048,-16.148952,16.148952
7,10000000,26366509,1645939,1646015.727674,2000,cosine,1645932.549491,-6.450509,6.450509
7,10000000,26366509,1645939,1646015.727674,4000,hard,1645928.635792,-10.364208,10.364208
7,10000000,26366509,1645939,1646015.727674,4000,triangle,1645933.444258,-5.555742,5.555742
7,10000000,26366509,1645939,1646015.727674,4000,hann,1645930.733513,-8.266487,8.266487
7,10000000,26366509,1645939,1646015.727674,4000,hamming,1645930.565695,-8.434305,8.434305
7,10000000,26366509,1645939,1646015.727674,4000,riesz,1645929.681947,-9.318053,9.318053
7,10000000,26366509,1645939,1646015.727674,4000,riesz4,1645930.373602,-8.626398,8.626398
7,10000000,26366509,1645939,1646015.727674,4000,tukey50,1645929.262580,-9.737420,9.737420
7,10000000,26366509,1645939,1646015.727674,4000,tukey25,1645929.642530,-9.357470,9.357470
7,10000000,26366509,1645939,1646015.727674,4000,cosine,1645929.844882,-9.155118,9.155118
7,10000000,28013568,1742231,1742223.015731,500,hard,1742249.609788,18.609788,18.609788
7,10000000,28013568,1742231,1742223.015731,500,triangle,1742236.723370,5.723370,5.723370
7,10000000,28013568,1742231,1742223.015731,500,hann,1742235.074464,4.074464,4.074464
7,10000000,28013568,1742231,1742223.015731,500,hamming,1742236.237290,5.237290,5.237290
7,10000000,28013568,1742231,1742223.015731,500,riesz,1742241.133373,10.133373,10.133373
7,10000000,28013568,1742231,1742223.015731,500,riesz4,1742236.293098,5.293098,5.293098
7,10000000,28013568,1742231,1742223.015731,500,tukey50,1742245.396580,14.396580,14.396580
7,10000000,28013568,1742231,1742223.015731,500,tukey25,1742249.848241,18.848241,18.848241
7,10000000,28013568,1742231,1742223.015731,500,cosine,1742240.041605,9.041605,9.041605
7,10000000,28013568,1742231,1742223.015731,1000,hard,1742245.558604,14.558604,14.558604
7,10000000,28013568,1742231,1742223.015731,1000,triangle,1742241.302976,10.302976,10.302976
7,10000000,28013568,1742231,1742223.015731,1000,hann,1742243.585436,12.585436,12.585436
7,10000000,28013568,1742231,1742223.015731,1000,hamming,1742243.743289,12.743289,12.743289
7,10000000,28013568,1742231,1742223.015731,1000,riesz,1742244.275615,13.275615,13.275615
7,10000000,28013568,1742231,1742223.015731,1000,riesz4,1742243.988073,12.988073,12.988073
7,10000000,28013568,1742231,1742223.015731,1000,tukey50,1742245.229027,14.229027,14.229027
7,10000000,28013568,1742231,1742223.015731,1000,tukey25,1742242.661462,11.661462,11.661462
7,10000000,28013568,1742231,1742223.015731,1000,cosine,1742244.198154,13.198154,13.198154
7,10000000,28013568,1742231,1742223.015731,2000,hard,1742245.411039,14.411039,14.411039
7,10000000,28013568,1742231,1742223.015731,2000,triangle,1742243.131191,12.131191,12.131191
7,10000000,28013568,1742231,1742223.015731,2000,hann,1742244.644287,13.644287,13.644287
7,10000000,28013568,1742231,1742223.015731,2000,hamming,1742244.705627,13.705627,13.705627
7,10000000,28013568,1742231,1742223.015731,2000,riesz,1742244.746954,13.746954,13.746954
7,10000000,28013568,1742231,1742223.015731,2000,riesz4,1742244.702313,13.702313,13.702313
7,10000000,28013568,1742231,1742223.015731,2000,tukey50,1742244.965994,13.965994,13.965994
7,10000000,28013568,1742231,1742223.015731,2000,tukey25,1742244.958390,13.958390,13.958390
7,10000000,28013568,1742231,1742223.015731,2000,cosine,1742244.735053,13.735053,13.735053
7,10000000,28013568,1742231,1742223.015731,4000,hard,1742229.634403,-1.365597,1.365597
7,10000000,28013568,1742231,1742223.015731,4000,triangle,1742238.854708,7.854708,7.854708
7,10000000,28013568,1742231,1742223.015731,4000,hann,1742240.601956,9.601956,9.601956
7,10000000,28013568,1742231,1742223.015731,4000,hamming,1742239.724552,8.724552,8.724552
7,10000000,28013568,1742231,1742223.015731,4000,riesz,1742236.469164,5.469164,5.469164
7,10000000,28013568,1742231,1742223.015731,4000,riesz4,1742239.763320,8.763320,8.763320
7,10000000,28013568,1742231,1742223.015731,4000,tukey50,1742233.370843,2.370843,2.370843
7,10000000,28013568,1742231,1742223.015731,4000,tukey25,1742230.837680,-0.162320,0.162320
7,10000000,28013568,1742231,1742223.015731,4000,cosine,1742237.212574,6.212574,6.212574
7,10000000,29763514,1844039,1844079.853041,500,hard,1844025.374785,-13.625215,13.625215
7,10000000,29763514,1844039,1844079.853041,500,triangle,1844035.056780,-3.943220,3.943220
7,10000000,29763514,1844039,1844079.853041,500,hann,1844029.732424,-9.267576,9.267576
7,10000000,29763514,1844039,1844079.853041,500,hamming,1844029.383813,-9.616187,9.616187
7,10000000,29763514,1844039,1844079.853041,500,riesz,1844030.148505,-8.851495,8.851495
7,10000000,29763514,1844039,1844079.853041,500,riesz4,1844029.826985,-9.173015,9.173015
7,10000000,29763514,1844039,1844079.853041,500,tukey50,1844032.173155,-6.826845,6.826845
7,10000000,29763514,1844039,1844079.853041,500,tukey25,1844032.553782,-6.446218,6.446218
7,10000000,29763514,1844039,1844079.853041,500,cosine,1844030.074453,-8.925547,8.925547
7,10000000,29763514,1844039,1844079.853041,1000,hard,1844044.037830,5.037830,5.037830
7,10000000,29763514,1844039,1844079.853041,1000,triangle,1844037.261288,-1.738712,1.738712
7,10000000,29763514,1844039,1844079.853041,1000,hann,1844034.057135,-4.942865,4.942865
7,10000000,29763514,1844039,1844079.853041,1000,hamming,1844034.855591,-4.144409,4.144409
7,10000000,29763514,1844039,1844079.853041,1000,riesz,1844037.636585,-1.363415,1.363415
7,10000000,29763514,1844039,1844079.853041,1000,riesz4,1844034.795361,-4.204639,4.204639
7,10000000,29763514,1844039,1844079.853041,1000,tukey50,1844040.332243,1.332243,1.332243
7,10000000,29763514,1844039,1844079.853041,1000,tukey25,1844041.652888,2.652888,2.652888
7,10000000,29763514,1844039,1844079.853041,1000,cosine,1844036.995000,-2.005000,2.005000
7,10000000,29763514,1844039,1844079.853041,2000,hard,1844044.093887,5.093887,5.093887
7,10000000,29763514,1844039,1844079.853041,2000,triangle,1844042.596593,3.596593,3.596593
7,10000000,29763514,1844039,1844079.853041,2000,hann,1844042.737724,3.737724,3.737724
7,10000000,29763514,1844039,1844079.853041,2000,hamming,1844042.846217,3.846217,3.846217
7,10000000,29763514,1844039,1844079.853041,2000,riesz,1844045.252579,6.252579,6.252579
7,10000000,29763514,1844039,1844079.853041,2000,riesz4,1844043.564757,4.564757,4.564757
7,10000000,29763514,1844039,1844079.853041,2000,tukey50,1844048.877743,9.877743,9.877743
7,10000000,29763514,1844039,1844079.853041,2000,tukey25,1844047.199362,8.199362,8.199362
7,10000000,29763514,1844039,1844079.853041,2000,cosine,1844044.855837,5.855837,5.855837
7,10000000,29763514,1844039,1844079.853041,4000,hard,1844034.389365,-4.610635,4.610635
7,10000000,29763514,1844039,1844079.853041,4000,triangle,1844039.512519,0.512519,0.512519
7,10000000,29763514,1844039,1844079.853041,4000,hann,1844041.166334,2.166334,2.166334
7,10000000,29763514,1844039,1844079.853041,4000,hamming,1844040.624176,1.624176,1.624176
7,10000000,29763514,1844039,1844079.853041,4000,riesz,1844038.279370,-0.720630,0.720630
7,10000000,29763514,1844039,1844079.853041,4000,riesz4,1844040.594375,1.594375,1.594375
7,10000000,29763514,1844039,1844079.853041,4000,tukey50,1844035.843084,-3.156916,3.156916
7,10000000,29763514,1844039,1844079.853041,4000,tukey25,1844033.853972,-5.146028,5.146028
7,10000000,29763514,1844039,1844079.853041,4000,cosine,1844038.801301,-0.198699,0.198699
7,10000000,31622777,1951958,1951919.498983,500,hard,1951947.249870,-10.750130,10.750130
7,10000000,31622777,1951958,1951919.498983,500,triangle,1951944.899212,-13.100788,13.100788
7,10000000,31622777,1951958,1951919.498983,500,hann,1951940.640684,-17.359316,17.359316
7,10000000,31622777,1951958,1951919.498983,500,hamming,1951941.169419,-16.830581,16.830581
7,10000000,31622777,1951958,1951919.498983,500,riesz,1951940.258302,-17.741698,17.741698
7,10000000,31622777,1951958,1951919.498983,500,riesz4,1951940.155070,-17.844930,17.844930
7,10000000,31622777,1951958,1951919.498983,500,tukey50,1951937.649160,-20.350840,20.350840
7,10000000,31622777,1951958,1951919.498983,500,tukey25,1951941.205917,-16.794083,16.794083
7,10000000,31622777,1951958,1951919.498983,500,cosine,1951940.255474,-17.744526,17.744526
7,10000000,31622777,1951958,1951919.498983,1000,hard,1951951.734919,-6.265081,6.265081
7,10000000,31622777,1951958,1951919.498983,1000,triangle,1951948.844288,-9.155712,9.155712
7,10000000,31622777,1951958,1951919.498983,1000,hann,1951946.476754,-11.523246,11.523246
7,10000000,31622777,1951958,1951919.498983,1000,hamming,1951946.897407,-11.102593,11.102593
7,10000000,31622777,1951958,1951919.498983,1000,riesz,1951949.701810,-8.298190,8.298190
7,10000000,31622777,1951958,1951919.498983,1000,riesz4,1951947.279786,-10.720214,10.720214
7,10000000,31622777,1951958,1951919.498983,1000,tukey50,1951952.992421,-5.007579,5.007579
7,10000000,31622777,1951958,1951919.498983,1000,tukey25,1951953.303990,-4.696010,4.696010
7,10000000,31622777,1951958,1951919.498983,1000,cosine,1951949.147767,-8.852233,8.852233
7,10000000,31622777,1951958,1951919.498983,2000,hard,1951949.688035,-8.311965,8.311965
7,10000000,31622777,1951958,1951919.498983,2000,triangle,1951949.703857,-8.296143,8.296143
7,10000000,31622777,1951958,1951919.498983,2000,hann,1951950.128270,-7.871730,7.871730
7,10000000,31622777,1951958,1951919.498983,2000,hamming,1951950.093051,-7.906949,7.906949
7,10000000,31622777,1951958,1951919.498983,2000,riesz,1951950.180007,-7.819993,7.819993
7,10000000,31622777,1951958,1951919.498983,2000,riesz4,1951950.271298,-7.728702,7.728702
7,10000000,31622777,1951958,1951919.498983,2000,tukey50,1951950.519920,-7.480080,7.480080
7,10000000,31622777,1951958,1951919.498983,2000,tukey25,1951949.705860,-8.294140,8.294140
7,10000000,31622777,1951958,1951919.498983,2000,cosine,1951950.194147,-7.805853,7.805853
7,10000000,31622777,1951958,1951919.498983,4000,hard,1951949.938828,-8.061172,8.061172
7,10000000,31622777,1951958,1951919.498983,4000,triangle,1951949.133358,-8.866642,8.866642
7,10000000,31622777,1951958,1951919.498983,4000,hann,1951949.304891,-8.695109,8.695109
7,10000000,31622777,1951958,1951919.498983,4000,hamming,1951949.355606,-8.644394,8.644394
7,10000000,31622777,1951958,1951919.498983,4000,riesz,1951948.989895,-9.010105,9.010105
7,10000000,31622777,1951958,1951919.498983,4000,riesz4,1951949.185469,-8.814531,8.814531
7,10000000,31622777,1951958,1951919.498983,4000,tukey50,1951948.221273,-9.778727,9.778727
7,10000000,31622777,1951958,1951919.498983,4000,tukey25,1951948.882337,-9.117663,9.117663
7,10000000,31622777,1951958,1951919.498983,4000,cosine,1951949.036908,-8.963092,8.963092
7,10000000,31632777,1952541,1952498.499486,500,hard,1952529.034748,-11.965252,11.965252
7,10000000,31632777,1952541,1952498.499486,500,triangle,1952524.163053,-16.836947,16.836947
7,10000000,31632777,1952541,1952498.499486,500,hann,1952519.734362,-21.265638,21.265638
7,10000000,31632777,1952541,1952498.499486,500,hamming,1952520.478393,-20.521607,20.521607
7,10000000,31632777,1952541,1952498.499486,500,riesz,1952519.996311,-21.003689,21.003689
7,10000000,31632777,1952541,1952498.499486,500,riesz4,1952519.360595,-21.639405,21.639405
7,10000000,31632777,1952541,1952498.499486,500,tukey50,1952517.729691,-23.270309,23.270309
7,10000000,31632777,1952541,1952498.499486,500,tukey25,1952521.428871,-19.571129,19.571129
7,10000000,31632777,1952541,1952498.499486,500,cosine,1952519.874355,-21.125645,21.125645
7,10000000,31632777,1952541,1952498.499486,1000,hard,1952534.503308,-6.496692,6.496692
7,10000000,31632777,1952541,1952498.499486,1000,triangle,1952529.972710,-11.027290,11.027290
7,10000000,31632777,1952541,1952498.499486,1000,hann,1952527.665861,-13.334139,13.334139
7,10000000,31632777,1952541,1952498.499486,1000,hamming,1952528.212857,-12.787143,12.787143
7,10000000,31632777,1952541,1952498.499486,1000,riesz,1952531.952862,-9.047138,9.047138
7,10000000,31632777,1952541,1952498.499486,1000,riesz4,1952528.717145,-12.282855,12.282855
7,10000000,31632777,1952541,1952498.499486,1000,tukey50,1952536.005744,-4.994256,4.994256
7,10000000,31632777,1952541,1952498.499486,1000,tukey25,1952537.052062,-3.947938,3.947938
7,10000000,31632777,1952541,1952498.499486,1000,cosine,1952531.213605,-9.786395,9.786395
7,10000000,31632777,1952541,1952498.499486,2000,hard,1952523.562158,-17.437842,17.437842
7,10000000,31632777,1952541,1952498.499486,2000,triangle,1952528.809987,-12.190013,12.190013
7,10000000,31632777,1952541,1952498.499486,2000,hann,1952530.229246,-10.770754,10.770754
7,10000000,31632777,1952541,1952498.499486,2000,hamming,1952529.695878,-11.304122,11.304122
7,10000000,31632777,1952541,1952498.499486,2000,riesz,1952528.238181,-12.761819,12.761819
7,10000000,31632777,1952541,1952498.499486,2000,riesz4,1952530.032775,-10.967225,10.967225
7,10000000,31632777,1952541,1952498.499486,2000,tukey50,1952527.668591,-13.331409,13.331409
7,10000000,31632777,1952541,1952498.499486,2000,tukey25,1952524.514379,-16.485621,16.485621
7,10000000,31632777,1952541,1952498.499486,2000,cosine,1952528.632843,-12.367157,12.367157
7,10000000,31632777,1952541,1952498.499486,4000,hard,1952532.966062,-8.033938,8.033938
7,10000000,31632777,1952541,1952498.499486,4000,triangle,1952528.564684,-12.435316,12.435316
7,10000000,31632777,1952541,1952498.499486,4000,hann,1952527.538583,-13.461417,13.461417
7,10000000,31632777,1952541,1952498.499486,4000,hamming,1952527.972781,-13.027219,13.027219
7,10000000,31632777,1952541,1952498.499486,4000,riesz,1952528.868339,-12.131661,12.131661
7,10000000,31632777,1952541,1952498.499486,4000,riesz4,1952527.575785,-13.424215,13.424215
7,10000000,31632777,1952541,1952498.499486,4000,tukey50,1952528.328783,-12.671217,12.671217
7,10000000,31632777,1952541,1952498.499486,4000,tukey25,1952532.199316,-8.800684,8.800684
7,10000000,31632777,1952541,1952498.499486,4000,cosine,1952528.588350,-12.411650,12.411650
8,100000000,106246783,6100105,6100090.346058,500,hard,6100109.873405,4.873405,4.873405
8,100000000,106246783,6100105,6100090.346058,500,triangle,6100119.001398,14.001398,14.001398
8,100000000,106246783,6100105,6100090.346058,500,hann,6100113.914789,8.914789,8.914789
8,100000000,106246783,6100105,6100090.346058,500,hamming,6100113.591479,8.591479,8.591479
8,100000000,106246783,6100105,6100090.346058,500,riesz,6100114.166702,9.166702,9.166702
8,100000000,106246783,6100105,6100090.346058,500,riesz4,6100113.922490,8.922490,8.922490
8,100000000,106246783,6100105,6100090.346058,500,tukey50,6100115.318634,10.318634,10.318634
8,100000000,106246783,6100105,6100090.346058,500,tukey25,6100116.342496,11.342496,11.342496
8,100000000,106246783,6100105,6100090.346058,500,cosine,6100114.113117,9.113117,9.113117
8,100000000,106246783,6100105,6100090.346058,1000,hard,6100102.039362,-2.960638,2.960638
8,100000000,106246783,6100105,6100090.346058,1000,triangle,6100110.159960,5.159960,5.159960
8,100000000,106246783,6100105,6100090.346058,1000,hann,6100108.453414,3.453414,3.453414
8,100000000,106246783,6100105,6100090.346058,1000,hamming,6100107.940290,2.940290,2.940290
8,100000000,106246783,6100105,6100090.346058,1000,riesz,6100103.992713,-1.007287,1.007287
8,100000000,106246783,6100105,6100090.346058,1000,riesz4,6100107.433524,2.433524,2.433524
8,100000000,106246783,6100105,6100090.346058,1000,tukey50,6100099.698590,-5.301410,5.301410
8,100000000,106246783,6100105,6100090.346058,1000,tukey25,6100097.773447,-7.226553,7.226553
8,100000000,106246783,6100105,6100090.346058,1000,cosine,6100104.775256,-0.224744,0.224744
8,100000000,106246783,6100105,6100090.346058,2000,hard,6100103.098482,-1.901518,1.901518
8,100000000,106246783,6100105,6100090.346058,2000,triangle,6100107.213391,2.213391,2.213391
8,100000000,106246783,6100105,6100090.346058,2000,hann,6100104.000129,-0.999871,0.999871
8,100000000,106246783,6100105,6100090.346058,2000,hamming,6100103.927998,-1.072002,1.072002
8,100000000,106246783,6100105,6100090.346058,2000,riesz,6100104.589365,-0.410635,0.410635
8,100000000,106246783,6100105,6100090.346058,2000,riesz4,6100104.014277,-0.985723,0.985723
8,100000000,106246783,6100105,6100090.346058,2000,tukey50,6100105.515524,0.515524,0.515524
8,100000000,106246783,6100105,6100090.346058,2000,tukey25,6100107.200819,2.200819,2.200819
8,100000000,106246783,6100105,6100090.346058,2000,cosine,6100104.464223,-0.535777,0.535777
8,100000000,106246783,6100105,6100090.346058,4000,hard,6100099.330917,-5.669083,5.669083
8,100000000,106246783,6100105,6100090.346058,4000,triangle,6100103.140129,-1.859871,1.859871
8,100000000,106246783,6100105,6100090.346058,4000,hann,6100102.137972,-2.862028,2.862028
8,100000000,106246783,6100105,6100090.346058,4000,hamming,6100101.913408,-3.086592,3.086592
8,100000000,106246783,6100105,6100090.346058,4000,riesz,6100100.199336,-4.800664,4.800664
8,100000000,106246783,6100105,6100090.346058,4000,riesz4,6100101.742351,-3.257649,3.257649
8,100000000,106246783,6100105,6100090.346058,4000,tukey50,6100098.720876,-6.279124,6.279124
8,100000000,106246783,6100105,6100090.346058,4000,tukey25,6100096.754985,-8.245015,8.245015
8,100000000,106246783,6100105,6100090.346058,4000,cosine,6100100.547715,-4.452285,4.452285
8,100000000,112883789,6458812,6458599.878137,500,hard,6458795.389607,-16.610393,16.610393
8,100000000,112883789,6458812,6458599.878137,500,triangle,6458805.187780,-6.812220,6.812220
8,100000000,112883789,6458812,6458599.878137,500,hann,6458814.809699,2.809699,2.809699
8,100000000,112883789,6458812,6458599.878137,500,hamming,6458813.256092,1.256092,1.256092
8,100000000,112883789,6458812,6458599.878137,500,riesz,6458807.549794,-4.450206,4.450206
8,100000000,112883789,6458812,6458599.878137,500,riesz4,6458814.041876,2.041876,2.041876
8,100000000,112883789,6458812,6458599.878137,500,tukey50,6458806.094296,-5.905704,5.905704
8,100000000,112883789,6458812,6458599.878137,500,tukey25,6458793.717784,-18.282216,18.282216
8,100000000,112883789,6458812,6458599.878137,500,cosine,6458808.979739,-3.020261,3.020261
8,100000000,112883789,6458812,6458599.878137,1000,hard,6458802.153733,-9.846267,9.846267
8,100000000,112883789,6458812,6458599.878137,1000,triangle,6458801.420650,-10.579350,10.579350
8,100000000,112883789,6458812,6458599.878137,1000,hann,6458802.533452,-9.466548,9.466548
8,100000000,112883789,6458812,6458599.878137,1000,hamming,6458802.503075,-9.496925,9.496925
8,100000000,112883789,6458812,6458599.878137,1000,riesz,6458800.631403,-11.368597,11.368597
8,100000000,112883789,6458812,6458599.878137,1000,riesz4,6458801.728997,-10.271003,10.271003
8,100000000,112883789,6458812,6458599.878137,1000,tukey50,6458798.136779,-13.863221,13.863221
8,100000000,112883789,6458812,6458599.878137,1000,tukey25,6458799.583677,-12.416323,12.416323
8,100000000,112883789,6458812,6458599.878137,1000,cosine,6458800.899712,-11.100288,11.100288
8,100000000,112883789,6458812,6458599.878137,2000,hard,6458813.471613,1.471613,1.471613
8,100000000,112883789,6458812,6458599.878137,2000,triangle,6458803.671902,-8.328098,8.328098
8,100000000,112883789,6458812,6458599.878137,2000,hann,6458802.726301,-9.273699,9.273699
8,100000000,112883789,6458812,6458599.878137,2000,hamming,6458803.585926,-8.414074,8.414074
8,100000000,112883789,6458812,6458599.878137,2000,riesz,6458804.951189,-7.048811,7.048811
8,100000000,112883789,6458812,6458599.878137,2000,riesz4,6458802.996323,-9.003677,9.003677
8,100000000,112883789,6458812,6458599.878137,2000,tukey50,6458804.881133,-7.118867,7.118867
8,100000000,112883789,6458812,6458599.878137,2000,tukey25,6458808.910449,-3.089551,3.089551
8,100000000,112883789,6458812,6458599.878137,2000,cosine,6458804.519405,-7.480595,7.480595
8,100000000,112883789,6458812,6458599.878137,4000,hard,6458814.450266,2.450266,2.450266
8,100000000,112883789,6458812,6458599.878137,4000,triangle,6458809.081418,-2.918582,2.918582
8,100000000,112883789,6458812,6458599.878137,4000,hann,6458810.025741,-1.974259,1.974259
8,100000000,112883789,6458812,6458599.878137,4000,hamming,6458810.379703,-1.620297,1.620297
8,100000000,112883789,6458812,6458599.878137,4000,riesz,6458811.854969,-0.145031,0.145031
8,100000000,112883789,6458812,6458599.878137,4000,riesz4,6458810.695609,-1.304391,1.304391
8,100000000,112883789,6458812,6458599.878137,4000,tukey50,6458815.394837,3.394837,3.394837
8,100000000,112883789,6458812,6458599.878137,4000,tukey25,6458810.411005,-1.588995,1.588995
8,100000000,112883789,6458812,6458599.878137,4000,cosine,6458811.578545,-0.421455,0.421455
8,100000000,119935395,6838172,6838262.583097,500,hard,6838188.471816,16.471816,16.471816
8,100000000,119935395,6838172,6838262.583097,500,triangle,6838167.775489,-4.224511,4.224511
8,100000000,119935395,6838172,6838262.583097,500,hann,6838163.482142,-8.517858,8.517858
8,100000000,119935395,6838172,6838262.583097,500,hamming,6838165.481316,-6.518684,6.518684
8,100000000,119935395,6838172,6838262.583097,500,riesz,6838173.681022,1.681022,1.681022
8,100000000,119935395,6838172,6838262.583097,500,riesz4,6838165.645293,-6.354707,6.354707
8,100000000,119935395,6838172,6838262.583097,500,tukey50,6838181.167985,9.167985,9.167985
8,100000000,119935395,6838172,6838262.583097,500,tukey25,6838187.007419,15.007419,15.007419
8,100000000,119935395,6838172,6838262.583097,500,cosine,6838171.863132,-0.136868,0.136868
8,100000000,119935395,6838172,6838262.583097,1000,hard,6838168.794352,-3.205648,3.205648
8,100000000,119935395,6838172,6838262.583097,1000,triangle,6838166.696624,-5.303376,5.303376
8,100000000,119935395,6838172,6838262.583097,1000,hann,6838169.377628,-2.622372,2.622372
8,100000000,119935395,6838172,6838262.583097,1000,hamming,6838169.330966,-2.669034,2.669034
8,100000000,119935395,6838172,6838262.583097,1000,riesz,6838167.079974,-4.920026,4.920026
8,100000000,119935395,6838172,6838262.583097,1000,riesz4,6838169.004013,-2.995987,2.995987
8,100000000,119935395,6838172,6838262.583097,1000,tukey50,6838163.111769,-8.888231,8.888231
8,100000000,119935395,6838172,6838262.583097,1000,tukey25,6838161.899259,-10.100741,10.100741
8,100000000,119935395,6838172,6838262.583097,1000,cosine,6838167.510681,-4.489319,4.489319
8,100000000,119935395,6838172,6838262.583097,2000,hard,6838154.789074,-17.210926,17.210926
8,100000000,119935395,6838172,6838262.583097,2000,triangle,6838161.572670,-10.427330,10.427330
8,100000000,119935395,6838172,6838262.583097,2000,hann,6838161.837391,-10.162609,10.162609
8,100000000,119935395,6838172,6838262.583097,2000,hamming,6838161.273525,-10.726475,10.726475
8,100000000,119935395,6838172,6838262.583097,2000,riesz,6838159.151058,-12.848942,12.848942
8,100000000,119935395,6838172,6838262.583097,2000,riesz4,6838161.083201,-10.916799,10.916799
8,100000000,119935395,6838172,6838262.583097,2000,tukey50,6838155.979997,-16.020003,16.020003
8,100000000,119935395,6838172,6838262.583097,2000,tukey25,6838158.093452,-13.906548,13.906548
8,100000000,119935395,6838172,6838262.583097,2000,cosine,6838159.597214,-12.402786,12.402786
8,100000000,119935395,6838172,6838262.583097,4000,hard,6838163.543981,-8.456019,8.456019
8,100000000,119935395,6838172,6838262.583097,4000,triangle,6838160.577265,-11.422735,11.422735
8,100000000,119935395,6838172,6838262.583097,4000,hann,6838159.592862,-12.407138,12.407138
8,100000000,119935395,6838172,6838262.583097,4000,hamming,6838159.908951,-12.091049,12.091049
8,100000000,119935395,6838172,6838262.583097,4000,riesz,6838159.433009,-12.566991,12.566991
8,100000000,119935395,6838172,6838262.583097,4000,riesz4,6838159.440204,-12.559796,12.559796
8,100000000,119935395,6838172,6838262.583097,4000,tukey50,6838158.819145,-13.180855,13.180855
8,100000000,119935395,6838172,6838262.583097,4000,tukey25,6838158.656683,-13.343317,13.343317
8,100000000,119935395,6838172,6838262.583097,4000,cosine,6838159.440859,-12.559141,12.559141
8,100000000,127427499,7240314,7240330.760892,500,hard,7240344.468815,30.468815,30.468815
8,100000000,127427499,7240314,7240330.760892,500,triangle,7240345.102781,31.102781,31.102781
8,100000000,127427499,7240314,7240330.760892,500,hann,7240344.116026,30.116026,30.116026
8,100000000,127427499,7240314,7240330.760892,500,hamming,7240344.144249,30.144249,30.144249
8,100000000,127427499,7240314,7240330.760892,500,riesz,7240343.815289,29.815289,29.815289
8,100000000,127427499,7240314,7240330.760892,500,riesz4,7240343.891335,29.891335,29.891335
8,100000000,127427499,7240314,7240330.760892,500,tukey50,7240341.705170,27.705170,27.705170
8,100000000,127427499,7240314,7240330.760892,500,tukey25,7240344.183332,30.183332,30.183332
8,100000000,127427499,7240314,7240330.760892,500,cosine,7240343.840896,29.840896,29.840896
8,100000000,127427499,7240314,7240330.760892,1000,hard,7240348.324407,34.324407,34.324407
8,100000000,127427499,7240314,7240330.760892,1000,triangle,7240344.371001,30.371001,30.371001
8,100000000,127427499,7240314,7240330.760892,1000,hann,7240342.090457,28.090457,28.090457
8,100000000,127427499,7240314,7240330.760892,1000,hamming,7240342.589173,28.589173,28.589173
8,100000000,127427499,7240314,7240330.760892,1000,riesz,7240344.660982,30.660982,30.660982
8,100000000,127427499,7240314,7240330.760892,1000,riesz4,7240342.285988,28.285988,28.285988
8,100000000,127427499,7240314,7240330.760892,1000,tukey50,7240343.449225,29.449225,29.449225
8,100000000,127427499,7240314,7240330.760892,1000,tukey25,7240351.848914,37.848914,37.848914
8,100000000,127427499,7240314,7240330.760892,1000,cosine,7240344.141386,30.141386,30.141386
8,100000000,127427499,7240314,7240330.760892,2000,hard,7240337.337173,23.337173,23.337173
8,100000000,127427499,7240314,7240330.760892,2000,triangle,7240338.712051,24.712051,24.712051
8,100000000,127427499,7240314,7240330.760892,2000,hann,7240338.730034,24.730034,24.730034
8,100000000,127427499,7240314,7240330.760892,2000,hamming,7240338.618605,24.618605,24.618605
8,100000000,127427499,7240314,7240330.760892,2000,riesz,7240335.748127,21.748127,21.748127
8,100000000,127427499,7240314,7240330.760892,2000,riesz4,7240337.923011,23.923011,23.923011
8,100000000,127427499,7240314,7240330.760892,2000,tukey50,7240330.967688,16.967688,16.967688
8,100000000,127427499,7240314,7240330.760892,2000,tukey25,7240331.632273,17.632273,17.632273
8,100000000,127427499,7240314,7240330.760892,2000,cosine,7240336.249753,22.249753,22.249753
8,100000000,127427499,7240314,7240330.760892,4000,hard,7240325.793690,11.793690,11.793690
8,100000000,127427499,7240314,7240330.760892,4000,triangle,7240335.493959,21.493959,21.493959
8,100000000,127427499,7240314,7240330.760892,4000,hann,7240335.610478,21.610478,21.610478
8,100000000,127427499,7240314,7240330.760892,4000,hamming,7240334.825135,20.825135,20.825135
8,100000000,127427499,7240314,7240330.760892,4000,riesz,7240332.304917,18.304917,18.304917
8,100000000,127427499,7240314,7240330.760892,4000,riesz4,7240335.065106,21.065106,21.065106
8,100000000,127427499,7240314,7240330.760892,4000,tukey50,7240331.834531,17.834531,17.834531
8,100000000,127427499,7240314,7240330.760892,4000,tukey25,7240325.745022,11.745022,11.745022
8,100000000,127427499,7240314,7240330.760892,4000,cosine,7240332.921307,18.921307,18.921307
8,100000000,135387618,7666137,7666131.140268,500,hard,7666189.679379,52.679379,52.679379
8,100000000,135387618,7666137,7666131.140268,500,triangle,7666143.225550,6.225550,6.225550
8,100000000,135387618,7666137,7666131.140268,500,hann,7666142.616288,5.616288,5.616288
8,100000000,135387618,7666137,7666131.140268,500,hamming,7666146.381335,9.381335,9.381335
8,100000000,135387618,7666137,7666131.140268,500,riesz,7666159.171058,22.171058,22.171058
8,100000000,135387618,7666137,7666131.140268,500,riesz4,7666146.037435,9.037435,9.037435
8,100000000,135387618,7666137,7666131.140268,500,tukey50,7666167.154210,30.154210,30.154210
8,100000000,135387618,7666137,7666131.140268,500,tukey25,7666177.561185,40.561185,40.561185
8,100000000,135387618,7666137,7666131.140268,500,cosine,7666156.206430,19.206430,19.206430
8,100000000,135387618,7666137,7666131.140268,1000,hard,7666176.241642,39.241642,39.241642
8,100000000,135387618,7666137,7666131.140268,1000,triangle,7666161.853850,24.853850,24.853850
8,100000000,135387618,7666137,7666131.140268,1000,hann,7666169.320680,32.320680,32.320680
8,100000000,135387618,7666137,7666131.140268,1000,hamming,7666169.874357,32.874357,32.874357
8,100000000,135387618,7666137,7666131.140268,1000,riesz,7666174.507271,37.507271,37.507271
8,100000000,135387618,7666137,7666131.140268,1000,riesz4,7666171.170960,34.170960,34.170960
8,100000000,135387618,7666137,7666131.140268,1000,tukey50,7666179.934988,42.934988,42.934988
8,100000000,135387618,7666137,7666131.140268,1000,tukey25,7666178.290448,41.290448,41.290448
8,100000000,135387618,7666137,7666131.140268,1000,cosine,7666173.715371,36.715371,36.715371
8,100000000,135387618,7666137,7666131.140268,2000,hard,7666168.783406,31.783406,31.783406
8,100000000,135387618,7666137,7666131.140268,2000,triangle,7666168.482501,31.482501,31.482501
8,100000000,135387618,7666137,7666131.140268,2000,hann,7666174.775684,37.775684,37.775684
8,100000000,135387618,7666137,7666131.140268,2000,hamming,7666174.296302,37.296302,37.296302
8,100000000,135387618,7666137,7666131.140268,2000,riesz,7666174.748501,37.748501,37.748501
8,100000000,135387618,7666137,7666131.140268,2000,riesz4,7666174.987153,37.987153,37.987153
8,100000000,135387618,7666137,7666131.140268,2000,tukey50,7666175.382893,38.382893,38.382893
8,100000000,135387618,7666137,7666131.140268,2000,tukey25,7666174.153989,37.153989,37.153989
8,100000000,135387618,7666137,7666131.140268,2000,cosine,7666174.791636,37.791636,37.791636
8,100000000,135387618,7666137,7666131.140268,4000,hard,7666160.770483,23.770483,23.770483
8,100000000,135387618,7666137,7666131.140268,4000,triangle,7666166.685008,29.685008,29.685008
8,100000000,135387618,7666137,7666131.140268,4000,hann,7666170.172447,33.172447,33.172447
8,100000000,135387618,7666137,7666131.140268,4000,hamming,7666169.420290,32.420290,32.420290
8,100000000,135387618,7666137,7666131.140268,4000,riesz,7666167.142294,30.142294,30.142294
8,100000000,135387618,7666137,7666131.140268,4000,riesz4,7666169.502675,32.502675,32.502675
8,100000000,135387618,7666137,7666131.140268,4000,tukey50,7666164.776812,27.776812,27.776812
8,100000000,135387618,7666137,7666131.140268,4000,tukey25,7666163.683289,26.683289,26.683289
8,100000000,135387618,7666137,7666131.140268,4000,cosine,7666167.677566,30.677566,30.677566
8,100000000,143844989,8117155,8117069.302097,500,hard,8117157.669055,2.669055,2.669055
8,100000000,143844989,8117155,8117069.302097,500,triangle,8117155.873693,0.873693,0.873693
8,100000000,143844989,8117155,8117069.302097,500,hann,8117167.013635,12.013635,12.013635
8,100000000,143844989,8117155,8117069.302097,500,hamming,8117166.266068,11.266068,11.266068
8,100000000,143844989,8117155,8117069.302097,500,riesz,8117166.208828,11.208828,11.208828
8,100000000,143844989,8117155,8117069.302097,500,riesz4,8117167.253014,12.253014,12.253014
8,100000000,143844989,8117155,8117069.302097,500,tukey50,8117166.343033,11.343033,11.343033
8,100000000,143844989,8117155,8117069.302097,500,tukey25,8117161.025217,6.025217,6.025217
8,100000000,143844989,8117155,8117069.302097,500,cosine,8117166.425279,11.425279,11.425279
8,100000000,143844989,8117155,8117069.302097,1000,hard,8117154.514520,-0.485480,0.485480
8,100000000,143844989,8117155,8117069.302097,1000,triangle,8117156.258020,1.258020,1.258020
8,100000000,143844989,8117155,8117069.302097,1000,hann,8117161.315540,6.315540,6.315540
8,100000000,143844989,8117155,8117069.302097,1000,hamming,8117160.771459,5.771459,5.771459
8,100000000,143844989,8117155,8117069.302097,1000,riesz,8117159.076162,4.076162,4.076162
8,100000000,143844989,8117155,8117069.302097,1000,riesz4,8117160.646342,5.646342,5.646342
8,100000000,143844989,8117155,8117069.302097,1000,tukey50,8117155.525196,0.525196,0.525196
8,100000000,143844989,8117155,8117069.302097,1000,tukey25,8117159.975711,4.975711,4.975711
8,100000000,143844989,8117155,8117069.302097,1000,cosine,8117159.441140,4.441140,4.441140
8,100000000,143844989,8117155,8117069.302097,2000,hard,8117158.920133,3.920133,3.920133
8,100000000,143844989,8117155,8117069.302097,2000,triangle,8117156.383775,1.383775,1.383775
8,100000000,143844989,8117155,8117069.302097,2000,hann,8117157.812236,2.812236,2.812236
8,100000000,143844989,8117155,8117069.302097,2000,hamming,8117157.900868,2.900868,2.900868
8,100000000,143844989,8117155,8117069.302097,2000,riesz,8117157.195306,2.195306,2.195306
8,100000000,143844989,8117155,8117069.302097,2000,riesz4,8117157.532784,2.532784,2.532784
8,100000000,143844989,8117155,8117069.302097,2000,tukey50,8117155.703086,0.703086,0.703086
8,100000000,143844989,8117155,8117069.302097,2000,tukey25,8117157.547476,2.547476,2.547476
8,100000000,143844989,8117155,8117069.302097,2000,cosine,8117157.279164,2.279164,2.279164
8,100000000,143844989,8117155,8117069.302097,4000,hard,8117156.814787,1.814787,1.814787
8,100000000,143844989,8117155,8117069.302097,4000,triangle,8117157.646999,2.646999,2.646999
8,100000000,143844989,8117155,8117069.302097,4000,hann,8117158.356441,3.356441,3.356441
8,100000000,143844989,8117155,8117069.302097,4000,hamming,8117158.233109,3.233109,3.233109
8,100000000,143844989,8117155,8117069.302097,4000,riesz,8117158.361561,3.361561,3.361561
8,100000000,143844989,8117155,8117069.302097,4000,riesz4,8117158.472361,3.472361,3.472361
8,100000000,143844989,8117155,8117069.302097,4000,tukey50,8117159.603894,4.603894,4.603894
8,100000000,143844989,8117155,8117069.302097,4000,tukey25,8117158.330809,3.330809,3.330809
8,100000000,143844989,8117155,8117069.302097,4000,cosine,8117158.380464,3.380464,3.380464
8,100000000,152830673,8594504,8594634.191229,500,hard,8594436.809541,-67.190459,67.190459
8,100000000,152830673,8594504,8594634.191229,500,triangle,8594452.249748,-51.750252,51.750252
8,100000000,152830673,8594504,8594634.191229,500,hann,8594444.585275,-59.414725,59.414725
8,100000000,152830673,8594504,8594634.191229,500,hamming,8594443.963217,-60.036783,60.036783
8,100000000,152830673,8594504,8594634.191229,500,riesz,8594438.966098,-65.033902,65.033902
8,100000000,152830673,8594504,8594634.191229,500,riesz4,8594442.994445,-61.005555,61.005555
8,100000000,152830673,8594504,8594634.191229,500,tukey50,8594433.748600,-70.251400,70.251400
8,100000000,152830673,8594504,8594634.191229,500,tukey25,8594433.828280,-70.171720,70.171720
8,100000000,152830673,8594504,8594634.191229,500,cosine,8594439.897168,-64.102832,64.102832
8,100000000,152830673,8594504,8594634.191229,1000,hard,8594459.573141,-44.426859,44.426859
8,100000000,152830673,8594504,8594634.191229,1000,triangle,8594454.691950,-49.308050,49.308050
8,100000000,152830673,8594504,8594634.191229,1000,hann,8594447.292169,-56.707831,56.707831
8,100000000,152830673,8594504,8594634.191229,1000,hamming,8594448.274647,-55.725353,55.725353
8,100000000,152830673,8594504,8594634.191229,1000,riesz,8594453.492449,-50.507551,50.507551
8,100000000,152830673,8594504,8594634.191229,1000,riesz4,8594448.540945,-55.459055,55.459055
8,100000000,152830673,8594504,8594634.191229,1000,tukey50,8594459.410048,-44.589952,44.589952
8,100000000,152830673,8594504,8594634.191229,1000,tukey25,8594462.555877,-41.444123,41.444123
8,100000000,152830673,8594504,8594634.191229,1000,cosine,8594452.374931,-51.625069,51.625069
8,100000000,152830673,8594504,8594634.191229,2000,hard,8594474.949800,-29.050200,29.050200
8,100000000,152830673,8594504,8594634.191229,2000,triangle,8594460.540398,-43.459602,43.459602
8,100000000,152830673,8594504,8594634.191229,2000,hann,8594458.600801,-45.399199,45.399199
8,100000000,152830673,8594504,8594634.191229,2000,hamming,8594459.908721,-44.091279,44.091279
8,100000000,152830673,8594504,8594634.191229,2000,riesz,8594463.665238,-40.334762,40.334762
8,100000000,152830673,8594504,8594634.191229,2000,riesz4,8594459.779674,-44.220326,44.220326
8,100000000,152830673,8594504,8594634.191229,2000,tukey50,8594466.794517,-37.205483,37.205483
8,100000000,152830673,8594504,8594634.191229,2000,tukey25,8594469.419141,-34.580859,34.580859
8,100000000,152830673,8594504,8594634.191229,2000,cosine,8594462.781401,-41.218599,41.218599
8,100000000,152830673,8594504,8594634.191229,4000,hard,8594486.445330,-17.554670,17.554670
8,100000000,152830673,8594504,8594634.191229,4000,triangle,8594470.973106,-33.026894,33.026894
8,100000000,152830673,8594504,8594634.191229,4000,hann,8594471.129956,-32.870044,32.870044
8,100000000,152830673,8594504,8594634.191229,4000,hamming,8594472.355186,-31.644814,31.644814
8,100000000,152830673,8594504,8594634.191229,4000,riesz,8594477.572187,-26.427813,26.427813
8,100000000,152830673,8594504,8594634.191229,4000,riesz4,8594472.582426,-31.417574,31.417574
8,100000000,152830673,8594504,8594634.191229,4000,tukey50,8594481.699505,-22.300495,22.300495
8,100000000,152830673,8594504,8594634.191229,4000,tukey25,8594485.786891,-18.213109,18.213109
8,100000000,152830673,8594504,8594634.191229,4000,cosine,8594476.439432,-27.560568,27.560568
8,100000000,162377674,9100232,9100403.350472,500,hard,9100219.921075,-12.078925,12.078925
8,100000000,162377674,9100232,9100403.350472,500,triangle,9100220.764278,-11.235722,11.235722
8,100000000,162377674,9100232,9100403.350472,500,hann,9100210.498028,-21.501972,21.501972
8,100000000,162377674,9100232,9100403.350472,500,hamming,9100211.251872,-20.748128,20.748128
8,100000000,162377674,9100232,9100403.350472,500,riesz,9100204.704181,-27.295819,27.295819
8,100000000,162377674,9100232,9100403.350472,500,riesz4,9100207.908549,-24.091451,24.091451
8,100000000,162377674,9100232,9100403.350472,500,tukey50,9100194.566843,-37.433157,37.433157
8,100000000,162377674,9100232,9100403.350472,500,tukey25,9100203.868743,-28.131257,28.131257
8,100000000,162377674,9100232,9100403.350472,500,cosine,9100205.497561,-26.502439,26.502439
8,100000000,162377674,9100232,9100403.350472,1000,hard,9100214.925684,-17.074316,17.074316
8,100000000,162377674,9100232,9100403.350472,1000,triangle,9100218.636070,-13.363930,13.363930
8,100000000,162377674,9100232,9100403.350472,1000,hann,9100211.781083,-20.218917,20.218917
8,100000000,162377674,9100232,9100403.350472,1000,hamming,9100212.032651,-19.967349,19.967349
8,100000000,162377674,9100232,9100403.350472,1000,riesz,9100213.099061,-18.900939,18.900939
8,100000000,162377674,9100232,9100403.350472,1000,riesz4,9100212.182598,-19.817402,19.817402
8,100000000,162377674,9100232,9100403.350472,1000,tukey50,9100216.314750,-15.685250,15.685250
8,100000000,162377674,9100232,9100403.350472,1000,tukey25,9100211.113310,-20.886690,20.886690
8,100000000,162377674,9100232,9100403.350472,1000,cosine,9100212.885386,-19.114614,19.114614
8,100000000,162377674,9100232,9100403.350472,2000,hard,9100224.925344,-7.074656,7.074656
8,100000000,162377674,9100232,9100403.350472,2000,triangle,9100222.432534,-9.567466,9.567466
8,100000000,162377674,9100232,9100403.350472,2000,hann,9100218.788870,-13.211130,13.211130
8,100000000,162377674,9100232,9100403.350472,2000,hamming,9100219.279788,-12.720212,12.720212
8,100000000,162377674,9100232,9100403.350472,2000,riesz,9100223.533595,-8.466405,8.466405
8,100000000,162377674,9100232,9100403.350472,2000,riesz4,9100219.919869,-12.080131,12.080131
8,100000000,162377674,9100232,9100403.350472,2000,tukey50,9100228.205116,-3.794884,3.794884
8,100000000,162377674,9100232,9100403.350472,2000,tukey25,9100230.162451,-1.837549,1.837549
8,100000000,162377674,9100232,9100403.350472,2000,cosine,9100222.709365,-9.290635,9.290635
8,100000000,162377674,9100232,9100403.350472,4000,hard,9100226.830665,-5.169335,5.169335
8,100000000,162377674,9100232,9100403.350472,4000,triangle,9100223.378557,-8.621443,8.621443
8,100000000,162377674,9100232,9100403.350472,4000,hann,9100223.237417,-8.762583,8.762583
8,100000000,162377674,9100232,9100403.350472,4000,hamming,9100223.524877,-8.475123,8.475123
8,100000000,162377674,9100232,9100403.350472,4000,riesz,9100224.272529,-7.727471,7.727471
8,100000000,162377674,9100232,9100403.350472,4000,riesz4,9100223.476017,-8.523983,8.523983
8,100000000,162377674,9100232,9100403.350472,4000,tukey50,9100223.937210,-8.062790,8.062790
8,100000000,162377674,9100232,9100403.350472,4000,tukey25,9100225.277366,-6.722634,6.722634
8,100000000,162377674,9100232,9100403.350472,4000,cosine,9100224.091834,-7.908166,7.908166
8,100000000,172521055,9636192,9636047.912430,500,hard,9636186.553056,-5.446944,5.446944
8,100000000,172521055,9636192,9636047.912430,500,triangle,9636181.348577,-10.651423,10.651423
8,100000000,172521055,9636192,9636047.912430,500,hann,9636183.915418,-8.084582,8.084582
8,100000000,172521055,9636192,9636047.912430,500,hamming,9636184.126429,-7.873571,7.873571
8,100000000,172521055,9636192,9636047.912430,500,riesz,9636181.449945,-10.550055,10.550055
8,100000000,172521055,9636192,9636047.912430,500,riesz4,9636183.038423,-8.961577,8.961577
8,100000000,172521055,9636192,9636047.912430,500,tukey50,9636175.293050,-16.706950,16.706950
8,100000000,172521055,9636192,9636047.912430,500,tukey25,9636178.558297,-13.441703,13.441703
8,100000000,172521055,9636192,9636047.912430,500,cosine,9636181.828206,-10.171794,10.171794
8,100000000,172521055,9636192,9636047.912430,1000,hard,9636194.867768,2.867768,2.867768
8,100000000,172521055,9636192,9636047.912430,1000,triangle,9636188.283764,-3.716236,3.716236
8,100000000,172521055,9636192,9636047.912430,1000,hann,9636187.276166,-4.723834,4.723834
8,100000000,172521055,9636192,9636047.912430,1000,hamming,9636187.883494,-4.116506,4.116506
8,100000000,172521055,9636192,9636047.912430,1000,riesz,9636192.686814,0.686814,0.686814
8,100000000,172521055,9636192,9636047.912430,1000,riesz4,9636188.447608,-3.552392,3.552392
8,100000000,172521055,9636192,9636047.912430,1000,tukey50,9636197.917175,5.917175,5.917175
8,100000000,172521055,9636192,9636047.912430,1000,tukey25,9636203.053824,11.053824,11.053824
8,100000000,172521055,9636192,9636047.912430,1000,cosine,9636191.725532,-0.274468,0.274468
8,100000000,172521055,9636192,9636047.912430,2000,hard,9636200.771077,8.771077,8.771077
8,100000000,172521055,9636192,9636047.912430,2000,triangle,9636195.288329,3.288329,3.288329
8,100000000,172521055,9636192,9636047.912430,2000,hann,9636196.103490,4.103490,4.103490
8,100000000,172521055,9636192,9636047.912430,2000,hamming,9636196.476897,4.476897,4.476897
8,100000000,172521055,9636192,9636047.912430,2000,riesz,9636200.473775,8.473775,8.473775
8,100000000,172521055,9636192,9636047.912430,2000,riesz4,9636197.104672,5.104672,5.104672
8,100000000,172521055,9636192,9636047.912430,2000,tukey50,9636202.966708,10.966708,10.966708
8,100000000,172521055,9636192,9636047.912430,2000,tukey25,9636207.150975,15.150975,15.150975
8,100000000,172521055,9636192,9636047.912430,2000,cosine,9636199.707924,7.707924,7.707924
8,100000000,172521055,9636192,9636047.912430,4000,hard,9636199.504269,7.504269,7.504269
8,100000000,172521055,9636192,9636047.912430,4000,triangle,9636198.091571,6.091571,6.091571
8,100000000,172521055,9636192,9636047.912430,4000,hann,9636200.150697,8.150697,8.150697
8,100000000,172521055,9636192,9636047.912430,4000,hamming,9636200.098983,8.098983,8.098983
8,100000000,172521055,9636192,9636047.912430,4000,riesz,9636200.929316,8.929316,8.929316
8,100000000,172521055,9636192,9636047.912430,4000,riesz4,9636200.453783,8.453783,8.453783
8,100000000,172521055,9636192,9636047.912430,4000,tukey50,9636201.818393,9.818393,9.818393
8,100000000,172521055,9636192,9636047.912430,4000,tukey25,9636202.008589,10.008589,10.008589
8,100000000,172521055,9636192,9636047.912430,4000,cosine,9636200.814660,8.814660,8.814660
8,100000000,183298071,10203242,10203338.406702,500,hard,10203276.098935,34.098935,34.098935
8,100000000,183298071,10203242,10203338.406702,500,triangle,10203321.824022,79.824022,79.824022
8,100000000,183298071,10203242,10203338.406702,500,hann,10203302.411348,60.411348,60.411348
8,100000000,183298071,10203242,10203338.406702,500,hamming,10203300.306355,58.306355,58.306355
8,100000000,183298071,10203242,10203338.406702,500,riesz,10203289.091279,47.091279,47.091279
8,100000000,183298071,10203242,10203338.406702,500,riesz4,10203298.473430,56.473430,56.473430
8,100000000,183298071,10203242,10203338.406702,500,tukey50,10203276.099997,34.099997,34.099997
8,100000000,183298071,10203242,10203338.406702,500,tukey25,10203277.061569,35.061569,35.061569
8,100000000,183298071,10203242,10203338.406702,500,cosine,10203291.268876,49.268876,49.268876
8,100000000,183298071,10203242,10203338.406702,1000,hard,10203257.850179,15.850179,15.850179
8,100000000,183298071,10203242,10203338.406702,1000,triangle,10203293.869138,51.869138,51.869138
8,100000000,183298071,10203242,10203338.406702,1000,hann,10203280.004711,38.004711,38.004711
8,100000000,183298071,10203242,10203338.406702,1000,hamming,10203278.232349,36.232349,36.232349
8,100000000,183298071,10203242,10203338.406702,1000,riesz,10203270.920073,28.920073,28.920073
8,100000000,183298071,10203242,10203338.406702,1000,riesz4,10203277.945023,35.945023,35.945023
8,100000000,183298071,10203242,10203338.406702,1000,tukey50,10203266.627795,24.627795,24.627795
8,100000000,183298071,10203242,10203338.406702,1000,tukey25,10203260.510821,18.510821,18.510821
8,100000000,183298071,10203242,10203338.406702,1000,cosine,10203272.514570,30.514570,30.514570
8,100000000,183298071,10203242,10203338.406702,2000,hard,10203252.051069,10.051069,10.051069
8,100000000,183298071,10203242,10203338.406702,2000,triangle,10203272.735731,30.735731,30.735731
8,100000000,183298071,10203242,10203338.406702,2000,hann,10203262.452598,20.452598,20.452598
8,100000000,183298071,10203242,10203338.406702,2000,hamming,10203261.620476,19.620476,19.620476
8,100000000,183298071,10203242,10203338.406702,2000,riesz,10203256.217632,14.217632,14.217632
8,100000000,183298071,10203242,10203338.406702,2000,riesz4,10203260.830200,18.830200,18.830200
8,100000000,183298071,10203242,10203338.406702,2000,tukey50,10203251.735656,9.735656,9.735656
8,100000000,183298071,10203242,10203338.406702,2000,tukey25,10203248.618646,6.618646,6.618646
8,100000000,183298071,10203242,10203338.406702,2000,cosine,10203257.275782,15.275782,15.275782
8,100000000,183298071,10203242,10203338.406702,4000,hard,10203243.127463,1.127463,1.127463
8,100000000,183298071,10203242,10203338.406702,4000,triangle,10203261.276778,19.276778,19.276778
8,100000000,183298071,10203242,10203338.406702,4000,hann,10203253.737411,11.737411,11.737411
8,100000000,183298071,10203242,10203338.406702,4000,hamming,10203252.888615,10.888615,10.888615
8,100000000,183298071,10203242,10203338.406702,4000,riesz,10203251.342856,9.342856,9.342856
8,100000000,183298071,10203242,10203338.406702,4000,riesz4,10203253.149248,11.149248,11.149248
8,100000000,183298071,10203242,10203338.406702,4000,tukey50,10203250.532428,8.532428,8.532428
8,100000000,183298071,10203242,10203338.406702,4000,tukey25,10203250.575482,8.575482,8.575482
8,100000000,183298071,10203242,10203338.406702,4000,cosine,10203251.754704,9.754704,9.754704
8,100000000,194748304,10804260,10804150.579509,500,hard,10804308.415969,48.415969,48.415969
8,100000000,194748304,10804260,10804150.579509,500,triangle,10804296.187565,36.187565,36.187565
8,100000000,194748304,10804260,10804150.579509,500,hann,10804306.474874,46.474874,46.474874
8,100000000,194748304,10804260,10804150.579509,500,hamming,10804306.630161,46.630161,46.630161
8,100000000,194748304,10804260,10804150.579509,500,riesz,10804313.685155,53.685155,53.685155
8,100000000,194748304,10804260,10804150.579509,500,riesz4,10804308.444534,48.444534,48.444534
8,100000000,194748304,10804260,10804150.579509,500,tukey50,10804319.828787,59.828787,59.828787
8,100000000,194748304,10804260,10804150.579509,500,tukey25,10804324.115209,64.115209,64.115209
8,100000000,194748304,10804260,10804150.579509,500,cosine,10804312.477525,52.477525,52.477525
8,100000000,194748304,10804260,10804150.579509,1000,hard,10804302.607519,42.607519,42.607519
8,100000000,194748304,10804260,10804150.579509,1000,triangle,10804300.787047,40.787047,40.787047
8,100000000,194748304,10804260,10804150.579509,1000,hann,10804309.416460,49.416460,49.416460
8,100000000,194748304,10804260,10804150.579509,1000,hamming,10804308.871744,48.871744,48.871744
8,100000000,194748304,10804260,10804150.579509,1000,riesz,10804307.119647,47.119647,47.119647
8,100000000,194748304,10804260,10804150.579509,1000,riesz4,10804309.049183,49.049183,49.049183
8,100000000,194748304,10804260,10804150.579509,1000,tukey50,10804304.793882,44.793882,44.793882
8,100000000,194748304,10804260,10804150.579509,1000,tukey25,10804301.727770,41.727770,41.727770
8,100000000,194748304,10804260,10804150.579509,1000,cosine,10804307.550811,47.550811,47.550811
8,100000000,194748304,10804260,10804150.579509,2000,hard,10804258.175046,-1.824954,1.824954
8,100000000,194748304,10804260,10804150.579509,2000,triangle,10804288.875681,28.875681,28.875681
8,100000000,194748304,10804260,10804150.579509,2000,hann,10804295.259158,35.259158,35.259158
8,100000000,194748304,10804260,10804150.579509,2000,hamming,10804292.292429,32.292429,32.292429
8,100000000,194748304,10804260,10804150.579509,2000,riesz,10804282.650686,22.650686,22.650686
8,100000000,194748304,10804260,10804150.579509,2000,riesz4,10804292.909224,32.909224,32.909224
8,100000000,194748304,10804260,10804150.579509,2000,tukey50,10804276.668433,16.668433,16.668433
8,100000000,194748304,10804260,10804150.579509,2000,tukey25,10804265.953772,5.953772,5.953772
8,100000000,194748304,10804260,10804150.579509,2000,cosine,10804284.954162,24.954162,24.954162
8,100000000,194748304,10804260,10804150.579509,4000,hard,10804264.862712,4.862712,4.862712
8,100000000,194748304,10804260,10804150.579509,4000,triangle,10804274.637291,14.637291,14.637291
8,100000000,194748304,10804260,10804150.579509,4000,hann,10804272.269484,12.269484,12.269484
8,100000000,194748304,10804260,10804150.579509,4000,hamming,10804271.676942,11.676942,11.676942
8,100000000,194748304,10804260,10804150.579509,4000,riesz,10804266.184463,6.184463,6.184463
8,100000000,194748304,10804260,10804150.579509,4000,riesz4,10804270.374866,10.374866,10.374866
8,100000000,194748304,10804260,10804150.579509,4000,tukey50,10804259.931291,-0.068709,0.068709
8,100000000,194748304,10804260,10804150.579509,4000,tukey25,10804261.643121,1.643121,1.643121
8,100000000,194748304,10804260,10804150.579509,4000,cosine,10804267.162458,7.162458,7.162458
8,100000000,206913808,11440387,11440471.644349,500,hard,11440384.741158,-2.258842,2.258842
8,100000000,206913808,11440387,11440471.644349,500,triangle,11440394.695301,7.695301,7.695301
8,100000000,206913808,11440387,11440471.644349,500,hann,11440399.437303,12.437303,12.437303
8,100000000,206913808,11440387,11440471.644349,500,hamming,11440398.261611,11.261611,11.261611
8,100000000,206913808,11440387,11440471.644349,500,riesz,11440391.792003,4.792003,4.792003
8,100000000,206913808,11440387,11440471.644349,500,riesz4,11440398.482834,11.482834,11.482834
8,100000000,206913808,11440387,11440471.644349,500,tukey50,11440391.432998,4.432998,4.432998
8,100000000,206913808,11440387,11440471.644349,500,tukey25,11440376.370815,-10.629185,10.629185
8,100000000,206913808,11440387,11440471.644349,500,cosine,11440393.271532,6.271532,6.271532
8,100000000,206913808,11440387,11440471.644349,1000,hard,11440400.586160,13.586160,13.586160
8,100000000,206913808,11440387,11440471.644349,1000,triangle,11440389.438757,2.438757,2.438757
8,100000000,206913808,11440387,11440471.644349,1000,hann,11440388.493944,1.493944,1.493944
8,100000000,206913808,11440387,11440471.644349,1000,hamming,11440389.461321,2.461321,2.461321
8,100000000,206913808,11440387,11440471.644349,1000,riesz,11440386.123392,-0.876608,0.876608
8,100000000,206913808,11440387,11440471.644349,1000,riesz4,11440387.568626,0.568626,0.568626
8,100000000,206913808,11440387,11440471.644349,1000,tukey50,11440382.433910,-4.566090,4.566090
8,100000000,206913808,11440387,11440471.644349,1000,tukey25,11440383.585515,-3.414485,3.414485
8,100000000,206913808,11440387,11440471.644349,1000,cosine,11440386.472048,-0.527952,0.527952
8,100000000,206913808,11440387,11440471.644349,2000,hard,11440398.699309,11.699309,11.699309
8,100000000,206913808,11440387,11440471.644349,2000,triangle,11440393.643737,6.643737,6.643737
8,100000000,206913808,11440387,11440471.644349,2000,hann,11440390.953065,3.953065,3.953065
8,100000000,206913808,11440387,11440471.644349,2000,hamming,11440391.572765,4.572765,4.572765
8,100000000,206913808,11440387,11440471.644349,2000,riesz,11440395.614801,8.614801,8.614801
8,100000000,206913808,11440387,11440471.644349,2000,riesz4,11440391.749371,4.749371,4.749371
8,100000000,206913808,11440387,11440471.644349,2000,tukey50,11440397.483480,10.483480,10.483480
8,100000000,206913808,11440387,11440471.644349,2000,tukey25,11440403.846569,16.846569,16.846569
8,100000000,206913808,11440387,11440471.644349,2000,cosine,11440394.749935,7.749935,7.749935
8,100000000,206913808,11440387,11440471.644349,4000,hard,11440415.865386,28.865386,28.865386
8,100000000,206913808,11440387,11440471.644349,4000,triangle,11440405.098764,18.098764,18.098764
8,100000000,206913808,11440387,11440471.644349,4000,hann,11440405.451348,18.451348,18.451348
8,100000000,206913808,11440387,11440471.644349,4000,hamming,11440406.284471,19.284471,19.284471
8,100000000,206913808,11440387,11440471.644349,4000,riesz,11440411.521625,24.521625,24.521625
8,100000000,206913808,11440387,11440471.644349,4000,riesz4,11440407.049175,20.049175,20.049175
8,100000000,206913808,11440387,11440471.644349,4000,tukey50,11440417.682616,30.682616,30.682616
8,100000000,206913808,11440387,11440471.644349,4000,tukey25,11440416.880615,29.880615,29.880615
8,100000000,206913808,11440387,11440471.644349,4000,cosine,11440410.494345,23.494345,23.494345
8,100000000,219839265,12114146,12114407.007367,500,hard,12114179.167397,33.167397,33.167397
8,100000000,219839265,12114146,12114407.007367,500,triangle,12114175.705562,29.705562,29.705562
8,100000000,219839265,12114146,12114407.007367,500,hann,12114170.587651,24.587651,24.587651
8,100000000,219839265,12114146,12114407.007367,500,hamming,12114171.274030,25.274030,25.274030
8,100000000,219839265,12114146,12114407.007367,500,riesz,12114173.344418,27.344418,27.344418
8,100000000,219839265,12114146,12114407.007367,500,riesz4,12114171.272805,25.272805,25.272805
8,100000000,219839265,12114146,12114407.007367,500,tukey50,12114174.166892,28.166892,28.166892
8,100000000,219839265,12114146,12114407.007367,500,tukey25,12114178.172787,32.172787,32.172787
8,100000000,219839265,12114146,12114407.007367,500,cosine,12114172.870618,26.870618,26.870618
8,100000000,219839265,12114146,12114407.007367,1000,hard,12114164.466412,18.466412,18.466412
8,100000000,219839265,12114146,12114407.007367,1000,triangle,12114179.380519,33.380519,33.380519
8,100000000,219839265,12114146,12114407.007367,1000,hann,12114177.949193,31.949193,31.949193
8,100000000,219839265,12114146,12114407.007367,1000,hamming,12114176.870570,30.870570,30.870570
8,100000000,219839265,12114146,12114407.007367,1000,riesz,12114180.661280,34.661280,34.661280
8,100000000,219839265,12114146,12114407.007367,1000,riesz4,12114178.785326,32.785326,32.785326
8,100000000,219839265,12114146,12114407.007367,1000,tukey50,12114183.725277,37.725277,37.725277
8,100000000,219839265,12114146,12114407.007367,1000,tukey25,12114188.355427,42.355427,42.355427
8,100000000,219839265,12114146,12114407.007367,1000,cosine,12114180.222968,34.222968,34.222968
8,100000000,219839265,12114146,12114407.007367,2000,hard,12114175.832736,29.832736,29.832736
8,100000000,219839265,12114146,12114407.007367,2000,triangle,12114177.057225,31.057225,31.057225
8,100000000,219839265,12114146,12114407.007367,2000,hann,12114177.071666,31.071666,31.071666
8,100000000,219839265,12114146,12114407.007367,2000,hamming,12114176.972552,30.972552,30.972552
8,100000000,219839265,12114146,12114407.007367,2000,riesz,12114176.608090,30.608090,30.608090
8,100000000,219839265,12114146,12114407.007367,2000,riesz4,12114177.026873,31.026873,31.026873
8,100000000,219839265,12114146,12114407.007367,2000,tukey50,12114177.083229,31.083229,31.083229
8,100000000,219839265,12114146,12114407.007367,2000,tukey25,12114175.147096,29.147096,29.147096
8,100000000,219839265,12114146,12114407.007367,2000,cosine,12114176.699831,30.699831,30.699831
8,100000000,219839265,12114146,12114407.007367,4000,hard,12114158.471237,12.471237,12.471237
8,100000000,219839265,12114146,12114407.007367,4000,triangle,12114173.109454,27.109454,27.109454
8,100000000,219839265,12114146,12114407.007367,4000,hann,12114173.863978,27.863978,27.863978
8,100000000,219839265,12114146,12114407.007367,4000,hamming,12114172.632559,26.632559,26.632559
8,100000000,219839265,12114146,12114407.007367,4000,riesz,12114170.489865,24.489865,24.489865
8,100000000,219839265,12114146,12114407.007367,4000,riesz4,12114173.329523,27.329523,27.329523
8,100000000,219839265,12114146,12114407.007367,4000,tukey50,12114169.787038,23.787038,23.787038
8,100000000,219839265,12114146,12114407.007367,4000,tukey25,12114166.433476,20.433476,20.433476
8,100000000,219839265,12114146,12114407.007367,4000,cosine,12114171.122557,25.122557,25.122557
8,100000000,233572147,12827964,12828187.198736,500,hard,12827921.855796,-42.144204,42.144204
8,100000000,233572147,12827964,12828187.198736,500,triangle,12827940.267587,-23.732413,23.732413
8,100000000,233572147,12827964,12828187.198736,500,hann,12827929.728863,-34.271137,34.271137
8,100000000,233572147,12827964,12828187.198736,500,hamming,12827929.099018,-34.900982,34.900982
8,100000000,233572147,12827964,12828187.198736,500,riesz,12827924.620592,-39.379408,39.379408
8,100000000,233572147,12827964,12828187.198736,500,riesz4,12827927.595873,-36.404127,36.404127
8,100000000,233572147,12827964,12828187.198736,500,tukey50,12827915.268349,-48.731651,48.731651
8,100000000,233572147,12827964,12828187.198736,500,tukey25,12827926.851646,-37.148354,37.148354
8,100000000,233572147,12827964,12828187.198736,500,cosine,12827925.345950,-38.654050,38.654050
8,100000000,233572147,12827964,12828187.198736,1000,hard,12827929.365396,-34.634604,34.634604
8,100000000,233572147,12827964,12828187.198736,1000,triangle,12827938.427105,-25.572895,25.572895
8,100000000,233572147,12827964,12828187.198736,1000,hann,12827931.487901,-32.512099,32.512099
8,100000000,233572147,12827964,12828187.198736,1000,hamming,12827931.318100,-32.681900,32.681900
8,100000000,233572147,12827964,12828187.198736,1000,riesz,12827933.435901,-30.564099,30.564099
8,100000000,233572147,12827964,12828187.198736,1000,riesz4,12827932.171638,-31.828362,31.828362
8,100000000,233572147,12827964,12828187.198736,1000,tukey50,12827938.766537,-25.233463,25.233463
8,100000000,233572147,12827964,12828187.198736,1000,tukey25,12827936.466666,-27.533334,27.533334
8,100000000,233572147,12827964,12828187.198736,1000,cosine,12827933.135095,-30.864905,30.864905
8,100000000,233572147,12827964,12828187.198736,2000,hard,12827952.606633,-11.393367,11.393367
8,100000000,233572147,12827964,12828187.198736,2000,triangle,12827935.253703,-28.746297,28.746297
8,100000000,233572147,12827964,12828187.198736,2000,hann,12827930.067208,-33.932792,33.932792
8,100000000,233572147,12827964,12828187.198736,2000,hamming,12827931.870362,-32.129638,32.129638
8,100000000,233572147,12827964,12828187.198736,2000,riesz,12827933.834196,-30.165804,30.165804
8,100000000,233572147,12827964,12828187.198736,2000,riesz4,12827930.173041,-33.826959,33.826959
8,100000000,233572147,12827964,12828187.198736,2000,tukey50,12827929.823960,-34.176040,34.176040
8,100000000,233572147,12827964,12828187.198736,2000,tukey25,12827942.176693,-21.823307,21.823307
8,100000000,233572147,12827964,12828187.198736,2000,cosine,12827933.042335,-30.957665,30.957665
8,100000000,233572147,12827964,12828187.198736,4000,hard,12827952.145435,-11.854565,11.854565
8,100000000,233572147,12827964,12828187.198736,4000,triangle,12827943.332724,-20.667276,20.667276
8,100000000,233572147,12827964,12828187.198736,4000,hann,12827942.854178,-21.145822,21.145822
8,100000000,233572147,12827964,12828187.198736,4000,hamming,12827943.597478,-20.402522,20.402522
8,100000000,233572147,12827964,12828187.198736,4000,riesz,12827946.623238,-17.376762,17.376762
8,100000000,233572147,12827964,12828187.198736,4000,riesz4,12827944.008205,-19.991795,19.991795
8,100000000,233572147,12827964,12828187.198736,4000,tukey50,12827951.124971,-12.875029,12.875029
8,100000000,233572147,12827964,12828187.198736,4000,tukey25,12827947.922651,-16.077349,16.077349
8,100000000,233572147,12827964,12828187.198736,4000,cosine,12827946.014047,-17.985953,17.985953
8,100000000,248162892,13584159,13584175.420661,500,hard,13584217.593361,58.593361,58.593361
8,100000000,248162892,13584159,13584175.420661,500,triangle,13584243.073103,84.073103,84.073103
8,100000000,248162892,13584159,13584175.420661,500,hann,13584239.376181,80.376181,80.376181
8,100000000,248162892,13584159,13584175.420661,500,hamming,13584237.633555,78.633555,78.633555
8,100000000,248162892,13584159,13584175.420661,500,riesz,13584236.591430,77.591430,77.591430
8,100000000,248162892,13584159,13584175.420661,500,riesz4,13584238.739214,79.739214,79.739214
8,100000000,248162892,13584159,13584175.420661,500,tukey50,13584238.580491,79.580491,79.580491
8,100000000,248162892,13584159,13584175.420661,500,tukey25,13584238.513675,79.513675,79.513675
8,100000000,248162892,13584159,13584175.420661,500,cosine,13584237.077143,78.077143,78.077143
8,100000000,248162892,13584159,13584175.420661,1000,hard,13584222.797382,63.797382,63.797382
8,100000000,248162892,13584159,13584175.420661,1000,triangle,13584230.463657,71.463657,71.463657
8,100000000,248162892,13584159,13584175.420661,1000,hann,13584226.955914,67.955914,67.955914
8,100000000,248162892,13584159,13584175.420661,1000,hamming,13584226.623231,67.623231,67.623231
8,100000000,248162892,13584159,13584175.420661,1000,riesz,13584222.910939,63.910939,63.910939
8,100000000,248162892,13584159,13584175.420661,1000,riesz4,13584225.851776,66.851776,66.851776
8,100000000,248162892,13584159,13584175.420661,1000,tukey50,13584219.013733,60.013733,60.013733
8,100000000,248162892,13584159,13584175.420661,1000,tukey25,13584220.586605,61.586605,61.586605
8,100000000,248162892,13584159,13584175.420661,1000,cosine,13584223.587997,64.587997,64.587997
8,100000000,248162892,13584159,13584175.420661,2000,hard,13584200.364553,41.364553,41.364553
8,100000000,248162892,13584159,13584175.420661,2000,triangle,13584216.782145,57.782145,57.782145
8,100000000,248162892,13584159,13584175.420661,2000,hann,13584214.745192,55.745192,55.745192
8,100000000,248162892,13584159,13584175.420661,2000,hamming,13584213.594741,54.594741,54.594741
8,100000000,248162892,13584159,13584175.420661,2000,riesz,13584207.047530,48.047530,48.047530
8,100000000,248162892,13584159,13584175.420661,2000,riesz4,13584212.995911,53.995911,53.995911
8,100000000,248162892,13584159,13584175.420661,2000,tukey50,13584200.649805,41.649805,41.649805
8,100000000,248162892,13584159,13584175.420661,2000,tukey25,13584197.035695,38.035695,38.035695
8,100000000,248162892,13584159,13584175.420661,2000,cosine,13584208.399152,49.399152,49.399152
8,100000000,248162892,13584159,13584175.420661,4000,hard,13584191.435641,32.435641,32.435641
8,100000000,248162892,13584159,13584175.420661,4000,triangle,13584207.454287,48.454287,48.454287
8,100000000,248162892,13584159,13584175.420661,4000,hann,13584204.356359,45.356359,45.356359
8,100000000,248162892,13584159,13584175.420661,4000,hamming,13584203.322701,44.322701,44.322701
8,100000000,248162892,13584159,13584175.420661,4000,riesz,13584199.776790,40.776790,40.776790
8,100000000,248162892,13584159,13584175.420661,4000,riesz4,13584203.444653,44.444653,44.444653
8,100000000,248162892,13584159,13584175.420661,4000,tukey50,13584199.344779,40.344779,40.344779
8,100000000,248162892,13584159,13584175.420661,4000,tukey25,13584193.272003,34.272003,34.272003
8,100000000,248162892,13584159,13584175.420661,4000,cosine,13584200.602649,41.602649,41.602649
8,100000000,263665090,14385018,14384875.493589,500,hard,14385085.167112,67.167112,67.167112
8,100000000,263665090,14385018,14384875.493589,500,triangle,14385072.823312,54.823312,54.823312
8,100000000,263665090,14385018,14384875.493589,500,hann,14385075.226722,57.226722,57.226722
8,100000000,263665090,14385018,14384875.493589,500,hamming,14385076.021953,58.021953,58.021953
8,100000000,263665090,14385018,14384875.493589,500,riesz,14385073.745269,55.745269,55.745269
8,100000000,263665090,14385018,14384875.493589,500,riesz4,14385074.224580,56.224580,56.224580
8,100000000,263665090,14385018,14384875.493589,500,tukey50,14385066.717334,48.717334,48.717334
8,100000000,263665090,14385018,14384875.493589,500,tukey25,14385075.845445,57.845445,57.845445
8,100000000,263665090,14385018,14384875.493589,500,cosine,14385073.889080,55.889080,55.889080
8,100000000,263665090,14385018,14384875.493589,1000,hard,14385047.127561,29.127561,29.127561
8,100000000,263665090,14385018,14384875.493589,1000,triangle,14385070.198561,52.198561,52.198561
8,100000000,263665090,14385018,14384875.493589,1000,hann,14385073.664810,55.664810,55.664810
8,100000000,263665090,14385018,14384875.493589,1000,hamming,14385071.541830,53.541830,53.541830
8,100000000,263665090,14385018,14384875.493589,1000,riesz,14385067.238692,49.238692,49.238692
8,100000000,263665090,14385018,14384875.493589,1000,riesz4,14385072.744818,54.744818,54.744818
8,100000000,263665090,14385018,14384875.493589,1000,tukey50,14385065.919285,47.919285,47.919285
8,100000000,263665090,14385018,14384875.493589,1000,tukey25,14385055.998973,37.998973,37.998973
8,100000000,263665090,14385018,14384875.493589,1000,cosine,14385068.461734,50.461734,50.461734
8,100000000,263665090,14385018,14384875.493589,2000,hard,14385058.098642,40.098642,40.098642
8,100000000,263665090,14385018,14384875.493589,2000,triangle,14385062.387889,44.387889,44.387889
8,100000000,263665090,14385018,14384875.493589,2000,hann,14385061.876540,43.876540,43.876540
8,100000000,263665090,14385018,14384875.493589,2000,hamming,14385061.574308,43.574308,43.574308
8,100000000,263665090,14385018,14384875.493589,2000,riesz,14385057.513797,39.513797,39.513797
8,100000000,263665090,14385018,14384875.493589,2000,riesz4,14385060.715176,42.715176,42.715176
8,100000000,263665090,14385018,14384875.493589,2000,tukey50,14385054.219014,36.219014,36.219014
8,100000000,263665090,14385018,14384875.493589,2000,tukey25,14385050.891660,32.891660,32.891660
8,100000000,263665090,14385018,14384875.493589,2000,cosine,14385058.249975,40.249975,40.249975
8,100000000,263665090,14385018,14384875.493589,4000,hard,14385036.098667,18.098667,18.098667
8,100000000,263665090,14385018,14384875.493589,4000,triangle,14385056.317807,38.317807,38.317807
8,100000000,263665090,14385018,14384875.493589,4000,hann,14385056.153904,38.153904,38.153904
8,100000000,263665090,14385018,14384875.493589,4000,hamming,14385054.549485,36.549485,36.549485
8,100000000,263665090,14385018,14384875.493589,4000,riesz,14385050.909065,32.909065,32.909065
8,100000000,263665090,14385018,14384875.493589,4000,riesz4,14385055.311747,37.311747,37.311747
8,100000000,263665090,14385018,14384875.493589,4000,tukey50,14385050.283433,32.283433,32.283433
8,100000000,263665090,14385018,14384875.493589,4000,tukey25,14385043.580025,25.580025,25.580025
8,100000000,263665090,14385018,14384875.493589,4000,cosine,14385051.890646,33.890646,33.890646
8,100000000,280135676,15233027,15232940.039156,500,hard,15233045.429254,18.429254,18.429254
8,100000000,280135676,15233027,15232940.039156,500,triangle,15233040.583197,13.583197,13.583197
8,100000000,280135676,15233027,15232940.039156,500,hann,15233040.897222,13.897222,13.897222
8,100000000,280135676,15233027,15232940.039156,500,hamming,15233041.259784,14.259784,14.259784
8,100000000,280135676,15233027,15232940.039156,500,riesz,15233036.371155,9.371155,9.371155
8,100000000,280135676,15233027,15232940.039156,500,riesz4,15233039.160560,12.160560,12.160560
8,100000000,280135676,15233027,15232940.039156,500,tukey50,15233028.546995,1.546995,1.546995
8,100000000,280135676,15233027,15232940.039156,500,tukey25,15233031.523644,4.523644,4.523644
8,100000000,280135676,15233027,15232940.039156,500,cosine,15233037.042001,10.042001,10.042001
8,100000000,280135676,15233027,15232940.039156,1000,hard,15233070.563474,43.563474,43.563474
8,100000000,280135676,15233027,15232940.039156,1000,triangle,15233054.534634,27.534634,27.534634
8,100000000,280135676,15233027,15232940.039156,1000,hann,15233051.106872,24.106872,24.106872
8,100000000,280135676,15233027,15232940.039156,1000,hamming,15233052.663400,25.663400,25.663400
8,100000000,280135676,15233027,15232940.039156,1000,riesz,15233061.569167,34.569167,34.569167
8,100000000,280135676,15233027,15232940.039156,1000,riesz4,15233053.251283,26.251283,26.251283
8,100000000,280135676,15233027,15232940.039156,1000,tukey50,15233069.830357,42.830357,42.830357
8,100000000,280135676,15233027,15232940.039156,1000,tukey25,15233076.283697,49.283697,49.283697
8,100000000,280135676,15233027,15232940.039156,1000,cosine,15233059.690965,32.690965,32.690965
8,100000000,280135676,15233027,15232940.039156,2000,hard,15233046.941667,19.941667,19.941667
8,100000000,280135676,15233027,15232940.039156,2000,triangle,15233059.287693,32.287693,32.287693
8,100000000,280135676,15233027,15232940.039156,2000,hann,15233063.463208,36.463208,36.463208
8,100000000,280135676,15233027,15232940.039156,2000,hamming,15233062.141485,35.141485,35.141485
8,100000000,280135676,15233027,15232940.039156,2000,riesz,15233062.383252,35.383252,35.383252
8,100000000,280135676,15233027,15232940.039156,2000,riesz4,15233063.785411,36.785411,36.785411
8,100000000,280135676,15233027,15232940.039156,2000,tukey50,15233063.034773,36.034773,36.034773
8,100000000,280135676,15233027,15232940.039156,2000,tukey25,15233059.246188,32.246188,32.246188
8,100000000,280135676,15233027,15232940.039156,2000,cosine,15233062.672944,35.672944,35.672944
8,100000000,280135676,15233027,15232940.039156,4000,hard,15233062.535014,35.535014,35.535014
8,100000000,280135676,15233027,15232940.039156,4000,triangle,15233056.957749,29.957749,29.957749
8,100000000,280135676,15233027,15232940.039156,4000,hann,15233057.518865,30.518865,30.518865
8,100000000,280135676,15233027,15232940.039156,4000,hamming,15233057.920157,30.920157,30.920157
8,100000000,280135676,15233027,15232940.039156,4000,riesz,15233057.296756,30.296756,30.296756
8,100000000,280135676,15233027,15232940.039156,4000,riesz4,15233057.146531,30.146531,30.146531
8,100000000,280135676,15233027,15232940.039156,4000,tukey50,15233055.213206,28.213206,28.213206
8,100000000,280135676,15233027,15232940.039156,4000,tukey25,15233058.735588,31.735588,31.735588
8,100000000,280135676,15233027,15232940.039156,4000,cosine,15233057.279363,30.279363,30.279363
8,100000000,297635144,16131142,16131179.613718,500,hard,16131205.757185,63.757185,63.757185
8,100000000,297635144,16131142,16131179.613718,500,triangle,16131176.186203,34.186203,34.186203
8,100000000,297635144,16131142,16131179.613718,500,hann,16131170.311521,28.311521,28.311521
8,100000000,297635144,16131142,16131179.613718,500,hamming,16131173.147174,31.147174,31.147174
8,100000000,297635144,16131142,16131179.613718,500,riesz,16131184.407792,42.407792,42.407792
8,100000000,297635144,16131142,16131179.613718,500,riesz4,16131172.866813,30.866813,30.866813
8,100000000,297635144,16131142,16131179.613718,500,tukey50,16131191.214444,49.214444,49.214444
8,100000000,297635144,16131142,16131179.613718,500,tukey25,16131205.563014,63.563014,63.563014
8,100000000,297635144,16131142,16131179.613718,500,cosine,16131181.819470,39.819470,39.819470
8,100000000,297635144,16131142,16131179.613718,1000,hard,16131168.383588,26.383588,26.383588
8,100000000,297635144,16131142,16131179.613718,1000,triangle,16131175.876540,33.876540,33.876540
8,100000000,297635144,16131142,16131179.613718,1000,hann,16131181.233081,39.233081,39.233081
8,100000000,297635144,16131142,16131179.613718,1000,hamming,16131180.205121,38.205121,38.205121
8,100000000,297635144,16131142,16131179.613718,1000,riesz,16131176.100690,34.100690,34.100690
8,100000000,297635144,16131142,16131179.613718,1000,riesz4,16131180.818420,38.818420,38.818420
8,100000000,297635144,16131142,16131179.613718,1000,tukey50,16131173.728986,31.728986,31.728986
8,100000000,297635144,16131142,16131179.613718,1000,tukey25,16131165.652011,23.652011,23.652011
8,100000000,297635144,16131142,16131179.613718,1000,cosine,16131177.134509,35.134509,35.134509
8,100000000,297635144,16131142,16131179.613718,2000,hard,16131159.230650,17.230650,17.230650
8,100000000,297635144,16131142,16131179.613718,2000,triangle,16131170.685672,28.685672,28.685672
8,100000000,297635144,16131142,16131179.613718,2000,hann,16131170.922681,28.922681,28.922681
8,100000000,297635144,16131142,16131179.613718,2000,hamming,16131169.987319,27.987319,27.987319
8,100000000,297635144,16131142,16131179.613718,2000,riesz,16131168.407536,26.407536,26.407536
8,100000000,297635144,16131142,16131179.613718,2000,riesz4,16131170.156739,28.156739,28.156739
8,100000000,297635144,16131142,16131179.613718,2000,tukey50,16131166.030656,24.030656,24.030656
8,100000000,297635144,16131142,16131179.613718,2000,tukey25,16131169.239587,27.239587,27.239587
8,100000000,297635144,16131142,16131179.613718,2000,cosine,16131168.814328,26.814328,26.814328
8,100000000,297635144,16131142,16131179.613718,4000,hard,16131124.286247,-17.713753,17.713753
8,100000000,297635144,16131142,16131179.613718,4000,triangle,16131152.008272,10.008272,10.008272
8,100000000,297635144,16131142,16131179.613718,4000,hann,16131153.286718,11.286718,11.286718
8,100000000,297635144,16131142,16131179.613718,4000,hamming,16131150.966681,8.966681,8.966681
8,100000000,297635144,16131142,16131179.613718,4000,riesz,16131140.547676,-1.452324,1.452324
8,100000000,297635144,16131142,16131179.613718,4000,riesz4,16131150.470735,8.470735,8.470735
8,100000000,297635144,16131142,16131179.613718,4000,tukey50,16131130.021147,-11.978853,11.978853
8,100000000,297635144,16131142,16131179.613718,4000,tukey25,16131123.619973,-18.380027,18.380027
8,100000000,297635144,16131142,16131179.613718,4000,cosine,16131142.798542,0.798542,0.798542
8,100000000,316227766,17082666,17082571.956025,500,hard,17082740.621810,74.621810,74.621810
8,100000000,316227766,17082666,17082571.956025,500,triangle,17082743.326470,77.326470,77.326470
8,100000000,316227766,17082666,17082571.956025,500,hann,17082749.917226,83.917226,83.917226
8,100000000,316227766,17082666,17082571.956025,500,hamming,17082749.173593,83.173593,83.173593
8,100000000,316227766,17082666,17082571.956025,500,riesz,17082744.156931,78.156931,78.156931
8,100000000,316227766,17082666,17082571.956025,500,riesz4,17082748.646034,82.646034,82.646034
8,100000000,316227766,17082666,17082571.956025,500,tukey50,17082738.866136,72.866136,72.866136
8,100000000,316227766,17082666,17082571.956025,500,tukey25,17082735.149194,69.149194,69.149194
8,100000000,316227766,17082666,17082571.956025,500,cosine,17082745.175401,79.175401,79.175401
8,100000000,316227766,17082666,17082571.956025,1000,hard,17082751.290396,85.290396,85.290396
8,100000000,316227766,17082666,17082571.956025,1000,triangle,17082747.419603,81.419603,81.419603
8,100000000,316227766,17082666,17082571.956025,1000,hann,17082746.565884,80.565884,80.565884
8,100000000,316227766,17082666,17082571.956025,1000,hamming,17082746.943845,80.943845,80.943845
8,100000000,316227766,17082666,17082571.956025,1000,riesz,17082750.724837,84.724837,84.724837
8,100000000,316227766,17082666,17082571.956025,1000,riesz4,17082746.989936,80.989936,80.989936
8,100000000,316227766,17082666,17082571.956025,1000,tukey50,17082751.104119,85.104119,85.104119
8,100000000,316227766,17082666,17082571.956025,1000,tukey25,17082759.120079,93.120079,93.120079
8,100000000,316227766,17082666,17082571.956025,1000,cosine,17082749.903080,83.903080,83.903080
8,100000000,316227766,17082666,17082571.956025,2000,hard,17082697.869332,31.869332,31.869332
8,100000000,316227766,17082666,17082571.956025,2000,triangle,17082734.359373,68.359373,68.359373
8,100000000,316227766,17082666,17082571.956025,2000,hann,17082738.996312,72.996312,72.996312
8,100000000,316227766,17082666,17082571.956025,2000,hamming,17082735.706153,69.706153,69.706153
8,100000000,316227766,17082666,17082571.956025,2000,riesz,17082726.547181,60.547181,60.547181
8,100000000,316227766,17082666,17082571.956025,2000,riesz4,17082736.874356,70.874356,70.874356
8,100000000,316227766,17082666,17082571.956025,2000,tukey50,17082720.601836,54.601836,54.601836
8,100000000,316227766,17082666,17082571.956025,2000,tukey25,17082708.205477,42.205477,42.205477
8,100000000,316227766,17082666,17082571.956025,2000,cosine,17082728.856847,62.856847,62.856847
8,100000000,316227766,17082666,17082571.956025,4000,hard,17082681.531287,15.531287,15.531287
8,100000000,316227766,17082666,17082571.956025,4000,triangle,17082712.342452,46.342452,46.342452
8,100000000,316227766,17082666,17082571.956025,4000,hann,17082710.790606,44.790606,44.790606
8,100000000,316227766,17082666,17082571.956025,4000,hamming,17082708.449860,42.449860,42.449860
8,100000000,316227766,17082666,17082571.956025,4000,riesz,17082698.646601,32.646601,32.646601
8,100000000,316227766,17082666,17082571.956025,4000,riesz4,17082707.870516,41.870516,41.870516
8,100000000,316227766,17082666,17082571.956025,4000,tukey50,17082690.245829,24.245829,24.245829
8,100000000,316227766,17082666,17082571.956025,4000,tukey25,17082685.729988,19.729988,19.729988
8,100000000,316227766,17082666,17082571.956025,4000,cosine,17082700.749644,34.749644,34.749644
8,100000000,316327766,17087785,17087681.114154,500,hard,17087846.574692,61.574692,61.574692
8,100000000,316327766,17087785,17087681.114154,500,triangle,17087850.768909,65.768909,65.768909
8,100000000,316327766,17087785,17087681.114154,500,hann,17087857.291243,72.291243,72.291243
8,100000000,316327766,17087785,17087681.114154,500,hamming,17087856.433919,71.433919,71.433919
8,100000000,316327766,17087785,17087681.114154,500,riesz,17087852.355789,67.355789,67.355789
8,100000000,316327766,17087785,17087681.114154,500,riesz4,17087856.299693,71.299693,71.299693
8,100000000,316327766,17087785,17087681.114154,500,tukey50,17087848.854250,63.854250,63.854250
8,100000000,316327766,17087785,17087681.114154,500,tukey25,17087844.345161,59.345161,59.345161
8,100000000,316327766,17087785,17087681.114154,500,cosine,17087853.245349,68.245349,68.245349
8,100000000,316327766,17087785,17087681.114154,1000,hard,17087864.846579,79.846579,79.846579
8,100000000,316327766,17087785,17087681.114154,1000,triangle,17087855.832044,70.832044,70.832044
8,100000000,316327766,17087785,17087681.114154,1000,hann,17087854.917377,69.917377,69.917377
8,100000000,316327766,17087785,17087681.114154,1000,hamming,17087855.711714,70.711714,70.711714
8,100000000,316327766,17087785,17087681.114154,1000,riesz,17087860.062988,75.062988,75.062988
8,100000000,316327766,17087785,17087681.114154,1000,riesz4,17087855.510196,70.510196,70.510196
8,100000000,316327766,17087785,17087681.114154,1000,tukey50,17087860.841977,75.841977,75.841977
8,100000000,316327766,17087785,17087681.114154,1000,tukey25,17087869.361442,84.361442,84.361442
8,100000000,316327766,17087785,17087681.114154,1000,cosine,17087859.058383,74.058383,74.058383
8,100000000,316327766,17087785,17087681.114154,2000,hard,17087801.754369,16.754369,16.754369
8,100000000,316327766,17087785,17087681.114154,2000,triangle,17087840.940955,55.940955,55.940955
8,100000000,316327766,17087785,17087681.114154,2000,hann,17087846.569569,61.569569,61.569569
8,100000000,316327766,17087785,17087681.114154,2000,hamming,17087842.984353,57.984353,57.984353
8,100000000,316327766,17087785,17087681.114154,2000,riesz,17087832.018223,47.018223,47.018223
8,100000000,316327766,17087785,17087681.114154,2000,riesz4,17087844.059523,59.059523,59.059523
8,100000000,316327766,17087785,17087681.114154,2000,tukey50,17087824.577995,39.577995,39.577995
8,100000000,316327766,17087785,17087681.114154,2000,tukey25,17087809.475055,24.475055,24.475055
8,100000000,316327766,17087785,17087681.114154,2000,cosine,17087834.712957,49.712957,49.712957
8,100000000,316327766,17087785,17087681.114154,4000,hard,17087790.065153,5.065153,5.065153
8,100000000,316327766,17087785,17087681.114154,4000,triangle,17087819.364608,34.364608,34.364608
8,100000000,316327766,17087785,17087681.114154,4000,hann,17087817.122643,32.122643,32.122643
8,100000000,316327766,17087785,17087681.114154,4000,hamming,17087814.958044,29.958044,29.958044
8,100000000,316327766,17087785,17087681.114154,4000,riesz,17087805.851755,20.851755,20.851755
8,100000000,316327766,17087785,17087681.114154,4000,riesz4,17087814.333665,29.333665,29.333665
8,100000000,316327766,17087785,17087681.114154,4000,tukey50,17087798.391026,13.391026,13.391026
8,100000000,316327766,17087785,17087681.114154,4000,tukey25,17087794.036881,9.036881,9.036881
8,100000000,316327766,17087785,17087681.114154,4000,cosine,17087807.789444,22.789444,22.789444
9,1000000000,1062467831,53857247,53857346.239588,500,hard,53857204.458105,-42.541895,42.541895
9,1000000000,1062467831,53857247,53857346.239588,500,triangle,53857282.529557,35.529557,35.529557
9,1000000000,1062467831,53857247,53857346.239588,500,hann,53857256.177514,9.177514,9.177514
9,1000000000,1062467831,53857247,53857346.239588,500,hamming,53857252.039961,5.039961,5.039961
9,1000000000,1062467831,53857247,53857346.239588,500,riesz,53857227.781665,-19.218335,19.218335
9,1000000000,1062467831,53857247,53857346.239588,500,riesz4,53857247.885052,0.885052,0.885052
9,1000000000,1062467831,53857247,53857346.239588,500,tukey50,53857197.624911,-49.375089,49.375089
9,1000000000,1062467831,53857247,53857346.239588,500,tukey25,53857210.532709,-36.467291,36.467291
9,1000000000,1062467831,53857247,53857346.239588,500,cosine,53857232.441450,-14.558550,14.558550
9,1000000000,1062467831,53857247,53857346.239588,1000,hard,53857157.757267,-89.242733,89.242733
9,1000000000,1062467831,53857247,53857346.239588,1000,triangle,53857230.481462,-16.518538,16.518538
9,1000000000,1062467831,53857247,53857346.239588,1000,hann,53857209.730464,-37.269536,37.269536
9,1000000000,1062467831,53857247,53857346.239588,1000,hamming,53857205.572608,-41.427392,41.427392
9,1000000000,1062467831,53857247,53857346.239588,1000,riesz,53857188.049879,-58.950121,58.950121
9,1000000000,1062467831,53857247,53857346.239588,1000,riesz4,53857204.819493,-42.180507,42.180507
9,1000000000,1062467831,53857247,53857346.239588,1000,tukey50,53857175.726114,-71.273886,71.273886
9,1000000000,1062467831,53857247,53857346.239588,1000,tukey25,53857158.419547,-88.580453,88.580453
9,1000000000,1062467831,53857247,53857346.239588,1000,cosine,53857191.857607,-55.142393,55.142393
9,1000000000,1062467831,53857247,53857346.239588,2000,hard,53857171.463741,-75.536259,75.536259
9,1000000000,1062467831,53857247,53857346.239588,2000,triangle,53857193.019822,-53.980178,53.980178
9,1000000000,1062467831,53857247,53857346.239588,2000,hann,53857172.133553,-74.866447,74.866447
9,1000000000,1062467831,53857247,53857346.239588,2000,hamming,53857172.079968,-74.920032,74.920032
9,1000000000,1062467831,53857247,53857346.239588,2000,riesz,53857164.458231,-82.541769,82.541769
9,1000000000,1062467831,53857247,53857346.239588,2000,riesz4,53857169.177685,-77.822315,77.822315
9,1000000000,1062467831,53857247,53857346.239588,2000,tukey50,53857152.323954,-94.676046,94.676046
9,1000000000,1062467831,53857247,53857346.239588,2000,tukey25,53857161.221570,-85.778430,85.778430
9,1000000000,1062467831,53857247,53857346.239588,2000,cosine,53857165.592898,-81.407102,81.407102
9,1000000000,1062467831,53857247,53857346.239588,4000,hard,53857222.624774,-24.375226,24.375226
9,1000000000,1062467831,53857247,53857346.239588,4000,triangle,53857201.835038,-45.164962,45.164962
9,1000000000,1062467831,53857247,53857346.239588,4000,hann,53857184.190303,-62.809697,62.809697
9,1000000000,1062467831,53857247,53857346.239588,4000,hamming,53857187.265061,-59.734939,59.734939
9,1000000000,1062467831,53857247,53857346.239588,4000,riesz,53857201.712523,-45.287477,45.287477
9,1000000000,1062467831,53857247,53857346.239588,4000,riesz4,53857187.562215,-59.437785,59.437785
9,1000000000,1062467831,53857247,53857346.239588,4000,tukey50,53857214.062767,-32.937233,32.937233
9,1000000000,1062467831,53857247,53857346.239588,4000,tukey25,53857228.586236,-18.413764,18.413764
9,1000000000,1062467831,53857247,53857346.239588,4000,cosine,53857198.527973,-48.472027,48.472027
9,1000000000,1128837892,57046641,57045950.373619,500,hard,57046563.046379,-77.953621,77.953621
9,1000000000,1128837892,57046641,57045950.373619,500,triangle,57046530.327076,-110.672924,110.672924
9,1000000000,1128837892,57046641,57045950.373619,500,hann,57046549.073218,-91.926782,91.926782
9,1000000000,1128837892,57046641,57045950.373619,500,hamming,57046550.191070,-90.808930,90.808930
9,1000000000,1128837892,57046641,57045950.373619,500,riesz,57046556.265839,-84.734161,84.734161
9,1000000000,1128837892,57046641,57045950.373619,500,riesz4,57046551.403262,-89.596738,89.596738
9,1000000000,1128837892,57046641,57045950.373619,500,tukey50,57046563.597565,-77.402435,77.402435
9,1000000000,1128837892,57046641,57045950.373619,500,tukey25,57046560.104175,-80.895825,80.895825
9,1000000000,1128837892,57046641,57045950.373619,500,cosine,57046555.126102,-85.873898,85.873898
9,1000000000,1128837892,57046641,57045950.373619,1000,hard,57046572.452662,-68.547338,68.547338
9,1000000000,1128837892,57046641,57045950.373619,1000,triangle,57046539.918280,-101.081720,101.081720
9,1000000000,1128837892,57046641,57045950.373619,1000,hann,57046549.123917,-91.876083,91.876083
9,1000000000,1128837892,57046641,57045950.373619,1000,hamming,57046550.990217,-90.009783,90.009783
9,1000000000,1128837892,57046641,57045950.373619,1000,riesz,57046552.786498,-88.213502,88.213502
9,1000000000,1128837892,57046641,57045950.373619,1000,riesz4,57046549.056836,-91.943164,91.943164
9,1000000000,1128837892,57046641,57045950.373619,1000,tukey50,57046544.802517,-96.197483,96.197483
9,1000000000,1128837892,57046641,57045950.373619,1000,tukey25,57046566.927802,-74.072198,74.072198
9,1000000000,1128837892,57046641,57045950.373619,1000,cosine,57046551.987014,-89.012986,89.012986
9,1000000000,1128837892,57046641,57045950.373619,2000,hard,57046566.917449,-74.082551,74.082551
9,1000000000,1128837892,57046641,57045950.373619,2000,triangle,57046557.688607,-83.311393,83.311393
9,1000000000,1128837892,57046641,57045950.373619,2000,hann,57046564.619128,-76.380872,76.380872
9,1000000000,1128837892,57046641,57045950.373619,2000,hamming,57046564.802994,-76.197006,76.197006
9,1000000000,1128837892,57046641,57045950.373619,2000,riesz,57046569.235099,-71.764901,71.764901
9,1000000000,1128837892,57046641,57045950.373619,2000,riesz4,57046566.110299,-74.889701,74.889701
9,1000000000,1128837892,57046641,57045950.373619,2000,tukey50,57046575.433593,-65.566407,65.566407
9,1000000000,1128837892,57046641,57045950.373619,2000,tukey25,57046573.992110,-67.007890,67.007890
9,1000000000,1128837892,57046641,57045950.373619,2000,cosine,57046568.502141,-72.497859,72.497859
9,1000000000,1128837892,57046641,57045950.373619,4000,hard,57046640.506338,-0.493662,0.493662
9,1000000000,1128837892,57046641,57045950.373619,4000,triangle,57046587.795780,-53.204220,53.204220
9,1000000000,1128837892,57046641,57045950.373619,4000,hann,57046587.267686,-53.732314,53.732314
9,1000000000,1128837892,57046641,57045950.373619,4000,hamming,57046591.526778,-49.473222,49.473222
9,1000000000,1128837892,57046641,57045950.373619,4000,riesz,57046609.623543,-31.376457,31.376457
9,1000000000,1128837892,57046641,57045950.373619,4000,riesz4,57046591.552844,-49.447156,49.447156
9,1000000000,1128837892,57046641,57045950.373619,4000,tukey50,57046622.409770,-18.590230,18.590230
9,1000000000,1128837892,57046641,57045950.373619,4000,tukey25,57046642.919590,1.919590,1.919590
9,1000000000,1128837892,57046641,57045950.373619,4000,cosine,57046605.558873,-35.441127,35.441127
9,1000000000,1199353946,60423816,60423907.421173,500,hard,60423742.453923,-73.546077,73.546077
9,1000000000,1199353946,60423816,60423907.421173,500,triangle,60423676.346828,-139.653172,139.653172
9,1000000000,1199353946,60423816,60423907.421173,500,hann,60423664.817603,-151.182397,151.182397
9,1000000000,1199353946,60423816,60423907.421173,500,hamming,60423671.028508,-144.971492,144.971492
9,1000000000,1199353946,60423816,60423907.421173,500,riesz,60423691.354728,-124.645272,124.645272
9,1000000000,1199353946,60423816,60423907.421173,500,riesz4,60423669.233271,-146.766729,146.766729
9,1000000000,1199353946,60423816,60423907.421173,500,tukey50,60423693.400891,-122.599109,122.599109
9,1000000000,1199353946,60423816,60423907.421173,500,tukey25,60423731.965628,-84.034372,84.034372
9,1000000000,1199353946,60423816,60423907.421173,500,cosine,60423686.415305,-129.584695,129.584695
9,1000000000,1199353946,60423816,60423907.421173,1000,hard,60423778.002947,-37.997053,37.997053
9,1000000000,1199353946,60423816,60423907.421173,1000,triangle,60423728.035022,-87.964978,87.964978
9,1000000000,1199353946,60423816,60423907.421173,1000,hann,60423731.380731,-84.619269,84.619269
9,1000000000,1199353946,60423816,60423907.421173,1000,hamming,60423735.110508,-80.889492,80.889492
9,1000000000,1199353946,60423816,60423907.421173,1000,riesz,60423758.954366,-57.045634,57.045634
9,1000000000,1199353946,60423816,60423907.421173,1000,riesz4,60423738.590382,-77.409618,77.409618
9,1000000000,1199353946,60423816,60423907.421173,1000,tukey50,60423784.534298,-31.465702,31.465702
9,1000000000,1199353946,60423816,60423907.421173,1000,tukey25,60423790.631714,-25.368286,25.368286
9,1000000000,1199353946,60423816,60423907.421173,1000,cosine,60423754.279145,-61.720855,61.720855
9,1000000000,1199353946,60423816,60423907.421173,2000,hard,60423827.063931,11.063931,11.063931
9,1000000000,1199353946,60423816,60423907.421173,2000,triangle,60423767.045460,-48.954540,48.954540
9,1000000000,1199353946,60423816,60423907.421173,2000,hann,60423777.502857,-38.497143,38.497143
9,1000000000,1199353946,60423816,60423907.421173,2000,hamming,60423781.467743,-34.532257,34.532257
9,1000000000,1199353946,60423816,60423907.421173,2000,riesz,60423795.839817,-20.160183,20.160183
9,1000000000,1199353946,60423816,60423907.421173,2000,riesz4,60423781.724349,-34.275651,34.275651
9,1000000000,1199353946,60423816,60423907.421173,2000,tukey50,60423805.098837,-10.901163,10.901163
9,1000000000,1199353946,60423816,60423907.421173,2000,tukey25,60423814.653250,-1.346750,1.346750
9,1000000000,1199353946,60423816,60423907.421173,2000,cosine,60423792.632763,-23.367237,23.367237
9,1000000000,1199353946,60423816,60423907.421173,4000,hard,60423855.143067,39.143067,39.143067
9,1000000000,1199353946,60423816,60423907.421173,4000,triangle,60423807.415643,-8.584357,8.584357
9,1000000000,1199353946,60423816,60423907.421173,4000,hann,60423817.956389,1.956389,1.956389
9,1000000000,1199353946,60423816,60423907.421173,4000,hamming,60423820.931324,4.931324,4.931324
9,1000000000,1199353946,60423816,60423907.421173,4000,riesz,60423836.151457,20.151457,20.151457
9,1000000000,1199353946,60423816,60423907.421173,4000,riesz4,60423822.220997,6.220997,6.220997
9,1000000000,1199353946,60423816,60423907.421173,4000,tukey50,60423847.683078,31.683078,31.683078
9,1000000000,1199353946,60423816,60423907.421173,4000,tukey25,60423859.919986,43.919986,43.919986
9,1000000000,1199353946,60423816,60423907.421173,4000,cosine,60423832.980888,16.980888,16.980888
9,1000000000,1274274986,64002382,64002492.156983,500,hard,64002407.853842,25.853842,25.853842
9,1000000000,1274274986,64002382,64002492.156983,500,triangle,64002393.774123,11.774123,11.774123
9,1000000000,1274274986,64002382,64002492.156983,500,hann,64002414.922996,32.922996,32.922996
9,1000000000,1274274986,64002382,64002492.156983,500,hamming,64002414.357463,32.357463,32.357463
9,1000000000,1274274986,64002382,64002492.156983,500,riesz,64002423.253865,41.253865,41.253865
9,1000000000,1274274986,64002382,64002492.156983,500,riesz4,64002418.691883,36.691883,36.691883
9,1000000000,1274274986,64002382,64002492.156983,500,tukey50,64002436.270184,54.270184,54.270184
9,1000000000,1274274986,64002382,64002492.156983,500,tukey25,64002425.349942,43.349942,43.349942
9,1000000000,1274274986,64002382,64002492.156983,500,cosine,64002422.121577,40.121577,40.121577
9,1000000000,1274274986,64002382,64002492.156983,1000,hard,64002399.901719,17.901719,17.901719
9,1000000000,1274274986,64002382,64002492.156983,1000,triangle,64002392.289295,10.289295,10.289295
9,1000000000,1274274986,64002382,64002492.156983,1000,hann,64002406.800700,24.800700,24.800700
9,1000000000,1274274986,64002382,64002492.156983,1000,hamming,64002406.248782,24.248782,24.248782
9,1000000000,1274274986,64002382,64002492.156983,1000,riesz,64002398.367061,16.367061,16.367061
9,1000000000,1274274986,64002382,64002492.156983,1000,riesz4,64002404.536060,22.536060,22.536060
9,1000000000,1274274986,64002382,64002492.156983,1000,tukey50,64002385.299844,3.299844,3.299844
9,1000000000,1274274986,64002382,64002492.156983,1000,tukey25,64002387.362108,5.362108,5.362108
9,1000000000,1274274986,64002382,64002492.156983,1000,cosine,64002399.789181,17.789181,17.789181
9,1000000000,1274274986,64002382,64002492.156983,2000,hard,64002424.831616,42.831616,42.831616
9,1000000000,1274274986,64002382,64002492.156983,2000,triangle,64002405.760898,23.760898,23.760898
9,1000000000,1274274986,64002382,64002492.156983,2000,hann,64002408.517623,26.517623,26.517623
9,1000000000,1274274986,64002382,64002492.156983,2000,hamming,64002409.822743,27.822743,27.822743
9,1000000000,1274274986,64002382,64002492.156983,2000,riesz,64002414.679117,32.679117,32.679117
9,1000000000,1274274986,64002382,64002492.156983,2000,riesz4,64002409.636982,27.636982,27.636982
9,1000000000,1274274986,64002382,64002492.156983,2000,tukey50,64002420.048677,38.048677,38.048677
9,1000000000,1274274986,64002382,64002492.156983,2000,tukey25,64002419.619897,37.619897,37.619897
9,1000000000,1274274986,64002382,64002492.156983,2000,cosine,64002413.547902,31.547902,31.547902
9,1000000000,1274274986,64002382,64002492.156983,4000,hard,64002422.023213,40.023213,40.023213
9,1000000000,1274274986,64002382,64002492.156983,4000,triangle,64002415.423713,33.423713,33.423713
9,1000000000,1274274986,64002382,64002492.156983,4000,hann,64002419.576955,37.576955,37.576955
9,1000000000,1274274986,64002382,64002492.156983,4000,hamming,64002419.772656,37.772656,37.772656
9,1000000000,1274274986,64002382,64002492.156983,4000,riesz,64002422.329154,40.329154,40.329154
9,1000000000,1274274986,64002382,64002492.156983,4000,riesz4,64002420.502119,38.502119,38.502119
9,1000000000,1274274986,64002382,64002492.156983,4000,tukey50,64002425.377357,43.377357,43.377357
9,1000000000,1274274986,64002382,64002492.156983,4000,tukey25,64002425.803451,43.803451,43.803451
9,1000000000,1274274986,64002382,64002492.156983,4000,cosine,64002421.898467,39.898467,39.898467
9,1000000000,1353876180,67793611,67793652.114918,500,hard,67793663.164464,52.164464,52.164464
9,1000000000,1353876180,67793611,67793652.114918,500,triangle,67793717.516745,106.516745,106.516745
9,1000000000,1353876180,67793611,67793652.114918,500,hann,67793725.123134,114.123134,114.123134
9,1000000000,1353876180,67793611,67793652.114918,500,hamming,67793720.166440,109.166440,109.166440
9,1000000000,1353876180,67793611,67793652.114918,500,riesz,67793700.996881,89.996881,89.996881
9,1000000000,1353876180,67793611,67793652.114918,500,riesz4,67793720.275656,109.275656,109.275656
9,1000000000,1353876180,67793611,67793652.114918,500,tukey50,67793695.307028,84.307028,84.307028
9,1000000000,1353876180,67793611,67793652.114918,500,tukey25,67793673.415177,62.415177,62.415177
9,1000000000,1353876180,67793611,67793652.114918,500,cosine,67793705.339475,94.339475,94.339475
9,1000000000,1353876180,67793611,67793652.114918,1000,hard,67793602.577121,-8.422879,8.422879
9,1000000000,1353876180,67793611,67793652.114918,1000,triangle,67793675.746533,64.746533,64.746533
9,1000000000,1353876180,67793611,67793652.114918,1000,hann,67793675.521508,64.521508,64.521508
9,1000000000,1353876180,67793611,67793652.114918,1000,hamming,67793669.685957,58.685957,58.685957
9,1000000000,1353876180,67793611,67793652.114918,1000,riesz,67793647.313771,36.313771,36.313771
9,1000000000,1353876180,67793611,67793652.114918,1000,riesz4,67793669.760436,58.760436,58.760436
9,1000000000,1353876180,67793611,67793652.114918,1000,tukey50,67793635.901909,24.901909,24.901909
9,1000000000,1353876180,67793611,67793652.114918,1000,tukey25,67793606.652171,-4.347829,4.347829
9,1000000000,1353876180,67793611,67793652.114918,1000,cosine,67793652.377892,41.377892,41.377892
9,1000000000,1353876180,67793611,67793652.114918,2000,hard,67793596.482851,-14.517149,14.517149
9,1000000000,1353876180,67793611,67793652.114918,2000,triangle,67793643.040650,32.040650,32.040650
9,1000000000,1353876180,67793611,67793652.114918,2000,hann,67793631.369931,20.369931,20.369931
9,1000000000,1353876180,67793611,67793652.114918,2000,hamming,67793628.578965,17.578965,17.578965
9,1000000000,1353876180,67793611,67793652.114918,2000,riesz,67793619.756779,8.756779,8.756779
9,1000000000,1353876180,67793611,67793652.114918,2000,riesz4,67793628.102215,17.102215,17.102215
9,1000000000,1353876180,67793611,67793652.114918,2000,tukey50,67793612.839507,1.839507,1.839507
9,1000000000,1353876180,67793611,67793652.114918,2000,tukey25,67793610.474569,-0.525431,0.525431
9,1000000000,1353876180,67793611,67793652.114918,2000,cosine,67793621.683174,10.683174,10.683174
9,1000000000,1353876180,67793611,67793652.114918,4000,hard,67793638.510213,27.510213,27.510213
9,1000000000,1353876180,67793611,67793652.114918,4000,triangle,67793633.920525,22.920525,22.920525
9,1000000000,1353876180,67793611,67793652.114918,4000,hann,67793619.718534,8.718534,8.718534
9,1000000000,1353876180,67793611,67793652.114918,4000,hamming,67793621.221869,10.221869,10.221869
9,1000000000,1353876180,67793611,67793652.114918,4000,riesz,67793625.721954,14.721954,14.721954
9,1000000000,1353876180,67793611,67793652.114918,4000,riesz4,67793620.072277,9.072277,9.072277
9,1000000000,1353876180,67793611,67793652.114918,4000,tukey50,67793625.302271,14.302271,14.302271
9,1000000000,1353876180,67793611,67793652.114918,4000,tukey25,67793640.821303,29.821303,29.821303
9,1000000000,1353876180,67793611,67793652.114918,4000,cosine,67793624.489934,13.489934,13.489934
9,1000000000,1438449888,71809580,71810048.141988,500,hard,71809644.889636,64.889636,64.889636
9,1000000000,1438449888,71809580,71810048.141988,500,triangle,71809661.119576,81.119576,81.119576
9,1000000000,1438449888,71809580,71810048.141988,500,hann,71809655.596809,75.596809,75.596809
9,1000000000,1438449888,71809580,71810048.141988,500,hamming,71809654.740235,74.740235,74.740235
9,1000000000,1438449888,71809580,71810048.141988,500,riesz,71809647.501684,67.501684,67.501684
9,1000000000,1438449888,71809580,71810048.141988,500,riesz4,71809653.349181,73.349181,73.349181
9,1000000000,1438449888,71809580,71810048.141988,500,tukey50,71809636.437384,56.437384,56.437384
9,1000000000,1438449888,71809580,71810048.141988,500,tukey25,71809646.533569,66.533569,66.533569
9,1000000000,1438449888,71809580,71810048.141988,500,cosine,71809648.851381,68.851381,68.851381
9,1000000000,1438449888,71809580,71810048.141988,1000,hard,71809631.866696,51.866696,51.866696
9,1000000000,1438449888,71809580,71810048.141988,1000,triangle,71809647.806370,67.806370,67.806370
9,1000000000,1438449888,71809580,71810048.141988,1000,hann,71809642.139755,62.139755,62.139755
9,1000000000,1438449888,71809580,71810048.141988,1000,hamming,71809641.317910,61.317910,61.317910
9,1000000000,1438449888,71809580,71810048.141988,1000,riesz,71809637.562090,57.562090,57.562090
9,1000000000,1438449888,71809580,71810048.141988,1000,riesz4,71809641.084239,61.084239,61.084239
9,1000000000,1438449888,71809580,71810048.141988,1000,tukey50,71809636.029958,56.029958,56.029958
9,1000000000,1438449888,71809580,71810048.141988,1000,tukey25,71809632.800831,52.800831,52.800831
9,1000000000,1438449888,71809580,71810048.141988,1000,cosine,71809638.362082,58.362082,58.362082
9,1000000000,1438449888,71809580,71810048.141988,2000,hard,71809568.190337,-11.809663,11.809663
9,1000000000,1438449888,71809580,71810048.141988,2000,triangle,71809623.816203,43.816203,43.816203
9,1000000000,1438449888,71809580,71810048.141988,2000,hann,71809624.166059,44.166059,44.166059
9,1000000000,1438449888,71809580,71810048.141988,2000,hamming,71809619.688001,39.688001,39.688001
9,1000000000,1438449888,71809580,71810048.141988,2000,riesz,71809606.030222,26.030222,26.030222
9,1000000000,1438449888,71809580,71810048.141988,2000,riesz4,71809620.805407,40.805407,40.805407
9,1000000000,1438449888,71809580,71810048.141988,2000,tukey50,71809597.250879,17.250879,17.250879
9,1000000000,1438449888,71809580,71810048.141988,2000,tukey25,71809579.463247,-0.536753,0.536753
9,1000000000,1438449888,71809580,71810048.141988,2000,cosine,71809609.347624,29.347624,29.347624
9,1000000000,1438449888,71809580,71810048.141988,4000,hard,71809573.224898,-6.775102,6.775102
9,1000000000,1438449888,71809580,71810048.141988,4000,triangle,71809602.187443,22.187443,22.187443
9,1000000000,1438449888,71809580,71810048.141988,4000,hann,71809593.554898,13.554898,13.554898
9,1000000000,1438449888,71809580,71810048.141988,4000,hamming,71809591.928498,11.928498,11.928498
9,1000000000,1438449888,71809580,71810048.141988,4000,riesz,71809588.070437,8.070437,8.070437
9,1000000000,1438449888,71809580,71810048.141988,4000,riesz4,71809591.875785,11.875785,11.875785
9,1000000000,1438449888,71809580,71810048.141988,4000,tukey50,71809585.778802,5.778802,5.778802
9,1000000000,1438449888,71809580,71810048.141988,4000,tukey25,71809590.300829,10.300829,10.300829
9,1000000000,1438449888,71809580,71810048.141988,4000,cosine,71809588.954360,8.954360,8.954360
9,1000000000,1528306733,76065696,76065096.927408,500,hard,76065640.243234,-55.756766,55.756766
9,1000000000,1528306733,76065696,76065096.927408,500,triangle,76065626.264508,-69.735492,69.735492
9,1000000000,1528306733,76065696,76065096.927408,500,hann,76065639.495254,-56.504746,56.504746
9,1000000000,1528306733,76065696,76065096.927408,500,hamming,76065639.555092,-56.444908,56.444908
9,1000000000,1528306733,76065696,76065096.927408,500,riesz,76065652.428908,-43.571092,43.571092
9,1000000000,1528306733,76065696,76065096.927408,500,riesz4,76065644.353173,-51.646827,51.646827
9,1000000000,1528306733,76065696,76065096.927408,500,tukey50,76065670.495005,-25.504995,25.504995
9,1000000000,1528306733,76065696,76065096.927408,500,tukey25,76065651.108983,-44.891017,44.891017
9,1000000000,1528306733,76065696,76065096.927408,500,cosine,76065650.496470,-45.503530,45.503530
9,1000000000,1528306733,76065696,76065096.927408,1000,hard,76065681.211736,-14.788264,14.788264
9,1000000000,1528306733,76065696,76065096.927408,1000,triangle,76065649.549983,-46.450017,46.450017
9,1000000000,1528306733,76065696,76065096.927408,1000,hann,76065660.356237,-35.643763,35.643763
9,1000000000,1528306733,76065696,76065096.927408,1000,hamming,76065662.024677,-33.975323,33.975323
9,1000000000,1528306733,76065696,76065096.927408,1000,riesz,76065668.941436,-27.058564,27.058564
9,1000000000,1528306733,76065696,76065096.927408,1000,riesz4,76065662.684148,-33.315852,33.315852
9,1000000000,1528306733,76065696,76065096.927408,1000,tukey50,76065679.319558,-16.680442,16.680442
9,1000000000,1528306733,76065696,76065096.927408,1000,tukey25,76065675.606839,-20.393161,20.393161
9,1000000000,1528306733,76065696,76065096.927408,1000,cosine,76065667.500497,-28.499503,28.499503
9,1000000000,1528306733,76065696,76065096.927408,2000,hard,76065647.419689,-48.580311,48.580311
9,1000000000,1528306733,76065696,76065096.927408,2000,triangle,76065655.385066,-40.614934,40.614934
9,1000000000,1528306733,76065696,76065096.927408,2000,hann,76065667.262636,-28.737364,28.737364
9,1000000000,1528306733,76065696,76065096.927408,2000,hamming,76065665.675200,-30.324800,30.324800
9,1000000000,1528306733,76065696,76065096.927408,2000,riesz,76065661.283836,-34.716164,34.716164
9,1000000000,1528306733,76065696,76065096.927408,2000,riesz4,76065666.653923,-29.346077,29.346077
9,1000000000,1528306733,76065696,76065096.927408,2000,tukey50,76065659.693481,-36.306519,36.306519
9,1000000000,1528306733,76065696,76065096.927408,2000,tukey25,76065652.667235,-43.332765,43.332765
9,1000000000,1528306733,76065696,76065096.927408,2000,cosine,76065662.465577,-33.534423,33.534423
9,1000000000,1528306733,76065696,76065096.927408,4000,hard,76065633.367417,-62.632583,62.632583
9,1000000000,1528306733,76065696,76065096.927408,4000,triangle,76065640.342834,-55.657166,55.657166
9,1000000000,1528306733,76065696,76065096.927408,4000,hann,76065643.870680,-52.129320,52.129320
9,1000000000,1528306733,76065696,76065096.927408,4000,hamming,76065643.030419,-52.969581,52.969581
9,1000000000,1528306733,76065696,76065096.927408,4000,riesz,76065634.075685,-61.924315,61.924315
9,1000000000,1528306733,76065696,76065096.927408,4000,riesz4,76065641.080021,-54.919979,54.919979
9,1000000000,1528306733,76065696,76065096.927408,4000,tukey50,76065621.865858,-74.134142,74.134142
9,1000000000,1528306733,76065696,76065096.927408,4000,tukey25,76065620.893205,-75.106795,75.106795
9,1000000000,1528306733,76065696,76065096.927408,4000,cosine,76065635.697099,-60.302901,60.302901
9,1000000000,1623776739,80573091,80573016.087283,500,hard,80573111.369844,20.369844,20.369844
9,1000000000,1623776739,80573091,80573016.087283,500,triangle,80573121.160253,30.160253,30.160253
9,1000000000,1623776739,80573091,80573016.087283,500,hann,80573093.702266,2.702266,2.702266
9,1000000000,1623776739,80573091,80573016.087283,500,hamming,80573095.115672,4.115672,4.115672
9,1000000000,1623776739,80573091,80573016.087283,500,riesz,80573089.415876,-1.584124,1.584124
9,1000000000,1623776739,80573091,80573016.087283,500,riesz4,80573089.808833,-1.191167,1.191167
9,1000000000,1623776739,80573091,80573016.087283,500,tukey50,80573075.481677,-15.518323,15.518323
9,1000000000,1623776739,80573091,80573016.087283,500,tukey25,80573096.714856,5.714856,5.714856
9,1000000000,1623776739,80573091,80573016.087283,500,cosine,80573089.654263,-1.345737,1.345737
9,1000000000,1623776739,80573091,80573016.087283,1000,hard,80573151.530103,60.530103,60.530103
9,1000000000,1623776739,80573091,80573016.087283,1000,triangle,80573123.796928,32.796928,32.796928
9,1000000000,1623776739,80573091,80573016.087283,1000,hann,80573101.987482,10.987482,10.987482
9,1000000000,1623776739,80573091,80573016.087283,1000,hamming,80573105.950891,14.950891,14.950891
9,1000000000,1623776739,80573091,80573016.087283,1000,riesz,80573120.780303,29.780303,29.780303
9,1000000000,1623776739,80573091,80573016.087283,1000,riesz4,80573104.871964,13.871964,13.871964
9,1000000000,1623776739,80573091,80573016.087283,1000,tukey50,80573124.868544,33.868544,33.868544
9,1000000000,1623776739,80573091,80573016.087283,1000,tukey25,80573154.859326,63.859326,63.859326
9,1000000000,1623776739,80573091,80573016.087283,1000,cosine,80573117.237670,26.237670,26.237670
9,1000000000,1623776739,80573091,80573016.087283,2000,hard,80573149.006679,58.006679,58.006679
9,1000000000,1623776739,80573091,80573016.087283,2000,triangle,80573148.154764,57.154764,57.154764
9,1000000000,1623776739,80573091,80573016.087283,2000,hann,80573144.488947,53.488947,53.488947
9,1000000000,1623776739,80573091,80573016.087283,2000,hamming,80573144.850365,53.850365,53.850365
9,1000000000,1623776739,80573091,80573016.087283,2000,riesz,80573160.083459,69.083459,69.083459
9,1000000000,1623776739,80573091,80573016.087283,2000,riesz4,80573148.943630,57.943630,57.943630
9,1000000000,1623776739,80573091,80573016.087283,2000,tukey50,80573176.861526,85.861526,85.861526
9,1000000000,1623776739,80573091,80573016.087283,2000,tukey25,80573179.947727,88.947727,88.947727
9,1000000000,1623776739,80573091,80573016.087283,2000,cosine,80573157.504716,66.504716,66.504716
9,1000000000,1623776739,80573091,80573016.087283,4000,hard,80573134.343443,43.343443,43.343443
9,1000000000,1623776739,80573091,80573016.087283,4000,triangle,80573136.710107,45.710107,45.710107
9,1000000000,1623776739,80573091,80573016.087283,4000,hann,80573142.897719,51.897719,51.897719
9,1000000000,1623776739,80573091,80573016.087283,4000,hamming,80573142.213377,51.213377,51.213377
9,1000000000,1623776739,80573091,80573016.087283,4000,riesz,80573132.903290,41.903290,41.903290
9,1000000000,1623776739,80573091,80573016.087283,4000,riesz4,80573140.866539,49.866539,49.866539
9,1000000000,1623776739,80573091,80573016.087283,4000,tukey50,80573122.650650,31.650650,31.650650
9,1000000000,1623776739,80573091,80573016.087283,4000,tukey25,80573115.279475,24.279475,24.279475
9,1000000000,1623776739,80573091,80573016.087283,4000,cosine,80573134.702327,43.702327,43.702327
9,1000000000,1725210550,85349243,85348872.419685,500,hard,85349391.898558,148.898558,148.898558
9,1000000000,1725210550,85349243,85348872.419685,500,triangle,85349260.485294,17.485294,17.485294
9,1000000000,1725210550,85349243,85348872.419685,500,hann,85349276.322242,33.322242,33.322242
9,1000000000,1725210550,85349243,85348872.419685,500,hamming,85349285.568348,42.568348,42.568348
9,1000000000,1725210550,85349243,85348872.419685,500,riesz,85349317.509443,74.509443,74.509443
9,1000000000,1725210550,85349243,85348872.419685,500,riesz4,85349285.021658,42.021658,42.021658
9,1000000000,1725210550,85349243,85348872.419685,500,tukey50,85349335.504921,92.504921,92.504921
9,1000000000,1725210550,85349243,85348872.419685,500,tukey25,85349366.114220,123.114220,123.114220
9,1000000000,1725210550,85349243,85348872.419685,500,cosine,85349310.166785,67.166785,67.166785
9,1000000000,1725210550,85349243,85348872.419685,1000,hard,85349297.297497,54.297497,54.297497
9,1000000000,1725210550,85349243,85348872.419685,1000,triangle,85349293.376210,50.376210,50.376210
9,1000000000,1725210550,85349243,85348872.419685,1000,hann,85349323.353961,80.353961,80.353961
9,1000000000,1725210550,85349243,85348872.419685,1000,hamming,85349321.269444,78.269444,78.269444
9,1000000000,1725210550,85349243,85348872.419685,1000,riesz,85349320.713010,77.713010,77.713010
9,1000000000,1725210550,85349243,85348872.419685,1000,riesz4,85349324.719219,81.719219,81.719219
9,1000000000,1725210550,85349243,85348872.419685,1000,tukey50,85349323.360936,80.360936,80.360936
9,1000000000,1725210550,85349243,85348872.419685,1000,tukey25,85349307.896124,64.896124,64.896124
9,1000000000,1725210550,85349243,85348872.419685,1000,cosine,85349321.523904,78.523904,78.523904
9,1000000000,1725210550,85349243,85348872.419685,2000,hard,85349265.013521,22.013521,22.013521
9,1000000000,1725210550,85349243,85348872.419685,2000,triangle,85349288.380570,45.380570,45.380570
9,1000000000,1725210550,85349243,85348872.419685,2000,hann,85349306.686263,63.686263,63.686263
9,1000000000,1725210550,85349243,85348872.419685,2000,hamming,85349303.352444,60.352444,60.352444
9,1000000000,1725210550,85349243,85348872.419685,2000,riesz,85349290.126630,47.126630,47.126630
9,1000000000,1725210550,85349243,85348872.419685,2000,riesz4,85349303.561137,60.561137,60.561137
9,1000000000,1725210550,85349243,85348872.419685,2000,tukey50,85349282.789263,39.789263,39.789263
9,1000000000,1725210550,85349243,85348872.419685,2000,tukey25,85349261.872775,18.872775,18.872775
9,1000000000,1725210550,85349243,85348872.419685,2000,cosine,85349293.146402,50.146402,50.146402
9,1000000000,1725210550,85349243,85348872.419685,4000,hard,85349264.772162,21.772162,21.772162
9,1000000000,1725210550,85349243,85348872.419685,4000,triangle,85349274.614158,31.614158,31.614158
9,1000000000,1725210550,85349243,85348872.419685,4000,hann,85349278.504577,35.504577,35.504577
9,1000000000,1725210550,85349243,85348872.419685,4000,hamming,85349277.405984,34.405984,34.405984
9,1000000000,1725210550,85349243,85348872.419685,4000,riesz,85349267.093906,24.093906,24.093906
9,1000000000,1725210550,85349243,85348872.419685,4000,riesz4,85349275.580665,32.580665,32.580665
9,1000000000,1725210550,85349243,85348872.419685,4000,tukey50,85349258.121164,15.121164,15.121164
9,1000000000,1725210550,85349243,85348872.419685,4000,tukey25,85349253.727533,10.727533,10.727533
9,1000000000,1725210550,85349243,85348872.419685,4000,cosine,85349269.039032,26.039032,26.039032
9,1000000000,1832980711,90408554,90408632.384229,500,hard,90408846.666115,292.666115,292.666115
9,1000000000,1832980711,90408554,90408632.384229,500,triangle,90408831.681613,277.681613,277.681613
9,1000000000,1832980711,90408554,90408632.384229,500,hann,90408831.122803,277.122803,277.122803
9,1000000000,1832980711,90408554,90408632.384229,500,hamming,90408832.366268,278.366268,278.366268
9,1000000000,1832980711,90408554,90408632.384229,500,riesz,90408830.317094,276.317094,276.317094
9,1000000000,1832980711,90408554,90408632.384229,500,riesz4,90408830.656719,276.656719,276.656719
9,1000000000,1832980711,90408554,90408632.384229,500,tukey50,90408826.851522,272.851522,272.851522
9,1000000000,1832980711,90408554,90408632.384229,500,tukey25,90408828.687772,274.687772,274.687772
9,1000000000,1832980711,90408554,90408632.384229,500,cosine,90408830.409859,276.409859,276.409859
9,1000000000,1832980711,90408554,90408632.384229,1000,hard,90408790.969340,236.969340,236.969340
9,1000000000,1832980711,90408554,90408632.384229,1000,triangle,90408828.925193,274.925193,274.925193
9,1000000000,1832980711,90408554,90408632.384229,1000,hann,90408832.386439,278.386439,278.386439
9,1000000000,1832980711,90408554,90408632.384229,1000,hamming,90408829.073071,275.073071,275.073071
9,1000000000,1832980711,90408554,90408632.384229,1000,riesz,90408825.018643,271.018643,271.018643
9,1000000000,1832980711,90408554,90408632.384229,1000,riesz4,90408832.022630,278.022630,278.022630
9,1000000000,1832980711,90408554,90408632.384229,1000,tukey50,90408831.210503,277.210503,277.210503
9,1000000000,1832980711,90408554,90408632.384229,1000,tukey25,90408810.857655,256.857655,256.857655
9,1000000000,1832980711,90408554,90408632.384229,1000,cosine,90408826.540043,272.540043,272.540043
9,1000000000,1832980711,90408554,90408632.384229,2000,hard,90408746.652536,192.652536,192.652536
9,1000000000,1832980711,90408554,90408632.384229,2000,triangle,90408797.867457,243.867457,243.867457
9,1000000000,1832980711,90408554,90408632.384229,2000,hann,90408800.068785,246.068785,246.068785
9,1000000000,1832980711,90408554,90408632.384229,2000,hamming,90408795.795485,241.795485,241.795485
9,1000000000,1832980711,90408554,90408632.384229,2000,riesz,90408779.223749,225.223749,225.223749
9,1000000000,1832980711,90408554,90408632.384229,2000,riesz4,90408795.619674,241.619674,241.619674
9,1000000000,1832980711,90408554,90408632.384229,2000,tukey50,90408765.738331,211.738331,211.738331
9,1000000000,1832980711,90408554,90408632.384229,2000,tukey25,90408752.008709,198.008709,198.008709
9,1000000000,1832980711,90408554,90408632.384229,2000,cosine,90408782.933446,228.933446,228.933446
9,1000000000,1832980711,90408554,90408632.384229,4000,hard,90408696.494829,142.494829,142.494829
9,1000000000,1832980711,90408554,90408632.384229,4000,triangle,90408762.928878,208.928878,208.928878
9,1000000000,1832980711,90408554,90408632.384229,4000,hann,90408760.159535,206.159535,206.159535
9,1000000000,1832980711,90408554,90408632.384229,4000,hamming,90408755.066358,201.066358,201.066358
9,1000000000,1832980711,90408554,90408632.384229,4000,riesz,90408738.170221,184.170221,184.170221
9,1000000000,1832980711,90408554,90408632.384229,4000,riesz4,90408755.798958,201.798958,201.798958
9,1000000000,1832980711,90408554,90408632.384229,4000,tukey50,90408731.419257,177.419257,177.419257
9,1000000000,1832980711,90408554,90408632.384229,4000,tukey25,90408707.298087,153.298087,153.298087
9,1000000000,1832980711,90408554,90408632.384229,4000,cosine,90408742.140048,188.140048,188.140048
9,1000000000,1947483040,95768631,95769216.126178,500,hard,95768495.999048,-135.000952,135.000952
9,1000000000,1947483040,95768631,95769216.126178,500,triangle,95768587.591974,-43.408026,43.408026
9,1000000000,1947483040,95768631,95769216.126178,500,hann,95768592.962663,-38.037337,38.037337
9,1000000000,1947483040,95768631,95769216.126178,500,hamming,95768585.205573,-45.794427,45.794427
9,1000000000,1947483040,95768631,95769216.126178,500,riesz,95768559.477116,-71.522884,71.522884
9,1000000000,1947483040,95768631,95769216.126178,500,riesz4,95768586.976938,-44.023062,44.023062
9,1000000000,1947483040,95768631,95769216.126178,500,tukey50,95768539.180417,-91.819583,91.819583
9,1000000000,1947483040,95768631,95769216.126178,500,tukey25,95768513.456475,-117.543525,117.543525
9,1000000000,1947483040,95768631,95769216.126178,500,cosine,95768565.641807,-65.358193,65.358193
9,1000000000,1947483040,95768631,95769216.126178,1000,hard,95768523.431946,-107.568054,107.568054
9,1000000000,1947483040,95768631,95769216.126178,1000,triangle,95768558.374218,-72.625782,72.625782
9,1000000000,1947483040,95768631,95769216.126178,1000,hann,95768547.042991,-83.957009,83.957009
9,1000000000,1947483040,95768631,95769216.126178,1000,hamming,95768545.154107,-85.845893,85.845893
9,1000000000,1947483040,95768631,95769216.126178,1000,riesz,95768537.067236,-93.932764,93.932764
9,1000000000,1947483040,95768631,95769216.126178,1000,riesz4,95768543.919921,-87.080079,87.080079
9,1000000000,1947483040,95768631,95769216.126178,1000,tukey50,95768530.409298,-100.590702,100.590702
9,1000000000,1947483040,95768631,95769216.126178,1000,tukey25,95768528.892358,-102.107642,102.107642
9,1000000000,1947483040,95768631,95769216.126178,1000,cosine,95768538.666245,-92.333755,92.333755
9,1000000000,1947483040,95768631,95769216.126178,2000,hard,95768550.066047,-80.933953,80.933953
9,1000000000,1947483040,95768631,95769216.126178,2000,triangle,95768543.326947,-87.673053,87.673053
9,1000000000,1947483040,95768631,95769216.126178,2000,hann,95768530.535398,-100.464602,100.464602
9,1000000000,1947483040,95768631,95769216.126178,2000,hamming,95768532.097850,-98.902150,98.902150
9,1000000000,1947483040,95768631,95769216.126178,2000,riesz,95768532.003359,-98.996641,98.996641
9,1000000000,1947483040,95768631,95769216.126178,2000,riesz4,95768529.614272,-101.385728,101.385728
9,1000000000,1947483040,95768631,95769216.126178,2000,tukey50,95768523.826662,-107.173338,107.173338
9,1000000000,1947483040,95768631,95769216.126178,2000,tukey25,95768539.889999,-91.110001,91.110001
9,1000000000,1947483040,95768631,95769216.126178,2000,cosine,95768531.526340,-99.473660,99.473660
9,1000000000,1947483040,95768631,95769216.126178,4000,hard,95768628.094953,-2.905047,2.905047
9,1000000000,1947483040,95768631,95769216.126178,4000,triangle,95768559.403487,-71.596513,71.596513
9,1000000000,1947483040,95768631,95769216.126178,4000,hann,95768547.913187,-83.086813,83.086813
9,1000000000,1947483040,95768631,95769216.126178,4000,hamming,95768554.327728,-76.672272,76.672272
9,1000000000,1947483040,95768631,95769216.126178,4000,riesz,95768567.842152,-63.157848,63.157848
9,1000000000,1947483040,95768631,95769216.126178,4000,riesz4,95768551.132051,-79.867949,79.867949
9,1000000000,1947483040,95768631,95769216.126178,4000,tukey50,95768572.589224,-58.410776,58.410776
9,1000000000,1947483040,95768631,95769216.126178,4000,tukey25,95768594.668839,-36.331161,36.331161
9,1000000000,1947483040,95768631,95769216.126178,4000,cosine,95768564.115240,-66.884760,66.884760
9,1000000000,2069138081,101448309,101448554.517680,500,hard,101448293.194269,-15.805731,15.805731
9,1000000000,2069138081,101448309,101448554.517680,500,triangle,101448331.941784,22.941784,22.941784
9,1000000000,2069138081,101448309,101448554.517680,500,hann,101448314.989397,5.989397,5.989397
9,1000000000,2069138081,101448309,101448554.517680,500,hamming,101448313.245787,4.245787,4.245787
9,1000000000,2069138081,101448309,101448554.517680,500,riesz,101448299.628824,-9.371176,9.371176
9,1000000000,2069138081,101448309,101448554.517680,500,riesz4,101448310.283825,1.283825,1.283825
9,1000000000,2069138081,101448309,101448554.517680,500,tukey50,101448283.957903,-25.042097,25.042097
9,1000000000,2069138081,101448309,101448554.517680,500,tukey25,101448286.661562,-22.338438,22.338438
9,1000000000,2069138081,101448309,101448554.517680,500,cosine,101448302.111788,-6.888212,6.888212
9,1000000000,2069138081,101448309,101448554.517680,1000,hard,101448318.021349,9.021349,9.021349
9,1000000000,2069138081,101448309,101448554.517680,1000,triangle,101448337.363189,28.363189,28.363189
9,1000000000,2069138081,101448309,101448554.517680,1000,hann,101448322.878486,13.878486,13.878486
9,1000000000,2069138081,101448309,101448554.517680,1000,hamming,101448322.489915,13.489915,13.489915
9,1000000000,2069138081,101448309,101448554.517680,1000,riesz,101448332.111230,23.111230,23.111230
9,1000000000,2069138081,101448309,101448554.517680,1000,riesz4,101448325.512217,16.512217,16.512217
9,1000000000,2069138081,101448309,101448554.517680,1000,tukey50,101448348.703376,39.703376,39.703376
9,1000000000,2069138081,101448309,101448554.517680,1000,tukey25,101448349.815824,40.815824,40.815824
9,1000000000,2069138081,101448309,101448554.517680,1000,cosine,101448330.580500,21.580500,21.580500
9,1000000000,2069138081,101448309,101448554.517680,2000,hard,101448326.893433,17.893433,17.893433
9,1000000000,2069138081,101448309,101448554.517680,2000,triangle,101448326.562389,17.562389,17.562389
9,1000000000,2069138081,101448309,101448554.517680,2000,hann,101448322.258777,13.258777,13.258777
9,1000000000,2069138081,101448309,101448554.517680,2000,hamming,101448322.629549,13.629549,13.629549
9,1000000000,2069138081,101448309,101448554.517680,2000,riesz,101448320.238098,11.238098,11.238098
9,1000000000,2069138081,101448309,101448554.517680,2000,riesz4,101448321.472859,12.472859,12.472859
9,1000000000,2069138081,101448309,101448554.517680,2000,tukey50,101448313.001023,4.001023,4.001023
9,1000000000,2069138081,101448309,101448554.517680,2000,tukey25,101448317.434541,8.434541,8.434541
9,1000000000,2069138081,101448309,101448554.517680,2000,cosine,101448320.537106,11.537106,11.537106
9,1000000000,2069138081,101448309,101448554.517680,4000,hard,101448295.380532,-13.619468,13.619468
9,1000000000,2069138081,101448309,101448554.517680,4000,triangle,101448317.254751,8.254751,8.254751
9,1000000000,2069138081,101448309,101448554.517680,4000,hann,101448315.725262,6.725262,6.725262
9,1000000000,2069138081,101448309,101448554.517680,4000,hamming,101448314.097684,5.097684,5.097684
9,1000000000,2069138081,101448309,101448554.517680,4000,riesz,101448310.016502,1.016502,1.016502
9,1000000000,2069138081,101448309,101448554.517680,4000,riesz4,101448314.569887,5.569887,5.569887
9,1000000000,2069138081,101448309,101448554.517680,4000,tukey50,101448306.195785,-2.804215,2.804215
9,1000000000,2069138081,101448309,101448554.517680,4000,tukey25,101448302.971455,-6.028545,6.028545
9,1000000000,2069138081,101448309,101448554.517680,4000,cosine,101448311.043770,2.043770,2.043770
9,1000000000,2198392649,107465559,107465649.677352,500,hard,107465467.839461,-91.160539,91.160539
9,1000000000,2198392649,107465559,107465649.677352,500,triangle,107465377.853453,-181.146547,181.146547
9,1000000000,2198392649,107465559,107465649.677352,500,hann,107465372.373184,-186.626816,186.626816
9,1000000000,2198392649,107465559,107465649.677352,500,hamming,107465380.010486,-178.989514,178.989514
9,1000000000,2198392649,107465559,107465649.677352,500,riesz,107465402.526934,-156.473066,156.473066
9,1000000000,2198392649,107465559,107465649.677352,500,riesz4,107465377.580696,-181.419304,181.419304
9,1000000000,2198392649,107465559,107465649.677352,500,tukey50,107465414.221040,-144.778960,144.778960
9,1000000000,2198392649,107465559,107465649.677352,500,tukey25,107465438.144193,-120.855807,120.855807
9,1000000000,2198392649,107465559,107465649.677352,500,cosine,107465396.946683,-162.053317,162.053317
9,1000000000,2198392649,107465559,107465649.677352,1000,hard,107465570.274194,11.274194,11.274194
9,1000000000,2198392649,107465559,107465649.677352,1000,triangle,107465451.522524,-107.477476,107.477476
9,1000000000,2198392649,107465559,107465649.677352,1000,hann,107465454.900274,-104.099726,104.099726
9,1000000000,2198392649,107465559,107465649.677352,1000,hamming,107465464.130188,-94.869812,94.869812
9,1000000000,2198392649,107465559,107465649.677352,1000,riesz,107465497.989126,-61.010874,61.010874
9,1000000000,2198392649,107465559,107465649.677352,1000,riesz4,107465464.115056,-94.884944,94.884944
9,1000000000,2198392649,107465559,107465649.677352,1000,tukey50,107465520.543461,-38.456539,38.456539
9,1000000000,2198392649,107465559,107465649.677352,1000,tukey25,107465543.365005,-15.634995,15.634995
9,1000000000,2198392649,107465559,107465649.677352,1000,cosine,107465490.327271,-68.672729,68.672729
9,1000000000,2198392649,107465559,107465649.677352,2000,hard,107465542.669539,-16.330461,16.330461
9,1000000000,2198392649,107465559,107465649.677352,2000,triangle,107465515.066964,-43.933036,43.933036
9,1000000000,2198392649,107465559,107465649.677352,2000,hann,107465539.444279,-19.555721,19.555721
9,1000000000,2198392649,107465559,107465649.677352,2000,hamming,107465539.702300,-19.297700,19.297700
9,1000000000,2198392649,107465559,107465649.677352,2000,riesz,107465555.595944,-3.404056,3.404056
9,1000000000,2198392649,107465559,107465649.677352,2000,riesz4,107465545.818975,-13.181025,13.181025
9,1000000000,2198392649,107465559,107465649.677352,2000,tukey50,107465581.465848,22.465848,22.465848
9,1000000000,2198392649,107465559,107465649.677352,2000,tukey25,107465559.235417,0.235417,0.235417
9,1000000000,2198392649,107465559,107465649.677352,2000,cosine,107465553.236096,-5.763904,5.763904
9,1000000000,2198392649,107465559,107465649.677352,4000,hard,107465590.644615,31.644615,31.644615
9,1000000000,2198392649,107465559,107465649.677352,4000,triangle,107465543.926041,-15.073959,15.073959
9,1000000000,2198392649,107465559,107465649.677352,4000,hann,107465561.946935,2.946935,2.946935
9,1000000000,2198392649,107465559,107465649.677352,4000,hamming,107465564.242750,5.242750,5.242750
9,1000000000,2198392649,107465559,107465649.677352,4000,riesz,107465569.147078,10.147078,10.147078
9,1000000000,2198392649,107465559,107465649.677352,4000,riesz4,107465563.707202,4.707202,4.707202
9,1000000000,2198392649,107465559,107465649.677352,4000,tukey50,107465572.859604,13.859604,13.859604
9,1000000000,2198392649,107465559,107465649.677352,4000,tukey25,107465578.481121,19.481121,19.481121
9,1000000000,2198392649,107465559,107465649.677352,4000,cosine,107465567.906275,8.906275,8.906275
9,1000000000,2335721469,113841019,113840639.002455,500,hard,113840948.913588,-70.086412,70.086412
9,1000000000,2335721469,113841019,113840639.002455,500,triangle,113840952.441232,-66.558768,66.558768
9,1000000000,2335721469,113841019,113840639.002455,500,hann,113840955.745630,-63.254370,63.254370
9,1000000000,2335721469,113841019,113840639.002455,500,hamming,113840955.199067,-63.800933,63.800933
9,1000000000,2335721469,113841019,113840639.002455,500,riesz,113840945.791241,-73.208759,73.208759
9,1000000000,2335721469,113841019,113840639.002455,500,riesz4,113840952.650964,-66.349036,66.349036
9,1000000000,2335721469,113841019,113840639.002455,500,tukey50,113840929.370884,-89.629116,89.629116
9,1000000000,2335721469,113841019,113840639.002455,500,tukey25,113840931.019509,-87.980491,87.980491
9,1000000000,2335721469,113841019,113840639.002455,500,cosine,113840947.396142,-71.603858,71.603858
9,1000000000,2335721469,113841019,113840639.002455,1000,hard,113840918.623912,-100.376088,100.376088
9,1000000000,2335721469,113841019,113840639.002455,1000,triangle,113840939.689762,-79.310238,79.310238
9,1000000000,2335721469,113841019,113840639.002455,1000,hann,113840942.282350,-76.717650,76.717650
9,1000000000,2335721469,113841019,113840639.002455,1000,hamming,113840940.389675,-78.610325,78.610325
9,1000000000,2335721469,113841019,113840639.002455,1000,riesz,113840928.082784,-90.917216,90.917216
9,1000000000,2335721469,113841019,113840639.002455,1000,riesz4,113840939.430036,-79.569964,79.569964
9,1000000000,2335721469,113841019,113840639.002455,1000,tukey50,113840919.066407,-99.933593,99.933593
9,1000000000,2335721469,113841019,113840639.002455,1000,tukey25,113840902.350683,-116.649317,116.649317
9,1000000000,2335721469,113841019,113840639.002455,1000,cosine,113840930.642962,-88.357038,88.357038
9,1000000000,2335721469,113841019,113840639.002455,2000,hard,113841002.370604,-16.629396,16.629396
9,1000000000,2335721469,113841019,113840639.002455,2000,triangle,113840954.628122,-64.371878,64.371878
9,1000000000,2335721469,113841019,113840639.002455,2000,hann,113840946.378752,-72.621248,72.621248
9,1000000000,2335721469,113841019,113840639.002455,2000,hamming,113840950.858100,-68.141900,68.141900
9,1000000000,2335721469,113841019,113840639.002455,2000,riesz,113840961.490217,-57.509783,57.509783
9,1000000000,2335721469,113841019,113840639.002455,2000,riesz4,113840948.785269,-70.214731,70.214731
9,1000000000,2335721469,113841019,113840639.002455,2000,tukey50,113840969.475898,-49.524102,49.524102
9,1000000000,2335721469,113841019,113840639.002455,2000,tukey25,113840981.688298,-37.311702,37.311702
9,1000000000,2335721469,113841019,113840639.002455,2000,cosine,113840958.657069,-60.342931,60.342931
9,1000000000,2335721469,113841019,113840639.002455,4000,hard,113841004.688900,-14.311100,14.311100
9,1000000000,2335721469,113841019,113840639.002455,4000,triangle,113840970.357024,-48.642976,48.642976
9,1000000000,2335721469,113841019,113840639.002455,4000,hann,113840969.824115,-49.175885,49.175885
9,1000000000,2335721469,113841019,113840639.002455,4000,hamming,113840972.613298,-46.386702,46.386702
9,1000000000,2335721469,113841019,113840639.002455,4000,riesz,113840981.156722,-37.843278,37.843278
9,1000000000,2335721469,113841019,113840639.002455,4000,riesz4,113840971.859014,-47.140986,47.140986
9,1000000000,2335721469,113841019,113840639.002455,4000,tukey50,113840980.838416,-38.161584,38.161584
9,1000000000,2335721469,113841019,113840639.002455,4000,tukey25,113840993.437432,-25.562568,25.562568
9,1000000000,2335721469,113841019,113840639.002455,4000,cosine,113840979.075051,-39.924949,39.924949
9,1000000000,2481628923,120594889,120594863.302413,500,hard,120594824.445199,-64.554801,64.554801
9,1000000000,2481628923,120594889,120594863.302413,500,triangle,120594698.772703,-190.227297,190.227297
9,1000000000,2481628923,120594889,120594863.302413,500,hann,120594709.910044,-179.089956,179.089956
9,1000000000,2481628923,120594889,120594863.302413,500,hamming,120594719.072856,-169.927144,169.927144
9,1000000000,2481628923,120594889,120594863.302413,500,riesz,120594773.261187,-115.738813,115.738813
9,1000000000,2481628923,120594889,120594863.302413,500,riesz4,120594726.679831,-162.320169,162.320169
9,1000000000,2481628923,120594889,120594863.302413,500,tukey50,120594832.646495,-56.353505,56.353505
9,1000000000,2481628923,120594889,120594863.302413,500,tukey25,120594837.959945,-51.040055,51.040055
9,1000000000,2481628923,120594889,120594863.302413,500,cosine,120594762.557025,-126.442975,126.442975
9,1000000000,2481628923,120594889,120594863.302413,1000,hard,120594871.884198,-17.115802,17.115802
9,1000000000,2481628923,120594889,120594863.302413,1000,triangle,120594779.576313,-109.423687,109.423687
9,1000000000,2481628923,120594889,120594863.302413,1000,hann,120594811.774099,-77.225901,77.225901
9,1000000000,2481628923,120594889,120594863.302413,1000,hamming,120594816.582907,-72.417093,72.417093
9,1000000000,2481628923,120594889,120594863.302413,1000,riesz,120594838.094175,-50.905825,50.905825
9,1000000000,2481628923,120594889,120594863.302413,1000,riesz4,120594819.194944,-69.805056,69.805056
9,1000000000,2481628923,120594889,120594863.302413,1000,tukey50,120594855.636079,-33.363921,33.363921
9,1000000000,2481628923,120594889,120594863.302413,1000,tukey25,120594857.954353,-31.045647,31.045647
9,1000000000,2481628923,120594889,120594863.302413,1000,cosine,120594833.731792,-55.268208,55.268208
9,1000000000,2481628923,120594889,120594863.302413,2000,hard,120594883.905032,-5.094968,5.094968
9,1000000000,2481628923,120594889,120594863.302413,2000,triangle,120594814.281153,-74.718847,74.718847
9,1000000000,2481628923,120594889,120594863.302413,2000,hann,120594837.725823,-51.274177,51.274177
9,1000000000,2481628923,120594889,120594863.302413,2000,hamming,120594841.420160,-47.579840,47.579840
9,1000000000,2481628923,120594889,120594863.302413,2000,riesz,120594848.082837,-40.917163,40.917163
9,1000000000,2481628923,120594889,120594863.302413,2000,riesz4,120594839.337958,-49.662042,49.662042
9,1000000000,2481628923,120594889,120594863.302413,2000,tukey50,120594843.117785,-45.882215,45.882215
9,1000000000,2481628923,120594889,120594863.302413,2000,tukey25,120594856.882620,-32.117380,32.117380
9,1000000000,2481628923,120594889,120594863.302413,2000,cosine,120594846.138658,-42.861342,42.861342
9,1000000000,2481628923,120594889,120594863.302413,4000,hard,120594907.822389,18.822389,18.822389
9,1000000000,2481628923,120594889,120594863.302413,4000,triangle,120594842.931129,-46.068871,46.068871
9,1000000000,2481628923,120594889,120594863.302413,4000,hann,120594856.996878,-32.003122,32.003122
9,1000000000,2481628923,120594889,120594863.302413,4000,hamming,120594861.062919,-27.937081,27.937081
9,1000000000,2481628923,120594889,120594863.302413,4000,riesz,120594866.454318,-22.545682,22.545682
9,1000000000,2481628923,120594889,120594863.302413,4000,riesz4,120594858.563196,-30.436804,30.436804
9,1000000000,2481628923,120594889,120594863.302413,4000,tukey50,120594865.291166,-23.708834,23.708834
9,1000000000,2481628923,120594889,120594863.302413,4000,tukey25,120594873.522143,-15.477857,15.477857
9,1000000000,2481628923,120594889,120594863.302413,4000,cosine,120594864.694763,-24.305237,24.305237
9,1000000000,2636650899,127751467,127750938.687969,500,hard,127751641.596900,174.596900,174.596900
9,1000000000,2636650899,127751467,127750938.687969,500,triangle,127751605.943551,138.943551,138.943551
9,1000000000,2636650899,127751467,127750938.687969,500,hann,127751609.602694,142.602694,142.602694
9,1000000000,2636650899,127751467,127750938.687969,500,hamming,127751612.162231,145.162231,145.162231
9,1000000000,2636650899,127751467,127750938.687969,500,riesz,127751617.647435,150.647435,150.647435
9,1000000000,2636650899,127751467,127750938.687969,500,riesz4,127751612.497813,145.497813,145.497813
9,1000000000,2636650899,127751467,127750938.687969,500,tukey50,127751628.887019,161.887019,161.887019
9,1000000000,2636650899,127751467,127750938.687969,500,tukey25,127751616.654395,149.654395,149.654395
9,1000000000,2636650899,127751467,127750938.687969,500,cosine,127751616.423679,149.423679,149.423679
9,1000000000,2636650899,127751467,127750938.687969,1000,hard,127751626.034051,159.034051,159.034051
9,1000000000,2636650899,127751467,127750938.687969,1000,triangle,127751627.708368,160.708368,160.708368
9,1000000000,2636650899,127751467,127750938.687969,1000,hann,127751636.124083,169.124083,169.124083
9,1000000000,2636650899,127751467,127750938.687969,1000,hamming,127751635.316881,168.316881,168.316881
9,1000000000,2636650899,127751467,127750938.687969,1000,riesz,127751639.593484,172.593484,172.593484
9,1000000000,2636650899,127751467,127750938.687969,1000,riesz4,127751638.057898,171.057898,171.057898
9,1000000000,2636650899,127751467,127750938.687969,1000,tukey50,127751649.736241,182.736241,182.736241
9,1000000000,2636650899,127751467,127750938.687969,1000,tukey25,127751639.475168,172.475168,172.475168
9,1000000000,2636650899,127751467,127750938.687969,1000,cosine,127751639.185318,172.185318,172.185318
9,1000000000,2636650899,127751467,127750938.687969,2000,hard,127751553.010397,86.010397,86.010397
9,1000000000,2636650899,127751467,127750938.687969,2000,triangle,127751610.420732,143.420732,143.420732
9,1000000000,2636650899,127751467,127750938.687969,2000,hann,127751622.961290,155.961290,155.961290
9,1000000000,2636650899,127751467,127750938.687969,2000,hamming,127751617.365219,150.365219,150.365219
9,1000000000,2636650899,127751467,127750938.687969,2000,riesz,127751600.530951,133.530951,133.530951
9,1000000000,2636650899,127751467,127750938.687969,2000,riesz4,127751619.164091,152.164091,152.164091
9,1000000000,2636650899,127751467,127750938.687969,2000,tukey50,127751591.409184,124.409184,124.409184
9,1000000000,2636650899,127751467,127750938.687969,2000,tukey25,127751563.440394,96.440394,96.440394
9,1000000000,2636650899,127751467,127750938.687969,2000,cosine,127751604.697503,137.697503,137.697503
9,1000000000,2636650899,127751467,127750938.687969,4000,hard,127751488.647243,21.647243,21.647243
9,1000000000,2636650899,127751467,127750938.687969,4000,triangle,127751561.722041,94.722041,94.722041
9,1000000000,2636650899,127751467,127750938.687969,4000,hann,127751563.192784,96.192784,96.192784
9,1000000000,2636650899,127751467,127750938.687969,4000,hamming,127751557.229141,90.229141,90.229141
9,1000000000,2636650899,127751467,127750938.687969,4000,riesz,127751532.153399,65.153399,65.153399
9,1000000000,2636650899,127751467,127750938.687969,4000,riesz4,127751556.245000,89.245000,89.245000
9,1000000000,2636650899,127751467,127750938.687969,4000,tukey50,127751511.744728,44.744728,44.744728
9,1000000000,2636650899,127751467,127750938.687969,4000,tukey25,127751498.223952,31.223952,31.223952
9,1000000000,2636650899,127751467,127750938.687969,4000,cosine,127751537.619322,70.619322,70.619322
9,1000000000,2801356761,135332605,135332833.027868,500,hard,135332755.678553,150.678553,150.678553
9,1000000000,2801356761,135332605,135332833.027868,500,triangle,135332766.408673,161.408673,161.408673
9,1000000000,2801356761,135332605,135332833.027868,500,hann,135332752.880665,147.880665,147.880665
9,1000000000,2801356761,135332605,135332833.027868,500,hamming,135332753.104496,148.104496,148.104496
9,1000000000,2801356761,135332605,135332833.027868,500,riesz,135332752.087020,147.087020,147.087020
9,1000000000,2801356761,135332605,135332833.027868,500,riesz4,135332750.590908,145.590908,145.590908
9,1000000000,2801356761,135332605,135332833.027868,500,tukey50,135332739.488788,134.488788,134.488788
9,1000000000,2801356761,135332605,135332833.027868,500,tukey25,135332771.235895,166.235895,166.235895
9,1000000000,2801356761,135332605,135332833.027868,500,cosine,135332751.854790,146.854790,146.854790
9,1000000000,2801356761,135332605,135332833.027868,1000,hard,135332719.990780,114.990780,114.990780
9,1000000000,2801356761,135332605,135332833.027868,1000,triangle,135332763.520840,158.520840,158.520840
9,1000000000,2801356761,135332605,135332833.027868,1000,hann,135332761.647233,156.647233,156.647233
9,1000000000,2801356761,135332605,135332833.027868,1000,hamming,135332758.314717,153.314717,153.314717
9,1000000000,2801356761,135332605,135332833.027868,1000,riesz,135332755.170373,150.170373,150.170373
9,1000000000,2801356761,135332605,135332833.027868,1000,riesz4,135332761.450325,156.450325,156.450325
9,1000000000,2801356761,135332605,135332833.027868,1000,tukey50,135332759.336431,154.336431,154.336431
9,1000000000,2801356761,135332605,135332833.027868,1000,tukey25,135332741.712771,136.712771,136.712771
9,1000000000,2801356761,135332605,135332833.027868,1000,cosine,135332756.530635,151.530635,151.530635
9,1000000000,2801356761,135332605,135332833.027868,2000,hard,135332681.749542,76.749542,76.749542
9,1000000000,2801356761,135332605,135332833.027868,2000,triangle,135332731.204640,126.204640,126.204640
9,1000000000,2801356761,135332605,135332833.027868,2000,hann,135332731.786484,126.786484,126.786484
9,1000000000,2801356761,135332605,135332833.027868,2000,hamming,135332727.783528,122.783528,122.783528
9,1000000000,2801356761,135332605,135332833.027868,2000,riesz,135332710.475170,105.475170,105.475170
9,1000000000,2801356761,135332605,135332833.027868,2000,riesz4,135332727.458629,122.458629,122.458629
9,1000000000,2801356761,135332605,135332833.027868,2000,tukey50,135332698.824888,93.824888,93.824888
9,1000000000,2801356761,135332605,135332833.027868,2000,tukey25,135332678.773408,73.773408,73.773408
9,1000000000,2801356761,135332605,135332833.027868,2000,cosine,135332714.306657,109.306657,109.306657
9,1000000000,2801356761,135332605,135332833.027868,4000,hard,135332636.784634,31.784634,31.784634
9,1000000000,2801356761,135332605,135332833.027868,4000,triangle,135332692.381217,87.381217,87.381217
9,1000000000,2801356761,135332605,135332833.027868,4000,hann,135332686.347052,81.347052,81.347052
9,1000000000,2801356761,135332605,135332833.027868,4000,hamming,135332682.382059,77.382059,77.382059
9,1000000000,2801356761,135332605,135332833.027868,4000,riesz,135332666.148280,61.148280,61.148280
9,1000000000,2801356761,135332605,135332833.027868,4000,riesz4,135332681.432010,76.432010,76.432010
9,1000000000,2801356761,135332605,135332833.027868,4000,tukey50,135332650.743946,45.743946,45.743946
9,1000000000,2801356761,135332605,135332833.027868,4000,tukey25,135332645.829512,40.829512,40.829512
9,1000000000,2801356761,135332605,135332833.027868,4000,cosine,135332669.636545,64.636545,64.636545
9,1000000000,2976351442,143365983,143365946.988294,500,hard,143365987.529213,4.529213,4.529213
9,1000000000,2976351442,143365983,143365946.988294,500,triangle,143366065.683559,82.683559,82.683559
9,1000000000,2976351442,143365983,143365946.988294,500,hann,143366082.597627,99.597627,99.597627
9,1000000000,2976351442,143365983,143365946.988294,500,hamming,143366074.992154,91.992154,91.992154
9,1000000000,2976351442,143365983,143365946.988294,500,riesz,143366049.926064,66.926064,66.926064
9,1000000000,2976351442,143365983,143365946.988294,500,riesz4,143366076.846798,93.846798,93.846798
9,1000000000,2976351442,143365983,143365946.988294,500,tukey50,143366041.678571,58.678571,58.678571
9,1000000000,2976351442,143365983,143365946.988294,500,tukey25,143365993.971114,10.971114,10.971114
9,1000000000,2976351442,143365983,143365946.988294,500,cosine,143366055.954367,72.954367,72.954367
9,1000000000,2976351442,143365983,143365946.988294,1000,hard,143365956.442200,-26.557800,26.557800
9,1000000000,2976351442,143365983,143365946.988294,1000,triangle,143366018.977195,35.977195,35.977195
9,1000000000,2976351442,143365983,143365946.988294,1000,hann,143366018.506892,35.506892,35.506892
9,1000000000,2976351442,143365983,143365946.988294,1000,hamming,143366013.541717,30.541717,30.541717
9,1000000000,2976351442,143365983,143365946.988294,1000,riesz,143365988.875997,5.875997,5.875997
9,1000000000,2976351442,143365983,143365946.988294,1000,riesz4,143366011.573401,28.573401,28.573401
9,1000000000,2976351442,143365983,143365946.988294,1000,tukey50,143365969.728049,-13.271951,13.271951
9,1000000000,2976351442,143365983,143365946.988294,1000,tukey25,143365953.454471,-29.545529,29.545529
9,1000000000,2976351442,143365983,143365946.988294,1000,cosine,143365994.041576,11.041576,11.041576
9,1000000000,2976351442,143365983,143365946.988294,2000,hard,143365953.121805,-29.878195,29.878195
9,1000000000,2976351442,143365983,143365946.988294,2000,triangle,143365982.683918,-0.316082,0.316082
9,1000000000,2976351442,143365983,143365946.988294,2000,hann,143365969.167229,-13.832771,13.832771
9,1000000000,2976351442,143365983,143365946.988294,2000,hamming,143365967.883595,-15.116405,15.116405
9,1000000000,2976351442,143365983,143365946.988294,2000,riesz,143365957.507567,-25.492433,25.492433
9,1000000000,2976351442,143365983,143365946.988294,2000,riesz4,143365965.272856,-17.727144,17.727144
9,1000000000,2976351442,143365983,143365946.988294,2000,tukey50,143365943.811225,-39.188775,39.188775
9,1000000000,2976351442,143365983,143365946.988294,2000,tukey25,143365951.350988,-31.649012,31.649012
9,1000000000,2976351442,143365983,143365946.988294,2000,cosine,143365959.335092,-23.664908,23.664908
9,1000000000,2976351442,143365983,143365946.988294,4000,hard,143365932.005859,-50.994141,50.994141
9,1000000000,2976351442,143365983,143365946.988294,4000,triangle,143365966.943547,-16.056453,16.056453
9,1000000000,2976351442,143365983,143365946.988294,4000,hann,143365958.233041,-24.766959,24.766959
9,1000000000,2976351442,143365983,143365946.988294,4000,hamming,143365956.134866,-26.865134,26.865134
9,1000000000,2976351442,143365983,143365946.988294,4000,riesz,143365951.169655,-31.830345,31.830345
9,1000000000,2976351442,143365983,143365946.988294,4000,riesz4,143365957.313503,-25.686497,25.686497
9,1000000000,2976351442,143365983,143365946.988294,4000,tukey50,143365954.350940,-28.649060,28.649060
9,1000000000,2976351442,143365983,143365946.988294,4000,tukey25,143365940.222927,-42.777073,42.777073
9,1000000000,2976351442,143365983,143365946.988294,4000,cosine,143365952.527892,-30.472108,30.472108
9,1000000000,3162277660,151876932,151877199.579287,500,hard,151877020.702225,88.702225,88.702225
9,1000000000,3162277660,151876932,151877199.579287,500,triangle,151876943.018790,11.018790,11.018790
9,1000000000,3162277660,151876932,151877199.579287,500,hann,151876948.035277,16.035277,16.035277
9,1000000000,3162277660,151876932,151877199.579287,500,hamming,151876953.848633,21.848633,21.848633
9,1000000000,3162277660,151876932,151877199.579287,500,riesz,151876982.112713,50.112713,50.112713
9,1000000000,3162277660,151876932,151877199.579287,500,riesz4,151876956.336304,24.336304,24.336304
9,1000000000,3162277660,151876932,151877199.579287,500,tukey50,151877012.717286,80.717286,80.717286
9,1000000000,3162277660,151876932,151877199.579287,500,tukey25,151877025.354070,93.354070,93.354070
9,1000000000,3162277660,151876932,151877199.579287,500,cosine,151876976.227042,44.227042,44.227042
9,1000000000,3162277660,151876932,151877199.579287,1000,hard,151876955.382795,23.382795,23.382795
9,1000000000,3162277660,151876932,151877199.579287,1000,triangle,151876964.427072,32.427072,32.427072
9,1000000000,3162277660,151876932,151877199.579287,1000,hann,151876987.322537,55.322537,55.322537
9,1000000000,3162277660,151876932,151877199.579287,1000,hamming,151876984.767358,52.767358,52.767358
9,1000000000,3162277660,151876932,151877199.579287,1000,riesz,151876980.747324,48.747324,48.747324
9,1000000000,3162277660,151876932,151877199.579287,1000,riesz4,151876987.754146,55.754146,55.754146
9,1000000000,3162277660,151876932,151877199.579287,1000,tukey50,151876980.979263,48.979263,48.979263
9,1000000000,3162277660,151876932,151877199.579287,1000,tukey25,151876962.179889,30.179889,30.179889
9,1000000000,3162277660,151876932,151877199.579287,1000,cosine,151876982.242253,50.242253,50.242253
9,1000000000,3162277660,151876932,151877199.579287,2000,hard,151876876.401655,-55.598345,55.598345
9,1000000000,3162277660,151876932,151877199.579287,2000,triangle,151876930.062189,-1.937811,1.937811
9,1000000000,3162277660,151876932,151877199.579287,2000,hann,151876941.829313,9.829313,9.829313
9,1000000000,3162277660,151876932,151877199.579287,2000,hamming,151876936.595101,4.595101,4.595101
9,1000000000,3162277660,151876932,151877199.579287,2000,riesz,151876914.935663,-17.064337,17.064337
9,1000000000,3162277660,151876932,151877199.579287,2000,riesz4,151876935.557188,3.557188,3.557188
9,1000000000,3162277660,151876932,151877199.579287,2000,tukey50,151876891.463218,-40.536782,40.536782
9,1000000000,3162277660,151876932,151877199.579287,2000,tukey25,151876885.499689,-46.500311,46.500311
9,1000000000,3162277660,151876932,151877199.579287,2000,cosine,151876919.629308,-12.370692,12.370692
9,1000000000,3162277660,151876932,151877199.579287,4000,hard,151876879.154029,-52.845971,52.845971
9,1000000000,3162277660,151876932,151877199.579287,4000,triangle,151876894.013581,-37.986419,37.986419
9,1000000000,3162277660,151876932,151877199.579287,4000,hann,151876887.683336,-44.316664,44.316664
9,1000000000,3162277660,151876932,151877199.579287,4000,hamming,151876887.000992,-44.999008,44.999008
9,1000000000,3162277660,151876932,151877199.579287,4000,riesz,151876872.710698,-59.289302,59.289302
9,1000000000,3162277660,151876932,151877199.579287,4000,riesz4,151876882.962075,-49.037925,49.037925
9,1000000000,3162277660,151876932,151877199.579287,4000,tukey50,151876855.236802,-76.763198,76.763198
9,1000000000,3162277660,151876932,151877199.579287,4000,tukey25,151876858.653625,-73.346375,73.346375
9,1000000000,3162277660,151876932,151877199.579287,4000,cosine,151876875.107404,-56.892596,56.892596
9,1000000000,3163277660,151922633,151922914.043814,500,hard,151922742.489483,109.489483,109.489483
9,1000000000,3163277660,151922633,151922914.043814,500,triangle,151922666.181153,33.181153,33.181153
9,1000000000,3163277660,151922633,151922914.043814,500,hann,151922672.435847,39.435847,39.435847
9,1000000000,3163277660,151922633,151922914.043814,500,hamming,151922678.040138,45.040138,45.040138
9,1000000000,3163277660,151922633,151922914.043814,500,riesz,151922707.294880,74.294880,74.294880
9,1000000000,3163277660,151922633,151922914.043814,500,riesz4,151922681.305871,48.305871,48.305871
9,1000000000,3163277660,151922633,151922914.043814,500,tukey50,151922742.000594,109.000594,109.000594
9,1000000000,3163277660,151922633,151922914.043814,500,tukey25,151922749.873554,116.873554,116.873554
9,1000000000,3163277660,151922633,151922914.043814,500,cosine,151922701.340248,68.340248,68.340248
9,1000000000,3163277660,151922633,151922914.043814,1000,hard,151922673.450886,40.450886,40.450886
9,1000000000,3163277660,151922633,151922914.043814,1000,triangle,151922689.515862,56.515862,56.515862
9,1000000000,3163277660,151922633,151922914.043814,1000,hann,151922713.868422,80.868422,80.868422
9,1000000000,3163277660,151922633,151922914.043814,1000,hamming,151922710.635020,77.635020,77.635020
9,1000000000,3163277660,151922633,151922914.043814,1000,riesz,151922707.180071,74.180071,74.180071
9,1000000000,3163277660,151922633,151922914.043814,1000,riesz4,151922714.596837,81.596837,81.596837
9,1000000000,3163277660,151922633,151922914.043814,1000,tukey50,151922710.737042,77.737042,77.737042
9,1000000000,3163277660,151922633,151922914.043814,1000,tukey25,151922687.658534,54.658534,54.658534
9,1000000000,3163277660,151922633,151922914.043814,1000,cosine,151922708.750707,75.750707,75.750707
9,1000000000,3163277660,151922633,151922914.043814,2000,hard,151922624.503119,-8.496881,8.496881
9,1000000000,3163277660,151922633,151922914.043814,2000,triangle,151922659.800185,26.800185,26.800185
9,1000000000,3163277660,151922633,151922914.043814,2000,hann,151922672.066470,39.066470,39.066470
9,1000000000,3163277660,151922633,151922914.043814,2000,hamming,151922668.261402,35.261402,35.261402
9,1000000000,3163277660,151922633,151922914.043814,2000,riesz,151922647.509883,14.509883,14.509883
9,1000000000,3163277660,151922633,151922914.043814,2000,riesz4,151922666.295234,33.295234,33.295234
9,1000000000,3163277660,151922633,151922914.043814,2000,tukey50,151922626.369739,-6.630261,6.630261
9,1000000000,3163277660,151922633,151922914.043814,2000,tukey25,151922616.960793,-16.039207,16.039207
9,1000000000,3163277660,151922633,151922914.043814,2000,cosine,151922651.788379,18.788379,18.788379
9,1000000000,3163277660,151922633,151922914.043814,4000,hard,151922559.030613,-73.969387,73.969387
9,1000000000,3163277660,151922633,151922914.043814,4000,triangle,151922624.916340,-8.083660,8.083660
9,1000000000,3163277660,151922633,151922914.043814,4000,hann,151922624.726638,-8.273362,8.273362
9,1000000000,3163277660,151922633,151922914.043814,4000,hamming,151922619.470956,-13.529044,13.529044
9,1000000000,3163277660,151922633,151922914.043814,4000,riesz,151922601.992736,-31.007264,31.007264
9,1000000000,3163277660,151922633,151922914.043814,4000,riesz4,151922619.629118,-13.370882,13.370882
9,1000000000,3163277660,151922633,151922914.043814,4000,tukey50,151922588.694279,-44.305721,44.305721
9,1000000000,3163277660,151922633,151922914.043814,4000,tukey25,151922577.310480,-55.689520,55.689520
9,1000000000,3163277660,151922633,151922914.043814,4000,cosine,151922605.994157,-27.005843,27.005843
