h,x,K,abs_err
0.0,100000.0,1,2.523946293264089
0.0,100000.0,5,0.34127166920370655
0.0,100000.0,10,0.08573080892165308
0.0,100000.0,25,1.9060581605681364
0.0,100000.0,50,3.091768475887875
0.0,100000.0,100,2.79360648927468
0.0,100000.0,133,0.33290226875033113
0.0,100000.0,150,0.76364107057816
0.0,100000.0,200,1.0086505528452108
0.0,100000.0,250,1.3318885777880496
0.0,100000.0,300,1.5827958739919268
0.0,100000.0,1526,0.12116217286711617
0.0,100000.0,2000,0.16925806941799237
0.0,102996.03658099899,1,5.51656168847876
0.0,102996.03658099899,5,1.5913867529088748
0.0,102996.03658099899,10,4.144093891858574
0.0,102996.03658099899,25,2.740625098518649
0.0,102996.03658099899,50,1.7464933460541943
0.0,102996.03658099899,100,0.1519428971441812
0.0,102996.03658099899,133,0.378417517280468
0.0,102996.03658099899,150,0.25742504512891173
0.0,102996.03658099899,200,0.5698255882034573
0.0,102996.03658099899,250,0.0922246724840079
0.0,102996.03658099899,300,0.8933112720987992
0.0,102996.03658099899,1526,0.5447982661480637
0.0,102996.03658099899,2000,0.05774088999714877
0.0,106081.83551394482,1,2.4291093128795183
0.0,106081.83551394482,5,5.4387317548644205
0.0,106081.83551394482,10,4.40280174093823
0.0,106081.83551394482,25,4.135214700057986
0.0,106081.83551394482,50,3.4842525061540073
0.0,106081.83551394482,100,5.957759024029656
0.0,106081.83551394482,133,3.7493760109446157
0.0,106081.83551394482,150,2.7845699844692717
0.0,106081.83551394482,200,2.5420912094105006
0.0,106081.83551394482,250,1.9051005391847866
0.0,106081.83551394482,300,1.302759153975785
0.0,106081.83551394482,1526,1.2657023570918682
0.0,106081.83551394482,2000,1.4027749268079788
0.0,109260.0861117378,1,2.211914559116849
0.0,109260.0861117378,5,1.645620463305022
0.0,109260.0861117378,10,0.6150556741195032
0.0,109260.0861117378,25,2.264037478751561
0.0,109260.0861117378,50,1.756697412683934
0.0,109260.0861117378,100,0.3195190358801483
0.0,109260.0861117378,133,0.24642563073757628
0.0,109260.0861117378,150,0.9281668632866058
0.0,109260.0861117378,200,0.8858934320469416
0.0,109260.0861117378,250,0.22342916584238992
0.0,109260.0861117378,300,0.17274074834494968
0.0,109260.0861117378,1526,0.2178020604133053
0.0,109260.0861117378,2000,0.5938380402967596
0.0,112533.55826007646,1,1.0270293424346164
0.0,112533.55826007646,5,0.897262582077019
0.0,112533.55826007646,10,0.059751252598289284
0.0,112533.55826007646,25,2.0271221062012046
0.0,112533.55826007646,50,1.3311999933466723
0.0,112533.55826007646,100,1.593354302302032
0.0,112533.55826007646,133,1.9911021507286932
0.0,112533.55826007646,150,0.8562892677000491
0.0,112533.55826007646,200,0.8729430704752303
0.0,112533.55826007646,250,0.5257323850983084
0.0,112533.55826007646,300,1.0721061072235898
0.0,112533.55826007646,1526,1.4393731243435468
0.0,112533.55826007646,2000,1.0562736463780311
0.0,115905.10483144816,1,4.4423151456758205
0.0,115905.10483144816,5,7.3143636467139
0.0,115905.10483144816,10,7.409257040297234
0.0,115905.10483144816,25,7.990502431026471
0.0,115905.10483144816,50,6.95149110213606
0.0,115905.10483144816,100,7.418138966433617
0.0,115905.10483144816,133,7.394485847360556
0.0,115905.10483144816,150,6.450833846865862
0.0,115905.10483144816,200,5.799161434862981
0.0,115905.10483144816,250,5.681679960243855
0.0,115905.10483144816,300,6.200704525081164
0.0,115905.10483144816,1526,2.9652490139142174
0.0,115905.10483144816,2000,2.2375497247521707
0.0,119377.66417144357,1,4.699688214956041
0.0,119377.66417144357,5,2.9546087194394204
0.0,119377.66417144357,10,3.15292906644936
0.0,119377.66417144357,25,2.153562795079779
0.0,119377.66417144357,50,0.6718692634731269
0.0,119377.66417144357,100,0.01451520203227119
0.0,119377.66417144357,133,0.22040678732264496
0.0,119377.66417144357,150,0.4669187008876179
0.0,119377.66417144357,200,0.8022192568332684
0.0,119377.66417144357,250,0.39607059112859133
0.0,119377.66417144357,300,0.2809628275081195
0.0,119377.66417144357,1526,0.1484890405608894
0.0,119377.66417144357,2000,0.20002197316534875
0.0,122954.26265956216,1,3.340513568935421
0.0,122954.26265956216,5,2.8941962305179914
0.0,122954.26265956216,10,2.465671400523206
0.0,122954.26265956216,25,1.8315277677029371
0.0,122954.26265956216,50,0.24922113210777752
0.0,122954.26265956216,100,0.15532742601317295
0.0,122954.26265956216,133,0.5554803057893878
0.0,122954.26265956216,150,0.21267576556056156
0.0,122954.26265956216,200,0.984242187887503
0.0,122954.26265956216,250,0.655260096249549
0.0,122954.26265956216,300,0.4937168503383873
0.0,122954.26265956216,1526,0.08483500493821339
0.0,122954.26265956216,2000,0.1724717077358946
0.0,126638.01734674022,1,2.4705365915560833
0.0,126638.01734674022,5,0.6132266394743056
0.0,126638.01734674022,10,1.365234365197466
0.0,126638.01734674022,25,0.9922284720778407
0.0,126638.01734674022,50,3.0948825222330925
0.0,126638.01734674022,100,1.9998055542691873
0.0,126638.01734674022,133,1.6918753129975812
0.0,126638.01734674022,150,1.6713851311524195
0.0,126638.01734674022,200,0.8125482062296214
0.0,126638.01734674022,250,0.7667435530693183
0.0,126638.01734674022,300,0.7987570991535904
0.0,126638.01734674022,1526,0.15355468976849806
0.0,126638.01734674022,2000,0.11796436809345323
0.0,130432.13867190041,1,2.6920363611097855
0.0,130432.13867190041,5,1.4226852715109999
0.0,130432.13867190041,10,2.7349875590680313
0.0,130432.13867190041,25,2.303243868836944
0.0,130432.13867190041,50,0.9522387462329789
0.0,130432.13867190041,100,0.17260118586636963
0.0,130432.13867190041,133,0.609109083927251
0.0,130432.13867190041,150,0.38654351721925195
0.0,130432.13867190041,200,0.15353442216292024
0.0,130432.13867190041,250,0.12202644388162298
0.0,130432.13867190041,300,0.041705366915266495
0.0,130432.13867190041,1526,0.4417524938653514
0.0,130432.13867190041,2000,0.01957545581717568
0.0,134339.93325988986,1,1.9372876708312106
0.0,134339.93325988986,5,1.0955652688735427
0.0,134339.93325988986,10,1.7560536342007254
0.0,134339.93325988986,25,1.0307979334720585
0.0,134339.93325988986,50,1.5977400316078274
0.0,134339.93325988986,100,1.5647617985614488
0.0,134339.93325988986,133,1.9661286533264501
0.0,134339.93325988986,150,1.7963573263405124
0.0,134339.93325988986,200,1.9506482845481514
0.0,134339.93325988986,250,1.7916925133595214
0.0,134339.93325988986,300,2.079458497235464
0.0,134339.93325988986,1526,0.772760289533835
0.0,134339.93325988986,2000,0.5071109646905825
0.0,138364.8068032461,1,1.646463453043907
0.0,138364.8068032461,5,4.22693201423499
0.0,138364.8068032461,10,1.6236071255243587
0.0,138364.8068032461,25,1.0486130925455655
0.0,138364.8068032461,50,0.7384180109602312
0.0,138364.8068032461,100,1.9101330264857097
0.0,138364.8068032461,133,1.235499514374169
0.0,138364.8068032461,150,1.2231426873622695
0.0,138364.8068032461,200,1.124859414599996
0.0,138364.8068032461,250,1.3595412833856244
0.0,138364.8068032461,300,1.5126373483963107
0.0,138364.8068032461,1526,0.8461926121344732
0.0,138364.8068032461,2000,0.7198564698846894
0.0,142510.26703029993,1,3.4600301149330335
0.0,142510.26703029993,5,5.614363949935068
0.0,142510.26703029993,10,4.658086191600887
0.0,142510.26703029993,25,2.331735287707488
0.0,142510.26703029993,50,1.0903482315970905
0.0,142510.26703029993,100,1.876569423769979
0.0,142510.26703029993,133,2.1252384664858255
0.0,142510.26703029993,150,2.098582562039155
0.0,142510.26703029993,200,1.9960284303051594
0.0,142510.26703029993,250,2.0311349446274107
0.0,142510.26703029993,300,2.919428010520278
0.0,142510.26703029993,1526,1.0680754551885911
0.0,142510.26703029993,2000,1.5571023376069206
0.0,146779.92676220706,1,6.574723306552187
0.0,146779.92676220706,5,7.107848223175097
0.0,146779.92676220706,10,4.582736005879269
0.0,146779.92676220706,25,0.29217547430198465
0.0,146779.92676220706,50,1.677014204529769
0.0,146779.92676220706,100,0.7579349945990543
0.0,146779.92676220706,133,0.934872236699448
0.0,146779.92676220706,150,0.9200168429269979
0.0,146779.92676220706,200,1.9062159657696611
0.0,146779.92676220706,250,1.625541553936273
0.0,146779.92676220706,300,0.6693313191371999
0.0,146779.92676220706,1526,0.313200137396052
0.0,146779.92676220706,2000,0.339157576989237
0.0,151177.5070615663,1,1.335517508081466
0.0,151177.5070615663,5,2.2408767470897146
0.0,151177.5070615663,10,0.4441418004262232
0.0,151177.5070615663,25,1.8378325756766571
0.0,151177.5070615663,50,2.5958108415143215
0.0,151177.5070615663,100,2.9703327220759093
0.0,151177.5070615663,133,2.445001437128667
0.0,151177.5070615663,150,2.446983965985055
0.0,151177.5070615663,200,0.6866087532580423
0.0,151177.5070615663,250,0.30262177390250145
0.0,151177.5070615663,300,0.1427031186667591
0.0,151177.5070615663,1526,0.1799041443700844
0.0,151177.5070615663,2000,0.3792029321921291
0.0,155706.84047537317,1,9.842058223934146
0.0,155706.84047537317,5,5.401686388400776
0.0,155706.84047537317,10,4.355183464695074
0.0,155706.84047537317,25,2.2113236356472044
0.0,155706.84047537317,50,2.1442442340667185
0.0,155706.84047537317,100,2.5872263409619336
0.0,155706.84047537317,133,2.789150428094217
0.0,155706.84047537317,150,2.7753501319675706
0.0,155706.84047537317,200,1.3149747434163146
0.0,155706.84047537317,250,1.2276696356984758
0.0,155706.84047537317,300,0.025739039236214012
0.0,155706.84047537317,1526,1.3486071652987448
0.0,155706.84047537317,2000,0.9111474390083458
0.0,160371.8743751331,1,1.463765891143339
0.0,160371.8743751331,5,0.5482783156166988
0.0,160371.8743751331,10,3.9101979590650444
0.0,160371.8743751331,25,1.3831577491164353
0.0,160371.8743751331,50,0.6079598282631196
0.0,160371.8743751331,100,0.34386471713696665
0.0,160371.8743751331,133,1.513591013785117
0.0,160371.8743751331,150,1.5407907499466091
0.0,160371.8743751331,200,1.5534378583452053
0.0,160371.8743751331,250,2.3525341642962303
0.0,160371.8743751331,300,2.048638161017152
0.0,160371.8743751331,1526,0.7030477292992146
0.0,160371.8743751331,2000,0.9524928117825766
0.0,165176.67439704583,1,3.3814508400519117
0.0,165176.67439704583,5,1.0559863050566491
0.0,165176.67439704583,10,1.9932977171047241
0.0,165176.67439704583,25,1.846392983368787
0.0,165176.67439704583,50,2.8077180229811347
0.0,165176.67439704583,100,2.2254063664240675
0.0,165176.67439704583,133,2.5185110247402918
0.0,165176.67439704583,150,2.491181257826611
0.0,165176.67439704583,200,2.289437333962269
0.0,165176.67439704583,250,3.627172337952288
0.0,165176.67439704583,300,2.5794369715167704
0.0,165176.67439704583,1526,0.35739397431825637
0.0,165176.67439704583,2000,0.21074983192011132
0.0,170125.42798525892,1,10.328205230089225
0.0,170125.42798525892,5,4.765865561999817
0.0,170125.42798525892,10,2.084955768274085
0.0,170125.42798525892,25,2.117375954898307
0.0,170125.42798525892,50,1.6759623340312828
0.0,170125.42798525892,100,0.4637043745333358
0.0,170125.42798525892,133,1.986882564098778
0.0,170125.42798525892,150,2.132892031519077
0.0,170125.42798525892,200,1.170922665109174
0.0,170125.42798525892,250,0.37142394184593286
0.0,170125.42798525892,300,1.405085987313214
0.0,170125.42798525892,1526,0.6968961706479604
0.0,170125.42798525892,2000,1.1951764348905272
0.0,175222.44804127837,1,11.006263982899327
0.0,175222.44804127837,5,5.71351589378537
0.0,175222.44804127837,10,3.2292191009637463
0.0,175222.44804127837,25,4.589965364937598
0.0,175222.44804127837,50,4.419984344705881
0.0,175222.44804127837,100,3.2008956587251305
0.0,175222.44804127837,133,3.564111768542716
0.0,175222.44804127837,150,3.9821411742505006
0.0,175222.44804127837,200,0.1661693364603707
0.0,175222.44804127837,250,0.982371993119159
0.0,175222.44804127837,300,0.8229631019221415
0.0,175222.44804127837,1526,1.5111819594967528
0.0,175222.44804127837,2000,1.2306702637415583
0.0,180472.17668271702,1,8.01597614009006
0.0,180472.17668271702,5,9.589216566602772
0.0,180472.17668271702,10,8.693996915500975
0.0,180472.17668271702,25,8.942455823007549
0.0,180472.17668271702,50,8.645964927320165
0.0,180472.17668271702,100,6.492776609153225
0.0,180472.17668271702,133,5.242269466072685
0.0,180472.17668271702,150,5.739536688559383
0.0,180472.17668271702,200,1.65429109159777
0.0,180472.17668271702,250,1.2476300377948064
0.0,180472.17668271702,300,1.5503554863171303
0.0,180472.17668271702,1526,1.044652341866822
0.0,180472.17668271702,2000,1.1628104490227997
0.0,185879.18911465636,1,6.277291833655909
0.0,185879.18911465636,5,3.1868941030625138
0.0,185879.18911465636,10,0.4686985306798306
0.0,185879.18911465636,25,2.613426452058775
0.0,185879.18911465636,50,2.5942836098111
0.0,185879.18911465636,100,0.15242130394108244
0.0,185879.18911465636,133,0.7978261656608083
0.0,185879.18911465636,150,0.5544526636876981
0.0,185879.18911465636,200,0.5159089335575118
0.0,185879.18911465636,250,0.7872228771630034
0.0,185879.18911465636,300,0.49818039980891626
0.0,185879.18911465636,1526,0.048037543459940935
0.0,185879.18911465636,2000,0.1283205678446393
0.0,191448.19761699575,1,0.5495423753491195
0.0,191448.19761699575,5,6.193019376474695
0.0,191448.19761699575,10,7.188734450184711
0.0,191448.19761699575,25,8.843852352329122
0.0,191448.19761699575,50,8.420423168510752
0.0,191448.19761699575,100,6.84024786117152
0.0,191448.19761699575,133,5.936388704019919
0.0,191448.19761699575,150,6.151497530172492
0.0,191448.19761699575,200,4.816249788018467
0.0,191448.19761699575,250,4.363516922967392
0.0,191448.19761699575,300,4.407734826050728
0.0,191448.19761699575,1526,3.24568852275479
0.0,191448.19761699575,2000,3.2272449486263213
0.0,197184.05565126418,1,1.3449226026568795
0.0,197184.05565126418,5,3.4066318803306785
0.0,197184.05565126418,10,1.8977335588933784
0.0,197184.05565126418,25,3.4072508758217737
0.0,197184.05565126418,50,4.179265469865641
0.0,197184.05565126418,100,2.8653090967163735
0.0,197184.05565126418,133,2.91640114699112
0.0,197184.05565126418,150,2.2348203850051505
0.0,197184.05565126418,200,1.9765779700646817
0.0,197184.05565126418,250,1.987370353686856
0.0,197184.05565126418,300,1.7304418792118668
0.0,197184.05565126418,1526,0.488235661687213
0.0,197184.05565126418,2000,0.0017214750223502051
0.0,203091.76209047346,1,2.1157633156108204
0.0,203091.76209047346,5,3.7365919896001287
0.0,203091.76209047346,10,2.003513634641422
0.0,203091.76209047346,25,1.4090503199695377
0.0,203091.76209047346,50,2.6242716281449248
0.0,203091.76209047346,100,1.6876841539233283
0.0,203091.76209047346,133,1.578730968205491
0.0,203091.76209047346,150,0.6006971355782298
0.0,203091.76209047346,200,0.13310125005955342
0.0,203091.76209047346,250,0.5701209572907828
0.0,203091.76209047346,300,0.6399143594644556
0.0,203091.76209047346,1526,1.0735918540922285
0.0,203091.76209047346,2000,1.3750945345127548
0.0,209176.4655756995,1,3.938517990143737
0.0,209176.4655756995,5,2.7035834070047713
0.0,209176.4655756995,10,2.6791257086188125
0.0,209176.4655756995,25,4.948219303685619
0.0,209176.4655756995,50,7.045914686917968
0.0,209176.4655756995,100,6.971833586874709
0.0,209176.4655756995,133,7.387986849265872
0.0,209176.4655756995,150,6.379110178702831
0.0,209176.4655756995,200,5.3936385820452415
0.0,209176.4655756995,250,5.623392670713656
0.0,209176.4655756995,300,5.601222723056708
0.0,209176.4655756995,1526,2.240567720920808
0.0,209176.4655756995,2000,1.9771137807765626
0.0,215443.46900318822,1,1.1201338633509295
0.0,215443.46900318822,5,1.0432106216539978
0.0,215443.46900318822,10,0.1266488544533786
0.0,215443.46900318822,25,1.4615786786707758
0.0,215443.46900318822,50,1.592859993546881
0.0,215443.46900318822,100,2.446388381831639
0.0,215443.46900318822,133,0.8276188829659077
0.0,215443.46900318822,150,0.09362415330178919
0.0,215443.46900318822,200,0.6181210105387436
0.0,215443.46900318822,250,0.1505631236032059
0.0,215443.46900318822,300,0.4000665776875394
0.0,215443.46900318822,1526,0.020050545852427604
0.0,215443.46900318822,2000,0.42383109191723634
0.0,221898.23414589697,1,2.711611911519867
0.0,221898.23414589697,5,1.1198303437849972
0.0,221898.23414589697,10,1.7288737359231163
0.0,221898.23414589697,25,4.0933832666196395
0.0,221898.23414589697,50,0.4714180406044761
0.0,221898.23414589697,100,1.3336809166466992
0.0,221898.23414589697,133,0.8878573366855562
0.0,221898.23414589697,150,0.7371247248156578
0.0,221898.23414589697,200,0.9998943948085071
0.0,221898.23414589697,250,0.08605254358917591
0.0,221898.23414589697,300,0.29290171589309466
0.0,221898.23414589697,1526,0.5318533844474587
0.0,221898.23414589697,2000,0.4164004636113532
0.0,228546.38641349884,1,2.876411245433701
0.0,228546.38641349884,5,1.606466943405394
0.0,228546.38641349884,10,0.9617289985799289
0.0,228546.38641349884,25,7.263487551615981
0.0,228546.38641349884,50,3.9241748707499937
0.0,228546.38641349884,100,4.007561716614873
0.0,228546.38641349884,133,1.4166928895065212
0.0,228546.38641349884,150,0.8516416039783508
0.0,228546.38641349884,200,0.0036626820801757276
0.0,228546.38641349884,250,0.42639524742844515
0.0,228546.38641349884,300,0.3053696394090366
0.0,228546.38641349884,1526,0.6154208131774794
0.0,228546.38641349884,2000,0.12230838224058971
0.0,235393.71975499907,1,1.9323888850485673
0.0,235393.71975499907,5,0.34879689832087024
0.0,235393.71975499907,10,1.21144297817591
0.0,235393.71975499907,25,1.432810283924482
0.0,235393.71975499907,50,0.2916007762796653
0.0,235393.71975499907,100,3.4101694289856823
0.0,235393.71975499907,133,3.282378212952608
0.0,235393.71975499907,150,2.1611274960741866
0.0,235393.71975499907,200,0.8207995452576142
0.0,235393.71975499907,250,0.0012726194872811902
0.0,235393.71975499907,300,0.0354353929287754
0.0,235393.71975499907,1526,1.0236015388545638
0.0,235393.71975499907,2000,0.8809078856320411
0.0,242446.20170823307,1,7.369787198953418
0.0,242446.20170823307,5,3.661859228868707
0.0,242446.20170823307,10,3.80663149369866
0.0,242446.20170823307,25,3.659482277380448
0.0,242446.20170823307,50,1.5871208919779747
0.0,242446.20170823307,100,0.5234005403071933
0.0,242446.20170823307,133,1.0400653839060396
0.0,242446.20170823307,150,0.22773188099017716
0.0,242446.20170823307,200,0.443280976760434
0.0,242446.20170823307,250,1.2512384120527713
0.0,242446.20170823307,300,1.5806732931960141
0.0,242446.20170823307,1526,1.3966656089542084
0.0,242446.20170823307,2000,1.2029390940442681
0.0,249709.97860065434,1,7.158397637460439
0.0,249709.97860065434,5,10.46625164618672
0.0,249709.97860065434,10,9.715153538141749
0.0,249709.97860065434,25,2.1966502232789935
0.0,249709.97860065434,50,6.731425918231253
0.0,249709.97860065434,100,2.69391576412454
0.0,249709.97860065434,133,2.479619826310227
0.0,249709.97860065434,150,1.5563765241458896
0.0,249709.97860065434,200,2.0185160502769577
0.0,249709.97860065434,250,0.5631308115152933
0.0,249709.97860065434,300,0.5468057459802367
0.0,249709.97860065434,1526,0.5146115629286214
0.0,249709.97860065434,2000,0.75107694115286
0.0,257191.3809059347,1,0.1273797117137292
0.0,257191.3809059347,5,0.3745172619346704
0.0,257191.3809059347,10,0.21333713646890828
0.0,257191.3809059347,25,0.2616980586462887
0.0,257191.3809059347,50,4.981757226290938
0.0,257191.3809059347,100,3.6444558693292493
0.0,257191.3809059347,133,3.779332591482671
0.0,257191.3809059347,150,3.456469439974171
0.0,257191.3809059347,200,2.452373013507895
0.0,257191.3809059347,250,2.9742016979434993
0.0,257191.3809059347,300,1.8050689890951617
0.0,257191.3809059347,1526,0.09570878820522921
0.0,257191.3809059347,2000,0.29786977894764277
0.0,264896.92876105296,1,5.076130365549034
0.0,264896.92876105296,5,10.625544448463188
0.0,264896.92876105296,10,9.443516239432938
0.0,264896.92876105296,25,4.709028922905418
0.0,264896.92876105296,50,1.955150210113061
0.0,264896.92876105296,100,0.8039512010836916
0.0,264896.92876105296,133,0.49598670643172227
0.0,264896.92876105296,150,0.6762553523403767
0.0,264896.92876105296,200,0.7326697048083588
0.0,264896.92876105296,250,0.8413699065786204
0.0,264896.92876105296,300,0.20499382204798167
0.0,264896.92876105296,1526,1.6690267114463495
0.0,264896.92876105296,2000,0.7528194972110214
0.0,272833.33764867694,1,14.462161662300787
0.0,272833.33764867694,5,5.571887221489305
0.0,272833.33764867694,10,5.81283224629442
0.0,272833.33764867694,25,4.3500332037729095
0.0,272833.33764867694,50,3.5856931850212277
0.0,272833.33764867694,100,2.714923169485701
0.0,272833.33764867694,133,3.346283853483328
0.0,272833.33764867694,150,2.936931493324664
0.0,272833.33764867694,200,1.3720955418866652
0.0,272833.33764867694,250,1.1803149613806454
0.0,272833.33764867694,300,0.6414231880407897
0.0,272833.33764867694,1526,0.33124368670905824
0.0,272833.33764867694,2000,0.2014788019550906
0.0,281007.5242497918,1,9.704749509877729
0.0,281007.5242497918,5,2.7423063711830764
0.0,281007.5242497918,10,1.0750227949720284
0.0,281007.5242497918,25,0.8276985024094756
0.0,281007.5242497918,50,0.44122981262626126
0.0,281007.5242497918,100,1.062123377887474
0.0,281007.5242497918,133,2.6692366517381743
0.0,281007.5242497918,150,3.0291888112515153
0.0,281007.5242497918,200,1.5571683292837406
0.0,281007.5242497918,250,0.675197637094243
0.0,281007.5242497918,300,1.9035656905398355
0.0,281007.5242497918,1526,1.379046658959851
0.0,281007.5242497918,2000,1.7021768660524685
0.0,289426.61247167515,1,1.9921122691448545
0.0,289426.61247167515,5,2.189463624596101
0.0,289426.61247167515,10,0.9550665287642914
0.0,289426.61247167515,25,0.27977085895690834
0.0,289426.61247167515,50,1.8001819369783334
0.0,289426.61247167515,100,2.4293389537051553
0.0,289426.61247167515,133,3.1232329025588115
0.0,289426.61247167515,150,2.995519129850436
0.0,289426.61247167515,200,5.381847317210486
0.0,289426.61247167515,250,4.32442099115724
0.0,289426.61247167515,300,4.237681839440484
0.0,289426.61247167515,1526,0.7435458372383437
0.0,289426.61247167515,2000,0.6820074481220217
0.0,298097.93965647276,1,14.178392412159155
0.0,298097.93965647276,5,5.642223897870281
0.0,298097.93965647276,10,3.914816163785872
0.0,298097.93965647276,25,0.8415883267916797
0.0,298097.93965647276,50,3.3138137254973117
0.0,298097.93965647276,100,3.605813151862094
0.0,298097.93965647276,133,1.2873956362091121
0.0,298097.93965647276,150,1.1178283219051082
0.0,298097.93965647276,200,2.0031629678014724
0.0,298097.93965647276,250,1.6097419576290122
0.0,298097.93965647276,300,0.9252711453773372
0.0,298097.93965647276,1526,0.09696914644518984
0.0,298097.93965647276,2000,0.5329945277153456
0.0,307029.062975785,1,4.147698922264681
0.0,307029.062975785,5,8.319080017456145
0.0,307029.062975785,10,11.090839263950329
0.0,307029.062975785,25,10.252075311491353
0.0,307029.062975785,50,5.38544444767831
0.0,307029.062975785,100,2.767406850016414
0.0,307029.062975785,133,0.514028442237759
0.0,307029.062975785,150,0.8882526994602813
0.0,307029.062975785,200,0.26654357813094975
0.0,307029.062975785,250,0.8884787165443413
0.0,307029.062975785,300,0.8855772389397316
0.0,307029.062975785,1526,0.4414828351473261
0.0,307029.062975785,2000,0.0259952527594578
0.0,316227.76601683797,1,13.120667271501588
0.0,316227.76601683797,5,4.256831816961494
0.0,316227.76601683797,10,4.945841269247467
0.0,316227.76601683797,25,5.455506854705163
0.0,316227.76601683797,50,1.8793767362876679
0.0,316227.76601683797,100,1.8959769547327596
0.0,316227.76601683797,133,0.48193214961429476
0.0,316227.76601683797,150,0.782021815142798
0.0,316227.76601683797,200,1.1482720229323604
0.0,316227.76601683797,250,0.09905507816074532
0.0,316227.76601683797,300,0.4372489738125296
0.0,316227.76601683797,1526,1.198637794375827
0.0,316227.76601683797,2000,1.1928655708325095
1e-06,100000.0,1,2.523946293473273
1e-06,100000.0,5,0.3412716681687016
1e-06,100000.0,10,0.08573080902897345
1e-06,100000.0,25,1.9060581560261198
1e-06,100000.0,50,3.0917684637533966
1e-06,100000.0,100,2.7936064799087035
1e-06,100000.0,133,0.3329023449186934
1e-06,100000.0,150,0.7636411233597755
1e-06,100000.0,200,1.0086505911931454
1e-06,100000.0,250,1.331888591463212
1e-06,100000.0,300,1.582795854556025
1e-06,100000.0,1526,0.1211625120104145
1e-06,100000.0,2000,0.16925691112737695
1e-06,102996.03658099899,1,5.516561688542424
1e-06,102996.03658099899,5,1.591386754227642
1e-06,102996.03658099899,10,4.144093890652584
1e-06,102996.03658099899,25,2.740625101067053
1e-06,102996.03658099899,50,1.7464933544160886
1e-06,102996.03658099899,100,0.15194293179047236
1e-06,102996.03658099899,133,0.3784175420496467
1e-06,102996.03658099899,150,0.2574249878907722
1e-06,102996.03658099899,200,0.5698255131937913
1e-06,102996.03658099899,250,0.09222464009508258
1e-06,102996.03658099899,300,0.8933111414626183
1e-06,102996.03658099899,1526,0.5447980450189789
1e-06,102996.03658099899,2000,0.05774195491540013
1e-06,106081.83551394482,1,2.4291093129759247
1e-06,106081.83551394482,5,5.438731753974935
1e-06,106081.83551394482,10,4.402801740387076
1e-06,106081.83551394482,25,4.1352147000034165
1e-06,106081.83551394482,50,3.484252507709243
1e-06,106081.83551394482,100,5.957758983364329
1e-06,106081.83551394482,133,3.749376047491751
1e-06,106081.83551394482,150,2.7845700682701136
1e-06,106081.83551394482,200,2.5420913068028312
1e-06,106081.83551394482,250,1.905100699796094
1e-06,106081.83551394482,300,1.3027593895913014
1e-06,106081.83551394482,1526,1.265701566813732
1e-06,106081.83551394482,2000,1.4027738840577513
1e-06,109260.0861117378,1,2.2119145588749234
1e-06,109260.0861117378,5,1.645620463144951
1e-06,109260.0861117378,10,0.6150556754855643
1e-06,109260.0861117378,25,2.264037475530131
1e-06,109260.0861117378,50,1.7566974076671613
1e-06,109260.0861117378,100,0.31951906019457965
1e-06,109260.0861117378,133,0.24642566592228832
1e-06,109260.0861117378,150,0.9281667717132223
1e-06,109260.0861117378,200,0.8858933449355391
1e-06,109260.0861117378,250,0.22342914861474128
1e-06,109260.0861117378,300,0.17274073753287666
1e-06,109260.0861117378,1526,0.21780200141802197
1e-06,109260.0861117378,2000,0.5938371807424119
1e-06,112533.55826007646,1,1.0270293427875004
1e-06,112533.55826007646,5,0.8972625808382872
1e-06,112533.55826007646,10,0.059751251774287084
1e-06,112533.55826007646,25,2.0271221011335
1e-06,112533.55826007646,50,1.3311999872566957
1e-06,112533.55826007646,100,1.5933542830371152
1e-06,112533.55826007646,133,1.9911021174939378
1e-06,112533.55826007646,150,0.8562892884474422
1e-06,112533.55826007646,200,0.8729430864095775
1e-06,112533.55826007646,250,0.5257324396934564
1e-06,112533.55826007646,300,1.0721060927135113
1e-06,112533.55826007646,1526,1.439374249024695
1e-06,112533.55826007646,2000,1.0562757923853496
1e-06,115905.10483144816,1,4.442315145272005
1e-06,115905.10483144816,5,7.314363645102276
1e-06,115905.10483144816,10,7.409257037794305
1e-06,115905.10483144816,25,7.990502426147941
1e-06,115905.10483144816,50,6.951491100093335
1e-06,115905.10483144816,100,7.418138961556906
1e-06,115905.10483144816,133,7.394485840168272
1e-06,115905.10483144816,150,6.450833884791791
1e-06,115905.10483144816,200,5.799161514572916
1e-06,115905.10483144816,250,5.681680051970034
1e-06,115905.10483144816,300,6.200704551130912
1e-06,115905.10483144816,1526,2.965251318357332
1e-06,115905.10483144816,2000,2.2375539534259588
1e-06,119377.66417144357,1,4.699688215338028
1e-06,119377.66417144357,5,2.9546087204143987
1e-06,119377.66417144357,10,3.152929067318837
1e-06,119377.66417144357,25,2.1535627974080853
1e-06,119377.66417144357,50,0.6718692736940284
1e-06,119377.66417144357,100,0.01451518687645148
1e-06,119377.66417144357,133,0.22040679236670258
1e-06,119377.66417144357,150,0.46691866205037513
1e-06,119377.66417144357,200,0.8022191935870069
1e-06,119377.66417144357,250,0.3960705725257867
1e-06,119377.66417144357,300,0.28096282551450713
1e-06,119377.66417144357,1526,0.14849008283999865
1e-06,119377.66417144357,2000,0.20002286550879944
1e-06,122954.26265956216,1,3.340513568640745
1e-06,122954.26265956216,5,2.894196230739908
1e-06,122954.26265956216,10,2.4656714018456114
1e-06,122954.26265956216,25,1.8315277707024507
1e-06,122954.26265956216,50,0.24922111573141592
1e-06,122954.26265956216,100,0.15532744091615314
1e-06,122954.26265956216,133,0.5554803041941341
1e-06,122954.26265956216,150,0.21267578219703864
1e-06,122954.26265956216,200,0.9842421550292784
1e-06,122954.26265956216,250,0.6552600989143684
1e-06,122954.26265956216,300,0.49371687072562054
1e-06,122954.26265956216,1526,0.08483557177714829
1e-06,122954.26265956216,2000,0.17247031181432249
1e-06,126638.01734674022,1,2.470536591405107
1e-06,126638.01734674022,5,0.6132266405456903
1e-06,126638.01734674022,10,1.3652343659650796
1e-06,126638.01734674022,25,0.9922284714884881
1e-06,126638.01734674022,50,3.094882506671638
1e-06,126638.01734674022,100,1.9998055574633327
1e-06,126638.01734674022,133,1.6918753249210567
1e-06,126638.01734674022,150,1.6713851417898695
1e-06,126638.01734674022,200,0.8125482707473566
1e-06,126638.01734674022,250,0.7667436211759195
1e-06,126638.01734674022,300,0.7987571618978109
1e-06,126638.01734674022,1526,0.15355470481335942
1e-06,126638.01734674022,2000,0.11796352146666322
1e-06,130432.13867190041,1,2.6920363611316134
1e-06,130432.13867190041,5,1.4226852724204946
1e-06,130432.13867190041,10,2.7349875583058747
1e-06,130432.13867190041,25,2.303243872100211
1e-06,130432.13867190041,50,0.9522387607630662
1e-06,130432.13867190041,100,0.17260121523031557
1e-06,130432.13867190041,133,0.6091090259797056
1e-06,130432.13867190041,150,0.38654346779549087
1e-06,130432.13867190041,200,0.15353438325837487
1e-06,130432.13867190041,250,0.12202641139629122
1e-06,130432.13867190041,300,0.041705340259795776
1e-06,130432.13867190041,1526,0.44175159968472144
1e-06,130432.13867190041,2000,0.019575257383621647
1e-06,134339.93325988986,1,1.9372876706311217
1e-06,134339.93325988986,5,1.095565268979044
1e-06,134339.93325988986,10,1.756053634269847
1e-06,134339.93325988986,25,1.0307979261524451
1e-06,134339.93325988986,50,1.5977400184110593
1e-06,134339.93325988986,100,1.564761795436425
1e-06,134339.93325988986,133,1.966128634827328
1e-06,134339.93325988986,150,1.7963573144788825
1e-06,134339.93325988986,200,1.950648259915397
1e-06,134339.93325988986,250,1.7916925016434107
1e-06,134339.93325988986,300,2.0794584503601072
1e-06,134339.93325988986,1526,0.7727586263499688
1e-06,134339.93325988986,2000,0.507109974127161
1e-06,138364.8068032461,1,1.646463453393153
1e-06,138364.8068032461,5,4.226932013181795
1e-06,138364.8068032461,10,1.6236071269213426
1e-06,138364.8068032461,25,1.0486130865301675
1e-06,138364.8068032461,50,0.7384180058998027
1e-06,138364.8068032461,100,1.9101329950408399
1e-06,138364.8068032461,133,1.23549950544475
1e-06,138364.8068032461,150,1.2231426784055657
1e-06,138364.8068032461,200,1.1248594155968021
1e-06,138364.8068032461,250,1.3595412610229687
1e-06,138364.8068032461,300,1.5126373115526803
1e-06,138364.8068032461,1526,0.846193477838824
1e-06,138364.8068032461,2000,0.7198575954334956
1e-06,142510.26703029993,1,3.460030115378686
1e-06,142510.26703029993,5,5.614363948945538
1e-06,142510.26703029993,10,4.658086191895563
1e-06,142510.26703029993,25,2.3317352944759477
1e-06,142510.26703029993,50,1.090348245765199
1e-06,142510.26703029993,100,1.8765693578843639
1e-06,142510.26703029993,133,2.1252383899027336
1e-06,142510.26703029993,150,2.0985824866547773
1e-06,142510.26703029993,200,1.9960283561013057
1e-06,142510.26703029993,250,2.031134865925196
1e-06,142510.26703029993,300,2.9194278236427635
1e-06,142510.26703029993,1526,1.0680772872656235
1e-06,142510.26703029993,2000,1.5571028651920642
1e-06,146779.92676220706,1,6.574723306084707
1e-06,146779.92676220706,5,7.107848222940447
1e-06,146779.92676220706,10,4.582736007812855
1e-06,146779.92676220706,25,0.2921754603503359
1e-06,146779.92676220706,50,1.6770141819506534
1e-06,146779.92676220706,100,0.7579349734533025
1e-06,146779.92676220706,133,0.9348722077556886
1e-06,146779.92676220706,150,0.9200168149873207
1e-06,146779.92676220706,200,1.9062158823198843
1e-06,146779.92676220706,250,1.625541497805898
1e-06,146779.92676220706,300,0.669331374738249
1e-06,146779.92676220706,1526,0.3131998073968134
1e-06,146779.92676220706,2000,0.33915643837462994
1e-06,151177.5070615663,1,1.3355175084889197
1e-06,151177.5070615663,5,2.240876745341666
1e-06,151177.5070615663,10,0.4441417996349628
1e-06,151177.5070615663,25,1.8378325692629005
1e-06,151177.5070615663,50,2.5958108306749637
1e-06,151177.5070615663,100,2.970332700993822
1e-06,151177.5070615663,133,2.445001434592996
1e-06,151177.5070615663,150,2.446983963414823
1e-06,151177.5070615663,200,0.6866088552123983
1e-06,151177.5070615663,250,0.3026219129860692
1e-06,151177.5070615663,300,0.14270292418405006
1e-06,151177.5070615663,1526,0.17990466754781664
1e-06,151177.5070615663,2000,0.3792027626604977
1e-06,155706.84047537317,1,9.842058224216089
1e-06,155706.84047537317,5,5.401686390690884
1e-06,155706.84047537317,10,4.355183467961979
1e-06,155706.84047537317,25,2.21132364172081
1e-06,155706.84047537317,50,2.1442442424540786
1e-06,155706.84047537317,100,2.58722634343394
1e-06,155706.84047537317,133,2.7891504201688804
1e-06,155706.84047537317,150,2.7753501253992
1e-06,155706.84047537317,200,1.3149748261930654
1e-06,155706.84047537317,250,1.227669727151806
1e-06,155706.84047537317,300,0.02573879779629351
1e-06,155706.84047537317,1526,1.3486061059847998
1e-06,155706.84047537317,2000,0.9111474577421177
1e-06,160371.8743751331,1,1.4637658912452025
1e-06,160371.8743751331,5,0.5482783143670531
1e-06,160371.8743751331,10,3.9101979547340306
1e-06,160371.8743751331,25,1.3831577510336501
1e-06,160371.8743751331,50,0.6079598378582887
1e-06,160371.8743751331,100,0.34386473734048195
1e-06,160371.8743751331,133,1.5135909921918937
1e-06,160371.8743751331,150,1.5407907281442021
1e-06,160371.8743751331,200,1.5534378289539745
1e-06,160371.8743751331,250,2.352534057212324
1e-06,160371.8743751331,300,2.048638091157045
1e-06,160371.8743751331,1526,0.7030474922521535
1e-06,160371.8743751331,2000,0.9524917733706388
1e-06,165176.67439704583,1,3.381450840150137
1e-06,165176.67439704583,5,1.0559863058460905
1e-06,165176.67439704583,10,1.9932977172538813
1e-06,165176.67439704583,25,1.8463929809040565
1e-06,165176.67439704583,50,2.807718013124031
1e-06,165176.67439704583,100,2.2254063739674166
1e-06,165176.67439704583,133,2.51851102146793
1e-06,165176.67439704583,150,2.4911812549453316
1e-06,165176.67439704583,200,2.289437336878109
1e-06,165176.67439704583,250,3.6271722119108745
1e-06,165176.67439704583,300,2.5794369718169037
1e-06,165176.67439704583,1526,0.3573929927224526
1e-06,165176.67439704583,2000,0.21074920757564541
1e-06,170125.42798525892,1,10.328205230374806
1e-06,170125.42798525892,5,4.765865564409978
1e-06,170125.42798525892,10,2.084955773307229
1e-06,170125.42798525892,25,2.117375961761354
1e-06,170125.42798525892,50,1.6759623417601688
1e-06,170125.42798525892,100,0.46370433018273616
1e-06,170125.42798525892,133,1.9868824638015212
1e-06,170125.42798525892,150,2.1328919241641415
1e-06,170125.42798525892,200,1.1709225934591814
1e-06,170125.42798525892,250,0.37142386659434123
1e-06,170125.42798525892,300,1.4050857814436313
1e-06,170125.42798525892,1526,0.6968952359093237
1e-06,170125.42798525892,2000,1.1951742814635509
1e-06,175222.44804127837,1,11.006263983328608
1e-06,175222.44804127837,5,5.713515896242825
1e-06,175222.44804127837,10,3.229219105476659
1e-06,175222.44804127837,25,4.589965366934848
1e-06,175222.44804127837,50,4.4199843523510935
1e-06,175222.44804127837,100,3.2008956822337495
1e-06,175222.44804127837,133,3.564111778679944
1e-06,175222.44804127837,150,3.9821411655411794
1e-06,175222.44804127837,200,0.16616909503864008
1e-06,175222.44804127837,250,0.9823721261836909
1e-06,175222.44804127837,300,0.8229632612965361
1e-06,175222.44804127837,1526,1.5111823090701364
1e-06,175222.44804127837,2000,1.2306712787431024
1e-06,180472.17668271702,1,8.01597613958802
1e-06,180472.17668271702,5,9.589216565647803
1e-06,180472.17668271702,10,8.693996915682874
1e-06,180472.17668271702,25,8.942455823585988
1e-06,180472.17668271702,50,8.645964935147276
1e-06,180472.17668271702,100,6.492776646593484
1e-06,180472.17668271702,133,5.24226954957885
1e-06,180472.17668271702,150,5.739536750312254
1e-06,180472.17668271702,200,1.6542914051278785
1e-06,180472.17668271702,250,1.2476303870498668
1e-06,180472.17668271702,300,1.550355801866317
1e-06,180472.17668271702,1526,1.044651450118181
1e-06,180472.17668271702,2000,1.1628091202546784
1e-06,185879.18911465636,1,6.277291833164782
1e-06,185879.18911465636,5,3.1868941039829224
1e-06,185879.18911465636,10,0.46869853396492545
1e-06,185879.18911465636,25,2.6134264507600165
1e-06,185879.18911465636,50,2.594283603830263
1e-06,185879.18911465636,100,0.15242133395076962
1e-06,185879.18911465636,133,0.7978261714160908
1e-06,185879.18911465636,150,0.5544526792182296
1e-06,185879.18911465636,200,0.5159089737353497
1e-06,185879.18911465636,250,0.78722288598874
1e-06,185879.18911465636,300,0.4981804418566753
1e-06,185879.18911465636,1526,0.04803761330913403
1e-06,185879.18911465636,2000,0.12832004427036736
1e-06,191448.19761699575,1,0.5495423757420212
1e-06,191448.19761699575,5,6.193019374699361
1e-06,191448.19761699575,10,7.188734447943716
1e-06,191448.19761699575,25,8.84385234745423
1e-06,191448.19761699575,50,8.420423162813677
1e-06,191448.19761699575,100,6.84024787387898
1e-06,191448.19761699575,133,5.936388747002638
1e-06,191448.19761699575,150,6.151497562397708
1e-06,191448.19761699575,200,4.816249917883397
1e-06,191448.19761699575,250,4.363517099802266
1e-06,191448.19761699575,300,4.407734996104409
1e-06,191448.19761699575,1526,3.2456906957268075
1e-06,191448.19761699575,2000,3.2272471617798146
1e-06,197184.05565126418,1,1.3449226024276868
1e-06,197184.05565126418,5,3.406631879206543
1e-06,197184.05565126418,10,1.897733559282642
1e-06,197184.05565126418,25,3.407250871798169
1e-06,197184.05565126418,50,4.179265463382762
1e-06,197184.05565126418,100,2.8653091073356336
1e-06,197184.05565126418,133,2.9164011507127725
1e-06,197184.05565126418,150,2.2348204198715393
1e-06,197184.05565126418,200,1.9765780241214088
1e-06,197184.05565126418,250,1.9873704056080896
1e-06,197184.05565126418,300,1.730441963798512
1e-06,197184.05565126418,1526,0.48823657935281517
1e-06,197184.05565126418,2000,0.001723789519019192
1e-06,203091.76209047346,1,2.1157633156290103
1e-06,203091.76209047346,5,3.7365919898511493
1e-06,203091.76209047346,10,2.0035136361293553
1e-06,203091.76209047346,25,1.4090503097504552
1e-06,203091.76209047346,50,2.624271612487064
1e-06,203091.76209047346,100,1.6876841442535806
1e-06,203091.76209047346,133,1.5787309588449716
1e-06,203091.76209047346,150,0.6006971701681323
1e-06,203091.76209047346,200,0.13310117395303678
1e-06,203091.76209047346,250,0.57012083486552
1e-06,203091.76209047346,300,0.6399142240079527
1e-06,203091.76209047346,1526,1.0735912511772767
1e-06,203091.76209047346,2000,1.3750934205090743
1e-06,209176.4655756995,1,3.938517989947286
1e-06,209176.4655756995,5,2.703583408048871
1e-06,209176.4655756995,10,2.6791257093391323
1e-06,209176.4655756995,25,4.948219299523771
1e-06,209176.4655756995,50,7.045914671016362
1e-06,209176.4655756995,100,6.971833572406467
1e-06,209176.4655756995,133,7.387986827034183
1e-06,209176.4655756995,150,6.3791102014547505
1e-06,209176.4655756995,200,5.393638663001184
1e-06,209176.4655756995,250,5.623392727611645
1e-06,209176.4655756995,300,5.601222788234736
1e-06,209176.4655756995,1526,2.2405697674985277
1e-06,209176.4655756995,2000,1.9771164031371882
1e-06,215443.46900318822,1,1.1201338629689417
1e-06,215443.46900318822,5,1.043210621097387
1e-06,215443.46900318822,10,0.1266488539695274
1e-06,215443.46900318822,25,1.4615786718095478
1e-06,215443.46900318822,50,1.5928599787512212
1e-06,215443.46900318822,100,2.446388359188859
1e-06,215443.46900318822,133,0.8276189176685875
1e-06,215443.46900318822,150,0.09362422044432606
1e-06,215443.46900318822,200,0.6181208993693872
1e-06,215443.46900318822,250,0.15056306319820578
1e-06,215443.46900318822,300,0.4000664834820782
1e-06,215443.46900318822,1526,0.020051054936629953
1e-06,215443.46900318822,2000,0.4238297480842448
1e-06,221898.23414589697,1,2.711611911014188
1e-06,221898.23414589697,5,1.1198303431156091
1e-06,221898.23414589697,10,1.7288737349299481
1e-06,221898.23414589697,25,4.0933832501359575
1e-06,221898.23414589697,50,0.47141805424325867
1e-06,221898.23414589697,100,1.3336808810090588
1e-06,221898.23414589697,133,0.8878573130859877
1e-06,221898.23414589697,150,0.7371247074988787
1e-06,221898.23414589697,200,0.9998943595164747
1e-06,221898.23414589697,250,0.08605260520198499
1e-06,221898.23414589697,300,0.2929016058151319
1e-06,221898.23414589697,1526,0.5318535059668648
1e-06,221898.23414589697,2000,0.4164008142106468
1e-06,228546.38641349884,1,2.87641124489528
1e-06,228546.38641349884,5,1.606466942037514
1e-06,228546.38641349884,10,0.9617289979687484
1e-06,228546.38641349884,25,7.263487534928572
1e-06,228546.38641349884,50,3.9241748835192993
1e-06,228546.38641349884,100,4.007561729547888
1e-06,228546.38641349884,133,1.4166929919920221
1e-06,228546.38641349884,150,0.8516417321079643
1e-06,228546.38641349884,200,0.0036625048123823944
1e-06,228546.38641349884,250,0.42639502754900604
1e-06,228546.38641349884,300,0.30536943892366253
1e-06,228546.38641349884,1526,0.6154216910217656
1e-06,228546.38641349884,2000,0.12231064895240706
1e-06,235393.71975499907,1,1.9323888845683541
1e-06,235393.71975499907,5,0.34879689903755207
1e-06,235393.71975499907,10,1.2114429780631326
1e-06,235393.71975499907,25,1.4328102848157869
1e-06,235393.71975499907,50,0.29160078892164165
1e-06,235393.71975499907,100,3.410169408933143
1e-06,235393.71975499907,133,3.282378201638494
1e-06,235393.71975499907,150,2.1611275352697703
1e-06,235393.71975499907,200,0.820799669931148
1e-06,235393.71975499907,250,0.0012728327783406712
1e-06,235393.71975499907,300,0.03543517927755602
1e-06,235393.71975499907,1526,1.0236020478732826
1e-06,235393.71975499907,2000,0.880908642851864
1e-06,242446.20170823307,1,7.369787198611448
1e-06,242446.20170823307,5,3.661859229705442
1e-06,242446.20170823307,10,3.8066314942734607
1e-06,242446.20170823307,25,3.6594822576116712
1e-06,242446.20170823307,50,1.587120887816127
1e-06,242446.20170823307,100,0.5234005565762345
1e-06,242446.20170823307,133,1.040065313129162
1e-06,242446.20170823307,150,0.22773189434519736
1e-06,242446.20170823307,200,0.4432809814097709
1e-06,242446.20170823307,250,1.2512382302629703
1e-06,242446.20170823307,300,1.5806730757722107
1e-06,242446.20170823307,1526,1.3966671263551689
1e-06,242446.20170823307,2000,1.2029412675910862
1e-06,249709.97860065434,1,7.158397637598682
1e-06,249709.97860065434,5,10.466251644320437
1e-06,249709.97860065434,10,9.71515353727591
1e-06,249709.97860065434,25,2.1966502423019847
1e-06,249709.97860065434,50,6.731425900314207
1e-06,249709.97860065434,100,2.693915800009563
1e-06,249709.97860065434,133,2.479619861322135
1e-06,249709.97860065434,150,1.5563766017876333
1e-06,249709.97860065434,200,2.0185160868313687
1e-06,249709.97860065434,250,0.5631309910895652
1e-06,249709.97860065434,300,0.5468059351478587
1e-06,249709.97860065434,1526,0.5146122028745594
1e-06,249709.97860065434,2000,0.7510767819439934
1e-06,257191.3809059347,1,0.12737971180831664
1e-06,257191.3809059347,5,0.37451726316066924
1e-06,257191.3809059347,10,0.21333713765488937
1e-06,257191.3809059347,25,0.2616980644124851
1e-06,257191.3809059347,50,4.981757194527745
1e-06,257191.3809059347,100,3.644455851877865
1e-06,257191.3809059347,133,3.779332571419218
1e-06,257191.3809059347,150,3.456469436252519
1e-06,257191.3809059347,200,2.4523730822438665
1e-06,257191.3809059347,250,2.974201732133224
1e-06,257191.3809059347,300,1.8050691670177912
1e-06,257191.3809059347,1526,0.09571042763855075
1e-06,257191.3809059347,2000,0.2978671887103701
1e-06,264896.92876105296,1,5.0761303658619
1e-06,264896.92876105296,5,10.625544447619177
1e-06,264896.92876105296,10,9.443516239989549
1e-06,264896.92876105296,25,4.709028931167268
1e-06,264896.92876105296,50,1.955150236342888
1e-06,264896.92876105296,100,0.8039511345050414
1e-06,264896.92876105296,133,0.495986653088039
1e-06,264896.92876105296,150,0.6762552932123072
1e-06,264896.92876105296,200,0.7326696447998984
1e-06,264896.92876105296,250,0.8413698100775946
1e-06,264896.92876105296,300,0.2049937900810619
1e-06,264896.92876105296,1526,1.6690250931605988
1e-06,264896.92876105296,2000,0.7528204199261381
1e-06,272833.33764867694,1,14.462161661816936
1e-06,272833.33764867694,5,5.571887224185048
1e-06,272833.33764867694,10,5.8128322482189105
1e-06,272833.33764867694,25,4.350033211201662
1e-06,272833.33764867694,50,3.585693190125312
1e-06,272833.33764867694,100,2.714923167874076
1e-06,272833.33764867694,133,3.3462838351988466
1e-06,272833.33764867694,150,2.936931491138239
1e-06,272833.33764867694,200,1.372095658978651
1e-06,272833.33764867694,250,1.1803150767409534
1e-06,272833.33764867694,300,0.6414233635223354
1e-06,272833.33764867694,1526,0.3312451142373902
1e-06,272833.33764867694,2000,0.20147599075426115
1e-06,281007.5242497918,1,9.704749509310204
1e-06,281007.5242497918,5,2.7423063737514894
1e-06,281007.5242497918,10,1.0750227990320127
1e-06,281007.5242497918,25,0.8276984987860487
1e-06,281007.5242497918,50,0.4412298030038073
1e-06,281007.5242497918,100,1.0621233498641232
1e-06,281007.5242497918,133,2.6692365731141763
1e-06,281007.5242497918,150,3.029188718053774
1e-06,281007.5242497918,200,1.5571683332709654
1e-06,281007.5242497918,250,0.6751977220010303
1e-06,281007.5242497918,300,1.9035656290543557
1e-06,281007.5242497918,1526,1.3790489526145393
1e-06,281007.5242497918,2000,1.7021783976088045
1e-06,289426.61247167515,1,1.9921122685882438
1e-06,289426.61247167515,5,2.1894636247016024
1e-06,289426.61247167515,10,0.9550665306051087
1e-06,289426.61247167515,25,0.2797708641810459
1e-06,289426.61247167515,50,1.8001819215096475
1e-06,289426.61247167515,100,2.429338903773896
1e-06,289426.61247167515,133,3.12323282489524
1e-06,289426.61247167515,150,2.99551905739645
1e-06,289426.61247167515,200,5.3818470826190605
1e-06,289426.61247167515,250,4.324420867666049
1e-06,289426.61247167515,300,4.237681729442556
1e-06,289426.61247167515,1526,0.7435486433787446
1e-06,289426.61247167515,2000,0.6820102722740558
1e-06,298097.93965647276,1,14.17839241259935
1e-06,298097.93965647276,5,5.64222390102077
1e-06,298097.93965647276,10,3.914816168056859
1e-06,298097.93965647276,25,0.8415883380548621
1e-06,298097.93965647276,50,3.3138136846500856
1e-06,298097.93965647276,100,3.605813097085047
1e-06,298097.93965647276,133,1.2873956565454137
1e-06,298097.93965647276,150,1.1178283495501091
1e-06,298097.93965647276,200,2.003162921722833
1e-06,298097.93965647276,250,1.609741959895473
1e-06,298097.93965647276,300,0.9252712280685955
1e-06,298097.93965647276,1526,0.09696776282362407
1e-06,298097.93965647276,2000,0.5329941477975808
1e-06,307029.062975785,1,4.147698922504787
1e-06,307029.062975785,5,8.319080012697668
1e-06,307029.062975785,10,11.09083925637242
1e-06,307029.062975785,25,10.252075308733765
1e-06,307029.062975785,50,5.385444480441947
1e-06,307029.062975785,100,2.7674069127788243
1e-06,307029.062975785,133,0.5140285800589481
1e-06,307029.062975785,150,0.8882528208996519
1e-06,307029.062975785,200,0.2665437375908368
1e-06,307029.062975785,250,0.8884788196992304
1e-06,307029.062975785,300,0.8855773415743897
1e-06,307029.062975785,1526,0.4414829671004554
1e-06,307029.062975785,2000,0.025996269749157364
1e-06,316227.76601683797,1,13.120667271494312
1e-06,316227.76601683797,5,4.256831820250227
1e-06,316227.76601683797,10,4.94584127244525
1e-06,316227.76601683797,25,5.4555068606750865
1e-06,316227.76601683797,50,1.8793767650167865
1e-06,316227.76601683797,100,1.895976979230909
1e-06,316227.76601683797,133,0.4819322260664194
1e-06,316227.76601683797,150,0.7820218778688286
1e-06,316227.76601683797,200,1.1482720411549963
1e-06,316227.76601683797,250,0.09905519822859787
1e-06,316227.76601683797,300,0.43724878787907073
1e-06,316227.76601683797,1526,1.1986367764729948
1e-06,316227.76601683797,2000,1.1928646242558898
0.0001,100000.0,1,2.523948370853759
0.0001,100000.0,5,0.34126132186793257
0.0001,100000.0,10,0.08573188700756873
0.0001,100000.0,25,1.9060127338270831
0.0001,100000.0,50,3.0916471395412373
0.0001,100000.0,100,2.7935128440276458
0.0001,100000.0,133,0.3336637993270415
0.0001,100000.0,150,0.7641688076328137
0.0001,100000.0,200,1.0090339898215461
0.0001,100000.0,250,1.3320253773617878
0.0001,100000.0,300,1.582601778274693
0.0001,100000.0,1526,0.12456212889264862
0.0001,100000.0,2000,0.15778296721327933
0.0001,102996.03658099899,1,5.51656232915775
0.0001,102996.03658099899,5,1.591399936365633
0.0001,102996.03658099899,10,4.144081832157099
0.0001,102996.03658099899,25,2.7406505827857472
0.0001,102996.03658099899,50,1.7465769644913962
0.0001,102996.03658099899,100,0.15228932629361225
0.0001,102996.03658099899,133,0.3786652192902693
0.0001,102996.03658099899,150,0.2568527498806361
0.0001,102996.03658099899,200,0.5690756282383518
0.0001,102996.03658099899,250,0.09190074280377303
0.0001,102996.03658099899,300,0.8920054484406137
0.0001,102996.03658099899,1526,0.5426066249438009
0.0001,102996.03658099899,2000,0.06823912074287364
0.0001,106081.83551394482,1,2.429110268238219
0.0001,106081.83551394482,5,5.438722853663421
0.0001,106081.83551394482,10,4.402796236980066
0.0001,106081.83551394482,25,4.135214151514447
0.0001,106081.83551394482,50,3.484268062598858
0.0001,106081.83551394482,100,5.957352412691762
0.0001,106081.83551394482,133,3.7497413768742263
0.0001,106081.83551394482,150,2.785407769802987
0.0001,106081.83551394482,200,2.543064874900665
0.0001,106081.83551394482,250,1.9067060888155538
0.0001,106081.83551394482,300,1.305114277962275
0.0001,106081.83551394482,1526,1.2579218737137126
0.0001,106081.83551394482,2000,1.3924914802555577
0.0001,109260.0861117378,1,2.2119121274772624
0.0001,109260.0861117378,5,1.6456188552165258
0.0001,109260.0861117378,10,0.6150693490526464
0.0001,109260.0861117378,25,2.2640052582410135
0.0001,109260.0861117378,50,1.7566472344497015
0.0001,109260.0861117378,100,0.31976215476061043
0.0001,109260.0861117378,133,0.2467774140804977
0.0001,109260.0861117378,150,0.927251315144531
0.0001,109260.0861117378,200,0.8850224960497144
0.0001,109260.0861117378,250,0.2232567093196849
0.0001,109260.0861117378,300,0.17263239883141068
0.0001,109260.0861117378,1526,0.21724433676899935
0.0001,109260.0861117378,2000,0.585359946684548
0.0001,112533.55826007646,1,1.027032865502406
0.0001,112533.55826007646,5,0.8972501889165869
0.0001,112533.55826007646,10,0.059743009122030344
0.0001,112533.55826007646,25,2.0270714197413326
0.0001,112533.55826007646,50,1.3311390905164444
0.0001,112533.55826007646,100,1.5931616668440256
0.0001,112533.55826007646,133,1.9907698412334867
0.0001,112533.55826007646,150,0.8564966580688633
0.0001,112533.55826007646,200,0.873102356097661
0.0001,112533.55826007646,250,0.5262780653520167
0.0001,112533.55826007646,300,1.0719611855547555
0.0001,112533.55826007646,1526,1.4504990479144908
0.0001,112533.55826007646,2000,1.0774712349175388
0.0001,115905.10483144816,1,4.442311120688828
0.0001,115905.10483144816,5,7.31434753983558
0.0001,115905.10483144816,10,7.409232003419675
0.0001,115905.10483144816,25,7.99045364491576
0.0001,115905.10483144816,50,6.951470673744552
0.0001,115905.10483144816,100,7.418090195878904
0.0001,115905.10483144816,133,7.394413916466874
0.0001,115905.10483144816,150,6.451213017133341
0.0001,115905.10483144816,200,5.799958287152549
0.0001,115905.10483144816,250,5.682596918039053
0.0001,115905.10483144816,300,6.200965132104102
0.0001,115905.10483144816,1526,2.9881759997679183
0.0001,115905.10483144816,2000,2.279462121614415
0.0001,119377.66417144357,1,4.699692045456686
0.0001,119377.66417144357,5,2.954618475501775
0.0001,119377.66417144357,10,3.15293776737235
0.0001,119377.66417144357,25,2.153586074784471
0.0001,119377.66417144357,50,0.6719714724222285
0.0001,119377.66417144357,100,0.014363649281222024
0.0001,119377.66417144357,133,0.2204572532009479
0.0001,119377.66417144357,150,0.46653039258490026
0.0001,119377.66417144357,200,0.8015869391620072
0.0001,119377.66417144357,250,0.39588446611924155
0.0001,119377.66417144357,300,0.28094268342101714
0.0001,119377.66417144357,1526,0.15883452386515273
0.0001,119377.66417144357,2000,0.20889204102968506
0.0001,122954.26265956216,1,3.340510617243126
0.0001,122954.26265956216,5,2.8941984454431804
0.0001,122954.26265956216,10,2.4656846262205363
0.0001,122954.26265956216,25,1.831557771520238
0.0001,122954.26265956216,50,0.24905737615517864
0.0001,122954.26265956216,100,0.15547644342404965
0.0001,122954.26265956216,133,0.5554643792547722
0.0001,122954.26265956216,150,0.2128421115776291
0.0001,122954.26265956216,200,0.9839137402541382
0.0001,122954.26265956216,250,0.6552866846122924
0.0001,122954.26265956216,300,0.49392056504439097
0.0001,122954.26265956216,1526,0.09046789408967015
0.0001,122954.26265956216,2000,0.15867898240867362
0.0001,126638.01734674022,1,2.470535070906408
0.0001,126638.01734674022,5,0.6132373492109764
0.0001,126638.01734674022,10,1.3652420278576756
0.0001,126638.01734674022,25,0.9922225774807885
0.0001,126638.01734674022,50,3.094726924726274
0.0001,126638.01734674022,100,1.9998374886708916
0.0001,126638.01734674022,133,1.6919945062545594
0.0001,126638.01734674022,150,1.6714914991534897
0.0001,126638.01734674022,200,0.8131932042433618
0.0001,126638.01734674022,250,0.767424419767849
0.0001,126638.01734674022,300,0.7993843868371187
0.0001,126638.01734674022,1526,0.15368693090204033
0.0001,126638.01734674022,2000,0.10964229060482467
0.0001,130432.13867190041,1,2.6920365914593276
0.0001,130432.13867190041,5,1.422694353184852
0.0001,130432.13867190041,10,2.7349799514067854
0.0001,130432.13867190041,25,2.303276499886124
0.0001,130432.13867190041,50,0.9523840551064495
0.0001,130432.13867190041,100,0.17289480391809775
0.0001,130432.13867190041,133,0.6085296769560955
0.0001,130432.13867190041,150,0.38604934846807737
0.0001,130432.13867190041,200,0.15314541576481133
0.0001,130432.13867190041,250,0.12170158277695009
0.0001,130432.13867190041,300,0.04143880279480072
0.0001,130432.13867190041,1526,0.43287900817267655
0.0001,130432.13867190041,2000,0.017652423310209997
0.0001,134339.93325988986,1,1.9372856641930412
0.0001,134339.93325988986,5,1.0955663298045692
0.0001,134339.93325988986,10,1.7560543232448254
0.0001,134339.93325988986,25,1.0307247403252404
0.0001,134339.93325988986,50,1.5976080645541515
0.0001,134339.93325988986,100,1.5647305212114588
0.0001,134339.93325988986,133,1.965943678162148
0.0001,134339.93325988986,150,1.7962387134357414
0.0001,134339.93325988986,200,1.9504020043877972
0.0001,134339.93325988986,250,1.791575354318411
0.0001,134339.93325988986,300,2.0789899544161017
0.0001,134339.93325988986,1526,0.7562122973231453
0.0001,134339.93325988986,2000,0.49720340405656316
0.0001,138364.8068032461,1,1.6464669538017915
0.0001,138364.8068032461,5,4.226921474890332
0.0001,138364.8068032461,10,1.6236211102605012
0.0001,138364.8068032461,25,1.0485529504112492
0.0001,138364.8068032461,50,0.7383674073607835
0.0001,138364.8068032461,100,1.9098186078645085
0.0001,138364.8068032461,133,1.2354102242552472
0.0001,138364.8068032461,150,1.223053124433136
0.0001,138364.8068032461,200,1.1248693366851512
0.0001,138364.8068032461,250,1.3593177273578476
0.0001,138364.8068032461,300,1.5122690530133696
0.0001,138364.8068032461,1526,0.854784507477234
0.0001,138364.8068032461,2000,0.7310215609686566
0.0001,142510.26703029993,1,3.460034560510394
0.0001,142510.26703029993,5,5.614354054438081
0.0001,142510.26703029993,10,4.6580891375670035
0.0001,142510.26703029993,25,2.331802980565044
0.0001,142510.26703029993,50,1.0904899132783612
0.0001,142510.26703029993,100,1.875910607395781
0.0001,142510.26703029993,133,2.1244727018674894
0.0001,142510.26703029993,150,2.097828793394001
0.0001,142510.26703029993,200,1.9952864667375252
0.0001,142510.26703029993,250,2.030348020936799
0.0001,142510.26703029993,300,2.917560000085359
0.0001,142510.26703029993,1526,1.086252083605359
0.0001,142510.26703029993,2000,1.5624106722898432
0.0001,146779.92676220706,1,6.574718644771565
0.0001,146779.92676220706,5,7.107845880635068
0.0001,146779.92676220706,10,4.582755332634406
0.0001,146779.92676220706,25,0.29203595472790767
0.0001,146779.92676220706,50,1.6767884017754113
0.0001,146779.92676220706,100,0.7577235822136572
0.0001,146779.92676220706,133,0.9345828453497234
0.0001,146779.92676220706,150,0.9197374954474071
0.0001,146779.92676220706,200,1.9053816700652533
0.0001,146779.92676220706,250,1.6249803058071848
0.0001,146779.92676220706,300,0.6698867594914191
0.0001,146779.92676220706,1526,0.30994282456231304
0.0001,146779.92676220706,2000,0.3278942333890882
0.0001,151177.5070615663,1,1.3355215993815364
0.0001,151177.5070615663,5,2.2408592822303035
0.0001,151177.5070615663,10,0.4441338974811515
0.0001,151177.5070615663,25,1.8377684376700927
0.0001,151177.5070615663,50,2.5957024411509337
0.0001,151177.5070615663,100,2.9701219169855904
0.0001,151177.5070615663,133,2.4449760553234228
0.0001,151177.5070615663,150,2.4469582395358884
0.0001,151177.5070615663,200,0.6876279668849747
0.0001,151177.5070615663,250,0.3040120856840076
0.0001,151177.5070615663,300,0.14075916276487987
0.0001,151177.5070615663,1526,0.1850857797144272
0.0001,151177.5070615663,2000,0.3775694647356431
0.0001,155706.84047537317,1,9.842061034505605
0.0001,155706.84047537317,5,5.401709302457675
0.0001,155706.84047537317,10,4.355216124578874
0.0001,155706.84047537317,25,2.2113843777842703
0.0001,155706.84047537317,50,2.1443281055508123
0.0001,155706.84047537317,100,2.587251067843681
0.0001,155706.84047537317,133,2.7890712093121692
0.0001,155706.84047537317,150,2.775284480483606
0.0001,155706.84047537317,200,1.3158022578463715
0.0001,155706.84047537317,250,1.2285838798925397
0.0001,155706.84047537317,300,0.023325833322815015
0.0001,155706.84047537317,1526,1.3380545698346396
0.0001,155706.84047537317,2000,0.9112404384486581
0.0001,160371.8743751331,1,1.4637669118965277
0.0001,160371.8743751331,5,0.5482658225992054
0.0001,160371.8743751331,10,3.910154641571353
0.0001,160371.8743751331,25,1.383176924144209
0.0001,160371.8743751331,50,0.608055784858152
0.0001,160371.8743751331,100,0.3440667402574036
0.0001,160371.8743751331,133,1.5133751210141781
0.0001,160371.8743751331,150,1.5405727723937161
0.0001,160371.8743751331,200,1.5531440544855286
0.0001,160371.8743751331,250,2.351463812525253
0.0001,160371.8743751331,300,2.047939830345058
0.0001,160371.8743751331,1526,0.7007473140420188
0.0001,160371.8743751331,2000,0.9423034199026006
0.0001,165176.67439704583,1,3.381451823970565
0.0001,165176.67439704583,5,1.0559941972351226
0.0001,165176.67439704583,10,1.9932992089434265
0.0001,165176.67439704583,25,1.846368326965603
0.0001,165176.67439704583,50,2.807619458393674
0.0001,165176.67439704583,100,2.2254817758985155
0.0001,165176.67439704583,133,2.5184783128479467
0.0001,165176.67439704583,150,2.4911524560411635
0.0001,165176.67439704583,200,2.2894664862305945
0.0001,165176.67439704583,250,3.625912551126021
0.0001,165176.67439704583,300,2.5794398412763258
0.0001,165176.67439704583,1526,0.3475962289085146
0.0001,165176.67439704583,2000,0.20447918512763863
0.0001,170125.42798525892,1,10.328208094833826
0.0001,170125.42798525892,5,4.765889661566689
0.0001,170125.42798525892,10,2.0850061024102615
0.0001,170125.42798525892,25,2.117444597866779
0.0001,170125.42798525892,50,1.6760396168556326
0.0001,170125.42798525892,100,0.46326089461399533
0.0001,170125.42798525892,133,1.9858797277356643
0.0001,170125.42798525892,150,2.131818626217864
0.0001,170125.42798525892,200,1.170206296375909
0.0001,170125.42798525892,250,0.3706720073187171
0.0001,170125.42798525892,300,1.4030286918186903
0.0001,170125.42798525892,1526,0.6876246168631042
0.0001,170125.42798525892,2000,1.1738670437498513
0.0001,175222.44804127837,1,11.006268278986681
0.0001,175222.44804127837,5,5.713540476659546
0.0001,175222.44804127837,10,3.2292642262364097
0.0001,175222.44804127837,25,4.589985333657751
0.0001,175222.44804127837,50,4.420060798691338
0.0001,175222.44804127837,100,3.201130725663461
0.0001,175222.44804127837,133,3.564213151910735
0.0001,175222.44804127837,150,3.9820541319077165
0.0001,175222.44804127837,200,0.1637558400634589
0.0001,175222.44804127837,250,0.9837024366606784
0.0001,175222.44804127837,300,0.8245564430453669
0.0001,175222.44804127837,1526,1.5146403834914963
0.0001,175222.44804127837,2000,1.2407005849490815
0.0001,180472.17668271702,1,8.015971118024027
0.0001,180472.17668271702,5,9.589207020615504
0.0001,180472.17668271702,10,8.693998736014692
0.0001,180472.17668271702,25,8.942461604252458
0.0001,180472.17668271702,50,8.646043187174655
0.0001,180472.17668271702,100,6.493150988197158
0.0001,180472.17668271702,133,5.243104430075618
0.0001,180472.17668271702,150,5.7401541615454335
0.0001,180472.17668271702,200,1.657425540872282
0.0001,180472.17668271702,250,1.2511215779777558
0.0001,180472.17668271702,300,1.5535101434070384
0.0001,180472.17668271702,1526,1.035735457591727
0.0001,180472.17668271702,2000,1.1495953723624552
0.0001,185879.18911465636,1,6.277286931104754
0.0001,185879.18911465636,5,3.1869032980685006
0.0001,185879.18911465636,10,0.4687313687936694
0.0001,185879.18911465636,25,2.6134134438652836
0.0001,185879.18911465636,50,2.5942237979943457
0.0001,185879.18911465636,100,0.1527213538684009
0.0001,185879.18911465636,133,0.7978837536757055
0.0001,185879.18911465636,150,0.5546079696978268
0.0001,185879.18911465636,200,0.5163105648716737
0.0001,185879.18911465636,250,0.7873111695007537
0.0001,185879.18911465636,300,0.49860073422678397
0.0001,185879.18911465636,1526,0.04872430841714959
0.0001,185879.18911465636,2000,0.12315441452301457
0.0001,191448.19761699575,1,0.549546315560292
0.0001,191448.19761699575,5,6.193001634015673
0.0001,191448.19761699575,10,7.188712047100125
0.0001,191448.19761699575,25,8.843803579969972
0.0001,191448.19761699575,50,8.420366185986495
0.0001,191448.19761699575,100,6.840374940573383
0.0001,191448.19761699575,133,5.936818447560654
0.0001,191448.19761699575,150,6.151819755941688
0.0001,191448.19761699575,200,4.81754802859723
0.0001,191448.19761699575,250,4.365284648876695
0.0001,191448.19761699575,300,4.409434801502357
0.0001,191448.19761699575,1526,3.2672813243916607
0.0001,191448.19761699575,2000,3.2492381297270185
0.0001,197184.05565126418,1,1.3449203192394634
0.0001,197184.05565126418,5,3.406620611942344
0.0001,197184.05565126418,10,1.897737437615433
0.0001,197184.05565126418,25,3.4072106637977413
0.0001,197184.05565126418,50,4.179200665701501
0.0001,197184.05565126418,100,2.8654152699309634
0.0001,197184.05565126418,133,2.91643837704396
0.0001,197184.05565126418,150,2.235168993956904
0.0001,197184.05565126418,200,1.977118372462428
0.0001,197184.05565126418,250,1.9878894454959664
0.0001,197184.05565126418,300,1.7312874397357518
0.0001,197184.05565126418,1526,0.49735651294031413
0.0001,197184.05565126418,2000,0.024610907123133074
0.0001,203091.76209047346,1,2.1157635195777402
0.0001,203091.76209047346,5,3.7365944947159733
0.0001,203091.76209047346,10,2.003528492372425
0.0001,203091.76209047346,25,1.4089481111113855
0.0001,203091.76209047346,50,2.624115042570338
0.0001,203091.76209047346,100,1.6875874341239978
0.0001,203091.76209047346,133,1.578637395898113
0.0001,203091.76209047346,150,0.6010429299349198
0.0001,203091.76209047346,200,0.1323403944952588
0.0001,203091.76209047346,250,0.5688971596791816
0.0001,203091.76209047346,300,0.6385603431226627
0.0001,203091.76209047346,1526,1.067607365341246
0.0001,203091.76209047346,2000,1.3640300529768865
0.0001,209176.4655756995,1,3.93851604297015
0.0001,209176.4655756995,5,2.7035938390945375
0.0001,209176.4655756995,10,2.6791329125408083
0.0001,209176.4655756995,25,4.948177703245165
0.0001,209176.4655756995,50,7.045755673017993
0.0001,209176.4655756995,100,6.971688898232969
0.0001,209176.4655756995,133,7.387764561353833
0.0001,209176.4655756995,150,6.3793376237554185
0.0001,209176.4655756995,200,5.394447862941888
0.0001,209176.4655756995,250,5.623961509874789
0.0001,209176.4655756995,300,5.6018742713931715
0.0001,209176.4655756995,1526,2.260946396712825
0.0001,209176.4655756995,2000,2.0031874713931757
0.0001,215443.46900318822,1,1.120130064406112
0.0001,215443.46900318822,5,1.043205038189626
0.0001,215443.46900318822,10,0.12664401501024258
0.0001,215443.46900318822,25,1.461510067420022
0.0001,215443.46900318822,50,1.5927120457272395
0.0001,215443.46900318822,100,2.4461619430585415
0.0001,215443.46900318822,133,0.827965821386897
0.0001,215443.46900318822,150,0.09429541766076
0.0001,215443.46900318822,200,0.6170095909874362
0.0001,215443.46900318822,250,0.14995911655933014
0.0001,215443.46900318822,300,0.3991247846133774
0.0001,215443.46900318822,1526,0.025053764082258567
0.0001,215443.46900318822,2000,0.4105501007652492
0.0001,221898.23414589697,1,2.7116068873292534
0.0001,221898.23414589697,5,1.1198236568416178
0.0001,221898.23414589697,10,1.7288638031095616
0.0001,221898.23414589697,25,4.093218429963599
0.0001,221898.23414589697,50,0.47155442376970313
0.0001,221898.23414589697,100,1.3333245669928147
0.0001,221898.23414589697,133,0.8876213475959958
0.0001,221898.23414589697,150,0.7369515647551452
0.0001,221898.23414589697,200,0.9995415586454328
0.0001,221898.23414589697,250,0.08666822138548014
0.0001,221898.23414589697,300,0.29180171062762383
0.0001,221898.23414589697,1526,0.5330692745701526
0.0001,221898.23414589697,2000,0.41988455187674845
0.0001,228546.38641349884,1,2.876405847888236
0.0001,228546.38641349884,5,1.606453263291769
0.0001,228546.38641349884,10,0.9617228705465095
0.0001,228546.38641349884,25,7.263320676334843
0.0001,228546.38641349884,50,3.9243025334035337
0.0001,228546.38641349884,100,4.007691035130847
0.0001,228546.38641349884,133,1.4177175870281644
0.0001,228546.38641349884,150,0.8529226649043267
0.0001,228546.38641349884,200,0.0018903761301771738
0.0001,228546.38641349884,250,0.42419702510960633
0.0001,228546.38641349884,300,0.30336523926234804
0.0001,228546.38641349884,1526,0.6240958839771338
0.0001,228546.38641349884,2000,0.1446767387642467
0.0001,235393.71975499907,1,1.9323840480064973
0.0001,235393.71975499907,5,0.34880406113006757
0.0001,235393.71975499907,10,1.2114418548007961
0.0001,235393.71975499907,25,1.4328192240463977
0.0001,235393.71975499907,50,0.2917271663900465
0.0001,235393.71975499907,100,3.409968907093571
0.0001,235393.71975499907,133,3.282265049077978
0.0001,235393.71975499907,150,2.161519335630146
0.0001,235393.71975499907,200,0.8220458869873255
0.0001,235393.71975499907,250,0.003404653962206794
0.0001,235393.71975499907,300,0.03329973164363764
0.0001,235393.71975499907,1526,1.0285986698472698
0.0001,235393.71975499907,2000,0.8883701546183147
0.0001,242446.20170823307,1,7.369783777179691
0.0001,242446.20170823307,5,3.661867589027679
0.0001,242446.20170823307,10,3.806637238318217
0.0001,242446.20170823307,25,3.659284595592908
0.0001,242446.20170823307,50,1.5870792869536672
0.0001,242446.20170823307,100,0.5235631774303329
0.0001,242446.20170823307,133,1.039357746598398
0.0001,242446.20170823307,150,0.22786545361668686
0.0001,242446.20170823307,200,0.4433274774673919
0.0001,242446.20170823307,250,1.249421403681481
0.0001,242446.20170823307,300,1.578500143608835
0.0001,242446.20170823307,1526,1.411689772747195
0.0001,242446.20170823307,2000,1.2244198426124058
0.0001,249709.97860065434,1,7.1583990194158105
0.0001,249709.97860065434,5,10.466232973500155
0.0001,249709.97860065434,10,9.715144873440295
0.0001,249709.97860065434,25,2.196840440392407
0.0001,249709.97860065434,50,6.7312467583833495
0.0001,249709.97860065434,100,2.6942745781343547
0.0001,249709.97860065434,133,2.479969953532418
0.0001,249709.97860065434,150,1.5571528202563059
0.0001,249709.97860065434,200,2.018881666546804
0.0001,249709.97860065434,250,0.5649258881094283
0.0001,249709.97860065434,300,0.5486966805074189
0.0001,249709.97860065434,1526,0.5209404788984102
0.0001,249709.97860065434,2000,0.749538523308729
0.0001,257191.3809059347,1,0.12738064926452353
0.0001,257191.3809059347,5,0.37452951598970685
0.0001,257191.3809059347,10,0.21334900333022233
0.0001,257191.3809059347,25,0.26175574149237946
0.0001,257191.3809059347,50,4.981439613031398
0.0001,257191.3809059347,100,3.6442813362191373
0.0001,257191.3809059347,133,3.7791319567186292
0.0001,257191.3809059347,150,3.4564322265468945
0.0001,257191.3809059347,200,2.453060074152745
0.0001,257191.3809059347,250,2.9745433738207794
0.0001,257191.3809059347,300,1.8068471431179205
0.0001,257191.3809059347,1526,0.11200233869021758
0.0001,257191.3809059347,2000,0.2721831616581767
0.0001,264896.92876105296,1,5.076133500155265
0.0001,264896.92876105296,5,10.625536037478014
0.0001,264896.92876105296,10,9.443521805980708
0.0001,264896.92876105296,25,4.709111532778479
0.0001,264896.92876105296,50,1.9554124860405864
0.0001,264896.92876105296,100,0.8032854553530342
0.0001,264896.92876105296,133,0.4954532739830029
0.0001,264896.92876105296,150,0.6756640846870141
0.0001,264896.92876105296,200,0.7320696155366022
0.0001,264896.92876105296,250,0.8404052293153654
0.0001,264896.92876105296,300,0.20467463912063977
0.0001,264896.92876105296,1526,1.6529514087997086
0.0001,264896.92876105296,2000,0.7618016184824228
0.0001,272833.33764867694,1,14.462156843754201
0.0001,272833.33764867694,5,5.571914166946954
0.0001,272833.33764867694,10,5.812851476697688
0.0001,272833.33764867694,25,4.350107477428537
0.0001,272833.33764867694,50,3.5857442476408323
0.0001,272833.33764867694,100,2.714907088826294
0.0001,272833.33764867694,133,3.346101073362661
0.0001,272833.33764867694,150,2.936909643402032
0.0001,272833.33764867694,200,1.3732660134082835
0.0001,272833.33764867694,250,1.1814682314106904
0.0001,272833.33764867694,300,0.6431773404874548
0.0001,272833.33764867694,1526,0.3453309132710274
0.0001,272833.33764867694,2000,0.1737370996561367
0.0001,281007.5242497918,1,9.704743831222004
0.0001,281007.5242497918,5,2.742332063469803
0.0001,281007.5242497918,10,1.075063370171847
0.0001,281007.5242497918,25,0.8276622893426975
0.0001,281007.5242497918,50,0.44113360477786046
0.0001,281007.5242497918,100,1.0618431909824722
0.0001,281007.5242497918,133,2.6684505353623535
0.0001,281007.5242497918,150,3.0282569641094597
0.0001,281007.5242497918,200,1.5572080352249031
0.0001,281007.5242497918,250,0.6760461450649018
0.0001,281007.5242497918,300,1.902951170643064
0.0001,281007.5242497918,1526,1.4018118086423783
0.0001,281007.5242497918,2000,1.7174137850670377
0.0001,289426.61247167515,1,1.9921067286486505
0.0001,289426.61247167515,5,2.1894646666260087
0.0001,289426.61247167515,10,0.9550849356783147
0.0001,289426.61247167515,25,0.27982310663719545
0.0001,289426.61247167515,50,1.8000272736862826
0.0001,289426.61247167515,100,2.428839685893763
0.0001,289426.61247167515,133,3.122456356530165
0.0001,289426.61247167515,150,2.9947946660104208
0.0001,289426.61247167515,200,5.37950204785011
0.0001,289426.61247167515,250,4.323186130026443
0.0001,289426.61247167515,300,4.2365818319995014
0.0001,289426.61247167515,1526,0.7714323851978406
0.0001,289426.61247167515,2000,0.7100879697027267
0.0001,298097.93965647276,1,14.178396812007122
0.0001,298097.93965647276,5,5.642255376347748
0.0001,298097.93965647276,10,3.9148589059259393
0.0001,298097.93965647276,25,0.8417009470213088
0.0001,298097.93965647276,50,3.3134052727473318
0.0001,298097.93965647276,100,3.6052654354316473
0.0001,298097.93965647276,133,1.2875989061394648
0.0001,298097.93965647276,150,1.1181046751953545
0.0001,298097.93965647276,200,2.0027023737748095
0.0001,298097.93965647276,250,1.6097645441695931
0.0001,298097.93965647276,300,0.9260974823446304
0.0001,298097.93965647276,1526,0.08324556673323968
0.0001,298097.93965647276,2000,0.5293256552577077
0.0001,307029.062975785,1,4.147701350211719
0.0001,307029.062975785,5,8.31903240623069
0.0001,307029.062975785,10,11.090763491014513
0.0001,307029.062975785,25,10.2520477554026
0.0001,307029.062975785,50,5.385772064968478
0.0001,307029.062975785,100,2.768034458596958
0.0001,307029.062975785,133,0.5154064968046441
0.0001,307029.062975785,150,0.8894669729634188
0.0001,307029.062975785,200,0.2681379592868325
0.0001,307029.062975785,250,0.8895102746719203
0.0001,307029.062975785,300,0.8866036270374025
0.0001,307029.062975785,1526,0.44274734522696235
0.0001,307029.062975785,2000,0.03602007963490905
0.0001,316227.76601683797,1,13.120667217757727
0.0001,316227.76601683797,5,4.256864701324957
0.0001,316227.76601683797,10,4.945873259821383
0.0001,316227.76601683797,25,5.455566537897539
0.0001,316227.76601683797,50,1.8796640126201964
0.0001,316227.76601683797,100,1.896221926988801
0.0001,316227.76601683797,133,0.48269654560863273
0.0001,316227.76601683797,150,0.7826490009683766
0.0001,316227.76601683797,200,1.148454398742615
0.0001,316227.76601683797,250,0.10025541032882757
0.0001,316227.76601683797,300,0.43539038983362843
0.0001,316227.76601683797,1526,1.1885381965075794
0.0001,316227.76601683797,2000,1.1834605002150056
0.0003,100000.0,1,2.5239649914874462
0.0003,100000.0,5,0.34117854402757075
0.0003,100000.0,10,0.08574051585310372
0.0003,100000.0,25,1.9056493703028536
0.0003,100000.0,50,3.0906766898606293
0.0003,100000.0,100,2.792764118506966
0.0003,100000.0,133,0.33974561540708237
0.0003,100000.0,150,0.768384768618489
0.0003,100000.0,200,1.0120986420206464
0.0003,100000.0,250,1.3331235672048933
0.0003,100000.0,300,1.5810682338451443
0.0003,100000.0,1526,0.15231340590980835
0.0003,100000.0,2000,0.0731211634229112
0.0003,102996.03658099899,1,5.5165674545714865
0.0003,102996.03658099899,5,1.5915054023716948
0.0003,102996.03658099899,10,4.143985362319654
0.0003,102996.03658099899,25,2.7408544289282872
0.0003,102996.03658099899,50,1.747245740110884
0.0003,102996.03658099899,100,0.15505916093025007
0.0003,102996.03658099899,133,0.38064671372194425
0.0003,102996.03658099899,150,0.25228044660434534
0.0003,102996.03658099899,200,0.5630856508269062
0.0003,102996.03658099899,250,0.08930535564832098
0.0003,102996.03658099899,300,0.881598041360121
0.0003,102996.03658099899,1526,0.5264012420666404
0.0003,102996.03658099899,2000,0.1422110819748923
0.0003,106081.83551394482,1,2.429117911069625
0.0003,106081.83551394482,5,5.438651645525169
0.0003,106081.83551394482,10,4.402752207653975
0.0003,106081.83551394482,25,4.135209763659077
0.0003,106081.83551394482,50,3.4843925221084646
0.0003,106081.83551394482,100,5.954102168485406
0.0003,106081.83551394482,133,3.7526571298312774
0.0003,106081.83551394482,150,2.7920945478672365
0.0003,106081.83551394482,200,2.5508359089435544
0.0003,106081.83551394482,250,1.919509763170936
0.0003,106081.83551394482,300,1.3238812129493454
0.0003,106081.83551394482,1526,1.2039973095397727
0.0003,106081.83551394482,2000,1.3200390000347397
0.0003,109260.0861117378,1,2.2118926744369674
0.0003,109260.0861117378,5,1.6456059903539426
0.0003,109260.0861117378,10,0.6151787411217811
0.0003,109260.0861117378,25,2.263747535058428
0.0003,109260.0861117378,50,1.756246006960282
0.0003,109260.0861117378,100,0.32170512281300034
0.0003,109260.0861117378,133,0.24958726191107417
0.0003,109260.0861117378,150,0.9199411085883185
0.0003,109260.0861117378,200,0.8780678617094964
0.0003,109260.0861117378,250,0.22186370767121844
0.0003,109260.0861117378,300,0.17174916149451747
0.0003,109260.0861117378,1526,0.21489515866232978
0.0003,109260.0861117378,2000,0.5254040147556225
0.0003,112533.55826007646,1,1.0270610499155737
0.0003,112533.55826007646,5,0.8971510450937785
0.0003,112533.55826007646,10,0.059677062587070395
0.0003,112533.55826007646,25,2.026665990191759
0.0003,112533.55826007646,50,1.330652082382585
0.0003,112533.55826007646,100,1.5916223103340599
0.0003,112533.55826007646,133,1.9881147534360935
0.0003,112533.55826007646,150,0.8581499058927875
0.0003,112533.55826007646,200,0.8743727450146253
0.0003,112533.55826007646,250,0.5306244987095852
0.0003,112533.55826007646,300,1.07081424817261
0.0003,112533.55826007646,1526,1.5312120385005983
0.0003,112533.55826007646,2000,1.229396044234818
0.0003,115905.10483144816,1,4.442278920940225
0.0003,115905.10483144816,5,7.31421868695179
0.0003,115905.10483144816,10,7.4090317163190775
0.0003,115905.10483144816,25,7.990063397559425
0.0003,115905.10483144816,50,6.951307302701025
0.0003,115905.10483144816,100,7.4176997082577145
0.0003,115905.10483144816,133,7.393838867741579
0.0003,115905.10483144816,150,6.454238996373533
0.0003,115905.10483144816,200,5.806316059966775
0.0003,115905.10483144816,250,5.689911038381979
0.0003,115905.10483144816,300,6.203058319006232
0.0003,115905.10483144816,1526,3.163450618907518
0.0003,115905.10483144816,2000,2.58955538592636
0.0003,119377.66417144357,1,4.69972268933634
0.0003,119377.66417144357,5,2.954696522847371
0.0003,119377.66417144357,10,3.1530073738413193
0.0003,119377.66417144357,25,2.153772306497558
0.0003,119377.66417144357,50,0.6727889738922386
0.0003,119377.66417144357,100,0.013151083527191076
0.0003,119377.66417144357,133,0.22086273600143613
0.0003,119377.66417144357,150,0.4634281507151172
0.0003,119377.66417144357,200,0.7965389699984371
0.0003,119377.66417144357,250,0.394388621321923
0.0003,119377.66417144357,300,0.2807662348423037
0.0003,119377.66417144357,1526,0.23626893134314741
0.0003,119377.66417144357,2000,0.2760836000616109
0.0003,122954.26265956216,1,3.340487003806629
0.0003,122954.26265956216,5,2.8942161640297854
0.0003,122954.26265956216,10,2.465790424754232
0.0003,122954.26265956216,25,1.831797773076687
0.0003,122954.26265956216,50,0.2477476892818231
0.0003,122954.26265956216,100,0.15666788183807512
0.0003,122954.26265956216,133,0.5553386666197184
0.0003,122954.26265956216,150,0.21417113092866202
0.0003,122954.26265956216,200,0.9812959233531728
0.0003,122954.26265956216,250,0.655495595146931
0.0003,122954.26265956216,300,0.49553952895985276
0.0003,122954.26265956216,1526,0.13309210915031144
0.0003,122954.26265956216,2000,0.059369914524722844
0.0003,126638.01734674022,1,2.4705229057526594
0.0003,126638.01734674022,5,0.613323024886995
0.0003,126638.01734674022,10,1.3653033268419676
0.0003,126638.01734674022,25,0.9921754552269704
0.0003,126638.01734674022,50,3.0934825738986547
0.0003,126638.01734674022,100,2.0000920765669434
0.0003,126638.01734674022,133,1.692946288811072
0.0003,126638.01734674022,150,1.6723412792598538
0.0003,126638.01734674022,200,0.8183397955781402
0.0003,126638.01734674022,250,0.7728571608604398
0.0003,126638.01734674022,300,0.8043915950820519
0.0003,126638.01734674022,1526,0.15348441155765613
0.0003,126638.01734674022,2000,0.05261766658259148
0.0003,130432.13867190041,1,2.6920384342538455
0.0003,130432.13867190041,5,1.4227670047730498
0.0003,130432.13867190041,10,2.7349190958138934
0.0003,130432.13867190041,25,2.3035374899391172
0.0003,130432.13867190041,50,0.9535461440118524
0.0003,130432.13867190041,100,0.1752422630579531
0.0003,130432.13867190041,133,0.6038997025989374
0.0003,130432.13867190041,150,0.3821001705764502
0.0003,130432.13867190041,200,0.1500361309845175
0.0003,130432.13867190041,250,0.11910200815873395
0.0003,130432.13867190041,300,0.039304844814978424
0.0003,130432.13867190041,1526,0.3665925348905148
0.0003,130432.13867190041,2000,0.0062583613107563
0.0003,134339.93325988986,1,1.9372696111495316
0.0003,134339.93325988986,5,1.0955748169944854
0.0003,134339.93325988986,10,1.7560598336622206
0.0003,134339.93325988986,25,1.030139269436404
0.0003,134339.93325988986,50,1.5965525837182213
0.0003,134339.93325988986,100,1.564479354330615
0.0003,134339.93325988986,133,1.9644650611899124
0.0003,134339.93325988986,150,1.7952901114931592
0.0003,134339.93325988986,200,1.9484356999673764
0.0003,134339.93325988986,250,1.7906382138335175
0.0003,134339.93325988986,300,2.075257353069901
0.0003,134339.93325988986,1526,0.6296411535804509
0.0003,134339.93325988986,2000,0.4180375711694069
0.0003,138364.8068032461,1,1.646494959735719
0.0003,138364.8068032461,5,4.226837162470474
0.0003,138364.8068032461,10,1.623732981583089
0.0003,138364.8068032461,25,1.0480718478029303
0.0003,138364.8068032461,50,0.7379625961675629
0.0003,138364.8068032461,100,1.9073053239171713
0.0003,138364.8068032461,133,1.234695258533975
0.0003,138364.8068032461,150,1.2223361039286829
0.0003,138364.8068032461,200,1.1249450820123457
0.0003,138364.8068032461,250,1.3575342164203903
0.0003,138364.8068032461,300,1.5093324647914415
0.0003,138364.8068032461,1526,0.919054043275537
0.0003,138364.8068032461,2000,0.8141532894060219
0.0003,142510.26703029993,1,3.4600701249692065
0.0003,142510.26703029993,5,5.614274893070615
0.0003,142510.26703029993,10,4.658112702119979
0.0003,142510.26703029993,25,2.332344450518576
0.0003,142510.26703029993,50,1.091623103744496
0.0003,142510.26703029993,100,1.8706437049913802
0.0003,142510.26703029993,133,2.1183517678837234
0.0003,142510.26703029993,150,2.0918036093298724
0.0003,142510.26703029993,200,1.9893564997328212
0.0003,142510.26703029993,250,2.024060373325483
0.0003,142510.26703029993,300,2.9026707275424997
0.0003,142510.26703029993,1526,1.2218027240614902
0.0003,142510.26703029993,2000,1.6067302523970284
0.0003,146779.92676220706,1,6.574681350695755
0.0003,146779.92676220706,5,7.107827139680012
0.0003,146779.92676220706,10,4.58290993884475
0.0003,146779.92676220706,25,0.290919924264017
0.0003,146779.92676220706,50,1.6749823354548425
0.0003,146779.92676220706,100,0.7560347939306666
0.0003,146779.92676220706,133,0.9322713792626018
0.0003,146779.92676220706,150,0.9175061807818565
0.0003,146779.92676220706,200,1.898721969455437
0.0003,146779.92676220706,250,1.6204952257794503
0.0003,146779.92676220706,300,0.6742885658240994
0.0003,146779.92676220706,1526,0.2867923454832635
0.0003,146779.92676220706,2000,0.24601410127615964
0.0003,151177.5070615663,1,1.3355543296493124
0.0003,151177.5070615663,5,2.240719565534164
0.0003,151177.5070615663,10,0.4440706808145478
0.0003,151177.5070615663,25,1.8372554119505367
0.0003,151177.5070615663,50,2.594835432666514
0.0003,151177.5070615663,100,2.968436466979256
0.0003,151177.5070615663,133,2.444771662736457
0.0003,151177.5070615663,150,2.4467510704198503
0.0003,151177.5070615663,200,0.6957579967038328
0.0003,151177.5070615663,250,0.31509763923349965
0.0003,151177.5070615663,300,0.125269381886028
0.0003,151177.5070615663,1526,0.22305896982470585
0.0003,151177.5070615663,2000,0.3683694341998489
0.0003,155706.84047537317,1,9.84208351898269
0.0003,155706.84047537317,5,5.401892611407675
0.0003,155706.84047537317,10,4.355477396558854
0.0003,155706.84047537317,25,2.211870302357056
0.0003,155706.84047537317,50,2.1449989676748373
0.0003,155706.84047537317,100,2.5874491215927264
0.0003,155706.84047537317,133,2.7884394365428307
0.0003,155706.84047537317,150,2.774760893364146
0.0003,155706.84047537317,200,1.3224041536323057
0.0003,155706.84047537317,250,1.2358767689420347
0.0003,155706.84047537317,300,0.004105759137019049
0.0003,155706.84047537317,1526,1.2564556426368654
0.0003,155706.84047537317,2000,0.9058046812169778
0.0003,160371.8743751331,1,1.463775077891114
0.0003,160371.8743751331,5,0.5481658806347696
0.0003,160371.8743751331,10,3.9098081144820753
0.0003,160371.8743751331,25,1.3833302798338991
0.0003,160371.8743751331,50,0.6088231283156347
0.0003,160371.8743751331,100,0.3456814838827995
0.0003,160371.8743751331,133,1.5116519476450776
0.0003,160371.8743751331,150,1.5388327835171367
0.0003,160371.8743751331,200,1.550801019431674
0.0003,160371.8743751331,250,2.3429354928521207
0.0003,160371.8743751331,300,2.0423713300297095
0.0003,160371.8743751331,1526,0.6870652024317678
0.0003,160371.8743751331,2000,0.8737034262394445
0.0003,165176.67439704583,1,3.381459695290687
0.0003,165176.67439704583,5,1.0560573336915695
0.0003,165176.67439704583,10,1.9933111440077482
0.0003,165176.67439704583,25,1.8461711223990278
0.0003,165176.67439704583,50,2.806831217945728
0.0003,165176.67439704583,100,2.2260837586909474
0.0003,165176.67439704583,133,2.518216802011011
0.0003,165176.67439704583,150,2.490922299286467
0.0003,165176.67439704583,200,2.2896998819542205
0.0003,165176.67439704583,250,3.6158792273836298
0.0003,165176.67439704583,300,2.579453010299403
0.0003,165176.67439704583,1526,0.27049707541846146
0.0003,165176.67439704583,2000,0.15257515909434005
0.0003,170125.42798525892,1,10.32823101269787
0.0003,170125.42798525892,5,4.766082454621937
0.0003,170125.42798525892,10,2.085408762379302
0.0003,170125.42798525892,25,2.117993692476375
0.0003,170125.42798525892,50,1.6766578417646087
0.0003,170125.42798525892,100,0.4597154982802749
0.0003,170125.42798525892,133,1.977866896069827
0.0003,170125.42798525892,150,2.1232424660865945
0.0003,170125.42798525892,200,1.1644840201424813
0.0003,170125.42798525892,250,0.364698386802047
0.0003,170125.42798525892,300,1.3866714402447542
0.0003,170125.42798525892,1526,0.6186513421253039
0.0003,170125.42798525892,2000,1.0185631895637925
0.0003,175222.44804127837,1,11.00630264753272
0.0003,175222.44804127837,5,5.713737136309646
0.0003,175222.44804127837,10,3.2296252188771177
0.0003,175222.44804127837,25,4.5901450983546965
0.0003,175222.44804127837,50,4.420672205988012
0.0003,175222.44804127837,100,3.2030102126700513
0.0003,175222.44804127837,133,3.5650249609443563
0.0003,175222.44804127837,150,3.981361596908755
0.0003,175222.44804127837,200,0.14449873579542327
0.0003,175222.44804127837,250,0.9943320801394293
0.0003,175222.44804127837,300,0.83727458874273
0.0003,175222.44804127837,1526,1.5397721678364178
0.0003,175222.44804127837,2000,1.312919387319198
0.0003,180472.17668271702,1,8.015930941674014
0.0003,180472.17668271702,5,9.589130653383108
0.0003,180472.17668271702,10,8.694013295811601
0.0003,180472.17668271702,25,8.942507842954
0.0003,180472.17668271702,50,8.646668958837836
0.0003,180472.17668271702,100,6.496144261083828
0.0003,180472.17668271702,133,5.249776287279019
0.0003,180472.17668271702,150,5.745089516491134
0.0003,180472.17668271702,200,1.6824401909379958
0.0003,180472.17668271702,250,1.2789817161956307
0.0003,180472.17668271702,300,1.5786882211541524
0.0003,180472.17668271702,1526,0.9644936335625971
0.0003,180472.17668271702,2000,1.04869276080899
0.0003,185879.18911465636,1,6.27724771085559
0.0003,185879.18911465636,5,3.1869768557262432
0.0003,185879.18911465636,10,0.46899406380180153
0.0003,185879.18911465636,25,2.6133094028955384
0.0003,185879.18911465636,50,2.593745533922629
0.0003,185879.18911465636,100,0.1551199424357037
0.0003,185879.18911465636,133,0.7983459757633682
0.0003,185879.18911465636,150,0.555850540738902
0.0003,185879.18911465636,200,0.519513189632562
0.0003,185879.18911465636,250,0.7880199141982303
0.0003,185879.18911465636,300,0.5019525160678313
0.0003,185879.18911465636,1526,0.05345561715148506
0.0003,185879.18911465636,2000,0.08645000247270218
0.0003,191448.19761699575,1,0.5495778371041524
0.0003,191448.19761699575,5,6.192859697719541
0.0003,191448.19761699575,10,7.18853282586133
0.0003,191448.19761699575,25,8.84341341344043
0.0003,191448.19761699575,50,8.419910410841112
0.0003,191448.19761699575,100,6.841390909481561
0.0003,191448.19761699575,133,5.940252051826974
0.0003,191448.19761699575,150,6.154395127017779
0.0003,191448.19761699575,200,4.8279066383547615
0.0003,191448.19761699575,250,4.3793814386444865
0.0003,191448.19761699575,300,4.422993421012507
0.0003,191448.19761699575,1526,3.4305974980707106
0.0003,191448.19761699575,2000,3.415630551553477
0.0003,197184.05565126418,1,1.3449020519947226
0.0003,197184.05565126418,5,3.4065304663890856
0.0003,197184.05565126418,10,1.8977684636847698
0.0003,197184.05565126418,25,3.406889012981992
0.0003,197184.05565126418,50,4.178682296202169
0.0003,197184.05565126418,100,2.866263911302667
0.0003,197184.05565126418,133,2.9167370045615826
0.0003,197184.05565126418,150,2.2379535428954114
0.0003,197184.05565126418,200,1.9814316477823013
0.0003,197184.05565126418,250,1.9920332984729612
0.0003,197184.05565126418,300,1.7380278109667415
0.0003,197184.05565126418,1526,0.5664758094208082
0.0003,197184.05565126418,2000,0.19067393528894172
0.0003,203091.76209047346,1,2.1157651513094606
0.0003,203091.76209047346,5,3.7366145342639356
0.0003,203091.76209047346,10,2.003647350062238
0.0003,203091.76209047346,25,1.4081305216423061
0.0003,203091.76209047346,50,2.6228625017538434
0.0003,203091.76209047346,100,1.686813908705517
0.0003,203091.76209047346,133,1.5778894040086016
0.0003,203091.76209047346,150,0.6038027738759411
0.0003,203091.76209047346,200,0.12626839390941313
0.0003,203091.76209047346,250,0.5591393848808366
0.0003,203091.76209047346,300,0.6277688941408996
0.0003,203091.76209047346,1526,1.0228004431955924
0.0003,203091.76209047346,2000,1.2808264936684282
0.0003,209176.4655756995,1,3.938500465676043
0.0003,209176.4655756995,5,2.703677292960492
0.0003,209176.4655756995,10,2.6791905429709004
0.0003,209176.4655756995,25,4.947844924881792
0.0003,209176.4655756995,50,7.044483791010862
0.0003,209176.4655756995,100,6.970531419774488
0.0003,209176.4655756995,133,7.385986424815201
0.0003,209176.4655756995,150,6.381150139764941
0.0003,209176.4655756995,200,5.400902674438839
0.0003,209176.4655756995,250,5.628502108622342
0.0003,209176.4655756995,300,5.607070210666279
0.0003,209176.4655756995,1526,2.417894186826743
0.0003,209176.4655756995,2000,2.2014582007032004
0.0003,215443.46900318822,1,1.120099672993092
0.0003,215443.46900318822,5,1.0431603720680869
0.0003,215443.46900318822,10,0.1266053007930168
0.0003,215443.46900318822,25,1.4609612697531702
0.0003,215443.46900318822,50,1.591528908804321
0.0003,215443.46900318822,100,2.444351187656139
0.0003,215443.46900318822,133,0.8307347109293914
0.0003,215443.46900318822,150,0.0996537645769422
0.0003,215443.46900318822,200,0.608139931839105
0.0003,215443.46900318822,250,0.14512925129020005
0.0003,215443.46900318822,300,0.39160919531059335
0.0003,215443.46900318822,1526,0.059185247282584896
0.0003,215443.46900318822,2000,0.31502972992893774
0.0003,221898.23414589697,1,2.711566693986242
0.0003,221898.23414589697,5,1.119770162524219
0.0003,221898.23414589697,10,1.7287843422600417
0.0003,221898.23414589697,25,4.091899923070741
0.0003,221898.23414589697,50,0.47264478523356956
0.0003,221898.23414589697,100,1.3304754876480729
0.0003,221898.23414589697,133,0.8857340632057458
0.0003,221898.23414589697,150,0.7355659858440049
0.0003,221898.23414589697,200,0.9967230714501056
0.0003,221898.23414589697,250,0.09156088839517906
0.0003,221898.23414589697,300,0.283056994623621
0.0003,221898.23414589697,1526,0.5427984432390076
0.0003,221898.23414589697,2000,0.446222946033231
0.0003,228546.38641349884,1,2.8763626677100547
0.0003,228546.38641349884,5,1.6063438253913773
0.0003,228546.38641349884,10,0.9616738467375399
0.0003,228546.38641349884,25,7.261985829787591
0.0003,228546.38641349884,50,3.925323060811934
0.0003,228546.38641349884,100,4.008724936193175
0.0003,228546.38641349884,133,1.4259032491281687
0.0003,228546.38641349884,150,0.8631550365680596
0.0003,228546.38641349884,200,0.012262070853466867
0.0003,228546.38641349884,250,0.4066531104253954
0.0003,228546.38641349884,300,0.28736122702321154
0.0003,228546.38641349884,1526,0.6864015427490813
0.0003,228546.38641349884,2000,0.303594987733959
0.0003,235393.71975499907,1,1.9323453518336464
0.0003,235393.71975499907,5,0.3488613616791554
0.0003,235393.71975499907,10,1.2114328686620865
0.0003,235393.71975499907,25,1.4328907256967796
0.0003,235393.71975499907,50,0.29273785976329236
0.0003,235393.71975499907,100,3.4083652023073228
0.0003,235393.71975499907,133,3.281358561718662
0.0003,235393.71975499907,150,2.1646446761878906
0.0003,235393.71975499907,200,0.8319874117114523
0.0003,235393.71975499907,250,0.02039789037735318
0.0003,235393.71975499907,300,0.01627592549630208
0.0003,235393.71975499907,1526,1.0622596714638348
0.0003,235393.71975499907,2000,0.9405511258046317
0.0003,242446.20170823307,1,7.369756403117208
0.0003,242446.20170823307,5,3.66193446903344
0.0003,242446.20170823307,10,3.8066831948017352
0.0003,242446.20170823307,25,3.6577033322791976
0.0003,242446.20170823307,50,1.5867461872985587
0.0003,242446.20170823307,100,0.5248624130545068
0.0003,242446.20170823307,133,1.033705393991113
0.0003,242446.20170823307,150,0.2289346606376057
0.0003,242446.20170823307,200,0.4437011670706852
0.0003,242446.20170823307,250,1.234949914716708
0.0003,242446.20170823307,300,1.5611930871637014
0.0003,242446.20170823307,1526,1.521606619193335
0.0003,242446.20170823307,2000,1.3791053090280911
0.0003,249709.97860065434,1,7.1584100750078505
0.0003,249709.97860065434,5,10.466083595805685
0.0003,249709.97860065434,10,9.715075555643125
0.0003,249709.97860065434,25,2.19836196889446
0.0003,249709.97860065434,50,6.729814399997849
0.0003,249709.97860065434,100,2.6971432073660253
0.0003,249709.97860065434,133,2.4827702201509965
0.0003,249709.97860065434,150,1.5633553433872294
0.0003,249709.97860065434,200,2.0218111201174906
0.0003,249709.97860065434,250,0.5792402745428262
0.0003,249709.97860065434,300,0.5637703452048299
0.0003,249709.97860065434,1526,0.5666750740274438
0.0003,249709.97860065434,2000,0.7405212543599191
0.0003,257191.3809059347,1,0.1273881496526883
0.0003,257191.3809059347,5,0.37462754522493924
0.0003,257191.3809059347,10,0.21344393601975753
0.0003,257191.3809059347,25,0.26221711066682474
0.0003,257191.3809059347,50,4.9788997285068035
0.0003,257191.3809059347,100,3.6428855319682043
0.0003,257191.3809059347,133,3.777527497673873
0.0003,257191.3809059347,150,3.456132180421264
0.0003,257191.3809059347,200,2.458535321693489
0.0003,257191.3809059347,250,2.977262324991898
0.0003,257191.3809059347,300,1.8209942619687354
0.0003,257191.3809059347,1526,0.23543676115878043
0.0003,257191.3809059347,2000,0.08130468692615977
0.0003,264896.92876105296,1,5.0761585769068915
0.0003,264896.92876105296,5,10.625468750076834
0.0003,264896.92876105296,10,9.443566333564377
0.0003,264896.92876105296,25,4.709772372942098
0.0003,264896.92876105296,50,1.9575102326089109
0.0003,264896.92876105296,100,0.7979623652790906
0.0003,264896.92876105296,133,0.49118676271973527
0.0003,264896.92876105296,150,0.6709354351260117
0.0003,264896.92876105296,200,0.7272696349427861
0.0003,264896.92876105296,250,0.8327098919653508
0.0003,264896.92876105296,300,0.2021560261491686
0.0003,264896.92876105296,1526,1.5317339735047426
0.0003,264896.92876105296,2000,0.8176811717930832
0.0003,272833.33764867694,1,14.462118295577966
0.0003,272833.33764867694,5,5.572129726242565
0.0003,272833.33764867694,10,5.813005319942022
0.0003,272833.33764867694,25,4.350701603740163
0.0003,272833.33764867694,50,3.586152985881199
0.0003,272833.33764867694,100,2.714780322046863
0.0003,272833.33764867694,133,3.3446422592132876
0.0003,272833.33764867694,150,2.936736060597468
0.0003,272833.33764867694,200,1.3825986920528521
0.0003,272833.33764867694,250,1.1906704497159808
0.0003,272833.33764867694,300,0.6571630151338468
0.0003,272833.33764867694,1526,0.4452035622380208
0.0003,272833.33764867694,2000,0.023259440655237995
0.0003,281007.5242497918,1,9.704698402176291
0.0003,281007.5242497918,5,2.742537596648617
0.0003,281007.5242497918,10,1.0753879620824591
0.0003,281007.5242497918,25,0.8273725468825432
0.0003,281007.5242497918,50,0.4403643269397435
0.0003,281007.5242497918,100,1.0596045558122569
0.0003,281007.5242497918,133,2.6621701416261203
0.0003,281007.5242497918,150,3.0208127980076824
0.0003,281007.5242497918,200,1.5575129883218324
0.0003,281007.5242497918,250,0.6827944014548848
0.0003,281007.5242497918,300,1.8980576057801954
0.0003,281007.5242497918,1526,1.5720888400974218
0.0003,281007.5242497918,2000,1.833660407068237
0.0003,289426.61247167515,1,1.9920624048863829
0.0003,289426.61247167515,5,2.18947300117361
0.0003,289426.61247167515,10,0.9552321816663607
0.0003,289426.61247167515,25,0.28024101654227707
0.0003,289426.61247167515,50,1.7987901900814904
0.0003,289426.61247167515,100,2.4248494457278866
0.0003,289426.61247167515,133,3.116251816332806
0.0003,289426.61247167515,150,2.989006054252968
0.0003,289426.61247167515,200,5.360786917102814
0.0003,289426.61247167515,250,4.313312370752101
0.0003,289426.61247167515,300,4.227779954482685
0.0003,289426.61247167515,1526,0.9824912121912348
0.0003,289426.61247167515,2000,0.9235474120614526
0.0003,298097.93965647276,1,14.178432010638062
0.0003,298097.93965647276,5,5.642507200529508
0.0003,298097.93965647276,10,3.915200837163866
0.0003,298097.93965647276,25,0.8426018209174799
0.0003,298097.93965647276,50,3.3101385630870936
0.0003,298097.93965647276,100,3.60088609390732
0.0003,298097.93965647276,133,1.2892186553071951
0.0003,298097.93965647276,150,1.1203079271363094
0.0003,298097.93965647276,200,1.9990315260656644
0.0003,298097.93965647276,250,1.6099390221315844
0.0003,298097.93965647276,300,0.9326678743673256
0.0003,298097.93965647276,1526,0.018852303888706956
0.0003,298097.93965647276,2000,0.5084061666129855
0.0003,307029.062975785,1,4.147720773718902
0.0003,307029.062975785,5,8.31865152311002
0.0003,307029.062975785,10,11.090157324520987
0.0003,307029.062975785,25,10.251827248826885
0.0003,307029.062975785,50,5.38839192578962
0.0003,307029.062975785,100,2.7730532211026
0.0003,307029.062975785,133,0.5264197112810507
0.0003,307029.062975785,150,0.8991725565356319
0.0003,307029.062975785,200,0.28087597645571805
0.0003,307029.062975785,250,0.8977645105733245
0.0003,307029.062975785,300,0.8948171650445147
0.0003,307029.062975785,1526,0.44913383268067264
0.0003,307029.062975785,2000,0.1063624402449932
0.0003,316227.76601683797,1,13.120666787795926
0.0003,316227.76601683797,5,4.257127771328669
0.0003,316227.76601683797,10,4.946129178209958
0.0003,316227.76601683797,25,5.456043947116996
0.0003,316227.76601683797,50,1.881961600847717
0.0003,316227.76601683797,100,1.898181420405308
0.0003,316227.76601683797,133,0.48880453584570205
0.0003,316227.76601683797,150,0.787661612550437
0.0003,316227.76601683797,200,1.1499238176365907
0.0003,316227.76601683797,250,0.10983250960271107
0.0003,316227.76601683797,300,0.4205761552439071
0.0003,316227.76601683797,1526,1.1131538481677126
0.0003,316227.76601683797,2000,1.1124443951339344
0.0005,100000.0,1,2.523998232354643
0.0005,100000.0,5,0.3410129928488459
0.0005,100000.0,10,0.08575779570128361
0.0005,100000.0,25,1.9049229119755182
0.0005,100000.0,50,3.088737075611789
0.0005,100000.0,100,2.791268987692092
0.0005,100000.0,133,0.3518537942891271
0.0005,100000.0,150,0.7767850951840956
0.0005,100000.0,200,1.018212758597656
0.0005,100000.0,250,1.3353399410443672
0.0005,100000.0,300,1.5781025517426315
0.0005,100000.0,1526,0.2099271783608856
0.0005,100000.0,2000,0.06582416713899875
0.0005,102996.03658099899,1,5.516577705275267
0.0005,102996.03658099899,5,1.5917163256272033
0.0005,102996.03658099899,10,4.143792464132275
0.0005,102996.03658099899,25,2.7412619719889335
0.0005,102996.03658099899,50,1.7485823752449505
0.0005,102996.03658099899,100,0.1605903129784565
0.0005,102996.03658099899,133,0.3846090356455534
0.0005,102996.03658099899,150,0.2431680378249439
0.0005,102996.03658099899,200,0.5511572341783904
0.0005,102996.03658099899,250,0.08409384653350571
0.0005,102996.03658099899,300,0.8609902045627678
0.0005,102996.03658099899,1526,0.4999195117579802
0.0005,102996.03658099899,2000,0.24743275301261747
0.0005,106081.83551394482,1,2.429133196550538
0.0005,106081.83551394482,5,5.4385092370666825
0.0005,106081.83551394482,10,4.402664161456414
0.0005,106081.83551394482,25,4.13520099055313
0.0005,106081.83551394482,50,3.484641483406449
0.0005,106081.83551394482,100,5.947615774097358
0.0005,106081.83551394482,133,3.7584505071736203
0.0005,106081.83551394482,150,2.805385729376212
0.0005,106081.83551394482,200,2.5662808195011166
0.0005,106081.83551394482,250,1.9449012905970449
0.0005,106081.83551394482,300,1.3610232937098772
0.0005,106081.83551394482,1526,1.134067263414181
0.0005,106081.83551394482,2000,1.220048521654462
0.0005,109260.0861117378,1,2.2118537688238575
0.0005,109260.0861117378,5,1.645580259795679
0.0005,109260.0861117378,10,0.6153974857643334
0.0005,109260.0861117378,25,2.2632323068464757
0.0005,109260.0861117378,50,1.7554446091507998
0.0005,109260.0861117378,100,0.3255805025964946
0.0005,109260.0861117378,133,0.25518346482022025
0.0005,109260.0861117378,150,0.905396030864722
0.0005,109260.0861117378,200,0.8642269051542826
0.0005,109260.0861117378,250,0.21900746972460183
0.0005,109260.0861117378,300,0.16989615696547844
0.0005,109260.0861117378,1526,0.2187990478305437
0.0005,109260.0861117378,2000,0.43985340979998
0.0005,112533.55826007646,1,1.0271174180670641
0.0005,112533.55826007646,5,0.8969527652770921
0.0005,112533.55826007646,10,0.05954517630561895
0.0005,112533.55826007646,25,2.0258554623669625
0.0005,112533.55826007646,50,1.3296792092660326
0.0005,112533.55826007646,100,1.5885527888822253
0.0005,112533.55826007646,133,1.9828226054087281
0.0005,112533.55826007646,150,0.8614252216284513
0.0005,112533.55826007646,200,0.8768928163663077
0.0005,112533.55826007646,250,0.5392167762947793
0.0005,112533.55826007646,300,1.0685857194748678
0.0005,112533.55826007646,1526,1.6539221923176228
0.0005,112533.55826007646,2000,1.4549409668798035
0.0005,115905.10483144816,1,4.442214522212453
0.0005,115905.10483144816,5,7.313960992545617
0.0005,115905.10483144816,10,7.408631184363912
0.0005,115905.10483144816,25,7.989283124297799
0.0005,115905.10483144816,50,6.950980859413903
0.0005,115905.10483144816,100,7.416917018599634
0.0005,115905.10483144816,133,7.392690886061246
0.0005,115905.10483144816,150,6.460251736183636
0.0005,115905.10483144816,200,5.8189411295952596
0.0005,115905.10483144816,250,5.70442503182494
0.0005,115905.10483144816,300,6.207288089213762
0.0005,115905.10483144816,1526,3.474862762472185
0.0005,115905.10483144816,2000,3.097560854843323
0.0005,119377.66417144357,1,4.699783976360777
0.0005,119377.66417144357,5,2.954852611361275
0.0005,119377.66417144357,10,3.1531465818443394
0.0005,119377.66417144357,25,2.1541447383169725
0.0005,119377.66417144357,50,0.6744230700078333
0.0005,119377.66417144357,100,0.010725194253609516
0.0005,119377.66417144357,133,0.22168302487079927
0.0005,119377.66417144357,150,0.4572461080879293
0.0005,119377.66417144357,200,0.7864991243131954
0.0005,119377.66417144357,250,0.39136096526272013
0.0005,119377.66417144357,300,0.28033282077558397
0.0005,119377.66417144357,1526,0.3659034469310427
0.0005,119377.66417144357,2000,0.3915934052565717
0.0005,122954.26265956216,1,3.3404397775011603
0.0005,122954.26265956216,5,2.894251596835602
0.0005,122954.26265956216,10,2.466001984237664
0.0005,122954.26265956216,25,1.8322776216227794
0.0005,122954.26265956216,50,0.24513023838153458
0.0005,122954.26265956216,100,0.15904702897205425
0.0005,122954.26265956216,133,0.5550962716697541
0.0005,122954.26265956216,150,0.216819888108148
0.0005,122954.26265956216,200,0.9761120772254799
0.0005,122954.26265956216,250,0.6558935126631695
0.0005,122954.26265956216,300,0.4987207837129972
0.0005,122954.26265956216,1526,0.20690181253667106
0.0005,122954.26265956216,2000,0.09226152477458527
0.0005,126638.01734674022,1,2.470498575736201
0.0005,126638.01734674022,5,0.6134943643646693
0.0005,126638.01734674022,10,1.365425912605133
0.0005,126638.01734674022,25,0.9920813947246643
0.0005,126638.01734674022,50,3.0909961600773386
0.0005,126638.01734674022,100,2.000596531188421
0.0005,126638.01734674022,133,1.6948404704617133
0.0005,126638.01734674022,150,1.6740346332207992
0.0005,126638.01734674022,200,0.8285618960089778
0.0005,126638.01734674022,250,0.783647304335318
0.0005,126638.01734674022,300,0.8143469867954991
0.0005,126638.01734674022,1526,0.14706516773003386
0.0005,126638.01734674022,2000,0.020813599230677937
0.0005,130432.13867190041,1,2.6920421197992255
0.0005,130432.13867190041,5,1.4229122983506386
0.0005,130432.13867190041,10,2.7347974149779475
0.0005,130432.13867190041,25,2.3040591590106487
0.0005,130432.13867190041,50,0.9558682852766651
0.0005,130432.13867190041,100,0.17992927160594263
0.0005,130432.13867190041,133,0.5946678468935716
0.0005,130432.13867190041,150,0.3742240076571761
0.0005,130432.13867190041,200,0.14383226802419813
0.0005,130432.13867190041,250,0.11389935704028176
0.0005,130432.13867190041,300,0.0350293164337927
0.0005,130432.13867190041,1526,0.25617061786215345
0.0005,130432.13867190041,2000,0.0005357991358323488
0.0005,134339.93325988986,1,1.937237505448138
0.0005,134339.93325988986,5,1.0955917899227643
0.0005,134339.93325988986,10,1.756070844226997
0.0005,134339.93325988986,25,1.0289687237946055
0.0005,134339.93325988986,50,1.5944429845349077
0.0005,134339.93325988986,100,1.5639719772934768
0.0005,134339.93325988986,133,1.9615141200683865
0.0005,134339.93325988986,150,1.7933945040676917
0.0005,134339.93325988986,200,1.9445239535634755
0.0005,134339.93325988986,250,1.7887646419530938
0.0005,134339.93325988986,300,2.0678752419917146
0.0005,134339.93325988986,1526,0.40445154877852474
0.0005,134339.93325988986,2000,0.26294079697800044
0.0005,138364.8068032461,1,1.646550970930548
0.0005,138364.8068032461,5,4.226668550167233
0.0005,138364.8068032461,10,1.623956689136321
0.0005,138364.8068032461,25,1.047109826336964
0.0005,138364.8068032461,50,0.7371530676937255
0.0005,138364.8068032461,100,1.9022897504019056
0.0005,138364.8068032461,133,1.2332619093667745
0.0005,138364.8068032461,150,1.2208993206204468
0.0005,138364.8068032461,200,1.1250773328283685
0.0005,138364.8068032461,250,1.3539932582680194
0.0005,138364.8068032461,300,1.503510951240969
0.0005,138364.8068032461,1526,1.0267743293879903
0.0005,138364.8068032461,2000,0.9516783489452791
0.0005,142510.26703029993,1,3.4601412530319067
0.0005,142510.26703029993,5,5.614116584294607
0.0005,142510.26703029993,10,4.658159814311148
0.0005,142510.26703029993,25,2.3334270016439405
0.0005,142510.26703029993,50,1.0938880829216941
0.0005,142510.26703029993,100,1.8601292239654867
0.0005,142510.26703029993,133,2.1061374869186693
0.0005,142510.26703029993,150,2.079779671572396
0.0005,142510.26703029993,200,1.977527090741205
0.0005,142510.26703029993,250,2.0115261647279112
0.0005,142510.26703029993,300,2.8731817936895823
0.0005,142510.26703029993,1526,1.4471506329664408
0.0005,142510.26703029993,2000,1.6995741872287908
0.0005,146779.92676220706,1,6.574606763437259
0.0005,146779.92676220706,5,7.10778965442114
0.0005,146779.92676220706,10,4.583219109495985
0.0005,146779.92676220706,25,0.2886885359421285
0.0005,146779.92676220706,50,1.6713720990192087
0.0005,146779.92676220706,100,0.7526705857344496
0.0005,146779.92676220706,133,0.9276679495251301
0.0005,146779.92676220706,150,0.913061993991505
0.0005,146779.92676220706,200,1.8854804655275075
0.0005,146779.92676220706,250,1.6115513474251202
0.0005,146779.92676220706,300,0.6828721930578467
0.0005,146779.92676220706,1526,0.25381428048058297
0.0005,146779.92676220706,2000,0.11826579075022892
0.0005,151177.5070615663,1,1.3356197893972421
0.0005,151177.5070615663,5,2.240440143725209
0.0005,151177.5070615663,10,0.4439442842394783
0.0005,151177.5070615663,25,1.8362297781532106
0.0005,151177.5070615663,50,2.593102452074163
0.0005,151177.5070615663,100,2.965070843538342
0.0005,151177.5070615663,133,2.4443557691156457
0.0005,151177.5070615663,150,2.4463295217137784
0.0005,151177.5070615663,200,0.7118923847501719
0.0005,151177.5070615663,250,0.3370729446178302
0.0005,151177.5070615663,300,0.09461716377518314
0.0005,151177.5070615663,1526,0.2822479893111449
0.0005,151177.5070615663,2000,0.36358854684112885
0.0005,155706.84047537317,1,9.842128487394803
0.0005,155706.84047537317,5,5.402259210561169
0.0005,155706.84047537317,10,4.355999902702024
0.0005,155706.84047537317,25,2.212842084663862
0.0005,155706.84047537317,50,2.146340106990465
0.0005,155706.84047537317,100,2.587846499045554
0.0005,155706.84047537317,133,2.787186400464634
0.0005,155706.84047537317,150,2.773722357414954
0.0005,155706.84047537317,200,1.3355112974841177
0.0005,155706.84047537317,250,1.2503508321187837
0.0005,155706.84047537317,300,0.033882054976857034
0.0005,155706.84047537317,1526,1.106963682699643
0.0005,155706.84047537317,2000,0.8696302100779576
0.0005,160371.8743751331,1,1.4637914096838358
0.0005,160371.8743751331,5,0.5479660082492046
0.0005,160371.8743751331,10,3.909115128873964
0.0005,160371.8743751331,25,1.383636753726023
0.0005,160371.8743751331,50,0.6103561667478061
0.0005,160371.8743751331,100,0.3489032987799874
0.0005,160371.8743751331,133,1.5082266957524553
0.0005,160371.8743751331,150,1.5353731748182327
0.0005,160371.8743751331,200,1.546154167936038
0.0005,160371.8743751331,250,2.3260614336777508
0.0005,160371.8743751331,300,2.0313305979998404
0.0005,160371.8743751331,1526,0.680633137566474
0.0005,160371.8743751331,2000,0.791495031930026
0.0005,165176.67439704583,1,3.3814754377399368
0.0005,165176.67439704583,5,1.0561836014112487
0.0005,165176.67439704583,10,1.9933350160536065
0.0005,165176.67439704583,25,1.8457769620290492
0.0005,165176.67439704583,50,2.805256209385334
0.0005,165176.67439704583,100,2.2272808439338405
0.0005,165176.67439704583,133,2.517694753500109
0.0005,165176.67439704583,150,2.4904633452388225
0.0005,165176.67439704583,200,2.290167583481889
0.0005,165176.67439704583,250,3.596050463605934
0.0005,165176.67439704583,300,2.5794281089929427
0.0005,165176.67439704583,1526,0.1227654750655347
0.0005,165176.67439704583,2000,0.04224443571001757
0.0005,170125.42798525892,1,10.328276847874804
0.0005,170125.42798525892,5,4.766468022198751
0.0005,170125.42798525892,10,2.086214012335404
0.0005,170125.42798525892,25,2.1190916196865146
0.0005,170125.42798525892,50,1.677894090566042
0.0005,170125.42798525892,100,0.4526377140846307
0.0005,170125.42798525892,133,1.9618936725510139
0.0005,170125.42798525892,150,2.106149082439515
0.0005,170125.42798525892,200,1.1530854627417284
0.0005,170125.42798525892,250,0.3529724868549238
0.0005,170125.42798525892,300,1.3544909979191289
0.0005,170125.42798525892,1526,0.504924979619318
0.0005,170125.42798525892,2000,0.7756882830672112
0.0005,175222.44804127837,1,11.006371383804435
0.0005,175222.44804127837,5,5.71413043778557
0.0005,175222.44804127837,10,3.230347153314142
0.0005,175222.44804127837,25,4.590464707398496
0.0005,175222.44804127837,50,4.421893823786377
0.0005,175222.44804127837,100,3.2067636017727636
0.0005,175222.44804127837,133,3.5666525139986334
0.0005,175222.44804127837,150,3.9799967291855864
0.0005,175222.44804127837,200,0.1062544148244342
0.0005,175222.44804127837,250,1.0155170458547218
0.0005,175222.44804127837,300,0.8625592468524701
0.0005,175222.44804127837,1526,1.5785091805319098
0.0005,175222.44804127837,2000,1.4221294037251937
0.0005,180472.17668271702,1,8.015850589939873
0.0005,180472.17668271702,5,9.58897792247808
0.0005,180472.17668271702,10,8.694042392371557
0.0005,180472.17668271702,25,8.942600260284962
0.0005,180472.17668271702,50,8.647918865184693
0.0005,180472.17668271702,100,6.502121433020875
0.0005,180472.17668271702,133,5.263078218760711
0.0005,180472.17668271702,150,5.75493664807982
0.0005,180472.17668271702,200,1.7321460844214016
0.0005,180472.17668271702,250,1.3343190788473294
0.0005,180472.17668271702,300,1.6287302324344637
0.0005,180472.17668271702,1526,0.8231328531292093
0.0005,180472.17668271702,2000,0.8675376938572299
0.0005,185879.18911465636,1,6.277169271299499
0.0005,185879.18911465636,5,3.187123958276061
0.0005,185879.18911465636,10,0.46951940109647694
0.0005,185879.18911465636,25,2.61310145205789
0.0005,185879.18911465636,50,2.5927902340372384
0.0005,185879.18911465636,100,0.15990747645992087
0.0005,185879.18911465636,133,0.7992784733651206
0.0005,185879.18911465636,150,0.5583363204532361
0.0005,185879.18911465636,200,0.5258632521581603
0.0005,185879.18911465636,250,0.7894500130569213
0.0005,185879.18911465636,300,0.5085983866156312
0.0005,185879.18911465636,1526,0.05987185188132571
0.0005,185879.18911465636,2000,0.03280794385136687
0.0005,191448.19761699575,1,0.5496408794315357
0.0005,191448.19761699575,5,6.192575843149825
0.0005,191448.19761699575,10,7.18817440177736
0.0005,191448.19761699575,25,8.842633146334265
0.0005,191448.19761699575,50,8.418999314035318
0.0005,191448.19761699575,100,6.843419296856155
0.0005,191448.19761699575,133,5.947096150925063
0.0005,191448.19761699575,150,6.159532899648184
0.0005,191448.19761699575,200,4.84847896197607
0.0005,191448.19761699575,250,4.407336537129595
0.0005,191448.19761699575,300,4.449892352608003
0.0005,191448.19761699575,1526,3.71273196603579
0.0005,191448.19761699575,2000,3.703031993620243
0.0005,197184.05565126418,1,1.3448655179454363
0.0005,197184.05565126418,5,3.4063501836826617
0.0005,197184.05565126418,10,1.8978304960692185
0.0005,197184.05565126418,25,3.4062459533306537
0.0005,197184.05565126418,50,4.177645897358161
0.0005,197184.05565126418,100,2.867957228965679
0.0005,197184.05565126418,133,2.9173384277528385
0.0005,197184.05565126418,150,2.243499660071393
0.0005,197184.05565126418,200,1.9900054482968699
0.0005,197184.05565126418,250,2.0002738628027146
0.0005,197184.05565126418,300,1.751381072012009
0.0005,197184.05565126418,1526,0.6865105272590881
0.0005,197184.05565126418,2000,0.44881185546910274
0.0005,203091.76209047346,1,2.1157684147328837
0.0005,203091.76209047346,5,3.736654606032971
0.0005,203091.76209047346,10,2.0038850431919855
0.0005,203091.76209047346,25,1.4064957767986925
0.0005,203091.76209047346,50,2.620358186904923
0.0005,203091.76209047346,100,1.6852680967167544
0.0005,203091.76209047346,133,1.5763965338519483
0.0005,203091.76209047346,150,0.6092878636518435
0.0005,203091.76209047346,200,0.11420323322090553
0.0005,203091.76209047346,250,0.539796563294658
0.0005,203091.76209047346,300,0.6064012057322543
0.0005,203091.76209047346,1526,0.9475739749395871
0.0005,203091.76209047346,2000,1.1406077105166332
0.0005,209176.4655756995,1,3.9384693114552647
0.0005,209176.4655756995,5,2.7038441853692348
0.0005,209176.4655756995,10,2.679305798770656
0.0005,209176.4655756995,25,4.947179502385552
0.0005,209176.4655756995,50,7.041941249153751
0.0005,209176.4655756995,100,6.96821662950606
0.0005,209176.4655756995,133,7.382431055091729
0.0005,209176.4655756995,150,6.384737758155097
0.0005,209176.4655756995,200,5.413709123506123
0.0005,209176.4655756995,250,5.6375293904820865
0.0005,209176.4655756995,300,5.617374904075405
0.0005,209176.4655756995,1526,2.7019798197688942
0.0005,209176.4655756995,2000,2.5493013589584734
0.0005,215443.46900318822,1,1.120038890898286
0.0005,215443.46900318822,5,1.0430710484615702
0.0005,215443.46900318822,10,0.12652787949991762
0.0005,215443.46900318822,25,1.4598641667726042
0.0005,215443.46900318822,50,1.589165010205761
0.0005,215443.46900318822,100,2.440733698422264
0.0005,215443.46900318822,133,0.8362373088530148
0.0005,215443.46900318822,150,0.11030791084704106
0.0005,215443.46900318822,200,0.5905158370114805
0.0005,215443.46900318822,250,0.13548162578445044
0.0005,215443.46900318822,300,0.37667745610087877
0.0005,215443.46900318822,1526,0.10144465226039756
0.0005,215443.46900318822,2000,0.17304536799929338
0.0005,221898.23414589697,1,2.711486308264284
0.0005,221898.23414589697,5,1.119663180430507
0.0005,221898.23414589697,10,1.7286254293867387
0.0005,221898.23414589697,25,4.089263902940729
0.0005,221898.23414589697,50,0.4748217572014255
0.0005,221898.23414589697,100,1.3247864818367816
0.0005,221898.23414589697,133,0.8819628468590963
0.0005,221898.23414589697,150,0.7327932541920745
0.0005,221898.23414589697,200,0.9911083838160266
0.0005,221898.23414589697,250,0.10117314238959807
0.0005,221898.23414589697,300,0.2658597062691115
0.0005,221898.23414589697,1526,0.5616856026717869
0.0005,221898.23414589697,2000,0.49135101619322086
0.0005,228546.38641349884,1,2.8762763083868776
0.0005,228546.38641349884,5,1.6061249656595464
0.0005,228546.38641349884,10,0.9615758016698237
0.0005,228546.38641349884,25,7.2593169669635245
0.0005,228546.38641349884,50,3.9273599920816196
0.0005,228546.38641349884,100,4.010789286810905
0.0005,228546.38641349884,133,1.442211187168141
0.0005,228546.38641349884,150,0.8835340911246021
0.0005,228546.38641349884,200,0.040428792242892087
0.0005,228546.38641349884,250,0.37178731414678623
0.0005,228546.38641349884,300,0.2555190062485053
0.0005,228546.38641349884,1526,0.7778657683411438
0.0005,228546.38641349884,2000,0.533459225713159
0.0005,235393.71975499907,1,1.9322679604119912
0.0005,235393.71975499907,5,0.3489759524454712
0.0005,235393.71975499907,10,1.211414900899399
0.0005,235393.71975499907,25,1.4330336259736214
0.0005,235393.71975499907,50,0.29475696822919417
0.0005,235393.71975499907,100,3.405160304875608
0.0005,235393.71975499907,133,3.2795393512824376
0.0005,235393.71975499907,150,2.1708455552252417
0.0005,235393.71975499907,200,0.8517154565670353
0.0005,235393.71975499907,250,0.05405050483386731
0.0005,235393.71975499907,300,0.017445950714318315
0.0005,235393.71975499907,1526,1.1009452953985601
0.0005,235393.71975499907,2000,1.0102014136646176
0.0005,242446.20170823307,1,7.369701655643439
0.0005,242446.20170823307,5,3.6620682222564938
0.0005,242446.20170823307,10,3.8067751051967207
0.0005,242446.20170823307,25,3.654541823954787
0.0005,242446.20170823307,50,1.5860786055745848
0.0005,242446.20170823307,100,0.5274509756964108
0.0005,242446.20170823307,133,1.0224472067129682
0.0005,242446.20170823307,150,0.231076350708463
0.0005,242446.20170823307,200,0.4444574546032527
0.0005,242446.20170823307,250,1.2063483760248346
0.0005,242446.20170823307,300,1.5269921263752622
0.0005,242446.20170823307,1526,1.6935200244661246
0.0005,242446.20170823307,2000,1.6120578948430193
0.0005,249709.97860065434,1,7.158432185933634
0.0005,249709.97860065434,5,10.465784860789427
0.0005,249709.97860065434,10,9.714936919048341
0.0005,249709.97860065434,25,2.2014039146524738
0.0005,249709.97860065434,50,6.726954587873479
0.0005,249709.97860065434,100,2.7028704401964205
0.0005,249709.97860065434,133,2.4883667301473906
0.0005,249709.97860065434,150,1.5757186746595835
0.0005,249709.97860065434,200,2.0276938372917357
0.0005,249709.97860065434,250,0.6076244249634328
0.0005,249709.97860065434,300,0.5936331944431004
0.0005,249709.97860065434,1526,0.6345642568812764
0.0005,249709.97860065434,2000,0.7331556094504776
0.0005,257191.3809059347,1,0.1274031502471189
0.0005,257191.3809059347,5,0.3748235865496099
0.0005,257191.3809059347,10,0.21363378972455394
0.0005,257191.3809059347,25,0.26313934999052435
0.0005,257191.3809059347,50,4.973825403598312
0.0005,257191.3809059347,100,3.6400963789456
0.0005,257191.3809059347,133,3.774321878576302
0.0005,257191.3809059347,150,3.4555196781730046
0.0005,257191.3809059347,200,2.4693732227206056
0.0005,257191.3809059347,250,2.982623725940357
0.0005,257191.3809059347,300,1.8488759808096802
0.0005,257191.3809059347,1526,0.44998621545528295
0.0005,257191.3809059347,2000,0.2344598934687383
0.0005,264896.92876105296,1,5.076208729809878
0.0005,264896.92876105296,5,10.625334177741024
0.0005,264896.92876105296,10,9.443655363098514
0.0005,264896.92876105296,25,4.711093846213771
0.0005,264896.92876105296,50,1.9617032690621272
0.0005,264896.92876105296,100,0.7873315009383077
0.0005,264896.92876105296,133,0.48265880959661445
0.0005,264896.92876105296,150,0.6614861006710271
0.0005,264896.92876105296,200,0.717673654515238
0.0005,264896.92876105296,250,0.8174357728858013
0.0005,264896.92876105296,300,0.19730274799803738
0.0005,264896.92876105296,1526,1.3238589126958686
0.0005,264896.92876105296,2000,0.864710359241144
0.0005,272833.33764867694,1,14.46204120015318
0.0005,272833.33764867694,5,5.572560821510706
0.0005,272833.33764867694,10,5.813313006590761
0.0005,272833.33764867694,25,4.35188952088356
0.0005,272833.33764867694,50,3.586971726064803
0.0005,272833.33764867694,100,2.714536782805226
0.0005,272833.33764867694,133,3.3417428653374373
0.0005,272833.33764867694,150,2.936395377266308
0.0005,272833.33764867694,200,1.4010992825205904
0.0005,272833.33764867694,250,1.208947690869536
0.0005,272833.33764867694,300,0.6848823957334389
0.0005,272833.33764867694,1526,0.586105559450516
0.0005,272833.33764867694,2000,0.3064639125987014
0.0005,281007.5242497918,1,9.704607545176259
0.0005,281007.5242497918,5,2.742948635641369
0.0005,281007.5242497918,10,1.0760370943135058
0.0005,281007.5242497918,25,0.8267928598179424
0.0005,281007.5242497918,50,0.43882782196305925
0.0005,281007.5242497918,100,1.0551425071207632
0.0005,281007.5242497918,133,2.649654776792886
0.0005,281007.5242497918,150,3.0059809134472744
0.0005,281007.5242497918,200,1.5580557427892927
0.0005,281007.5242497918,250,0.6960803001929889
0.0005,281007.5242497918,300,1.8883894069876987
0.0005,281007.5242497918,1526,1.8562708708632272
0.0005,281007.5242497918,2000,2.036690883567644
0.0005,289426.61247167515,1,1.9919737584277755
0.0005,289426.61247167515,5,2.189489661355765
0.0005,289426.61247167515,10,0.9555266239112825
0.0005,289426.61247167515,25,0.28107645495038014
0.0005,289426.61247167515,50,1.7963172105373815
0.0005,289426.61247167515,100,2.4168897417948756
0.0005,289426.61247167515,133,3.1038843817004818
0.0005,289426.61247167515,150,2.9774665996228578
0.0005,289426.61247167515,200,5.3236061359421
0.0005,289426.61247167515,250,4.2935928440783755
0.0005,289426.61247167515,300,4.210167552679195
0.0005,289426.61247167515,1526,1.3478505153616425
0.0005,289426.61247167515,2000,1.2965110028962954
0.0005,298097.93965647276,1,14.17850240705593
0.0005,298097.93965647276,5,5.643010829513514
0.0005,298097.93965647276,10,3.9158846682366857
0.0005,298097.93965647276,25,0.8444030999453389
0.0005,298097.93965647276,50,3.3036100064528
0.0005,298097.93965647276,100,3.592140136537637
0.0005,298097.93965647276,133,1.292424072893482
0.0005,298097.93965647276,150,1.1246741653158097
0.0005,298097.93965647276,200,1.9917633620934794
0.0005,298097.93965647276,250,1.6102552054580883
0.0005,298097.93965647276,300,0.9455958705584635
0.0005,298097.93965647276,1526,0.1875781289563747
0.0005,298097.93965647276,2000,0.4998881681713101
0.0005,307029.062975785,1,4.147759620260331
0.0005,307029.062975785,5,8.317889792539063
0.0005,307029.062975785,10,11.088945082185091
0.0005,307029.062975785,25,10.251385927127558
0.0005,307029.062975785,50,5.393625904744113
0.0005,307029.062975785,100,2.7830795189729542
0.0005,307029.062975785,133,0.5483864334091777
0.0005,307029.062975785,150,0.9185379250193364
0.0005,307029.062975785,200,0.30626149605450337
0.0005,307029.062975785,250,0.9142819543776568
0.0005,307029.062975785,300,0.9112566799485649
0.0005,307029.062975785,1526,0.44507405623880913
0.0005,307029.062975785,2000,0.20232000068426714
0.0005,316227.76601683797,1,13.120665927883238
0.0005,316227.76601683797,5,4.257653885171749
0.0005,316227.76601683797,10,4.946640981852397
0.0005,316227.76601683797,25,5.456998465313518
0.0005,316227.76601683797,50,1.8865534596516227
0.0005,316227.76601683797,100,1.9020988888587453
0.0005,316227.76601683797,133,0.5009823480831983
0.0005,316227.76601683797,150,0.79766089986515
0.0005,316227.76601683797,200,1.1529176664662373
0.0005,316227.76601683797,250,0.12885146232656552
0.0005,316227.76601683797,300,0.39123540415312164
0.0005,316227.76601683797,1526,0.98720504355515
0.0005,316227.76601683797,2000,0.9907741266833909
0.001,100000.0,1,2.5241540418428485
0.001,100000.0,5,0.34023705172694463
0.001,100000.0,10,0.08583918863041617
0.001,100000.0,25,1.9015224102586217
0.001,100000.0,50,3.079667924395835
0.001,100000.0,100,2.784301279752981
0.001,100000.0,133,0.40763683145996765
0.001,100000.0,150,0.8156043015023897
0.001,100000.0,200,1.0466012755841803
0.001,100000.0,250,1.3460682488857856
0.001,100000.0,300,1.56592757297949
0.001,100000.0,1526,0.480717216638368
0.001,100000.0,2000,0.46207002583651047
0.001,102996.03658099899,1,5.516625753267363
0.001,102996.03658099899,5,1.5927048727116926
0.001,102996.03658099899,10,4.142888990952997
0.001,102996.03658099899,25,2.7431696804778767
0.001,102996.03658099899,50,1.7548316094726033
0.001,102996.03658099899,100,0.18636679967858072
0.001,102996.03658099899,133,0.4031693074393843
0.001,102996.03658099899,150,0.20101786694249313
0.001,102996.03658099899,200,0.49614437781929155
0.001,102996.03658099899,250,0.05931898596645624
0.001,102996.03658099899,300,0.7679335290904419
0.001,102996.03658099899,1526,0.4287380118676083
0.001,102996.03658099899,2000,0.39215288646664703
0.001,106081.83551394482,1,2.4292048439820064
0.001,106081.83551394482,5,5.437841836330335
0.001,106081.83551394482,10,4.40225166613709
0.001,106081.83551394482,25,4.135159912577365
0.001,106081.83551394482,50,3.485809232781321
0.001,106081.83551394482,100,5.917459852980755
0.001,106081.83551394482,133,3.784938717391924
0.001,106081.83551394482,150,2.8662461013518623
0.001,106081.83551394482,200,2.636979031974988
0.001,106081.83551394482,250,2.060182374503711
0.001,106081.83551394482,300,1.528381425761836
0.001,106081.83551394482,1526,1.1792690122110798
0.001,106081.83551394482,2000,1.19928644317406
0.001,109260.0861117378,1,2.211671407054382
0.001,109260.0861117378,5,1.6454596330295317
0.001,109260.0861117378,10,0.6164221495928359
0.001,109260.0861117378,25,2.260821047510035
0.001,109260.0861117378,50,1.751706784718408
0.001,109260.0861117378,100,0.343560095243447
0.001,109260.0861117378,133,0.28100333013935597
0.001,109260.0861117378,150,0.8385352081222663
0.001,109260.0861117378,200,0.800544810057545
0.001,109260.0861117378,250,0.2044363160530338
0.001,109260.0861117378,300,0.15975120980874635
0.001,109260.0861117378,1526,0.28129813608757104
0.001,109260.0861117378,2000,0.32654337743770157
0.001,112533.55826007646,1,1.0273816317676392
0.001,112533.55826007646,5,0.8960234677979315
0.001,112533.55826007646,10,0.05892708002647851
0.001,112533.55826007646,25,2.022061994945034
0.001,112533.55826007646,50,1.3251391182238876
0.001,112533.55826007646,100,1.5743263809727068
0.001,112533.55826007646,133,1.9583330940804444
0.001,112533.55826007646,150,0.8762347920310276
0.001,112533.55826007646,200,0.8883427087203017
0.001,112533.55826007646,250,0.5777595537838351
0.001,112533.55826007646,300,1.0592345605346054
0.001,112533.55826007646,1526,1.8135820267216332
0.001,112533.55826007646,2000,1.7815541805248358
0.001,115905.10483144816,1,4.44191266690359
0.001,115905.10483144816,5,7.312753251962931
0.001,115905.10483144816,10,7.406754441362864
0.001,115905.10483144816,25,7.985629525193872
0.001,115905.10483144816,50,6.949455944282818
0.001,115905.10483144816,100,7.4132183341243945
0.001,115905.10483144816,133,7.387346689802143
0.001,115905.10483144816,150,6.487750314488949
0.001,115905.10483144816,200,5.876543130929349
0.001,115905.10483144816,250,5.770473274920732
0.001,115905.10483144816,300,6.227816511203855
0.001,115905.10483144816,1526,4.455918588602799
0.001,115905.10483144816,2000,4.4004948868459905
0.001,119377.66417144357,1,4.700071246230436
0.001,119377.66417144357,5,2.9555841665041953
0.001,119377.66417144357,10,3.1537990317228832
0.001,119377.66417144357,25,2.155889950670826
0.001,119377.66417144357,50,0.6820668112432031
0.001,119377.66417144357,100,0.0006590101565961959
0.001,119377.66417144357,133,0.22569098847270652
0.001,119377.66417144357,150,0.4286603983509849
0.001,119377.66417144357,200,0.7404140564685804
0.001,119377.66417144357,250,0.37656628958211513
0.001,119377.66417144357,300,0.276942361766487
0.001,119377.66417144357,1526,0.6833859682992625
0.001,119377.66417144357,2000,0.6881053441575204
0.001,122954.26265956216,1,3.3402184142505575
0.001,122954.26265956216,5,2.8944176105305814
0.001,122954.26265956216,10,2.466993001582523
0.001,122954.26265956216,25,1.834524167508789
0.001,122954.26265956216,50,0.23289503394335043
0.001,122954.26265956216,100,0.1701335725520039
0.001,122954.26265956216,133,0.554118147583722
0.001,122954.26265956216,150,0.22907411869891803
0.001,122954.26265956216,200,0.9527133142764797
0.001,122954.26265956216,250,0.6574283801219281
0.001,122954.26265956216,300,0.512672069711698
0.001,122954.26265956216,1526,0.42381110598398664
0.001,122954.26265956216,2000,0.4140151614901697
0.001,126638.01734674022,1,2.470384533973629
0.001,126638.01734674022,5,0.6142973072310269
0.001,126638.01734674022,10,1.366000316460486
0.001,126638.01734674022,25,0.9916437513202254
0.001,126638.01734674022,50,3.0793816603909363
0.001,126638.01734674022,100,2.002878036344555
0.001,126638.01734674022,133,1.7035541978384572
0.001,126638.01734674022,150,1.6818620251924585
0.001,126638.01734674022,200,0.8752385933858022
0.001,126638.01734674022,250,0.8329116970944597
0.001,126638.01734674022,300,0.8599738445645926
0.001,126638.01734674022,1526,0.04906831156404223
0.001,126638.01734674022,2000,0.036301237107181805
0.001,130432.13867190041,1,2.6920593950071634
0.001,130432.13867190041,5,1.4235931914226967
0.001,130432.13867190041,10,2.7342275752234855
0.001,130432.13867190041,25,2.3064989619906555
0.001,130432.13867190041,50,0.966717212482763
0.001,130432.13867190041,100,0.20175986496906262
0.001,130432.13867190041,133,0.5518876330806961
0.001,130432.13867190041,150,0.33769486284109007
0.001,130432.13867190041,200,0.11500975798844593
0.001,130432.13867190041,250,0.08946026462399459
0.001,130432.13867190041,300,0.014859097163935076
0.001,130432.13867190041,1526,0.010862300059670815
0.001,130432.13867190041,2000,0.05525001200294355
0.001,134339.93325988986,1,1.937087016816804
0.001,134339.93325988986,5,1.095671324783325
0.001,134339.93325988986,10,1.7561222738513607
0.001,134339.93325988986,25,1.0234888249797223
0.001,134339.93325988986,50,1.584578402349507
0.001,134339.93325988986,100,1.5615049293610355
0.001,134339.93325988986,133,1.9477917838594294
0.001,134339.93325988986,150,1.784536494029453
0.001,134339.93325988986,200,1.9265491665173613
0.001,134339.93325988986,250,1.7799952620644035
0.001,134339.93325988986,300,2.0346896639293846
0.001,134339.93325988986,1526,0.3090819533827016
0.001,134339.93325988986,2000,0.33127750523999566
0.001,138364.8068032461,1,1.6468135114755569
0.001,138364.8068032461,5,4.22587840275628
0.001,138364.8068032461,10,1.625004694909876
0.001,138364.8068032461,25,1.0426036150529399
0.001,138364.8068032461,50,0.7333600757719978
0.001,138364.8068032461,100,1.8789733204375807
0.001,138364.8068032461,133,1.2264838079645415
0.001,138364.8068032461,150,1.2141167352765478
0.001,138364.8068032461,200,1.1253641028397396
0.001,138364.8068032461,250,1.3378399288048968
0.001,138364.8068032461,300,1.4771087007011374
0.001,138364.8068032461,1526,1.3034573786844703
0.001,138364.8068032461,2000,1.2884792821896554
0.001,142510.26703029993,1,3.4604746506756783
0.001,142510.26703029993,5,5.613374759968792
0.001,142510.26703029993,10,4.658380352238964
0.001,142510.26703029993,25,2.3384945571979188
0.001,142510.26703029993,50,1.1044803136937844
0.001,142510.26703029993,100,1.8111840344226948
0.001,142510.26703029993,133,2.049369484133422
0.001,142510.26703029993,150,2.0238837166689336
0.001,142510.26703029993,200,1.922612570295314
0.001,142510.26703029993,250,1.9534882979878603
0.001,142510.26703029993,300,2.739914299319935
0.001,142510.26703029993,1526,2.010162869331907
0.001,142510.26703029993,2000,2.047383449422341
0.001,146779.92676220706,1,6.574257151552956
0.001,146779.92676220706,5,7.107613882737496
0.001,146779.92676220706,10,4.584667604833157
0.001,146779.92676220706,25,0.2782408464099717
0.001,146779.92676220706,50,1.6544827468333096
0.001,146779.92676220706,100,0.7371368833919405
0.001,146779.92676220706,133,0.9064330143992265
0.001,146779.92676220706,150,0.8925549735467939
0.001,146779.92676220706,200,1.8247734530050366
0.001,146779.92676220706,250,1.5701021071508876
0.001,146779.92676220706,300,0.7193689949162945
0.001,146779.92676220706,1526,0.23377058092410152
0.001,146779.92676220706,2000,0.16379374185453344
0.001,151177.5070615663,1,1.3359266180177656
0.001,151177.5070615663,5,2.2391305598721374
0.001,151177.5070615663,10,0.44335245339789253
0.001,151177.5070615663,25,1.831429533984192
0.001,151177.5070615663,50,2.5849974852826563
0.001,151177.5070615663,100,2.9493877610730124
0.001,151177.5070615663,133,2.442281903749972
0.001,151177.5070615663,150,2.4442274208558956
0.001,151177.5070615663,200,0.7853315476004354
0.001,151177.5070615663,250,0.4366859598994779
0.001,151177.5070615663,300,0.04342601800817647
0.001,151177.5070615663,1526,0.35742272383504314
0.001,151177.5070615663,2000,0.35894487308178213
0.001,155706.84047537317,1,9.842339267248462
0.001,155706.84047537317,5,5.403977310932532
0.001,155706.84047537317,10,4.358448478280479
0.001,155706.84047537317,25,2.2173961252083245
0.001,155706.84047537317,50,2.1526163293219724
0.001,155706.84047537317,100,2.589731564381509
0.001,155706.84047537317,133,2.78149700085487
0.001,155706.84047537317,150,2.7690058651933214
0.001,155706.84047537317,200,1.3952695408424916
0.001,155706.84047537317,250,1.3162559919765044
0.001,155706.84047537317,300,0.2041879989883455
0.001,155706.84047537317,1526,0.5788074703541497
0.001,155706.84047537317,2000,0.5389322974060633
0.001,160371.8743751331,1,1.4638679614818102
0.001,160371.8743751331,5,0.5470293115649838
0.001,160371.8743751331,10,3.905867977235175
0.001,160371.8743751331,25,1.3850691333991563
0.001,160371.8743751331,50,0.617513067636537
0.001,160371.8743751331,100,0.36387022605231323
0.001,160371.8743751331,133,1.492540726045263
0.001,160371.8743751331,150,1.519513694996931
0.001,160371.8743751331,200,1.5250535003178811
0.001,160371.8743751331,250,2.250113744084956
0.001,160371.8743751331,300,1.9812530193885323
0.001,160371.8743751331,1526,0.8313264651442296
0.001,160371.8743751331,2000,0.8395401299931109
0.001,165176.67439704583,1,3.3815492271223775
0.001,165176.67439704583,5,1.0567753891282337
0.001,165176.67439704583,10,1.9934469503059518
0.001,165176.67439704583,25,1.8439337513482315
0.001,165176.67439704583,50,2.7978994539244013
0.001,165176.67439704583,100,2.2327709898600006
0.001,165176.67439704583,133,2.515264270823536
0.001,165176.67439704583,150,2.4883351915887033
0.001,165176.67439704583,200,2.29237356323938
0.001,165176.67439704583,250,3.5071964279413805
0.001,165176.67439704583,300,2.5784660569497646
0.001,165176.67439704583,1526,0.47201454695823486
0.001,165176.67439704583,2000,0.4866561579401605
0.001,170125.42798525892,1,10.328491690499504
0.001,170125.42798525892,5,4.768275040856679
0.001,170125.42798525892,10,2.0899873780253984
0.001,170125.42798525892,25,2.1242335017614096
0.001,170125.42798525892,50,1.683685432666607
0.001,170125.42798525892,100,0.41969033758687146
0.001,170125.42798525892,133,1.8879412623773533
0.001,170125.42798525892,150,2.0270595770889486
0.001,170125.42798525892,200,1.1004540112135146
0.001,170125.42798525892,250,0.3018115568338544
0.001,170125.42798525892,300,1.2127813618499204
0.001,170125.42798525892,1526,0.2325720651915617
0.001,170125.42798525892,2000,0.2767269066625886
0.001,175222.44804127837,1,11.00669357042716
0.001,175222.44804127837,5,5.715973721640694
0.001,175222.44804127837,10,3.233730317571826
0.001,175222.44804127837,25,4.591964287803421
0.001,175222.44804127837,50,4.4275989571651735
0.001,175222.44804127837,100,3.2242588470217015
0.001,175222.44804127837,133,3.574350018394398
0.001,175222.44804127837,150,3.9739521055053046
0.001,175222.44804127837,200,0.06831619179138215
0.001,175222.44804127837,250,1.11349029433768
0.001,175222.44804127837,300,0.9784417303344526
0.001,175222.44804127837,1526,1.6479381759436365
0.001,175222.44804127837,2000,1.6187290482412209
0.001,180472.17668271702,1,8.015473958303119
0.001,180472.17668271702,5,9.588262059642148
0.001,180472.17668271702,10,8.694178373290924
0.001,180472.17668271702,25,8.943032399156436
0.001,180472.17668271702,50,8.653748796132277
0.001,180472.17668271702,100,6.529973518187035
0.001,180472.17668271702,133,5.324696032688735
0.001,180472.17668271702,150,5.800679004831181
0.001,180472.17668271702,200,1.9595072562933638
0.001,180472.17668271702,250,1.587050059963076
0.001,180472.17668271702,300,1.85782119112082
0.001,180472.17668271702,1526,0.20342677366897988
0.001,180472.17668271702,2000,0.20151293049457308
0.001,185879.18911465636,1,6.276801602594787
0.001,185879.18911465636,5,3.1878132746496703
0.001,185879.18911465636,10,0.4719809828857251
0.001,185879.18911465636,25,2.612129010933131
0.001,185879.18911465636,50,2.5883340352593223
0.001,185879.18911465636,100,0.1821786767541198
0.001,185879.18911465636,133,0.8037897468857409
0.001,185879.18911465636,150,0.569998488350393
0.001,185879.18911465636,200,0.5546770384717092
0.001,185879.18911465636,250,0.7963626726523216
0.001,185879.18911465636,300,0.5387535762129119
0.001,185879.18911465636,1526,0.07645994464473915
0.001,185879.18911465636,2000,0.06321318212576443
0.001,191448.19761699575,1,0.5499363769195043
0.001,191448.19761699575,5,6.1912455950332514
0.001,191448.19761699575,10,7.18649461581299
0.001,191448.19761699575,25,8.838976817121875
0.001,191448.19761699575,50,8.414736589842505
0.001,191448.19761699575,100,6.852864486485487
0.001,191448.19761699575,133,5.978771238129411
0.001,191448.19761699575,150,6.18338692629186
0.001,191448.19761699575,200,4.942390653875918
0.001,191448.19761699575,250,4.534248475054483
0.001,191448.19761699575,300,4.572193723990495
0.001,191448.19761699575,1526,4.524377031892072
0.001,191448.19761699575,2000,4.524781696509308
0.001,197184.05565126418,1,1.344694272374909
0.001,197184.05565126418,5,3.4055052578441973
0.001,197184.05565126418,10,1.8981209219564334
0.001,197184.05565126418,25,3.4032359074772103
0.001,197184.05565126418,50,4.172793817779166
0.001,197184.05565126418,100,2.875824508781079
0.001,197184.05565126418,133,2.9202296115254285
0.001,197184.05565126418,150,2.2690937540210143
0.001,197184.05565126418,200,2.029277190038556
0.001,197184.05565126418,250,2.038079318812379
0.001,197184.05565126418,300,1.8117852586656227
0.001,197184.05565126418,1526,1.0425555738256662
0.001,197184.05565126418,2000,1.0143142358429031
0.001,203091.76209047346,1,2.115783711346012
0.001,203091.76209047346,5,3.736842312315275
0.001,203091.76209047346,10,2.0049988344835583
0.001,203091.76209047346,25,1.398840620120609
0.001,203091.76209047346,50,2.6086328373603465
0.001,203091.76209047346,100,1.6780438613859587
0.001,203091.76209047346,133,1.5694530207983917
0.001,203091.76209047346,150,0.6343931077572051
0.001,203091.76209047346,200,0.059026318216638174
0.001,203091.76209047346,250,0.4521164797079109
0.001,203091.76209047346,300,0.5099447841384972
0.001,203091.76209047346,1526,0.7517289337702096
0.001,203091.76209047346,2000,0.7948904307741032
0.001,209176.4655756995,1,3.9383232826912717
0.001,209176.4655756995,5,2.7046262213552836
0.001,209176.4655756995,10,2.679845970331371
0.001,209176.4655756995,25,4.94406272039123
0.001,209176.4655756995,50,7.030044788629311
0.001,209176.4655756995,100,6.957369230876793
0.001,209176.4655756995,133,7.365782285323803
0.001,209176.4655756995,150,6.400900645443471
0.001,209176.4655756995,200,5.471939122802723
0.001,209176.4655756995,250,5.678888934126007
0.001,209176.4655756995,300,5.6641651479039865
0.001,209176.4655756995,1526,3.6461921826121397
0.001,209176.4655756995,2000,3.616243784883409
0.001,215443.46900318822,1,1.1197539877721283
0.001,215443.46900318822,5,1.0426524974718632
0.001,215443.46900318822,10,0.12616509394501918
0.001,215443.46900318822,25,1.4547302367609518
0.001,215443.46900318822,50,1.5781263513308659
0.001,215443.46900318822,100,2.423847920545086
0.001,215443.46900318822,133,0.8614133979681355
0.001,215443.46900318822,150,0.15915250072794151
0.001,215443.46900318822,200,0.5099164202329121
0.001,215443.46900318822,250,0.09050184193984023
0.001,215443.46900318822,300,0.30841208004858345
0.001,215443.46900318822,1526,0.07781209950553603
0.001,215443.46900318822,2000,0.017873782671813387
0.001,221898.23414589697,1,2.7111095173204376
0.001,221898.23414589697,5,1.1191618181219383
0.001,221898.23414589697,10,1.7278806822832848
0.001,221898.23414589697,25,4.076925201239646
0.001,221898.23414589697,50,0.48495985578847467
0.001,221898.23414589697,100,1.2982812999507587
0.001,221898.23414589697,133,0.8643449476476235
0.001,221898.23414589697,150,0.7197693440684816
0.001,221898.23414589697,200,0.9651770618875162
0.001,221898.23414589697,250,0.14326500910101458
0.001,221898.23414589697,300,0.19023972051945748
0.001,221898.23414589697,1526,0.6211636826301401
0.001,221898.23414589697,2000,0.6050952513469383
0.001,228546.38641349884,1,2.875871517466294
0.001,228546.38641349884,5,1.6050993463286432
0.001,228546.38641349884,10,0.9611162606488506
0.001,228546.38641349884,25,7.2468214156069735
0.001,228546.38641349884,50,3.9368350602489954
0.001,228546.38641349884,100,4.020404558577866
0.001,228546.38641349884,133,1.517540390319482
0.001,228546.38641349884,150,0.9775561791502696
0.001,228546.38641349884,200,0.17003911566644092
0.001,228546.38641349884,250,0.212214614955883
0.001,228546.38641349884,300,0.10916767761227675
0.001,228546.38641349884,1526,0.8478991687879898
0.001,228546.38641349884,2000,0.8171577022330894
0.001,235393.71975499907,1,1.9319052046157594
0.001,235393.71975499907,5,0.34951291311881505
0.001,235393.71975499907,10,1.2113307571416954
0.001,235393.71975499907,25,1.433701642374217
0.001,235393.71975499907,50,0.304181170227821
0.001,235393.71975499907,100,3.3901822551597434
0.001,235393.71975499907,133,3.2709036235864914
0.001,235393.71975499907,150,2.1990411276419763
0.001,235393.71975499907,200,0.9414895977497508
0.001,235393.71975499907,250,0.20602517955194344
0.001,235393.71975499907,300,0.169878063028591
0.001,235393.71975499907,1526,1.0031196159252431
0.001,235393.71975499907,2000,0.9826580740773352
0.001,242446.20170823307,1,7.3694450385264645
0.001,242446.20170823307,5,3.6626950699210283
0.001,242446.20170823307,10,3.8072058894285874
0.001,242446.20170823307,25,3.639740334900125
0.001,242446.20170823307,50,1.582924845693924
0.001,242446.20170823307,100,0.5394100494922895
0.001,242446.20170823307,133,0.9704924053512514
0.001,242446.20170823307,150,0.2411694174807053
0.001,242446.20170823307,200,0.448155831774784
0.001,242446.20170823307,250,1.078143102426111
0.001,242446.20170823307,300,1.373771640483028
0.001,242446.20170823307,1526,1.9815372172124626
0.001,242446.20170823307,2000,1.978375261212932
0.001,249709.97860065434,1,7.158535826176376
0.001,249709.97860065434,5,10.464384902468737
0.001,249709.97860065434,10,9.714287042348587
0.001,249709.97860065434,25,2.21564330511319
0.001,249709.97860065434,50,6.713636102856981
0.001,249709.97860065434,100,2.72953979196609
0.001,249709.97860065434,133,2.5145276879884477
0.001,249709.97860065434,150,1.632939357397845
0.001,249709.97860065434,200,2.055670623009064
0.001,249709.97860065434,250,0.7364589882818109
0.001,249709.97860065434,300,0.7287310838182748
0.001,249709.97860065434,1526,0.6696615448236116
0.001,249709.97860065434,2000,0.6715647801102023
0.001,257191.3809059347,1,0.12747346233663848
0.001,257191.3809059347,5,0.37574222560215276
0.001,257191.3809059347,10,0.21452352139749564
0.001,257191.3809059347,25,0.26745348971599014
0.001,257191.3809059347,50,4.950135981765925
0.001,257191.3809059347,100,3.627065778924589
0.001,257191.3809059347,133,3.759353990048112
0.001,257191.3809059347,150,3.452432390207832
0.001,257191.3809059347,200,2.5182212498875742
0.001,257191.3809059347,250,3.0064365307916887
0.001,257191.3809059347,300,1.9725186785653932
0.001,257191.3809059347,1526,1.0961205376297585
0.001,257191.3809059347,2000,1.059998963286489
0.001,264896.92876105296,1,5.076443810845376
0.001,264896.92876105296,5,10.62470341379958
0.001,264896.92876105296,10,9.444072233738552
0.001,264896.92876105296,25,4.717284571706841
0.001,264896.92876105296,50,1.9813145495318167
0.001,264896.92876105296,100,0.7377700234683289
0.001,264896.92876105296,133,0.44277493732442963
0.001,264896.92876105296,150,0.6173345217212045
0.001,264896.92876105296,200,0.6727679137038649
0.001,264896.92876105296,250,0.7478274781096843
0.001,264896.92876105296,300,0.177691335324198
0.001,264896.92876105296,1526,0.7325713514983363
0.001,264896.92876105296,2000,0.6730029349419056
0.001,272833.33764867694,1,14.461679831758374
0.001,272833.33764867694,5,5.574581166198186
0.001,272833.33764867694,10,5.814755290444737
0.001,272833.33764867694,25,4.357451925443456
0.001,272833.33764867694,50,3.590831903005892
0.001,272833.33764867694,100,2.7135711169939896
0.001,272833.33764867694,133,3.3284731154890324
0.001,272833.33764867694,150,2.9349132073984947
0.001,272833.33764867694,200,1.4849659188221267
0.001,272833.33764867694,250,1.2923963636130793
0.001,272833.33764867694,300,0.8104495831357781
0.001,272833.33764867694,1526,0.65155277415397
0.001,272833.33764867694,2000,0.6088783138766303
0.001,281007.5242497918,1,9.704181672335835
0.001,281007.5242497918,5,2.744874894797249
0.001,281007.5242497918,10,1.0790789847778797
0.001,281007.5242497918,25,0.8240719911882479
0.001,281007.5242497918,50,0.4316617419353861
0.001,281007.5242497918,100,1.0344949606442242
0.001,281007.5242497918,133,2.5917886771567282
0.001,281007.5242497918,150,2.937449624736473
0.001,281007.5242497918,200,1.5594444892340107
0.001,281007.5242497918,250,0.7547310447043856
0.001,281007.5242497918,300,1.8450768608017825
0.001,281007.5242497918,1526,2.534486328568164
0.001,281007.5242497918,2000,2.568018806337932
0.001,289426.61247167515,1,1.9915582470348454
0.001,289426.61247167515,5,2.189567597495625
0.001,289426.61247167515,10,0.956905938390264
0.001,289426.61247167515,25,0.2849858030822361
0.001,289426.61247167515,50,1.7847462092795467
0.001,289426.61247167515,100,2.3799453804786026
0.001,289426.61247167515,133,3.0466449682426173
0.001,289426.61247167515,150,2.924040252510167
0.001,289426.61247167515,200,5.153664328310697
0.001,289426.61247167515,250,4.20169762664591
0.001,289426.61247167515,300,4.127526647615014
0.001,289426.61247167515,1526,2.4089175578410504
0.001,289426.61247167515,2000,2.392119261021435
0.001,298097.93965647276,1,14.178832375269849
0.001,298097.93965647276,5,5.645371246064315
0.001,298097.93965647276,10,3.919089568378695
0.001,298097.93965647276,25,0.8528382738368236
0.001,298097.93965647276,50,3.273093598549167
0.001,298097.93965647276,100,3.5513682067685295
0.001,298097.93965647276,133,1.3068512282516167
0.001,298097.93965647276,150,1.1444343810908322
0.001,298097.93965647276,200,1.958957642524183
0.001,298097.93965647276,250,1.6111799835998681
0.001,298097.93965647276,300,1.002561614226579
0.001,298097.93965647276,1526,0.6056475582554413
0.001,298097.93965647276,2000,0.6424571599418414
0.001,307029.062975785,1,4.14794170515961
0.001,307029.062975785,5,8.314319814468035
0.001,307029.062975785,10,11.083264307006175
0.001,307029.062975785,25,10.249311756568204
0.001,307029.062975785,50,5.418058395356638
0.001,307029.062975785,100,2.8298786409832246
0.001,307029.062975785,133,0.6503043153643375
0.001,307029.062975785,150,1.008505504400091
0.001,307029.062975785,200,0.4236698044114746
0.001,307029.062975785,250,0.9918347304083
0.001,307029.062975785,300,0.988501383431867
0.001,307029.062975785,1526,0.26752064987886115
0.001,307029.062975785,2000,0.22091683372491389
0.001,316227.76601683797,1,13.120661897231912
0.001,316227.76601683797,5,4.260119578750164
0.001,316227.76601683797,10,4.949039472681761
0.001,316227.76601683797,25,5.4614674387994455
0.001,316227.76601683797,50,1.9080189693449938
0.001,316227.76601683797,100,1.9204350053842063
0.001,316227.76601683797,133,0.55739533351516
0.001,316227.76601683797,150,0.8440760796584073
0.001,316227.76601683797,200,1.1678931475034915
0.001,316227.76601683797,250,0.2156719408230856
0.001,316227.76601683797,300,0.2586355771491071
0.001,316227.76601683797,1526,0.6498089533633902
0.001,316227.76601683797,2000,0.6518823373335181
0.002,100000.0,1,2.5247771630711213
0.002,100000.0,5,0.33713460601575207
0.002,100000.0,10,0.08617123567819363
0.002,100000.0,25,1.8879987731252186
0.002,100000.0,50,3.043763742893134
0.002,100000.0,100,2.757068947501466
0.002,100000.0,133,0.6154381522264885
0.002,100000.0,150,0.9619674980458512
0.002,100000.0,200,1.1556049227201584
0.002,100000.0,250,1.3935920453677682
0.002,100000.0,300,1.5412879877039813
0.002,100000.0,1526,1.13131977023113
0.002,100000.0,2000,1.1313071533459151
0.002,102996.03658099899,1,5.516817909239762
0.002,102996.03658099899,5,1.596656496367359
0.002,102996.03658099899,10,4.139287228388639
0.002,102996.03658099899,25,2.7507570133257104
0.002,102996.03658099899,50,1.7795633480818651
0.002,102996.03658099899,100,0.28702552289723826
0.002,102996.03658099899,133,0.47711677663937735
0.002,102996.03658099899,150,0.04122078139334917
0.002,102996.03658099899,200,0.2900637118382292
0.002,102996.03658099899,250,0.04416249659698224
0.002,102996.03658099899,300,0.4462346419950336
0.002,102996.03658099899,1526,0.2194133821340074
0.002,102996.03658099899,2000,0.21938387047885044
0.002,106081.83551394482,1,2.4294913800331415
0.002,106081.83551394482,5,5.435174521742738
0.002,106081.83551394482,10,4.400605324404751
0.002,106081.83551394482,25,4.134996339567806
0.002,106081.83551394482,50,3.4904919570617494
0.002,106081.83551394482,100,5.800848870721893
0.002,106081.83551394482,133,3.8804671172620147
0.002,106081.83551394482,150,3.087290291388854
0.002,106081.83551394482,200,2.893431448870615
0.002,106081.83551394482,250,2.4652813883167255
0.002,106081.83551394482,300,2.099438907323929
0.002,106081.83551394482,1526,2.1132050089054246
0.002,106081.83551394482,2000,2.1132426073272654
0.002,109260.0861117378,1,2.2109420965880417
0.002,109260.0861117378,5,1.6449768829170353
0.002,109260.0861117378,10,0.6205092576310562
0.002,109260.0861117378,25,2.2512395625089994
0.002,109260.0861117378,50,1.7370602019818762
0.002,109260.0861117378,100,0.4124957762287522
0.002,109260.0861117378,133,0.377812035034367
0.002,109260.0861117378,150,0.5916097417939454
0.002,109260.0861117378,200,0.5645077365898032
0.002,109260.0861117378,250,0.13047078064664674
0.002,109260.0861117378,300,0.09967677794702468
0.002,109260.0861117378,1526,0.210762084394446
0.002,109260.0861117378,2000,0.21084234515728895
0.002,112533.55826007646,1,1.0284382886402454
0.002,112533.55826007646,5,0.8923085705009726
0.002,112533.55826007646,10,0.056456680673363735
0.002,112533.55826007646,25,2.0069846769802098
0.002,112533.55826007646,50,1.307308316909257
0.002,112533.55826007646,100,1.5200023547840829
0.002,112533.55826007646,133,1.8654186300373112
0.002,112533.55826007646,150,0.9271753613811597
0.002,112533.55826007646,200,0.9284838052790292
0.002,112533.55826007646,250,0.7065679008283041
0.002,112533.55826007646,300,1.0361541574402509
0.002,112533.55826007646,1526,1.2787303394597984
0.002,112533.55826007646,2000,1.2786685108821985
0.002,115905.10483144816,1,4.44070547179399
0.002,115905.10483144816,5,7.307925616398279
0.002,115905.10483144816,10,7.399259822088425
0.002,115905.10483144816,25,7.97107966954718
0.002,115905.10483144816,50,6.943441969535343
0.002,115905.10483144816,100,7.397972406271947
0.002,115905.10483144816,133,7.3665403375453025
0.002,115905.10483144816,150,6.587112510345833
0.002,115905.10483144816,200,6.082787395642299
0.002,115905.10483144816,250,6.0046212117249524
0.002,115905.10483144816,300,6.3176023019459535
0.002,115905.10483144816,1526,5.716053071661008
0.002,115905.10483144816,2000,5.716001137268904
0.002,119377.66417144357,1,4.701220110506256
0.002,119377.66417144357,5,2.958508578905821
0.002,119377.66417144357,10,3.156407387354193
0.002,119377.66417144357,25,2.162861533006435
0.002,119377.66417144357,50,0.7123787878299481
0.002,119377.66417144357,100,0.04636875724827405
0.002,119377.66417144357,133,0.24422973979199014
0.002,119377.66417144357,150,0.32040333577242563
0.002,119377.66417144357,200,0.5709375399001146
0.002,119377.66417144357,250,0.30955960817118466
0.002,119377.66417144357,300,0.24510871962593228
0.002,119377.66417144357,1526,0.6758152046877512
0.002,119377.66417144357,2000,0.6758352480283065
0.002,122954.26265956216,1,3.3393331270835915
0.002,122954.26265956216,5,2.895080387210328
0.002,122954.26265956216,10,2.470946082334194
0.002,122954.26265956216,25,1.8434653132935637
0.002,122954.26265956216,50,0.1845111459697364
0.002,122954.26265956216,100,0.21343336138670566
0.002,122954.26265956216,133,0.5526620790878951
0.002,122954.26265956216,150,0.27561694804171566
0.002,122954.26265956216,200,0.8727471740075998
0.002,122954.26265956216,250,0.6594537245837273
0.002,122954.26265956216,300,0.555318943621387
0.002,122954.26265956216,1526,0.6506294884766248
0.002,122954.26265956216,2000,0.6506249509766349
0.002,126638.01734674022,1,2.4699284523503593
0.002,126638.01734674022,5,0.6175056038882758
0.002,126638.01734674022,10,1.3682943605181208
0.002,126638.01734674022,25,0.9899466592032695
0.002,126638.01734674022,50,3.0335860125142062
0.002,126638.01734674022,100,2.010683745462302
0.002,126638.01734674022,133,1.735782153564287
0.002,126638.01734674022,150,1.7113650117407815
0.002,126638.01734674022,200,1.042985194875655
0.002,126638.01734674022,250,1.0098229219474888
0.002,126638.01734674022,300,1.0260561563645751
0.002,126638.01734674022,1526,0.4915773837510642
0.002,126638.01734674022,2000,0.4915831653124769
0.002,130432.13867190041,1,2.6921284829004435
0.002,130432.13867190041,5,1.4263139540253178
0.002,130432.13867190041,10,2.7319570867311995
0.002,130432.13867190041,25,2.3161676482741314
0.002,130432.13867190041,50,1.009523292641461
0.002,130432.13867190041,100,0.28683108887162234
0.002,130432.13867190041,133,0.3885843945045053
0.002,130432.13867190041,150,0.19775723705424753
0.002,130432.13867190041,200,0.003774146825890057
0.002,130432.13867190041,250,0.008548732021154137
0.002,130432.13867190041,300,0.06752244937524665
0.002,130432.13867190041,1526,0.028746059482728015
0.002,130432.13867190041,2000,0.028797156575819827
0.002,134339.93325988986,1,1.9364851750251546
0.002,134339.93325988986,5,1.0959890400426957
0.002,134339.93325988986,10,1.756324992127702
0.002,134339.93325988986,25,1.0016847347724251
0.002,134339.93325988986,50,1.5455150149555266
0.002,134339.93325988986,100,1.5502326904861548
0.002,134339.93325988986,133,1.8946167440499266
0.002,134339.93325988986,150,1.7495163191342726
0.002,134339.93325988986,200,1.8600483983427694
0.002,134339.93325988986,250,1.7451497189431393
0.002,134339.93325988986,300,1.921938771934947
0.002,134339.93325988986,1526,1.244535643447307
0.002,134339.93325988986,2000,1.2445567009290244
0.002,138364.8068032461,1,1.6478634769810014
0.002,138364.8068032461,5,4.222721482594352
0.002,138364.8068032461,10,1.6291864595459629
0.002,138364.8068032461,25,1.02463247659216
0.002,138364.8068032461,50,0.7182159133772075
0.002,138364.8068032461,100,1.7888213082733273
0.002,138364.8068032461,133,1.1984857182633277
0.002,138364.8068032461,150,1.1862685239575512
0.002,138364.8068032461,200,1.1215532491205522
0.002,138364.8068032461,250,1.2795010848640231
0.002,138364.8068032461,300,1.384230781774022
0.002,138364.8068032461,1526,1.4419742422087438
0.002,138364.8068032461,2000,1.4419561654685822
0.002,142510.26703029993,1,3.4618079914871487
0.002,142510.26703029993,5,5.610411548688717
0.002,142510.26703029993,10,4.659257562485436
0.002,142510.26703029993,25,2.3586514553499
0.002,142510.26703029993,50,1.146443018626087
0.002,142510.26703029993,100,1.6209030071058805
0.002,142510.26703029993,133,1.8300702121014183
0.002,142510.26703029993,150,1.8077627296170249
0.002,142510.26703029993,200,1.7113740556142147
0.002,142510.26703029993,250,1.7323059373029537
0.002,142510.26703029993,300,2.2778603145616216
0.002,142510.26703029993,1526,2.2185104544460046
0.002,142510.26703029993,2000,2.218552319920491
0.002,146779.92676220706,1,6.57285896592839
0.002,146779.92676220706,5,7.106909815664039
0.002,146779.92676220706,10,4.590449369434282
0.002,146779.92676220706,25,0.2366462250593031
0.002,146779.92676220706,50,1.587475117372378
0.002,146779.92676220706,100,0.6787917694055068
0.002,146779.92676220706,133,0.8269688028813107
0.002,146779.92676220706,150,0.815715651409846
0.002,146779.92676220706,200,1.6030464068462607
0.002,146779.92676220706,250,1.4125485197655507
0.002,146779.92676220706,300,0.8136208891228307
0.002,146779.92676220706,1526,0.49273135262774304
0.002,146779.92676220706,2000,0.492631721059297
0.002,151177.5070615663,1,1.3371537026505393
0.002,151177.5070615663,5,2.233895616038353
0.002,151177.5070615663,10,0.4409958782198373
0.002,151177.5070615663,25,1.8123502020116575
0.002,151177.5070615663,50,2.5528779810229025
0.002,151177.5070615663,100,2.888160575846996
0.002,151177.5070615663,133,2.432060407983954
0.002,151177.5070615663,150,2.4338696329250524
0.002,151177.5070615663,200,1.0456090882089484
0.002,151177.5070615663,250,0.7842017558250518
0.002,151177.5070615663,300,0.5131610629141505
0.002,151177.5070615663,1526,0.2270033677596075
0.002,151177.5070615663,2000,0.22703804664706695
0.002,155706.84047537317,1,9.843182228762089
0.002,155706.84047537317,5,5.410844224239554
0.002,155706.84047537317,10,4.368231715732691
0.002,155706.84047537317,25,2.2355926210893813
0.002,155706.84047537317,50,2.1775521250438032
0.002,155706.84047537317,100,2.597626916331137
0.002,155706.84047537317,133,2.7616144697676646
0.002,155706.84047537317,150,2.752520877562347
0.002,155706.84047537317,200,1.6088003604982077
0.002,155706.84047537317,250,1.5505203760185395
0.002,155706.84047537317,300,0.773676936965785
0.002,155706.84047537317,1526,0.4848024163438822
0.002,155706.84047537317,2000,0.48485350810915406
0.002,160371.8743751331,1,1.4641741113282478
0.002,160371.8743751331,5,0.5432859037737217
0.002,160371.8743751331,10,3.892899429947647
0.002,160371.8743751331,25,1.3907294236887537
0.002,160371.8743751331,50,0.6456643917281326
0.002,160371.8743751331,100,0.42157289272472553
0.002,160371.8743751331,133,1.4355789830551657
0.002,160371.8743751331,150,1.4616789803494612
0.002,160371.8743751331,200,1.450939317646771
0.002,160371.8743751331,250,1.992555317861843
0.002,160371.8743751331,300,1.8063775842801988
0.002,160371.8743751331,1526,1.3995472071728727
0.002,160371.8743751331,2000,1.3995360776880261
0.002,165176.67439704583,1,3.3818443293730525
0.002,165176.67439704583,5,1.0591410206179717
0.002,165176.67439704583,10,1.9938952485335903
0.002,165176.67439704583,25,1.8366333547292015
0.002,165176.67439704583,50,2.768898006697782
0.002,165176.67439704583,100,2.2528035398354405
0.002,165176.67439704583,133,2.5057748993767746
0.002,165176.67439704583,150,2.4801458461060975
0.002,165176.67439704583,200,2.3012708469650534
0.002,165176.67439704583,250,3.2112763267523405
0.002,165176.67439704583,300,2.5642869508446893
0.002,165176.67439704583,1526,1.7784057167355058
0.002,165176.67439704583,2000,1.7784319596812566
0.002,170125.42798525892,1,10.329350900055942
0.002,170125.42798525892,5,4.775497689806798
0.002,170125.42798525892,10,2.1050603680596396
0.002,170125.42798525892,25,2.144724684101675
0.002,170125.42798525892,50,1.7067917952335847
0.002,170125.42798525892,100,0.2915940955062979
0.002,170125.42798525892,133,1.6067041487112874
0.002,170125.42798525892,150,1.727034839665066
0.002,170125.42798525892,200,0.902014803228667
0.002,170125.42798525892,250,0.15219849198729207
0.002,170125.42798525892,300,0.7758447516334854
0.002,170125.42798525892,1526,0.06373967015679227
0.002,170125.42798525892,2000,0.06377683993741812
0.002,175222.44804127837,1,11.007982075556356
0.002,175222.44804127837,5,5.723341638060447
0.002,175222.44804127837,10,3.247248096637122
0.002,175222.44804127837,25,4.597985726361003
0.002,175222.44804127837,50,4.4500746255052945
0.002,175222.44804127837,100,3.2926435971476167
0.002,175222.44804127837,133,3.606167688505593
0.002,175222.44804127837,150,3.9552300179602753
0.002,175222.44804127837,200,0.6950788300437125
0.002,175222.44804127837,250,1.4830144289553573
0.002,175222.44804127837,300,1.4017709563649987
0.002,175222.44804127837,1526,1.721076006828298
0.002,175222.44804127837,2000,1.7210320293106633
0.002,180472.17668271702,1,8.013967713903185
0.002,180472.17668271702,5,9.585399650950421
0.002,180472.17668271702,10,8.694715563626232
0.002,180472.17668271702,25,8.944743381995067
0.002,180472.17668271702,50,8.676596199633423
0.002,180472.17668271702,100,6.638691915622985
0.002,180472.17668271702,133,5.559532478318943
0.002,180472.17668271702,150,5.976981182024247
0.002,180472.17668271702,200,2.782969245850836
0.002,180472.17668271702,250,2.496841058917198
0.002,180472.17668271702,300,2.6901401876584714
0.002,180472.17668271702,1526,1.5760951029697026
0.002,180472.17668271702,2000,1.5761236230864597
0.002,185879.18911465636,1,6.275331203210953
0.002,185879.18911465636,5,3.190566803998081
0.002,185879.18911465636,10,0.48181188456874224
0.002,185879.18911465636,25,2.608277523126162
0.002,185879.18911465636,50,2.570864143253857
0.002,185879.18911465636,100,0.26852075511487783
0.002,185879.18911465636,133,0.8239623484878393
0.002,185879.18911465636,150,0.6167357287085906
0.002,185879.18911465636,200,0.6559573217346042
0.002,185879.18911465636,250,0.8266227505300776
0.002,185879.18911465636,300,0.6446429635980166
0.002,185879.18911465636,1526,0.2886952163753449
0.002,185879.18911465636,2000,0.2886967975064181
0.002,191448.19761699575,1,0.551118145504006
0.002,191448.19761699575,5,6.1859298769741144
0.002,191448.19761699575,10,7.179780860289611
0.002,191448.19761699575,25,8.82437087560902
0.002,191448.19761699575,50,8.397817104534624
0.002,191448.19761699575,100,6.889623509119701
0.002,191448.19761699575,133,6.099027742697217
0.002,191448.19761699575,150,6.275103942585702
0.002,191448.19761699575,200,5.27978680526212
0.002,191448.19761699575,250,4.980499351997423
0.002,191448.19761699575,300,5.004588220206642
0.002,191448.19761699575,1526,5.352120495470444
0.002,191448.19761699575,2000,5.352145622608077
0.002,197184.05565126418,1,1.344009418375208
0.002,197184.05565126418,5,3.40212801465168
0.002,197184.05565126418,10,1.8992768496791541
0.002,197184.05565126418,25,3.3912662485636247
0.002,197184.05565126418,50,4.153484687114542
0.002,197184.05565126418,100,2.906158332105406
0.002,197184.05565126418,133,2.9328533216721553
0.002,197184.05565126418,150,2.365141027072241
0.002,197184.05565126418,200,2.1724204194324557
0.002,197184.05565126418,250,2.176707387498027
0.002,197184.05565126418,300,2.021750589959993
0.002,197184.05565126418,1526,1.5979823155757913
0.002,197184.05565126418,2000,1.5979742630806868
0.002,203091.76209047346,1,2.1158448863316153
0.002,203091.76209047346,5,3.7375909941765713
0.002,203091.76209047346,10,2.009447488508158
0.002,203091.76209047346,25,1.3683467180781008
0.002,203091.76209047346,50,2.561955902598129
0.002,203091.76209047346,100,1.649489149232977
0.002,203091.76209047346,133,1.5425105929971323
0.002,203091.76209047346,150,0.725372151380725
0.002,203091.76209047346,200,0.1403691605264612
0.002,203091.76209047346,250,0.14587117975679575
0.002,203091.76209047346,300,0.1781633239952498
0.002,203091.76209047346,1526,0.5307009749303688
0.002,203091.76209047346,2000,0.5307583500216424
0.002,209176.4655756995,1,3.9377392770220467
0.002,209176.4655756995,5,2.7077498822873167
0.002,209176.4655756995,10,2.68200517186051
0.002,209176.4655756995,25,4.9316349419386825
0.002,209176.4655756995,50,6.982815571715037
0.002,209176.4655756995,100,6.91404577927824
0.002,209176.4655756995,133,7.299526828450325
0.002,209176.4655756995,150,6.455448026801605
0.002,209176.4655756995,200,5.677251532357332
0.002,209176.4655756995,250,5.8288217202352826
0.002,209176.4655756995,300,5.828527083689551
0.002,209176.4655756995,1526,5.037493170962989
0.002,209176.4655756995,2000,5.03744548868417
0.002,215443.46900318822,1,1.1186145887004386
0.002,215443.46900318822,5,1.0409808204276487
0.002,215443.46900318822,10,0.1247160396160325
0.002,215443.46900318822,25,1.4343378953817592
0.002,215443.46900318822,50,1.53465943242918
0.002,215443.46900318822,100,2.357460973151319
0.002,215443.46900318822,133,0.952440942186513
0.002,215443.46900318822,150,0.33738926177466055
0.002,215443.46900318822,200,0.2185859777055157
0.002,215443.46900318822,250,0.08384310722613009
0.002,215443.46900318822,300,0.06147946309283725
0.002,215443.46900318822,1526,0.08774305867336807
0.002,215443.46900318822,2000,0.08784561171705718
0.002,221898.23414589697,1,2.709602635804913
0.002,221898.23414589697,5,1.117158283796016
0.002,221898.23414589697,10,1.7249042802795884
0.002,221898.23414589697,25,4.027860047561262
0.002,221898.23414589697,50,0.5244303452382155
0.002,221898.23414589697,100,1.1948899782400986
0.002,221898.23414589697,133,0.7948629679995065
0.002,221898.23414589697,150,0.6673109782168467
0.002,221898.23414589697,200,0.8673218950279988
0.002,221898.23414589697,250,0.26922903340528137
0.002,221898.23414589697,300,0.04154647548421053
0.002,221898.23414589697,1526,0.5368097967366339
0.002,221898.23414589697,2000,0.5367645480546344
0.002,228546.38641349884,1,2.8742526570204063
0.002,228546.38641349884,5,1.601001573882968
0.002,228546.38641349884,10,0.9592788424233731
0.002,228546.38641349884,25,7.197081345548213
0.002,228546.38641349884,50,3.973546896235348
0.002,228546.38641349884,100,4.057852824942529
0.002,228546.38641349884,133,1.8012657716826652
0.002,228546.38641349884,150,1.3299850636431074
0.002,228546.38641349884,200,0.6507283177015779
0.002,228546.38641349884,250,0.3675827176484745
0.002,228546.38641349884,300,0.4307326655180077
0.002,228546.38641349884,1526,0.000847085004352266
0.002,228546.38641349884,2000,0.000827371550258249
0.002,235393.71975499907,1,1.9304544531805732
0.002,235393.71975499907,5,0.3516577329100983
0.002,235393.71975499907,10,1.2109955005980737
0.002,235393.71975499907,25,1.4363437305946718
0.002,235393.71975499907,50,0.3412205494423688
0.002,235393.71975499907,100,3.3310260157632
0.002,235393.71975499907,133,3.2347424101171782
0.002,235393.71975499907,150,2.298343379472499
0.002,235393.71975499907,200,1.259368154060212
0.002,235393.71975499907,250,0.7284346638225543
0.002,235393.71975499907,300,0.6956750100725912
0.002,235393.71975499907,1526,0.022849010973004624
0.002,235393.71975499907,2000,0.022881903321831487
0.002,242446.20170823307,1,7.368418762296642
0.002,242446.20170823307,5,3.6652004739808035
0.002,242446.20170823307,10,3.808928273159836
0.002,242446.20170823307,25,3.58083128002545
0.002,242446.20170823307,50,1.5699128744417976
0.002,242446.20170823307,100,0.5844471915188478
0.002,242446.20170823307,133,0.7755999145956594
0.002,242446.20170823307,150,0.282166814453376
0.002,242446.20170823307,200,0.4651653747459932
0.002,242446.20170823307,250,0.6499950392535538
0.002,242446.20170823307,300,0.8633609145435912
0.002,242446.20170823307,1526,1.3574569246702595
0.002,242446.20170823307,2000,1.3574819832647336
0.002,249709.97860065434,1,7.158950309505599
0.002,249709.97860065434,5,10.458791033212037
0.002,249709.97860065434,10,9.71168724844756
0.002,249709.97860065434,25,2.2722769622705528
0.002,249709.97860065434,50,6.661775737404241
0.002,249709.97860065434,100,2.8333712676903815
0.002,249709.97860065434,133,2.617902878941095
0.002,249709.97860065434,150,1.850310294325027
0.002,249709.97860065434,200,2.172913627113303
0.002,249709.97860065434,250,1.1900686144144856
0.002,249709.97860065434,300,1.198625394343253
0.002,249709.97860065434,1526,0.3306977832362463
0.002,249709.97860065434,2000,0.33073416431216174
0.002,257191.3809059347,1,0.1277546580240596
0.002,257191.3809059347,5,0.3794117638099124
0.002,257191.3809059347,10,0.21807902625005227
0.002,257191.3809059347,25,0.2845648456896015
0.002,257191.3809059347,50,4.856950179517298
0.002,257191.3809059347,100,3.5756556355227076
0.002,257191.3809059347,133,3.700434288937686
0.002,257191.3809059347,150,3.4367912468442228
0.002,257191.3809059347,200,2.6842207612753555
0.002,257191.3809059347,250,3.0823652807339386
0.002,257191.3809059347,300,2.366983762483869
0.002,257191.3809059347,1526,2.037796073273057
0.002,257191.3809059347,2000,2.037760973602417
0.002,264896.92876105296,1,5.077383958894643
0.002,264896.92876105296,5,10.622181081671442
0.002,264896.92876105296,10,9.445732221807702
0.002,264896.92876105296,25,4.74198678389439
0.002,264896.92876105296,50,2.0590468981681624
0.002,264896.92876105296,100,0.5438895145816787
0.002,264896.92876105296,133,0.28478690187694156
0.002,264896.92876105296,150,0.4431072459483403
0.002,264896.92876105296,200,0.49465819609031314
0.002,264896.92876105296,250,0.49742800231615547
0.002,264896.92876105296,300,0.14342093139930512
0.002,264896.92876105296,1526,0.049992801974440226
0.002,264896.92876105296,2000,0.04996643654158106
0.002,272833.33764867694,1,14.460234628902981
0.002,272833.33764867694,5,5.582655718357273
0.002,272833.33764867694,10,5.820524462109461
0.002,272833.33764867694,25,4.379603721899912
0.002,272833.33764867694,50,3.6066324942548817
0.002,272833.33764867694,100,2.712499843830301
0.002,272833.33764867694,133,3.280502019166306
0.002,272833.33764867694,150,2.9308480067447817
0.002,272833.33764867694,200,1.7778244830478798
0.002,272833.33764867694,250,1.5917494969944528
0.002,272833.33764867694,300,1.2474632855810341
0.002,272833.33764867694,1526,0.5284642400329176
0.002,272833.33764867694,2000,0.5285012190397538
0.002,281007.5242497918,1,9.70247850001033
0.002,281007.5242497918,5,2.752571923461801
0.002,281007.5242497918,10,1.0912314461202186
0.002,281007.5242497918,25,0.813129891477729
0.002,281007.5242497918,50,0.40358520187146496
0.002,281007.5242497918,100,0.9561854941312049
0.002,281007.5242497918,133,2.373021966406668
0.002,281007.5242497918,150,2.6790575066224847
0.002,281007.5242497918,200,1.5482510421097686
0.002,281007.5242497918,250,0.936486924510973
0.002,281007.5242497918,300,1.698894682831451
0.002,281007.5242497918,1526,2.4771694540104363
0.002,281007.5242497918,2000,2.4772251434515056
0.002,289426.61247167515,1,1.9898965127395059
0.002,289426.61247167515,5,2.189876732227276
0.002,289426.61247167515,10,0.9624086527182953
0.002,289426.61247167515,25,0.3005122176473378
0.002,289426.61247167515,50,1.7388086348255456
0.002,289426.61247167515,100,2.2380529377769562
0.002,289426.61247167515,133,2.8293116992244904
0.002,289426.61247167515,150,2.7208883390339906
0.002,289426.61247167515,200,4.539938979040016
0.002,289426.61247167515,250,3.8453192946108175
0.002,289426.61247167515,300,3.799527033475897
0.002,289426.61247167515,1526,3.4221855963442067
0.002,289426.61247167515,2000,3.4221497726357484
0.002,298097.93965647276,1,14.180152000939415
0.002,298097.93965647276,5,5.654807239454385
0.002,298097.93965647276,10,3.9318999749739305
0.002,298097.93965647276,25,0.8864424553394201
0.002,298097.93965647276,50,3.152434330106189
0.002,298097.93965647276,100,3.391893821906706
0.002,298097.93965647276,133,1.355169986927649
0.002,298097.93965647276,150,1.2124024648255727
0.002,298097.93965647276,200,1.845990783731395
0.002,298097.93965647276,250,1.6071099992295785
0.002,298097.93965647276,300,1.1790379701487836
0.002,298097.93965647276,1526,0.9369143218100362
0.002,298097.93965647276,2000,0.9369032133326982
0.002,307029.062975785,1,4.14866990835435
0.002,307029.062975785,5,8.300050346359058
0.002,307029.062975785,10,11.060567729848117
0.002,307029.062975785,25,10.24092540298443
0.002,307029.062975785,50,5.514128731683741
0.002,307029.062975785,100,3.0138184397546866
0.002,307029.062975785,133,1.0412838940501388
0.002,307029.062975785,150,1.355471061076969
0.002,307029.062975785,200,0.8685439616965596
0.002,307029.062975785,250,1.302299425475212
0.002,307029.062975785,300,1.298440391812619
0.002,307029.062975785,1526,0.6436897875573777
0.002,307029.062975785,2000,0.6437476855317072
0.002,316227.76601683797,1,13.12064577764977
0.002,316227.76601683797,5,4.269974691917014
0.002,316227.76601683797,10,4.9586237412258924
0.002,316227.76601683797,25,5.479255839720281
0.002,316227.76601683797,50,1.9929201964732783
0.002,316227.76601683797,100,1.99333225997907
0.002,316227.76601683797,133,0.7724888413504232
0.002,316227.76601683797,150,1.0224964703265869
0.002,316227.76601683797,200,1.2411764687167306
0.002,316227.76601683797,250,0.5288127239982714
0.002,316227.76601683797,300,0.20082932373406948
0.002,316227.76601683797,1526,0.07259016351599712
0.002,316227.76601683797,2000,0.07258410433496465
0.005,100000.0,1,2.529133786856619
0.005,100000.0,5,0.3154764883674943
0.005,100000.0,10,0.08878192136580765
0.005,100000.0,25,1.7967649856946082
0.005,100000.0,50,2.808242570841685
0.005,100000.0,100,2.5876336921974143
0.005,100000.0,133,1.5493447127155378
0.005,100000.0,150,1.6584329913457623
0.005,100000.0,200,1.7154730157963058
0.005,100000.0,250,1.7620442573570472
0.005,100000.0,300,1.7706135023709066
0.005,100000.0,1526,1.7656071662568138
0.005,100000.0,2000,1.7656071662568138
0.005,102996.03658099899,1,5.518161389831221
0.005,102996.03658099899,5,1.624203334828053
0.005,102996.03658099899,10,4.11461286829217
0.005,102996.03658099899,25,2.8019678740001837
0.005,102996.03658099899,50,1.9414876902101241
0.005,102996.03658099899,100,0.8924076013154263
0.005,102996.03658099899,133,0.9660162508007488
0.005,102996.03658099899,150,0.7891751045681303
0.005,102996.03658099899,200,0.7135056644710858
0.005,102996.03658099899,250,0.76494233023368
0.005,102996.03658099899,300,0.7276855504733248
0.005,102996.03658099899,1526,0.7382530834584031
0.005,102996.03658099899,2000,0.7382530834584031
0.005,106081.83551394482,1,2.431494729818951
0.005,106081.83551394482,5,5.416605406902818
0.005,106081.83551394482,10,4.389241989201764
0.005,106081.83551394482,25,4.133879321389031
0.005,106081.83551394482,50,3.5236558468895964
0.005,106081.83551394482,100,5.140731816309199
0.005,106081.83551394482,133,4.215192951101926
0.005,106081.83551394482,150,3.9312970521496027
0.005,106081.83551394482,200,3.870654339736575
0.005,106081.83551394482,250,3.81809808926846
0.005,106081.83551394482,300,3.79180029917552
0.005,106081.83551394482,1526,3.8051107064766256
0.005,106081.83551394482,2000,3.8051107064766256
0.005,109260.0861117378,1,2.205843038527746
0.005,109260.0861117378,5,1.641586881418334
0.005,109260.0861117378,10,0.648607027322214
0.005,109260.0861117378,25,2.186936722277096
0.005,109260.0861117378,50,1.647119422790638
0.005,109260.0861117378,100,0.7830914209771436
0.005,109260.0861117378,133,0.8386987856192718
0.005,109260.0861117378,150,0.4842079040427052
0.005,109260.0861117378,200,0.48198518724711903
0.005,109260.0861117378,250,0.5272513997442729
0.005,109260.0861117378,300,0.5299905125302757
0.005,109260.0861117378,1526,0.5362916417579981
0.005,109260.0861117378,2000,0.5362916417579981
0.005,112533.55826007646,1,1.0358260267639707
0.005,112533.55826007646,5,0.8664066798519343
0.005,112533.55826007646,10,0.03925196204363601
0.005,112533.55826007646,25,1.90565771945694
0.005,112533.55826007646,50,1.196119835240097
0.005,112533.55826007646,100,1.2339702497447433
0.005,112533.55826007646,133,1.3954917460614524
0.005,112533.55826007646,150,1.0491054831672955
0.005,112533.55826007646,200,1.0336482541042642
0.005,112533.55826007646,250,1.0148193763252493
0.005,112533.55826007646,300,1.0382743490135908
0.005,112533.55826007646,1526,1.0345181536049495
0.005,112533.55826007646,2000,1.0345181536049495
0.005,115905.10483144816,1,4.432265228255346
0.005,115905.10483144816,5,7.274280645007821
0.005,115905.10483144816,10,7.347345600830522
0.005,115905.10483144816,25,7.872047316162934
0.005,115905.10483144816,50,6.904790946960929
0.005,115905.10483144816,100,7.280232821220125
0.005,115905.10483144816,133,7.238848640825381
0.005,115905.10483144816,150,6.952594591850357
0.005,115905.10483144816,200,6.820646823896823
0.005,115905.10483144816,250,6.8108213466894085
0.005,115905.10483144816,300,6.8330608633168595
0.005,115905.10483144816,1526,6.817565528699561
0.005,115905.10483144816,2000,6.817565528699561
0.005,119377.66417144357,1,4.709252527307399
0.005,119377.66417144357,5,2.978898802824915
0.005,119377.66417144357,10,3.17460139067407
0.005,119377.66417144357,25,2.211245713342578
0.005,119377.66417144357,50,0.9133601080666267
0.005,119377.66417144357,100,0.36533096926541475
0.005,119377.66417144357,133,0.4472105845397891
0.005,119377.66417144357,150,0.24590322839139844
0.005,119377.66417144357,200,0.19213239390774106
0.005,119377.66417144357,250,0.2166820357851975
0.005,119377.66417144357,300,0.2193903655079339
0.005,119377.66417144357,1526,0.2037846784805879
0.005,119377.66417144357,2000,0.2037846784805879
0.005,122954.26265956216,1,3.3331435399686598
0.005,122954.26265956216,5,2.8996627702072146
0.005,122954.26265956216,10,2.49813042149799
0.005,122954.26265956216,25,1.904089885418216
0.005,122954.26265956216,50,0.1306069167840178
0.005,122954.26265956216,100,0.47837934428935114
0.005,122954.26265956216,133,0.619424693091787
0.005,122954.26265956216,150,0.5296613692753454
0.005,122954.26265956216,200,0.6867083969518717
0.005,122954.26265956216,250,0.6662390878100268
0.005,122954.26265956216,300,0.6559829182315298
0.005,122954.26265956216,1526,0.6573753938500886
0.005,122954.26265956216,2000,0.6573753938500886
0.005,126638.01734674022,1,2.4667397052035085
0.005,126638.01734674022,5,0.6398086462868378
0.005,126638.01734674022,10,1.384193817342748
0.005,126638.01734674022,25,0.9803688367956056
0.005,126638.01734674022,50,2.740981671233385
0.005,126638.01734674022,100,2.0183613498393242
0.005,126638.01734674022,133,1.8672608412198315
0.005,126638.01734674022,150,1.8436703525549092
0.005,126638.01734674022,200,1.6631908188810485
0.005,126638.01734674022,250,1.6584562217594794
0.005,126638.01734674022,300,1.6586404666686576
0.005,126638.01734674022,1526,1.645620855560992
0.005,126638.01734674022,2000,1.645620855560992
0.005,130432.13867190041,1,2.692611518848935
0.005,130432.13867190041,5,1.4452339717372524
0.005,130432.13867190041,10,2.7164563391906995
0.005,130432.13867190041,25,2.3799249680432695
0.005,130432.13867190041,50,1.2842651755636325
0.005,130432.13867190041,100,0.7946850952957902
0.005,130432.13867190041,133,0.47997410855714406
0.005,130432.13867190041,150,0.5635466740750417
0.005,130432.13867190041,200,0.6327533872154163
0.005,130432.13867190041,250,0.6283687876039039
0.005,130432.13867190041,300,0.6367894454524503
0.005,130432.13867190041,1526,0.6365600773242477
0.005,130432.13867190041,2000,0.6365600773242477
0.005,134339.93325988986,1,1.9322773288731696
0.005,134339.93325988986,5,1.0981940786423365
0.005,134339.93325988986,10,1.7576114315761515
0.005,134339.93325988986,25,0.8541088183028478
0.005,134339.93325988986,50,1.288851429530041
0.005,134339.93325988986,100,1.4226856016430247
0.005,134339.93325988986,133,1.5772486382611532
0.005,134339.93325988986,150,1.5147675912648992
0.005,134339.93325988986,200,1.531936916133418
0.005,134339.93325988986,250,1.5108009814866818
0.005,134339.93325988986,300,1.5250093873692094
0.005,134339.93325988986,1526,1.5156078852160135
0.005,134339.93325988986,2000,1.5156078852160135
0.005,138364.8068032461,1,1.655204431648599
0.005,138364.8068032461,5,4.200786761753989
0.005,138364.8068032461,10,1.6580040581957292
0.005,138364.8068032461,25,0.9012120698862418
0.005,138364.8068032461,50,0.6135120735252713
0.005,138364.8068032461,100,1.275922166174496
0.005,138364.8068032461,133,0.9826529435977136
0.005,138364.8068032461,150,0.9746862907286413
0.005,138364.8068032461,200,0.97380048863306
0.005,138364.8068032461,250,0.9951018454066798
0.005,138364.8068032461,300,1.0085008422174724
0.005,138364.8068032461,1526,1.0083538073031377
0.005,138364.8068032461,2000,1.0083538073031377
0.005,142510.26703029993,1,3.471130197223829
0.005,142510.26703029993,5,5.589851313970939
0.005,142510.26703029993,10,4.665179836980315
0.005,142510.26703029993,25,2.494800463982756
0.005,142510.26703029993,50,1.4229421802247089
0.005,142510.26703029993,100,0.5028270033944864
0.005,142510.26703029993,133,0.5841149968746322
0.005,142510.26703029993,150,0.5748244060523575
0.005,142510.26703029993,200,0.5235965069259692
0.005,142510.26703029993,250,0.5246697091952228
0.005,142510.26703029993,300,0.5665045698715403
0.005,142510.26703029993,1526,0.5701094060550531
0.005,142510.26703029993,2000,0.5701094060550531
0.005,146779.92676220706,1,6.56308339021416
0.005,146779.92676220706,5,7.101937704210286
0.005,146779.92676220706,10,4.6303788149325555
0.005,146779.92676220706,25,0.04593212738654984
0.005,146779.92676220706,50,1.1418148113752977
0.005,146779.92676220706,100,0.41470912168915675
0.005,146779.92676220706,133,0.4706252231462713
0.005,146779.92676220706,150,0.46899583615777374
0.005,146779.92676220706,200,0.7099199208932987
0.005,146779.92676220706,250,0.6834516821854777
0.005,146779.92676220706,300,0.6325425597169669
0.005,146779.92676220706,1526,0.6241432295646518
0.005,146779.92676220706,2000,0.6241432295646518
0.005,151177.5070615663,1,1.345733006077353
0.005,151177.5070615663,5,2.1974024181890854
0.005,151177.5070615663,10,0.4249765400945762
0.005,151177.5070615663,25,1.6840869368843414
0.005,151177.5070615663,50,2.3407968102510495
0.005,151177.5070615663,100,2.5186588997858053
0.005,151177.5070615663,133,2.302163464806654
0.005,151177.5070615663,150,2.302820822034846
0.005,151177.5070615663,200,1.9032675193848263
0.005,151177.5070615663,250,1.8658256637991144
0.005,151177.5070615663,300,1.8452327716986474
0.005,151177.5070615663,1526,1.8486548528799176
0.005,151177.5070615663,2000,1.8486548528799176
0.005,155706.84047537317,1,9.849075891190296
0.005,155706.84047537317,5,5.458667709999645
0.005,155706.84047537317,10,4.436221917938383
0.005,155706.84047537317,25,2.3620688880637317
0.005,155706.84047537317,50,2.3450134787181014
0.005,155706.84047537317,100,2.665611823233121
0.005,155706.84047537317,133,2.7153985606419155
0.005,155706.84047537317,150,2.7165150941455067
0.005,155706.84047537317,200,2.3968020243573847
0.005,155706.84047537317,250,2.3916932134725357
0.005,155706.84047537317,300,2.3281982820317353
0.005,155706.84047537317,1526,2.3230209898738394
0.005,155706.84047537317,2000,2.3230209898738394
0.005,160371.8743751331,1,1.4663145932136104
0.005,160371.8743751331,5,0.5172328000735433
0.005,160371.8743751331,10,3.8030114497832983
0.005,160371.8743751331,25,1.4273274190854863
0.005,160371.8743751331,50,0.8228122403088491
0.005,160371.8743751331,100,0.7445491826856596
0.005,160371.8743751331,133,1.2247521273566235
0.005,160371.8743751331,150,1.2416507361813274
0.005,160371.8743751331,200,1.2147091302686022
0.005,160371.8743751331,250,1.2849012723709166
0.005,160371.8743751331,300,1.270752731605171
0.005,160371.8743751331,1526,1.2605220449058834
0.005,160371.8743751331,2000,1.2605220449058834
0.005,165176.67439704583,1,3.383907570716474
0.005,165176.67439704583,5,1.0756326119226287
0.005,165176.67439704583,10,1.9970585283299442
0.005,165176.67439704583,25,1.7886800709839008
0.005,165176.67439704583,50,2.583719810449111
0.005,165176.67439704583,100,2.3236605593465356
0.005,165176.67439704583,133,2.441761985925041
0.005,165176.67439704583,150,2.42609235530108
0.005,165176.67439704583,200,2.342500219874637
0.005,165176.67439704583,250,2.464249271184599
0.005,165176.67439704583,300,2.4122708587037778
0.005,165176.67439704583,1526,2.4186460618566343
0.005,165176.67439704583,2000,2.4186460618566343
0.005,170125.42798525892,1,10.335358162545162
0.005,170125.42798525892,5,4.825814099231138
0.005,170125.42798525892,10,2.209660925234857
0.005,170125.42798525892,25,2.284834355001294
0.005,170125.42798525892,50,1.8658714484990924
0.005,170125.42798525892,100,0.4630169312185899
0.005,170125.42798525892,133,0.14598977345121966
0.005,170125.42798525892,150,0.1894830560304399
0.005,170125.42798525892,200,0.13867368971477845
0.005,170125.42798525892,250,0.28404855432563636
0.005,170125.42798525892,300,0.32818540481457603
0.005,170125.42798525892,1526,0.3023850518366089
0.005,170125.42798525892,2000,0.3023850518366089
0.005,175222.44804127837,1,11.016990807465845
0.005,175222.44804127837,5,5.774684126869033
0.005,175222.44804127837,10,3.341209862321193
0.005,175222.44804127837,25,4.641123378649354
0.005,175222.44804127837,50,4.59318071915186
0.005,175222.44804127837,100,3.707931888935491
0.005,175222.44804127837,133,3.8533578280002985
0.005,175222.44804127837,150,3.9889746465723874
0.005,175222.44804127837,200,3.061086843128578
0.005,175222.44804127837,250,3.172033427734277
0.005,175222.44804127837,300,3.172019257739521
0.005,175222.44804127837,1526,3.1779155803051253
0.005,175222.44804127837,2000,3.1779155803051253
0.005,180472.17668271702,1,8.003436632838202
0.005,180472.17668271702,5,9.565409393491791
0.005,180472.17668271702,10,8.69817757610872
0.005,180472.17668271702,25,8.95593936937803
0.005,180472.17668271702,50,8.816919018718181
0.005,180472.17668271702,100,7.290971569649628
0.005,180472.17668271702,133,6.7934097638408275
0.005,180472.17668271702,150,6.960112337801547
0.005,180472.17668271702,200,6.070948796699668
0.005,180472.17668271702,250,6.025970492599299
0.005,180472.17668271702,300,6.042908121515211
0.005,180472.17668271702,1526,6.017285938733039
0.005,180472.17668271702,2000,6.017285938733039
0.005,185879.18911465636,1,6.265050736692501
0.005,185879.18911465636,5,3.2096748892508913
0.005,185879.18911465636,10,0.5499416867533
0.005,185879.18911465636,25,2.583002469222265
0.005,185879.18911465636,50,2.463413172525179
0.005,185879.18911465636,100,0.7665710178116569
0.005,185879.18911465636,133,1.0207985402776103
0.005,185879.18911465636,150,0.9321091686797445
0.005,185879.18911465636,200,1.0411861923021206
0.005,185879.18911465636,250,1.0554637808236293
0.005,185879.18911465636,300,1.0405362079618499
0.005,185879.18911465636,1526,1.0405907660751836
0.005,185879.18911465636,2000,1.0405907660751836
0.005,191448.19761699575,1,0.5593806165561546
0.005,191448.19761699575,5,6.148955153341376
0.005,191448.19761699575,10,7.133025795817957
0.005,191448.19761699575,25,8.723008715845936
0.005,191448.19761699575,50,8.284950173820107
0.005,191448.19761699575,100,7.105119347117579
0.005,191448.19761699575,133,6.712646644646156
0.005,191448.19761699575,150,6.773651443480048
0.005,191448.19761699575,200,6.572652251270483
0.005,191448.19761699575,250,6.5369804040346935
0.005,191448.19761699575,300,6.538257623931713
0.005,191448.19761699575,1526,6.550348159598798
0.005,191448.19761699575,2000,6.550348159598798
0.005,197184.05565126418,1,1.3392211828140717
0.005,197184.05565126418,5,3.3785971396573586
0.005,197184.05565126418,10,1.907112034939928
0.005,197184.05565126418,25,3.3105565561891126
0.005,197184.05565126418,50,4.022664830798021
0.005,197184.05565126418,100,3.073117866202665
0.005,197184.05565126418,133,3.0419309032185993
0.005,197184.05565126418,150,2.824618890059355
0.005,197184.05565126418,200,2.7751465157234634
0.005,197184.05565126418,250,2.7731683238162077
0.005,197184.05565126418,300,2.761316449079459
0.005,197184.05565126418,1526,2.7455252840954927
0.005,197184.05565126418,2000,2.7455252840954927
0.005,203091.76209047346,1,2.1162725982794655
0.005,203091.76209047346,5,3.742736284406419
0.005,203091.76209047346,10,2.0402975589968264
0.005,203091.76209047346,25,1.1604658311371168
0.005,203091.76209047346,50,2.2452162459849205
0.005,203091.76209047346,100,1.4610872288212704
0.005,203091.76209047346,133,1.3774169468415494
0.005,203091.76209047346,150,1.0593756072958058
0.005,203091.76209047346,200,0.8822528055752628
0.005,203091.76209047346,250,0.8501622149778996
0.005,203091.76209047346,300,0.8508095179240627
0.005,203091.76209047346,1526,0.8581730232399423
0.005,203091.76209047346,2000,0.8581730232399423
0.005,209176.4655756995,1,3.9336561341733614
0.005,209176.4655756995,5,2.7294156490934256
0.005,209176.4655756995,10,2.6970527056728315
0.005,209176.4655756995,25,4.846407986933627
0.005,209176.4655756995,50,6.667849252658925
0.005,209176.4655756995,100,6.616830901755748
0.005,209176.4655756995,133,6.861900024814531
0.005,209176.4655756995,150,6.530919075899874
0.005,209176.4655756995,200,6.304930420152232
0.005,209176.4655756995,250,6.3239902003333555
0.005,209176.4655756995,300,6.3286314280521765
0.005,209176.4655756995,1526,6.318569209794077
0.005,209176.4655756995,2000,6.318569209794077
0.005,215443.46900318822,1,1.1106483489638777
0.005,215443.46900318822,5,1.0293917410926952
0.005,215443.46900318822,10,0.1146656955643266
0.005,215443.46900318822,25,1.2978234258989687
0.005,215443.46900318822,50,1.2594288793334272
0.005,215443.46900318822,100,1.9401262879109709
0.005,215443.46900318822,133,1.2700427495437907
0.005,215443.46900318822,150,1.0269999584379548
0.005,215443.46900318822,200,0.8728701333711797
0.005,215443.46900318822,250,0.9017060771911929
0.005,215443.46900318822,300,0.8927967336821894
0.005,215443.46900318822,1526,0.8889585415709007
0.005,215443.46900318822,2000,0.8889585415709007
0.005,221898.23414589697,1,2.6990671002895397
0.005,221898.23414589697,5,1.1032189291981922
0.005,221898.23414589697,10,1.7041850096502458
0.005,221898.23414589697,25,3.6970577701649745
0.005,221898.23414589697,50,0.7558971844009648
0.005,221898.23414589697,100,0.5780738335124624
0.005,221898.23414589697,133,0.35413201883784495
0.005,221898.23414589697,150,0.30138815658938256
0.005,221898.23414589697,200,0.350006527856749
0.005,221898.23414589697,250,0.2847592204270768
0.005,221898.23414589697,300,0.26797691449610284
0.005,221898.23414589697,1526,0.27408507822838146
0.005,221898.23414589697,2000,0.27408507822838146
0.005,228546.38641349884,1,2.8629342079111666
0.005,228546.38641349884,5,1.5725269173672132
0.005,228546.38641349884,10,0.9464503727576812
0.005,228546.38641349884,25,6.859502502702526
0.005,228546.38641349884,50,4.181476811871107
0.005,228546.38641349884,100,4.2750705869730155
0.005,228546.38641349884,133,3.178122976980376
0.005,228546.38641349884,150,2.9960104964520724
0.005,228546.38641349884,200,2.7969513208518038
0.005,228546.38641349884,250,2.7592497727964655
0.005,228546.38641349884,300,2.7601023549432284
0.005,228546.38641349884,1526,2.7483347296692955
0.005,228546.38641349884,2000,2.7483347296692955
0.005,235393.71975499907,1,1.920311357574974
0.005,235393.71975499907,5,0.36653678788934485
0.005,235393.71975499907,10,1.208707075114944
0.005,235393.71975499907,25,1.4535410262360529
0.005,235393.71975499907,50,0.5731822098350676
0.005,235393.71975499907,100,2.9537199442747806
0.005,235393.71975499907,133,2.9446252339039347
0.005,235393.71975499907,150,2.5805110296569183
0.005,235393.71975499907,200,2.304051733142842
0.005,235393.71975499907,250,2.2536515640495054
0.005,235393.71975499907,300,2.2466364613464975
0.005,235393.71975499907,1526,2.2339057413155388
0.005,235393.71975499907,2000,2.2339057413155388
0.005,242446.20170823307,1,7.361243433937489
0.005,242446.20170823307,5,3.6826495694294863
0.005,242446.20170823307,10,3.820951390938717
0.005,242446.20170823307,25,3.1814518242572376
0.005,242446.20170823307,50,1.4627663136234332
0.005,242446.20170823307,100,0.7945196396976826
0.005,242446.20170823307,133,0.1386903997954505
0.005,242446.20170823307,150,0.547958080733224
0.005,242446.20170823307,200,0.6208968713435752
0.005,242446.20170823307,250,0.49846597955183825
0.005,242446.20170823307,300,0.477577386496705
0.005,242446.20170823307,1526,0.47293865242318134
0.005,242446.20170823307,2000,0.47293865242318134
0.005,249709.97860065434,1,7.161848217401712
0.005,249709.97860065434,5,10.41989999015641
0.005,249709.97860065434,10,9.693477004606393
0.005,249709.97860065434,25,2.65456837995589
0.005,249709.97860065434,50,6.357105620958464
0.005,249709.97860065434,100,3.4507957446039654
0.005,249709.97860065434,133,3.2729101467120927
0.005,249709.97860065434,150,2.9812728490214795
0.005,249709.97860065434,200,3.020727214301587
0.005,249709.97860065434,250,2.8935739851986
0.005,249709.97860065434,300,2.9016415177175077
0.005,249709.97860065434,1526,2.889915326020855
0.005,249709.97860065434,2000,2.889915326020855
0.005,257191.3809059347,1,0.12972067003283883
0.005,257191.3809059347,5,0.4048748227178294
0.005,257191.3809059347,10,0.24281414894358022
0.005,257191.3809059347,25,0.3980588156991871
0.005,257191.3809059347,50,4.270137315070315
0.005,257191.3809059347,100,3.2461196188924077
0.005,257191.3809059347,133,3.3277421188940934
0.005,257191.3809059347,150,3.2371339117671596
0.005,257191.3809059347,200,3.069582527525199
0.005,257191.3809059347,250,3.154467368931364
0.005,257191.3809059347,300,3.099257226771442
0.005,257191.3809059347,1526,3.094051789965306
0.005,257191.3809059347,2000,3.094051789965306
0.005,264896.92876105296,1,5.083957112157805
0.005,264896.92876105296,5,10.60455724926942
0.005,264896.92876105296,10,9.457019385605236
0.005,264896.92876105296,25,4.912178195656452
0.005,264896.92876105296,50,2.5727522779634455
0.005,264896.92876105296,100,0.6419722735481628
0.005,264896.92876105296,133,0.7430299792795267
0.005,264896.92876105296,150,0.6660432399185083
0.005,264896.92876105296,200,0.6464529813019908
0.005,264896.92876105296,250,0.6979582163185114
0.005,264896.92876105296,300,0.7479869633825729
0.005,264896.92876105296,1526,0.7558515320597508
0.005,264896.92876105296,2000,0.7558515320597508
0.005,272833.33764867694,1,14.450130326804356
0.005,272833.33764867694,5,5.63887287637408
0.005,272833.33764867694,10,5.860908014274173
0.005,272833.33764867694,25,4.530387253409572
0.005,272833.33764867694,50,3.731192963914509
0.005,272833.33764867694,100,2.8036851092583674
0.005,272833.33764867694,133,3.128292054952908
0.005,272833.33764867694,150,2.9769969426852185
0.005,272833.33764867694,200,2.7497663778995047
0.005,272833.33764867694,250,2.683084444484848
0.005,272833.33764867694,300,2.6516472071198223
0.005,272833.33764867694,1526,2.638910252102505
0.005,272833.33764867694,2000,2.638910252102505
0.005,281007.5242497918,1,9.690570574693993
0.005,281007.5242497918,5,2.8060938515081943
0.005,281007.5242497918,10,1.175625704574486
0.005,281007.5242497918,25,0.7340404794013011
0.005,281007.5242497918,50,0.23064475821956876
0.005,281007.5242497918,100,0.5651150614394282
0.005,281007.5242497918,133,1.294801442491007
0.005,281007.5242497918,150,1.4242416469460295
0.005,281007.5242497918,200,1.1374558966708719
0.005,281007.5242497918,250,1.0446205194530194
0.005,281007.5242497918,300,1.1066244620160433
0.005,281007.5242497918,1526,1.1313323284230137
0.005,281007.5242497918,2000,1.1313323284230137
0.005,289426.61247167515,1,1.9782783061782538
0.005,289426.61247167515,5,2.1919243871852814
0.005,289426.61247167515,10,1.0002818192551786
0.005,289426.61247167515,25,0.4043926639315032
0.005,289426.61247167515,50,1.432414481361775
0.005,289426.61247167515,100,1.4685689314792398
0.005,289426.61247167515,133,1.7218537577864481
0.005,289426.61247167515,150,1.676740432063525
0.005,289426.61247167515,200,2.118947062142979
0.005,289426.61247167515,250,2.0425299599774007
0.005,289426.61247167515,300,2.042658929625759
0.005,289426.61247167515,1526,2.041250603975641
0.005,289426.61247167515,2000,2.041250603975641
0.005,298097.93965647276,1,14.189378315673821
0.005,298097.93965647276,5,5.720605859773059
0.005,298097.93965647276,10,4.021162107907003
0.005,298097.93965647276,25,1.1157368581407354
0.005,298097.93965647276,50,2.366915298938693
0.005,298097.93965647276,100,2.4148492979184084
0.005,298097.93965647276,133,1.381476200207544
0.005,298097.93965647276,150,1.3229171901875816
0.005,298097.93965647276,200,1.4256239644346351
0.005,298097.93965647276,250,1.4157594746466202
0.005,298097.93965647276,300,1.3788486725425173
0.005,298097.93965647276,1526,1.368462900743907
0.005,298097.93965647276,2000,1.368462900743907
0.005,307029.062975785,1,4.153761224781192
0.005,307029.062975785,5,8.20063027974902
0.005,307029.062975785,10,10.90287218507001
0.005,307029.062975785,25,10.178363369457657
0.005,307029.062975785,50,6.117147862296406
0.005,307029.062975785,100,4.1631558371555
0.005,307029.062975785,133,3.1786111451219767
0.005,307029.062975785,150,3.3049613054936344
0.005,307029.062975785,200,3.1684752218570793
0.005,307029.062975785,250,3.2374090617631737
0.005,307029.062975785,300,3.2362271670463088
0.005,307029.062975785,1526,3.2253336274843605
0.005,307029.062975785,2000,3.2253336274843605
0.005,316227.76601683797,1,13.120533075718413
0.005,316227.76601683797,5,4.338618529414816
0.005,316227.76601683797,10,5.025282079517638
0.005,316227.76601683797,25,5.599958721457369
0.005,316227.76601683797,50,2.5465878769391566
0.005,316227.76601683797,100,2.48315985109366
0.005,316227.76601683797,133,1.9177346214128193
0.005,316227.76601683797,150,2.014653967216873
0.005,316227.76601683797,200,1.9851691779513203
0.005,316227.76601683797,250,1.888564978071372
0.005,316227.76601683797,300,1.8640058618257171
0.005,316227.76601683797,1526,1.8557040773521294
0.005,316227.76601683797,2000,1.8557040773521294
0.01,100000.0,1,2.544618762743994
0.01,100000.0,5,0.23896441141005198
0.01,100000.0,10,0.10198978559128591
0.01,100000.0,25,1.5157312541323336
0.01,100000.0,50,2.151331337505326
0.01,100000.0,100,2.0995823245484644
0.01,100000.0,133,2.0159686651441007
0.01,100000.0,150,2.017145996755062
0.01,100000.0,200,2.018040728291453
0.01,100000.0,250,2.0181550074012193
0.01,100000.0,300,2.018155129513616
0.01,100000.0,1526,2.0181550822562713
0.01,100000.0,2000,2.0181550822562713
0.01,102996.03658099899,1,5.52293659319912
0.01,102996.03658099899,5,1.7209697690414032
0.01,102996.03658099899,10,4.033872782261824
0.01,102996.03658099899,25,2.960293462037953
0.01,102996.03658099899,50,2.391615352838926
0.01,102996.03658099899,100,2.110110414627343
0.01,102996.03658099899,133,2.1100903217120504
0.01,102996.03658099899,150,2.1064859656926274
0.01,102996.03658099899,200,2.105314592474315
0.01,102996.03658099899,250,2.105384588594461
0.01,102996.03658099899,300,2.10538031390206
0.01,102996.03658099899,1526,2.1053804094608495
0.01,102996.03658099899,2000,2.1053804094608495
0.01,106081.83551394482,1,2.4386153407886013
0.01,106081.83551394482,5,5.351721239368999
0.01,106081.83551394482,10,4.350849413187461
0.01,106081.83551394482,25,4.130042571348895
0.01,106081.83551394482,50,3.641250458855211
0.01,106081.83551394482,100,4.104703079807223
0.01,106081.83551394482,133,4.033098185143899
0.01,106081.83551394482,150,4.02576138914992
0.01,106081.83551394482,200,4.024694686366274
0.01,106081.83551394482,250,4.024679262063728
0.01,106081.83551394482,300,4.024677494364369
0.01,106081.83551394482,1526,4.024677605770194
0.01,106081.83551394482,2000,4.024677605770194
0.01,109260.0861117378,1,2.187719189641939
0.01,109260.0861117378,5,1.6293338779396436
0.01,109260.0861117378,10,0.7419377611477103
0.01,109260.0861117378,25,1.9926385305134318
0.01,109260.0861117378,50,1.4570727211194026
0.01,109260.0861117378,100,1.268688946360271
0.01,109260.0861117378,133,1.291972535489549
0.01,109260.0861117378,150,1.2819543932128
0.01,109260.0861117378,200,1.2814442416074598
0.01,109260.0861117378,250,1.2814235346704663
0.01,109260.0861117378,300,1.2814242984804878
0.01,109260.0861117378,1526,1.2814243579614413
0.01,109260.0861117378,2000,1.2814243579614413
0.01,112533.55826007646,1,1.0620846509646071
0.01,112533.55826007646,5,0.7753445945254498
0.01,112533.55826007646,10,0.020983916878321907
0.01,112533.55826007646,25,1.5981091660869424
0.01,112533.55826007646,50,0.9420229626957735
0.01,112533.55826007646,100,0.8603443633328425
0.01,112533.55826007646,133,0.8675863626231148
0.01,112533.55826007646,150,0.8574202808049449
0.01,112533.55826007646,200,0.8567803255809849
0.01,112533.55826007646,250,0.8568138021182676
0.01,112533.55826007646,300,0.8568156013570842
0.01,112533.55826007646,1526,0.8568155663360812
0.01,112533.55826007646,2000,0.8568155663360812
0.01,115905.10483144816,1,4.402265628985333
0.01,115905.10483144816,5,7.156209438458973
0.01,115905.10483144816,10,7.169474650845586
0.01,115905.10483144816,25,7.554658560977259
0.01,115905.10483144816,50,6.798646494637069
0.01,115905.10483144816,100,6.926107538098222
0.01,115905.10483144816,133,6.9173611071419145
0.01,115905.10483144816,150,6.909120005588193
0.01,115905.10483144816,200,6.9079189232579665
0.01,115905.10483144816,250,6.907904238825722
0.01,115905.10483144816,300,6.907906314170759
0.01,115905.10483144816,1526,6.907906205780819
0.01,115905.10483144816,2000,6.907906205780819
0.01,119377.66417144357,1,4.737802566656683
0.01,119377.66417144357,5,3.050588011228683
0.01,119377.66417144357,10,3.238670216760511
0.01,119377.66417144357,25,2.378017880306288
0.01,119377.66417144357,50,1.498982405386414
0.01,119377.66417144357,100,1.289759616180163
0.01,119377.66417144357,133,1.2951781139254308
0.01,119377.66417144357,150,1.2900463632904575
0.01,119377.66417144357,200,1.2898657319183258
0.01,119377.66417144357,250,1.2898508420148573
0.01,119377.66417144357,300,1.2898507141635491
0.01,119377.66417144357,1526,1.2898506068504503
0.01,119377.66417144357,2000,1.2898506068504503
0.01,122954.26265956216,1,3.3111435665996396
0.01,122954.26265956216,5,2.9152250016140897
0.01,122954.26265956216,10,2.588537578267278
0.01,122954.26265956216,25,2.095385505732338
0.01,122954.26265956216,50,0.9853228532865614
0.01,122954.26265956216,100,1.1434774945173558
0.01,122954.26265956216,133,1.1476426006502152
0.01,122954.26265956216,150,1.1463574368935951
0.01,122954.26265956216,200,1.1478544957426493
0.01,122954.26265956216,250,1.1478747883193137
0.01,122954.26265956216,300,1.1478725603046769
0.01,122954.26265956216,1526,1.1478725361466786
0.01,122954.26265956216,2000,1.1478725361466786
0.01,126638.01734674022,1,2.455405774355313
0.01,126638.01734674022,5,0.7172835534838669
0.01,126638.01734674022,10,1.4387721262792184
0.01,126638.01734674022,25,0.9741757855044852
0.01,126638.01734674022,50,2.013652413012096
0.01,126638.01734674022,100,1.7779212766490673
0.01,126638.01734674022,133,1.7604940300661838
0.01,126638.01734674022,150,1.7582684832486848
0.01,126638.01734674022,200,1.7564432046056027
0.01,126638.01734674022,250,1.7564524346780672
0.01,126638.01734674022,300,1.7564523310738878
0.01,126638.01734674022,1526,1.7564522830543865
0.01,126638.01734674022,2000,1.7564522830543865
0.01,130432.13867190041,1,2.6943283988020994
0.01,130432.13867190041,5,1.5110463711080229
0.01,130432.13867190041,10,2.666444566204518
0.01,130432.13867190041,25,2.558474313625993
0.01,130432.13867190041,50,1.9823125805542077
0.01,130432.13867190041,100,1.8429309177263349
0.01,130432.13867190041,133,1.8211937812011456
0.01,130432.13867190041,150,1.8249606127155857
0.01,130432.13867190041,200,1.8260911114866758
0.01,130432.13867190041,250,1.8260704316871852
0.01,130432.13867190041,300,1.8260732573453424
0.01,130432.13867190041,1526,1.826073311664004
0.01,130432.13867190041,2000,1.826073311664004
0.01,134339.93325988986,1,1.9173211611105216
0.01,134339.93325988986,5,1.1058002752561151
0.01,134339.93325988986,10,1.7604123306209658
0.01,134339.93325988986,25,0.39276866331601923
0.01,134339.93325988986,50,0.5679162873511814
0.01,134339.93325988986,100,0.7399653912689246
0.01,134339.93325988986,133,0.7490909372809256
0.01,134339.93325988986,150,0.7464512499791454
0.01,134339.93325988986,200,0.7463342501068837
0.01,134339.93325988986,250,0.7462818657604657
0.01,134339.93325988986,300,0.746283757405763
0.01,134339.93325988986,1526,0.7462836978829728
0.01,134339.93325988986,2000,0.7462836978829728
0.01,138364.8068032461,1,1.6812967709574878
0.01,138364.8068032461,5,4.124749370235804
0.01,138364.8068032461,10,1.7546951108834037
0.01,138364.8068032461,25,0.4927994674126239
0.01,138364.8068032461,50,0.2604793135087675
0.01,138364.8068032461,100,0.3638630210189149
0.01,138364.8068032461,133,0.3390294747769076
0.01,138364.8068032461,150,0.3386142000599648
0.01,138364.8068032461,200,0.3392064284744265
0.01,138364.8068032461,250,0.339244290278657
0.01,138364.8068032461,300,0.33924876129822223
0.01,138364.8068032461,1526,0.3392487013788923
0.01,138364.8068032461,2000,0.3392487013788923
0.01,142510.26703029993,1,3.5042646008823795
0.01,142510.26703029993,5,5.518979724694873
0.01,142510.26703029993,10,4.683389505089508
0.01,142510.26703029993,25,2.917080336899744
0.01,142510.26703029993,50,2.209725284772503
0.01,142510.26703029993,100,1.659478163561289
0.01,142510.26703029993,133,1.6600964190802188
0.01,142510.26703029993,150,1.660698026751561
0.01,142510.26703029993,200,1.662240556519464
0.01,142510.26703029993,250,1.6622415610218013
0.01,142510.26703029993,300,1.6622372258570977
0.01,142510.26703029993,1526,1.6622371690336877
0.01,142510.26703029993,2000,1.6622371690336877
0.01,146779.92676220706,1,6.528337549922071
0.01,146779.92676220706,5,7.0835723106138175
0.01,146779.92676220706,10,4.765473360288524
0.01,146779.92676220706,25,0.9432576682866056
0.01,146779.92676220706,50,0.174358767868398
0.01,146779.92676220706,100,0.5878079282756516
0.01,146779.92676220706,133,0.5869014091440476
0.01,146779.92676220706,150,0.5873315678127256
0.01,146779.92676220706,200,0.5907724172557209
0.01,146779.92676220706,250,0.590726439435457
0.01,146779.92676220706,300,0.5907187174507271
0.01,146779.92676220706,1526,0.5907186638451094
0.01,146779.92676220706,2000,0.5907186638451094
0.01,151177.5070615663,1,1.3762268731825316
0.01,151177.5070615663,5,2.069202391208819
0.01,151177.5070615663,10,0.3743060258020705
0.01,151177.5070615663,25,1.2933436139028345
0.01,151177.5070615663,50,1.732498939456491
0.01,151177.5070615663,100,1.7152539400376554
0.01,151177.5070615663,133,1.7006105258187745
0.01,151177.5070615663,150,1.7004914668723359
0.01,151177.5070615663,200,1.6957194786045875
0.01,151177.5070615663,250,1.6956437292828923
0.01,151177.5070615663,300,1.695641151667587
0.01,151177.5070615663,1526,1.695641166443238
0.01,151177.5070615663,2000,1.695641166443238
0.01,155706.84047537317,1,9.870024043966623
0.01,155706.84047537317,5,5.626021554611725
0.01,155706.84047537317,10,4.6721899203366775
0.01,155706.84047537317,25,2.800074765844329
0.01,155706.84047537317,50,2.8642829702221206
0.01,155706.84047537317,100,2.9923448701338202
0.01,155706.84047537317,133,2.9883646810649225
0.01,155706.84047537317,150,2.9888578764421254
0.01,155706.84047537317,200,2.9853247180526523
0.01,155706.84047537317,250,2.9853574884400587
0.01,155706.84047537317,300,2.9853486531155795
0.01,155706.84047537317,1526,2.9853485913172335
0.01,155706.84047537317,2000,2.9853485913172335
0.01,160371.8743751331,1,1.4739226199872064
0.01,160371.8743751331,5,0.4263042632101133
0.01,160371.8743751331,10,3.4943443372067122
0.01,160371.8743751331,25,1.5189701862527727
0.01,160371.8743751331,50,1.2368789545689651
0.01,160371.8743751331,100,1.2815128880920383
0.01,160371.8743751331,133,1.3161631696584664
0.01,160371.8743751331,150,1.3175255773894605
0.01,160371.8743751331,200,1.317114541239789
0.01,160371.8743751331,250,1.317158585161451
0.01,160371.8743751331,300,1.317157468658479
0.01,160371.8743751331,1526,1.317157341818529
0.01,160371.8743751331,2000,1.317157341818529
0.01,165176.67439704583,1,3.391241057386651
0.01,165176.67439704583,5,1.1335756525913894
0.01,165176.67439704583,10,2.008717866257939
0.01,165176.67439704583,25,1.6573554772912757
0.01,165176.67439704583,50,2.1200466728205356
0.01,165176.67439704583,100,2.1501556917864946
0.01,165176.67439704583,133,2.1594362637515587
0.01,165176.67439704583,150,2.1581865133575775
0.01,165176.67439704583,200,2.155575880608012
0.01,165176.67439704583,250,2.155690062292706
0.01,165176.67439704583,300,2.155682926870213
0.01,165176.67439704583,1526,2.155683092876643
0.01,165176.67439704583,2000,2.155683092876643
0.01,170125.42798525892,1,10.356710089958142
0.01,170125.42798525892,5,5.002109411949277
0.01,170125.42798525892,10,2.570608227444609
0.01,170125.42798525892,25,2.7424658394375
0.01,170125.42798525892,50,2.395566349003275
0.01,170125.42798525892,100,1.9782262561329844
0.01,170125.42798525892,133,1.9387293352938286
0.01,170125.42798525892,150,1.937641688311487
0.01,170125.42798525892,200,1.9444631797923648
0.01,170125.42798525892,250,1.94462399258191
0.01,170125.42798525892,300,1.944627331356969
0.01,170125.42798525892,1526,1.944627168652005
0.01,170125.42798525892,2000,1.944627168652005
0.01,175222.44804127837,1,11.049011014692951
0.01,175222.44804127837,5,5.954772589642744
0.01,175222.44804127837,10,3.667536372835457
0.01,175222.44804127837,25,4.8068411873573496
0.01,175222.44804127837,50,4.956951656249657
0.01,175222.44804127837,100,4.602673284953198
0.01,175222.44804127837,133,4.6125635285116005
0.01,175222.44804127837,150,4.617250526414864
0.01,175222.44804127837,200,4.605735722811005
0.01,175222.44804127837,250,4.605866125610191
0.01,175222.44804127837,300,4.605868332668251
0.01,175222.44804127837,1526,4.605868379125241
0.01,175222.44804127837,2000,4.605868379125241
0.01,180472.17668271702,1,7.966005460340966
0.01,180472.17668271702,5,9.494675294068657
0.01,180472.17668271702,10,8.706464963415783
0.01,180472.17668271702,25,8.985195203562398
0.01,180472.17668271702,50,9.10933233284777
0.01,180472.17668271702,100,8.568208078708267
0.01,180472.17668271702,133,8.537437914930706
0.01,180472.17668271702,150,8.543752194200351
0.01,180472.17668271702,200,8.532969747056995
0.01,180472.17668271702,250,8.532911242336922
0.01,180472.17668271702,300,8.532912746022703
0.01,180472.17668271702,1526,8.532912660364673
0.01,180472.17668271702,2000,8.532912660364673
0.01,185879.18911465636,1,6.228510336590261
0.01,185879.18911465636,5,3.275580577501387
0.01,185879.18911465636,10,0.7837100184297014
0.01,185879.18911465636,25,2.515153586089582
0.01,185879.18911465636,50,2.241657833706995
0.01,185879.18911465636,100,1.646605885529425
0.01,185879.18911465636,133,1.6641571869658947
0.01,185879.18911465636,150,1.6600879188008548
0.01,185879.18911465636,200,1.6649179186169931
0.01,185879.18911465636,250,1.6649251889284642
0.01,185879.18911465636,300,1.6649239461148682
0.01,185879.18911465636,1526,1.6649240687693236
0.01,185879.18911465636,2000,1.6649240687693236
0.01,191448.19761699575,1,0.5887483497754147
0.01,191448.19761699575,5,6.020208177469613
0.01,191448.19761699575,10,6.969477955801267
0.01,191448.19761699575,25,8.374076315194543
0.01,191448.19761699575,50,7.945301383126207
0.01,191448.19761699575,100,7.457372810371453
0.01,191448.19761699575,133,7.424064842154621
0.01,191448.19761699575,150,7.425211293917528
0.01,191448.19761699575,200,7.426333970583073
0.01,191448.19761699575,250,7.426288532147737
0.01,191448.19761699575,300,7.426288570888573
0.01,191448.19761699575,1526,7.426288709837536
0.01,191448.19761699575,2000,7.426288709837536
0.01,197184.05565126418,1,1.322202106595796
0.01,197184.05565126418,5,3.2961053696417366
0.01,197184.05565126418,10,1.9315698422215064
0.01,197184.05565126418,25,3.061941689080413
0.01,197184.05565126418,50,3.6127922507694166
0.01,197184.05565126418,100,3.2516634471467114
0.01,197184.05565126418,133,3.2385622743240674
0.01,197184.05565126418,150,3.231563305049349
0.01,197184.05565126418,200,3.2299624831030087
0.01,197184.05565126418,250,3.2299443642805272
0.01,197184.05565126418,300,3.2299423552758526
0.01,197184.05565126418,1526,3.2299422330288508
0.01,197184.05565126418,2000,3.2299422330288508
0.01,203091.76209047346,1,2.1177928372453607
0.01,203091.76209047346,5,3.7597784415956994
0.01,203091.76209047346,10,2.1463944179376995
0.01,203091.76209047346,25,0.4921985348482849
0.01,203091.76209047346,50,1.2509211179531121
0.01,203091.76209047346,100,0.845038014344027
0.01,203091.76209047346,133,0.8287373634375399
0.01,203091.76209047346,150,0.8177858636227029
0.01,203091.76209047346,200,0.8151071443899127
0.01,203091.76209047346,250,0.8150796847403399
0.01,203091.76209047346,300,0.8150800526855164
0.01,203091.76209047346,1526,0.8150799805007409
0.01,203091.76209047346,2000,0.8150799805007409
0.01,209176.4655756995,1,3.9191432058942155
0.01,209176.4655756995,5,2.8039934664120665
0.01,209176.4655756995,10,2.7498191065860738
0.01,209176.4655756995,25,4.567307646466361
0.01,209176.4655756995,50,5.745005804717948
0.01,209176.4655756995,100,5.712866236437549
0.01,209176.4655756995,133,5.7472215792113275
0.01,209176.4655756995,150,5.735496110133681
0.01,209176.4655756995,200,5.732583162134688
0.01,209176.4655756995,250,5.732623859548767
0.01,209176.4655756995,300,5.732625874796213
0.01,209176.4655756995,1526,5.732625824522984
0.01,209176.4655756995,2000,5.732625824522984
0.01,215443.46900318822,1,1.0823335262102773
0.01,215443.46900318822,5,0.9895808303990634
0.01,215443.46900318822,10,0.08007192043442046
0.01,215443.46900318822,25,0.8892928324676177
0.01,215443.46900318822,50,0.6047510946955299
0.01,215443.46900318822,100,0.9516885315715626
0.01,215443.46900318822,133,0.901988288253051
0.01,215443.46900318822,150,0.8931762539978081
0.01,215443.46900318822,200,0.8913257862441242
0.01,215443.46900318822,250,0.8913032532436773
0.01,215443.46900318822,300,0.8913026042719139
0.01,215443.46900318822,1526,0.8913025900583307
0.01,215443.46900318822,2000,0.8913025900583307
0.01,221898.23414589697,1,2.6616200950957136
0.01,221898.23414589697,5,1.0546326462535944
0.01,221898.23414589697,10,1.6318193393526599
0.01,221898.23414589697,25,2.679310381594405
0.01,221898.23414589697,50,1.111507059795258
0.01,221898.23414589697,100,0.562551586292102
0.01,221898.23414589697,133,0.5882079222683387
0.01,221898.23414589697,150,0.5903333973947156
0.01,221898.23414589697,200,0.5900503777120321
0.01,221898.23414589697,250,0.5900816409521212
0.01,221898.23414589697,300,0.5900844704301562
0.01,221898.23414589697,1526,0.5900844221032457
0.01,221898.23414589697,2000,0.5900844221032457
0.01,228546.38641349884,1,2.822704451966274
0.01,228546.38641349884,5,1.4737701978519908
0.01,228546.38641349884,10,0.9011150585865835
0.01,228546.38641349884,25,5.792224666347465
0.01,228546.38641349884,50,4.41550183156869
0.01,228546.38641349884,100,4.519909774302505
0.01,228546.38641349884,133,4.432141086617776
0.01,228546.38641349884,150,4.425903405954159
0.01,228546.38641349884,200,4.423714169075538
0.01,228546.38641349884,250,4.42364158188866
0.01,228546.38641349884,300,4.423640550598066
0.01,228546.38641349884,1526,4.423640443565091
0.01,228546.38641349884,2000,4.423640443565091
0.01,235393.71975499907,1,1.884259222093533
0.01,235393.71975499907,5,0.41779400127052213
0.01,235393.71975499907,10,1.2013292536503286
0.01,235393.71975499907,25,1.4987935045683116
0.01,235393.71975499907,50,1.1092530208843527
0.01,235393.71975499907,100,2.1135038842876384
0.01,235393.71975499907,133,2.12258975043369
0.01,235393.71975499907,150,2.1099194425587484
0.01,235393.71975499907,200,2.107101121400774
0.01,235393.71975499907,250,2.10715539208104
0.01,235393.71975499907,300,2.107152127155132
0.01,235393.71975499907,1526,2.1071520153018355
0.01,235393.71975499907,2000,2.1071520153018355
0.01,242446.20170823307,1,7.335739788875799
0.01,242446.20170823307,5,3.743715226813947
0.01,242446.20170823307,10,3.8634206920833094
0.01,242446.20170823307,25,1.9237875333383272
0.01,242446.20170823307,50,0.9289671658880252
0.01,242446.20170823307,100,0.7357404559661518
0.01,242446.20170823307,133,0.6856011686868442
0.01,242446.20170823307,150,0.6996107840241166
0.01,242446.20170823307,200,0.7012793543290172
0.01,242446.20170823307,250,0.7012708910551737
0.01,242446.20170823307,300,0.7012669171417656
0.01,242446.20170823307,1526,0.7012670005788095
0.01,242446.20170823307,2000,0.7012670005788095
0.01,249709.97860065434,1,7.172148403089523
0.01,249709.97860065434,5,10.284739320639346
0.01,249709.97860065434,10,9.628338388767588
0.01,249709.97860065434,25,3.837187056265975
0.01,249709.97860065434,50,5.87479701322809
0.01,249709.97860065434,100,4.7494648954198055
0.01,249709.97860065434,133,4.715402532405278
0.01,249709.97860065434,150,4.706014298186346
0.01,249709.97860065434,200,4.70518553592774
0.01,249709.97860065434,250,4.705083670367458
0.01,249709.97860065434,300,4.70508772899484
0.01,249709.97860065434,1526,4.705087651920621
0.01,249709.97860065434,2000,4.705087651920621
0.01,257191.3809059347,1,0.13670856939643272
0.01,257191.3809059347,5,0.4926803589842166
0.01,257191.3809059347,10,0.32895774300050107
0.01,257191.3809059347,25,0.7249972898207488
0.01,257191.3809059347,50,2.881966012871999
0.01,257191.3809059347,100,2.4208819084233255
0.01,257191.3809059347,133,2.4351685104447824
0.01,257191.3809059347,150,2.4333453735780495
0.01,257191.3809059347,200,2.4322774469983415
0.01,257191.3809059347,250,2.432470140938676
0.01,257191.3809059347,300,2.4324631460513046
0.01,257191.3809059347,1526,2.432463085544441
0.01,257191.3809059347,2000,2.432463085544441
0.01,264896.92876105296,1,5.107320414761489
0.01,264896.92876105296,5,10.542083250544238
0.01,264896.92876105296,10,9.492744673432753
0.01,264896.92876105296,25,5.481058648609178
0.01,264896.92876105296,50,4.046876271313522
0.01,264896.92876105296,100,3.3308149076729023
0.01,264896.92876105296,133,3.330516932073806
0.01,264896.92876105296,150,3.3261199445987586
0.01,264896.92876105296,200,3.326233254680119
0.01,264896.92876105296,250,3.326471955031593
0.01,264896.92876105296,300,3.3264788242922805
0.01,264896.92876105296,1526,3.3264788361411775
0.01,264896.92876105296,2000,3.3264788361411775
0.01,272833.33764867694,1,14.414216077126184
0.01,272833.33764867694,5,5.8353589897815255
0.01,272833.33764867694,10,6.005001097088098
0.01,272833.33764867694,25,5.013269510047394
0.01,272833.33764867694,50,4.282858145536011
0.01,272833.33764867694,100,3.679643035364279
0.01,272833.33764867694,133,3.721114262294577
0.01,272833.33764867694,150,3.714188332007325
0.01,272833.33764867694,200,3.714035916247667
0.01,272833.33764867694,250,3.7138070572545985
0.01,272833.33764867694,300,3.713801853598852
0.01,272833.33764867694,1526,3.7138017662000493
0.01,272833.33764867694,2000,3.7138017662000493
0.01,281007.5242497918,1,9.648245612625033
0.01,281007.5242497918,5,2.9922234375044354
0.01,281007.5242497918,10,1.4676187508302974
0.01,281007.5242497918,25,0.4227250002040819
0.01,281007.5242497918,50,0.16890705063997302
0.01,281007.5242497918,100,0.25712904085958144
0.01,281007.5242497918,133,0.324375225303811
0.01,281007.5242497918,150,0.3299149483573274
0.01,281007.5242497918,200,0.3274500753323082
0.01,281007.5242497918,250,0.32730204173276434
0.01,281007.5242497918,300,0.32731017646801774
0.01,281007.5242497918,1526,0.32731031309231184
0.01,281007.5242497918,2000,0.32731031309231184
0.01,289426.61247167515,1,1.9369831066323968
0.01,289426.61247167515,5,2.197611809206137
0.01,289426.61247167515,10,1.1266351596241293
0.01,289426.61247167515,25,0.715390068016859
0.01,289426.61247167515,50,0.5339096127172525
0.01,289426.61247167515,100,0.4919084622451919
0.01,289426.61247167515,133,0.5019561999870348
0.01,289426.61247167515,150,0.5002746698119154
0.01,289426.61247167515,200,0.5034739075999823
0.01,289426.61247167515,250,0.5034558511542855
0.01,289426.61247167515,300,0.5034579730236146
0.01,289426.61247167515,1526,0.5034578885533847
0.01,289426.61247167515,2000,0.5034578885533847
0.01,298097.93965647276,1,14.222171888923185
0.01,298097.93965647276,5,5.952027565512253
0.01,298097.93965647276,10,4.334155615120835
0.01,298097.93965647276,25,1.8592315743735526
0.01,298097.93965647276,50,0.22339769836253254
0.01,298097.93965647276,100,0.11753804279942415
0.01,298097.93965647276,133,0.023877160441770684
0.01,298097.93965647276,150,0.021197974019742105
0.01,298097.93965647276,200,0.02097714882620494
0.01,298097.93965647276,250,0.02107040031478391
0.01,298097.93965647276,300,0.021064488577394513
0.01,298097.93965647276,1526,0.02106452713633189
0.01,298097.93965647276,2000,0.02106452713633189
0.01,307029.062975785,1,4.1718575571721885
0.01,307029.062975785,5,7.852123376007512
0.01,307029.062975785,10,10.35610458476367
0.01,307029.062975785,25,9.90808968228157
0.01,307029.062975785,50,7.504782568299561
0.01,307029.062975785,100,6.727430997070769
0.01,307029.062975785,133,6.64114682500076
0.01,307029.062975785,150,6.646370910326368
0.01,307029.062975785,200,6.644575334517867
0.01,307029.062975785,250,6.64471766099814
0.01,307029.062975785,300,6.6447163880075095
0.01,307029.062975785,1526,6.64471633330686
0.01,307029.062975785,2000,6.64471633330686
0.01,316227.76601683797,1,13.120132493353594
0.01,316227.76601683797,5,4.578961464991153
0.01,316227.76601683797,10,5.257337796090724
0.01,316227.76601683797,25,5.981998179588118
0.01,316227.76601683797,50,4.057820640038699
0.01,316227.76601683797,100,3.937046179904428
0.01,316227.76601683797,133,3.9000195421176613
0.01,316227.76601683797,150,3.9037347358316765
0.01,316227.76601683797,200,3.9007791283038387
0.01,316227.76601683797,250,3.9006639883155003
0.01,316227.76601683797,300,3.9006615972466534
0.01,316227.76601683797,1526,3.9006615518774197
0.01,316227.76601683797,2000,3.9006615518774197
0.03,100000.0,1,2.7027702673731255
0.03,100000.0,5,0.4998053332383279
0.03,100000.0,10,0.48213745368229866
0.03,100000.0,25,0.7134437894528673
0.03,100000.0,50,0.7208668066796236
0.03,100000.0,100,0.7208743774790491
0.03,100000.0,133,0.7208743774754112
0.03,100000.0,150,0.7208743774754112
0.03,100000.0,200,0.7208743774754112
0.03,100000.0,250,0.7208743774754112
0.03,100000.0,300,0.7208743774754112
0.03,100000.0,1526,0.7208743774754112
0.03,100000.0,2000,0.7208743774754112
0.03,102996.03658099899,1,5.571706807828377
0.03,102996.03658099899,5,2.61293385607496
0.03,102996.03658099899,10,3.681573256795673
0.03,102996.03658099899,25,3.5683623705735954
0.03,102996.03658099899,50,3.5566208752479724
0.03,102996.03658099899,100,3.5566257948830753
0.03,102996.03658099899,133,3.5566257948812563
0.03,102996.03658099899,150,3.5566257948812563
0.03,102996.03658099899,200,3.5566257948812563
0.03,102996.03658099899,250,3.5566257948812563
0.03,102996.03658099899,300,3.5566257948812563
0.03,102996.03658099899,1526,3.5566257948812563
0.03,102996.03658099899,2000,3.5566257948812563
0.03,106081.83551394482,1,2.5113397251843708
0.03,106081.83551394482,5,4.780051382227612
0.03,106081.83551394482,10,4.082420111384636
0.03,106081.83551394482,25,4.048469831215698
0.03,106081.83551394482,50,4.030518890836902
0.03,106081.83551394482,100,4.030534941088263
0.03,106081.83551394482,133,4.030534941086444
0.03,106081.83551394482,150,4.030534941086444
0.03,106081.83551394482,200,4.030534941086444
0.03,106081.83551394482,250,4.030534941086444
0.03,106081.83551394482,300,4.030534941086444
0.03,106081.83551394482,1526,4.030534941086444
0.03,106081.83551394482,2000,4.030534941086444
0.03,109260.0861117378,1,2.002616287854835
0.03,109260.0861117378,5,1.4901232367828925
0.03,109260.0861117378,10,1.256937864158317
0.03,109260.0861117378,25,1.4012900237048598
0.03,109260.0861117378,50,1.3759209538202413
0.03,109260.0861117378,100,1.3759270564241888
0.03,109260.0861117378,133,1.3759270564260078
0.03,109260.0861117378,150,1.3759270564260078
0.03,109260.0861117378,200,1.3759270564260078
0.03,109260.0861117378,250,1.3759270564260078
0.03,109260.0861117378,300,1.3759270564260078
0.03,109260.0861117378,1526,1.3759270564260078
0.03,109260.0861117378,2000,1.3759270564260078
0.03,112533.55826007646,1,1.330269823258277
0.03,112533.55826007646,5,0.07012011265396723
0.03,112533.55826007646,10,0.5770068566180271
0.03,112533.55826007646,25,0.7713119506697694
0.03,112533.55826007646,50,0.7439471291872906
0.03,112533.55826007646,100,0.7439325250543334
0.03,112533.55826007646,133,0.7439325250525144
0.03,112533.55826007646,150,0.7439325250525144
0.03,112533.55826007646,200,0.7439325250525144
0.03,112533.55826007646,250,0.7439325250525144
0.03,112533.55826007646,300,0.7439325250525144
0.03,112533.55826007646,1526,0.7439325250525144
0.03,112533.55826007646,2000,0.7439325250525144
0.03,115905.10483144816,1,4.095873045824192
0.03,115905.10483144816,5,6.074883745657644
0.03,115905.10483144816,10,5.8050411318236
0.03,115905.10483144816,25,5.832482542129583
0.03,115905.10483144816,50,5.808488963781201
0.03,115905.10483144816,100,5.808472707556575
0.03,115905.10483144816,133,5.808472707558394
0.03,115905.10483144816,150,5.808472707558394
0.03,115905.10483144816,200,5.808472707558394
0.03,115905.10483144816,250,5.808472707558394
0.03,115905.10483144816,300,5.808472707558394
0.03,115905.10483144816,1526,5.808472707558394
0.03,115905.10483144816,2000,5.808472707558394
0.03,119377.66417144357,1,5.029390471790975
0.03,119377.66417144357,5,3.7200860631710384
0.03,119377.66417144357,10,3.843671734606687
0.03,119377.66417144357,25,3.6278617600601137
0.03,119377.66417144357,50,3.6089741125488217
0.03,119377.66417144357,100,3.608974771530484
0.03,119377.66417144357,133,3.608974771530484
0.03,119377.66417144357,150,3.608974771530484
0.03,119377.66417144357,200,3.608974771530484
0.03,119377.66417144357,250,3.608974771530484
0.03,119377.66417144357,300,3.608974771530484
0.03,119377.66417144357,1526,3.608974771530484
0.03,119377.66417144357,2000,3.608974771530484
0.03,122954.26265956216,1,3.0864529429145477
0.03,122954.26265956216,5,3.0125906269604457
0.03,122954.26265956216,10,3.0937753537509707
0.03,122954.26265956216,25,2.959636190063975
0.03,122954.26265956216,50,2.9444910261809127
0.03,122954.26265956216,100,2.944511667445113
0.03,122954.26265956216,133,2.944511667443294
0.03,122954.26265956216,150,2.944511667443294
0.03,122954.26265956216,200,2.944511667443294
0.03,122954.26265956216,250,2.944511667443294
0.03,122954.26265956216,300,2.944511667443294
0.03,122954.26265956216,1526,2.944511667443294
0.03,122954.26265956216,2000,2.944511667443294
0.03,126638.01734674022,1,2.3396498164547666
0.03,126638.01734674022,5,1.3603135731445946
0.03,126638.01734674022,10,1.8520633110183553
0.03,126638.01734674022,25,1.625323910613588
0.03,126638.01734674022,50,1.6315502066518093
0.03,126638.01734674022,100,1.6315357252278773
0.03,126638.01734674022,133,1.6315357252260583
0.03,126638.01734674022,150,1.6315357252260583
0.03,126638.01734674022,200,1.6315357252260583
0.03,126638.01734674022,250,1.6315357252260583
0.03,126638.01734674022,300,1.6315357252260583
0.03,126638.01734674022,1526,1.6315357252260583
0.03,126638.01734674022,2000,1.6315357252260583
0.03,130432.13867190041,1,2.711863275806536
0.03,130432.13867190041,5,2.0664675686202827
0.03,130432.13867190041,10,2.4779242076565424
0.03,130432.13867190041,25,2.733450788031405
0.03,130432.13867190041,50,2.739651517365928
0.03,130432.13867190041,100,2.7396383282812167
0.03,130432.13867190041,133,2.7396383282793977
0.03,130432.13867190041,150,2.7396383282793977
0.03,130432.13867190041,200,2.7396383282793977
0.03,130432.13867190041,250,2.7396383282793977
0.03,130432.13867190041,300,2.7396383282793977
0.03,130432.13867190041,1526,2.7396383282793977
0.03,130432.13867190041,2000,2.7396383282793977
0.03,134339.93325988986,1,1.7645704915466922
0.03,134339.93325988986,5,1.162652143260857
0.03,134339.93325988986,10,1.6821496669817861
0.03,134339.93325988986,25,1.368713866932012
0.03,134339.93325988986,50,1.3806123518170352
0.03,134339.93325988986,100,1.3805907110436237
0.03,134339.93325988986,133,1.3805907110436237
0.03,134339.93325988986,150,1.3805907110436237
0.03,134339.93325988986,200,1.3805907110436237
0.03,134339.93325988986,250,1.3805907110436237
0.03,134339.93325988986,300,1.3805907110436237
0.03,134339.93325988986,1526,1.3805907110436237
0.03,134339.93325988986,2000,1.3805907110436237
0.03,138364.8068032461,1,1.947783638664987
0.03,138364.8068032461,5,3.5073063901800197
0.03,138364.8068032461,10,2.362915068397342
0.03,138364.8068032461,25,1.7994492208708834
0.03,138364.8068032461,50,1.8149471008709952
0.03,138364.8068032461,100,1.8149467177063343
0.03,138364.8068032461,133,1.8149467177063343
0.03,138364.8068032461,150,1.8149467177063343
0.03,138364.8068032461,200,1.8149467177063343
0.03,138364.8068032461,250,1.8149467177063343
0.03,138364.8068032461,300,1.8149467177063343
0.03,138364.8068032461,1526,1.8149467177063343
0.03,138364.8068032461,2000,1.8149467177063343
0.03,142510.26703029993,1,3.842673638871929
0.03,142510.26703029993,5,4.975775074495687
0.03,142510.26703029993,10,4.70795466139316
0.03,142510.26703029993,25,4.4697367712160485
0.03,142510.26703029993,50,4.4479296594254265
0.03,142510.26703029993,100,4.447913801661343
0.03,142510.26703029993,133,4.447913801663162
0.03,142510.26703029993,150,4.447913801663162
0.03,142510.26703029993,200,4.447913801663162
0.03,142510.26703029993,250,4.447913801663162
0.03,142510.26703029993,300,4.447913801663162
0.03,142510.26703029993,1526,4.447913801663162
0.03,142510.26703029993,2000,4.447913801663162
0.03,146779.92676220706,1,6.173470551004357
0.03,146779.92676220706,5,6.840636277162048
0.03,146779.92676220706,10,5.6497879594462574
0.03,146779.92676220706,25,4.977263629760273
0.03,146779.92676220706,50,4.956097438051074
0.03,146779.92676220706,100,4.956088005730635
0.03,146779.92676220706,133,4.956088005728816
0.03,146779.92676220706,150,4.956088005728816
0.03,146779.92676220706,200,4.956088005728816
0.03,146779.92676220706,250,4.956088005728816
0.03,146779.92676220706,300,4.956088005728816
0.03,146779.92676220706,1526,4.956088005728816
0.03,146779.92676220706,2000,4.956088005728816
0.03,151177.5070615663,1,1.6876675237399468
0.03,151177.5070615663,5,0.8850918214047852
0.03,151177.5070615663,10,0.2836765445154015
0.03,151177.5070615663,25,0.12220414435432758
0.03,151177.5070615663,50,0.10840977787484007
0.03,151177.5070615663,100,0.10841056291974382
0.03,151177.5070615663,133,0.10841056291974382
0.03,151177.5070615663,150,0.10841056291974382
0.03,151177.5070615663,200,0.10841056291974382
0.03,151177.5070615663,250,0.10841056291974382
0.03,151177.5070615663,300,0.10841056291974382
0.03,151177.5070615663,1526,0.10841056291974382
0.03,151177.5070615663,2000,0.10841056291974382
0.03,155706.84047537317,1,10.083972189868291
0.03,155706.84047537317,5,7.119192675336308
0.03,155706.84047537317,10,6.652669604713083
0.03,155706.84047537317,25,6.107513305611064
0.03,155706.84047537317,50,6.116139367975848
0.03,155706.84047537317,100,6.1161331775692815
0.03,155706.84047537317,133,6.1161331775692815
0.03,155706.84047537317,150,6.1161331775692815
0.03,155706.84047537317,200,6.1161331775692815
0.03,155706.84047537317,250,6.1161331775692815
0.03,155706.84047537317,300,6.1161331775692815
0.03,155706.84047537317,1526,6.1161331775692815
0.03,155706.84047537317,2000,6.1161331775692815
0.03,160371.8743751331,1,1.5516250904347544
0.03,160371.8743751331,5,0.36544000660433085
0.03,160371.8743751331,10,1.1329538589598087
0.03,160371.8743751331,25,0.8317502666141081
0.03,160371.8743751331,50,0.8336485613999685
0.03,160371.8743751331,100,0.833636506809853
0.03,160371.8743751331,133,0.833636506811672
0.03,160371.8743751331,150,0.833636506811672
0.03,160371.8743751331,200,0.833636506811672
0.03,160371.8743751331,250,0.833636506811672
0.03,160371.8743751331,300,0.833636506811672
0.03,160371.8743751331,1526,0.833636506811672
0.03,160371.8743751331,2000,0.833636506811672
0.03,165176.67439704583,1,3.4661395886814717
0.03,165176.67439704583,5,1.6694729936007207
0.03,165176.67439704583,10,2.1657624128856696
0.03,165176.67439704583,25,1.7851310273508716
0.03,165176.67439704583,50,1.793163318066945
0.03,165176.67439704583,100,1.79317537101997
0.03,165176.67439704583,133,1.793175371021789
0.03,165176.67439704583,150,1.793175371021789
0.03,165176.67439704583,200,1.793175371021789
0.03,165176.67439704583,250,1.793175371021789
0.03,165176.67439704583,300,1.793175371021789
0.03,165176.67439704583,1526,1.793175371021789
0.03,165176.67439704583,2000,1.793175371021789
0.03,170125.42798525892,1,10.574782076091651
0.03,170125.42798525892,5,6.593204957809576
0.03,170125.42798525892,10,5.463135379277446
0.03,170125.42798525892,25,5.638624102839458
0.03,170125.42798525892,50,5.622384873582632
0.03,170125.42798525892,100,5.622398277486354
0.03,170125.42798525892,133,5.622398277486354
0.03,170125.42798525892,150,5.622398277486354
0.03,170125.42798525892,200,5.622398277486354
0.03,170125.42798525892,250,5.622398277486354
0.03,170125.42798525892,300,5.622398277486354
0.03,170125.42798525892,1526,5.622398277486354
0.03,170125.42798525892,2000,5.622398277486354
0.03,175222.44804127837,1,11.376040516579451
0.03,175222.44804127837,5,7.596489552543062
0.03,175222.44804127837,10,6.410887055504645
0.03,175222.44804127837,25,6.759315341045294
0.03,175222.44804127837,50,6.779773088206639
0.03,175222.44804127837,100,6.779738105457
0.03,175222.44804127837,133,6.779738105457
0.03,175222.44804127837,150,6.779738105457
0.03,175222.44804127837,200,6.779738105457
0.03,175222.44804127837,250,6.779738105457
0.03,175222.44804127837,300,6.779738105457
0.03,175222.44804127837,1526,6.779738105457
0.03,175222.44804127837,2000,6.779738105457
0.03,180472.17668271702,1,7.583712566034592
0.03,180472.17668271702,5,8.799412375698012
0.03,180472.17668271702,10,8.524083012451229
0.03,180472.17668271702,25,8.6981562650235
0.03,180472.17668271702,50,8.72029756216034
0.03,180472.17668271702,100,8.720293593905808
0.03,180472.17668271702,133,8.720293593907627
0.03,180472.17668271702,150,8.720293593907627
0.03,180472.17668271702,200,8.720293593907627
0.03,180472.17668271702,250,8.720293593907627
0.03,180472.17668271702,300,8.720293593907627
0.03,180472.17668271702,1526,8.720293593907627
0.03,180472.17668271702,2000,8.720293593907627
0.03,185879.18911465636,1,5.85531509897919
0.03,185879.18911465636,5,3.7849100140083465
0.03,185879.18911465636,10,2.5369274819167913
0.03,185879.18911465636,25,2.877494766846212
0.03,185879.18911465636,50,2.8529202699646703
0.03,185879.18911465636,100,2.852872292209213
0.03,185879.18911465636,133,2.852872292209213
0.03,185879.18911465636,150,2.852872292209213
0.03,185879.18911465636,200,2.852872292209213
0.03,185879.18911465636,250,2.852872292209213
0.03,185879.18911465636,300,2.852872292209213
0.03,185879.18911465636,1526,2.852872292209213
0.03,185879.18911465636,2000,2.852872292209213
0.03,191448.19761699575,1,0.8886875443713507
0.03,191448.19761699575,5,4.924359726872353
0.03,191448.19761699575,10,5.5395593566208845
0.03,191448.19761699575,25,5.851515306643705
0.03,191448.19761699575,50,5.828695789386984
0.03,191448.19761699575,100,5.828659368526132
0.03,191448.19761699575,133,5.828659368526132
0.03,191448.19761699575,150,5.828659368526132
0.03,191448.19761699575,200,5.828659368526132
0.03,191448.19761699575,250,5.828659368526132
0.03,191448.19761699575,300,5.828659368526132
0.03,191448.19761699575,1526,5.828659368526132
0.03,191448.19761699575,2000,5.828659368526132
0.03,197184.05565126418,1,1.1483824939314218
0.03,197184.05565126418,5,2.5492467428739474
0.03,197184.05565126418,10,1.9473042192366847
0.03,197184.05565126418,25,2.1178713541667094
0.03,197184.05565126418,50,2.1340993849589722
0.03,197184.05565126418,100,2.1340612268759287
0.03,197184.05565126418,133,2.1340612268759287
0.03,197184.05565126418,150,2.1340612268759287
0.03,197184.05565126418,200,2.1340612268759287
0.03,197184.05565126418,250,2.1340612268759287
0.03,197184.05565126418,300,2.1340612268759287
0.03,197184.05565126418,1526,2.1340612268759287
0.03,197184.05565126418,2000,2.1340612268759287
0.03,203091.76209047346,1,2.1333193760947324
0.03,203091.76209047346,5,3.8353034740503062
0.03,203091.76209047346,10,2.9397473306198663
0.03,203091.76209047346,25,2.6208832385418646
0.03,203091.76209047346,50,2.60975155068445
0.03,203091.76209047346,100,2.6098192128920346
0.03,203091.76209047346,133,2.6098192128956725
0.03,203091.76209047346,150,2.6098192128956725
0.03,203091.76209047346,200,2.6098192128956725
0.03,203091.76209047346,250,2.6098192128956725
0.03,203091.76209047346,300,2.6098192128956725
0.03,203091.76209047346,1526,2.6098192128956725
0.03,203091.76209047346,2000,2.6098192128956725
0.03,209176.4655756995,1,3.7709194398012187
0.03,209176.4655756995,5,3.3703497104143025
0.03,209176.4655756995,10,3.20876352862615
0.03,209176.4655756995,25,3.3979889459842525
0.03,209176.4655756995,50,3.4067575297194708
0.03,209176.4655756995,100,3.4067563686876383
0.03,209176.4655756995,133,3.4067563686912763
0.03,209176.4655756995,150,3.4067563686912763
0.03,209176.4655756995,200,3.4067563686912763
0.03,209176.4655756995,250,3.4067563686912763
0.03,209176.4655756995,300,3.4067563686912763
0.03,209176.4655756995,1526,3.4067563686912763
0.03,209176.4655756995,2000,3.4067563686912763
0.03,215443.46900318822,1,0.7931479405124264
0.03,215443.46900318822,5,0.6944299252500059
0.03,215443.46900318822,10,0.1874698218307458
0.03,215443.46900318822,25,0.29795262938932865
0.03,215443.46900318822,50,0.2996252161938173
0.03,215443.46900318822,100,0.2997050592312007
0.03,215443.46900318822,133,0.2997050592312007
0.03,215443.46900318822,150,0.2997050592312007
0.03,215443.46900318822,200,0.2997050592312007
0.03,215443.46900318822,250,0.2997050592312007
0.03,215443.46900318822,300,0.2997050592312007
0.03,215443.46900318822,1526,0.2997050592312007
0.03,215443.46900318822,2000,0.2997050592312007
0.03,221898.23414589697,1,2.279165497973736
0.03,221898.23414589697,5,0.6350245325447759
0.03,221898.23414589697,10,1.0013697730573767
0.03,221898.23414589697,25,0.6637067079464032
0.03,221898.23414589697,50,0.658279415074503
0.03,221898.23414589697,100,0.6583355766742898
0.03,221898.23414589697,133,0.6583355766742898
0.03,221898.23414589697,150,0.6583355766742898
0.03,221898.23414589697,200,0.6583355766742898
0.03,221898.23414589697,250,0.6583355766742898
0.03,221898.23414589697,300,0.6583355766742898
0.03,221898.23414589697,1526,0.6583355766742898
0.03,221898.23414589697,2000,0.6583355766742898
0.03,228546.38641349884,1,2.4118290021651774
0.03,228546.38641349884,5,0.6608795228457893
0.03,228546.38641349884,10,0.46703288948265254
0.03,228546.38641349884,25,1.1893620735572767
0.03,228546.38641349884,50,1.1946666936964903
0.03,228546.38641349884,100,1.1947226511620102
0.03,228546.38641349884,133,1.1947226511583722
0.03,228546.38641349884,150,1.1947226511583722
0.03,228546.38641349884,200,1.1947226511583722
0.03,228546.38641349884,250,1.1947226511583722
0.03,228546.38641349884,300,1.1947226511583722
0.03,228546.38641349884,1526,1.1947226511583722
0.03,228546.38641349884,2000,1.1947226511583722
0.03,235393.71975499907,1,1.5160507397231413
0.03,235393.71975499907,5,0.8138480890775099
0.03,235393.71975499907,10,1.1734042946809495
0.03,235393.71975499907,25,1.4241559318834334
0.03,235393.71975499907,50,1.4318064534854784
0.03,235393.71975499907,100,1.431906462788902
0.03,235393.71975499907,133,1.431906462788902
0.03,235393.71975499907,150,1.431906462788902
0.03,235393.71975499907,200,1.431906462788902
0.03,235393.71975499907,250,1.431906462788902
0.03,235393.71975499907,300,1.431906462788902
0.03,235393.71975499907,1526,1.431906462788902
0.03,235393.71975499907,2000,1.431906462788902
0.03,242446.20170823307,1,7.0752653865129105
0.03,242446.20170823307,5,4.285570276882936
0.03,242446.20170823307,10,4.27415628828021
0.03,242446.20170823307,25,3.402781169894297
0.03,242446.20170823307,50,3.4130359250484616
0.03,242446.20170823307,100,3.4130382067742175
0.03,242446.20170823307,133,3.4130382067742175
0.03,242446.20170823307,150,3.4130382067742175
0.03,242446.20170823307,200,3.4130382067742175
0.03,242446.20170823307,250,3.4130382067742175
0.03,242446.20170823307,300,3.4130382067742175
0.03,242446.20170823307,1526,3.4130382067742175
0.03,242446.20170823307,2000,3.4130382067742175
0.03,249709.97860065434,1,7.277346491595381
0.03,249709.97860065434,5,9.155335849201947
0.03,249709.97860065434,10,8.965874382574839
0.03,249709.97860065434,25,8.04867955370355
0.03,249709.97860065434,50,8.058626873807953
0.03,249709.97860065434,100,8.058519379686913
0.03,249709.97860065434,133,8.058519379683275
0.03,249709.97860065434,150,8.058519379683275
0.03,249709.97860065434,200,8.058519379683275
0.03,249709.97860065434,250,8.058519379683275
0.03,249709.97860065434,300,8.058519379683275
0.03,249709.97860065434,1526,8.058519379683275
0.03,249709.97860065434,2000,8.058519379683275
0.03,257191.3809059347,1,0.2080775406138855
0.03,257191.3809059347,5,1.172862482326309
0.03,257191.3809059347,10,1.041226701458072
0.03,257191.3809059347,25,1.4537932781713607
0.03,257191.3809059347,50,1.4612072915151657
0.03,257191.3809059347,100,1.4611414046485152
0.03,257191.3809059347,133,1.4611414046485152
0.03,257191.3809059347,150,1.4611414046485152
0.03,257191.3809059347,200,1.4611414046485152
0.03,257191.3809059347,250,1.4611414046485152
0.03,257191.3809059347,300,1.4611414046485152
0.03,257191.3809059347,1526,1.4611414046485152
0.03,257191.3809059347,2000,1.4611414046485152
0.03,264896.92876105296,1,5.345935023316997
0.03,264896.92876105296,5,9.923808904935868
0.03,264896.92876105296,10,9.548947888884868
0.03,264896.92876105296,25,8.567622983024194
0.03,264896.92876105296,50,8.561229987593833
0.03,264896.92876105296,100,8.561161644192907
0.03,264896.92876105296,133,8.561161644192907
0.03,264896.92876105296,150,8.561161644192907
0.03,264896.92876105296,200,8.561161644192907
0.03,264896.92876105296,250,8.561161644192907
0.03,264896.92876105296,300,8.561161644192907
0.03,264896.92876105296,1526,8.561161644192907
0.03,264896.92876105296,2000,8.561161644192907
0.03,272833.33764867694,1,14.047415853128769
0.03,272833.33764867694,5,7.564679877639719
0.03,272833.33764867694,10,7.452671087645285
0.03,272833.33764867694,25,7.527279661942885
0.03,272833.33764867694,50,7.5186069844749
0.03,272833.33764867694,100,7.518503427239921
0.03,272833.33764867694,133,7.518503427243559
0.03,272833.33764867694,150,7.518503427243559
0.03,272833.33764867694,200,7.518503427243559
0.03,272833.33764867694,250,7.518503427243559
0.03,272833.33764867694,300,7.518503427243559
0.03,272833.33764867694,1526,7.518503427243559
0.03,272833.33764867694,2000,7.518503427243559
0.03,281007.5242497918,1,9.21597135643242
0.03,281007.5242497918,5,4.555599355055165
0.03,281007.5242497918,10,3.8200117388441868
0.03,281007.5242497918,25,3.012441945647879
0.03,281007.5242497918,50,3.0217059090718976
0.03,281007.5242497918,100,3.021702841419028
0.03,281007.5242497918,133,3.021702841419028
0.03,281007.5242497918,150,3.021702841419028
0.03,281007.5242497918,200,3.021702841419028
0.03,281007.5242497918,250,3.021702841419028
0.03,281007.5242497918,300,3.021702841419028
0.03,281007.5242497918,1526,3.021702841419028
0.03,281007.5242497918,2000,3.021702841419028
0.03,289426.61247167515,1,1.5152260442300758
0.03,289426.61247167515,5,2.1279922817266197
0.03,289426.61247167515,10,1.8318089329841314
0.03,289426.61247167515,25,1.7567209940534667
0.03,289426.61247167515,50,1.7445558509061811
0.03,289426.61247167515,100,1.7446535656636115
0.03,289426.61247167515,133,1.7446535656636115
0.03,289426.61247167515,150,1.7446535656636115
0.03,289426.61247167515,200,1.7446535656636115
0.03,289426.61247167515,250,1.7446535656636115
0.03,289426.61247167515,300,1.7446535656636115
0.03,289426.61247167515,1526,1.7446535656636115
0.03,289426.61247167515,2000,1.7446535656636115
0.03,298097.93965647276,1,14.557099950099655
0.03,298097.93965647276,5,8.109680195757392
0.03,298097.93965647276,10,7.168170990549697
0.03,298097.93965647276,25,6.466245569175953
0.03,298097.93965647276,50,6.447624421547516
0.03,298097.93965647276,100,6.447679115208302
0.03,298097.93965647276,133,6.44767911521194
0.03,298097.93965647276,150,6.44767911521194
0.03,298097.93965647276,200,6.44767911521194
0.03,298097.93965647276,250,6.44767911521194
0.03,298097.93965647276,300,6.44767911521194
0.03,298097.93965647276,1526,6.44767911521194
0.03,298097.93965647276,2000,6.44767911521194
0.03,307029.062975785,1,4.3566794268881495
0.03,307029.062975785,5,4.697185409630038
0.03,307029.062975785,10,5.806856110884837
0.03,307029.062975785,25,5.937491729120666
0.03,307029.062975785,50,5.912448462971952
0.03,307029.062975785,100,5.912396670792077
0.03,307029.062975785,133,5.912396670788439
0.03,307029.062975785,150,5.912396670788439
0.03,307029.062975785,200,5.912396670788439
0.03,307029.062975785,250,5.912396670788439
0.03,307029.062975785,300,5.912396670788439
0.03,307029.062975785,1526,5.912396670788439
0.03,307029.062975785,2000,5.912396670788439
0.03,316227.76601683797,1,13.116041256515018
0.03,316227.76601683797,5,6.731353292016138
0.03,316227.76601683797,10,7.258854925476044
0.03,316227.76601683797,25,7.906368398205814
0.03,316227.76601683797,50,7.879172985740297
0.03,316227.76601683797,100,7.879091094338946
0.03,316227.76601683797,133,7.879091094338946
0.03,316227.76601683797,150,7.879091094338946
0.03,316227.76601683797,200,7.879091094338946
0.03,316227.76601683797,250,7.879091094338946
0.03,316227.76601683797,300,7.879091094338946
0.03,316227.76601683797,1526,7.879091094338946
0.03,316227.76601683797,2000,7.879091094338946
0.1,100000.0,1,3.837808725411378
0.1,100000.0,5,3.692278208283824
0.1,100000.0,10,3.691404775132469
0.1,100000.0,25,3.6914051279618434
0.1,100000.0,50,3.6914051279618434
0.1,100000.0,100,3.6914051279618434
0.1,100000.0,133,3.6914051279618434
0.1,100000.0,150,3.6914051279618434
0.1,100000.0,200,3.6914051279618434
0.1,100000.0,250,3.6914051279618434
0.1,100000.0,300,3.6914051279618434
0.1,100000.0,1526,3.6914051279618434
0.1,100000.0,2000,3.6914051279618434
0.1,102996.03658099899,1,5.921726046284675
0.1,102996.03658099899,5,5.668009965447709
0.1,102996.03658099899,10,5.66865205639624
0.1,102996.03658099899,25,5.668652777152602
0.1,102996.03658099899,50,5.668652777152602
0.1,102996.03658099899,100,5.668652777152602
0.1,102996.03658099899,133,5.668652777152602
0.1,102996.03658099899,150,5.668652777152602
0.1,102996.03658099899,200,5.668652777152602
0.1,102996.03658099899,250,5.668652777152602
0.1,102996.03658099899,300,5.668652777152602
0.1,102996.03658099899,1526,5.668652777152602
0.1,102996.03658099899,2000,5.668652777152602
0.1,106081.83551394482,1,3.033275784651778
0.1,106081.83551394482,5,3.295864023415561
0.1,106081.83551394482,10,3.2944038367277244
0.1,106081.83551394482,25,3.2944040891979967
0.1,106081.83551394482,50,3.2944040891979967
0.1,106081.83551394482,100,3.2944040891979967
0.1,106081.83551394482,133,3.2944040891979967
0.1,106081.83551394482,150,3.2944040891979967
0.1,106081.83551394482,200,3.2944040891979967
0.1,106081.83551394482,250,3.2944040891979967
0.1,106081.83551394482,300,3.2944040891979967
0.1,106081.83551394482,1526,3.2944040891979967
0.1,106081.83551394482,2000,3.2944040891979967
0.1,109260.0861117378,1,0.6741501900178264
0.1,109260.0861117378,5,0.4943825454029138
0.1,109260.0861117378,10,0.49507080638068146
0.1,109260.0861117378,25,0.49507016018651484
0.1,109260.0861117378,50,0.49507016018651484
0.1,109260.0861117378,100,0.49507016018651484
0.1,109260.0861117378,133,0.49507016018651484
0.1,109260.0861117378,150,0.49507016018651484
0.1,109260.0861117378,200,0.49507016018651484
0.1,109260.0861117378,250,0.49507016018651484
0.1,109260.0861117378,300,0.49507016018651484
0.1,109260.0861117378,1526,0.49507016018651484
0.1,109260.0861117378,2000,0.49507016018651484
0.1,112533.55826007646,1,3.2550095539500035
0.1,112533.55826007646,5,3.301156956335035
0.1,112533.55826007646,10,3.301962225486932
0.1,112533.55826007646,25,3.3019619210190285
0.1,112533.55826007646,50,3.3019619210190285
0.1,112533.55826007646,100,3.3019619210190285
0.1,112533.55826007646,133,3.3019619210190285
0.1,112533.55826007646,150,3.3019619210190285
0.1,112533.55826007646,200,3.3019619210190285
0.1,112533.55826007646,250,3.3019619210190285
0.1,112533.55826007646,300,3.3019619210190285
0.1,112533.55826007646,1526,3.3019619210190285
0.1,112533.55826007646,2000,3.3019619210190285
0.1,115905.10483144816,1,1.8969223247440823
0.1,115905.10483144816,5,1.9830865049407294
0.1,115905.10483144816,10,1.9817115357564035
0.1,115905.10483144816,25,1.9817122433087206
0.1,115905.10483144816,50,1.9817122433087206
0.1,115905.10483144816,100,1.9817122433087206
0.1,115905.10483144816,133,1.9817122433087206
0.1,115905.10483144816,150,1.9817122433087206
0.1,115905.10483144816,200,1.9817122433087206
0.1,115905.10483144816,250,1.9817122433087206
0.1,115905.10483144816,300,1.9817122433087206
0.1,115905.10483144816,1526,1.9817122433087206
0.1,115905.10483144816,2000,1.9817122433087206
0.1,119377.66417144357,1,7.122089412605419
0.1,119377.66417144357,5,6.945821543085913
0.1,119377.66417144357,10,6.946242518954023
0.1,119377.66417144357,25,6.946242810008698
0.1,119377.66417144357,50,6.946242810008698
0.1,119377.66417144357,100,6.946242810008698
0.1,119377.66417144357,133,6.946242810008698
0.1,119377.66417144357,150,6.946242810008698
0.1,119377.66417144357,200,6.946242810008698
0.1,119377.66417144357,250,6.946242810008698
0.1,119377.66417144357,300,6.946242810008698
0.1,119377.66417144357,1526,6.946242810008698
0.1,119377.66417144357,2000,6.946242810008698
0.1,122954.26265956216,1,1.4738694923780713
0.1,122954.26265956216,5,1.6800582250507432
0.1,122954.26265956216,10,1.6810193178152986
0.1,122954.26265956216,25,1.6810185462800291
0.1,122954.26265956216,50,1.6810185462800291
0.1,122954.26265956216,100,1.6810185462800291
0.1,122954.26265956216,133,1.6810185462800291
0.1,122954.26265956216,150,1.6810185462800291
0.1,122954.26265956216,200,1.6810185462800291
0.1,122954.26265956216,250,1.6810185462800291
0.1,122954.26265956216,300,1.6810185462800291
0.1,122954.26265956216,1526,1.6810185462800291
0.1,122954.26265956216,2000,1.6810185462800291
0.1,126638.01734674022,1,1.5088802055561246
0.1,126638.01734674022,5,1.6877113910359185
0.1,126638.01734674022,10,1.6889138302558422
0.1,126638.01734674022,25,1.6889140802977636
0.1,126638.01734674022,50,1.6889140802977636
0.1,126638.01734674022,100,1.6889140802977636
0.1,126638.01734674022,133,1.6889140802977636
0.1,126638.01734674022,150,1.6889140802977636
0.1,126638.01734674022,200,1.6889140802977636
0.1,126638.01734674022,250,1.6889140802977636
0.1,126638.01734674022,300,1.6889140802977636
0.1,126638.01734674022,1526,1.6889140802977636
0.1,126638.01734674022,2000,1.6889140802977636
0.1,130432.13867190041,1,2.8377094370825944
0.1,130432.13867190041,5,2.9458016103162663
0.1,130432.13867190041,10,2.9458079850337526
0.1,130432.13867190041,25,2.945808803300679
0.1,130432.13867190041,50,2.945808803300679
0.1,130432.13867190041,100,2.945808803300679
0.1,130432.13867190041,133,2.945808803300679
0.1,130432.13867190041,150,2.945808803300679
0.1,130432.13867190041,200,2.945808803300679
0.1,130432.13867190041,250,2.945808803300679
0.1,130432.13867190041,300,2.945808803300679
0.1,130432.13867190041,1526,2.945808803300679
0.1,130432.13867190041,2000,2.945808803300679
0.1,134339.93325988986,1,0.6682933182582929
0.1,134339.93325988986,5,0.6575531515481998
0.1,134339.93325988986,10,0.658858811335449
0.1,134339.93325988986,25,0.6588590141636814
0.1,134339.93325988986,50,0.6588590141636814
0.1,134339.93325988986,100,0.6588590141636814
0.1,134339.93325988986,133,0.6588590141636814
0.1,134339.93325988986,150,0.6588590141636814
0.1,134339.93325988986,200,0.6588590141636814
0.1,134339.93325988986,250,0.6588590141636814
0.1,134339.93325988986,300,0.6588590141636814
0.1,134339.93325988986,1526,0.6588590141636814
0.1,134339.93325988986,2000,0.6588590141636814
0.1,138364.8068032461,1,3.8603347972402844
0.1,138364.8068032461,5,3.7659766832075547
0.1,138364.8068032461,10,3.764729332555362
0.1,138364.8068032461,25,3.7647284888826107
0.1,138364.8068032461,50,3.7647284888826107
0.1,138364.8068032461,100,3.7647284888826107
0.1,138364.8068032461,133,3.7647284888826107
0.1,138364.8068032461,150,3.7647284888826107
0.1,138364.8068032461,200,3.7647284888826107
0.1,138364.8068032461,250,3.7647284888826107
0.1,138364.8068032461,300,3.7647284888826107
0.1,138364.8068032461,1526,3.7647284888826107
0.1,138364.8068032461,2000,3.7647284888826107
0.1,142510.26703029993,1,6.2714034417567746
0.1,142510.26703029993,5,6.08899959656992
0.1,142510.26703029993,10,6.089167266749428
0.1,142510.26703029993,25,6.089167422118408
0.1,142510.26703029993,50,6.089167422118408
0.1,142510.26703029993,100,6.089167422118408
0.1,142510.26703029993,133,6.089167422118408
0.1,142510.26703029993,150,6.089167422118408
0.1,142510.26703029993,200,6.089167422118408
0.1,142510.26703029993,250,6.089167422118408
0.1,142510.26703029993,300,6.089167422118408
0.1,142510.26703029993,1526,6.089167422118408
0.1,142510.26703029993,2000,6.089167422118408
0.1,146779.92676220706,1,3.6266235121274804
0.1,146779.92676220706,5,3.849260654162208
0.1,146779.92676220706,10,3.8478503078622452
0.1,146779.92676220706,25,3.847849505356862
0.1,146779.92676220706,50,3.847849505356862
0.1,146779.92676220706,100,3.847849505356862
0.1,146779.92676220706,133,3.847849505356862
0.1,146779.92676220706,150,3.847849505356862
0.1,146779.92676220706,200,3.847849505356862
0.1,146779.92676220706,250,3.847849505356862
0.1,146779.92676220706,300,3.847849505356862
0.1,146779.92676220706,1526,3.847849505356862
0.1,146779.92676220706,2000,3.847849505356862
0.1,151177.5070615663,1,3.92284774923246
0.1,151177.5070615663,5,3.7344511047340347
0.1,151177.5070615663,10,3.7355753839310637
0.1,151177.5070615663,25,3.735575133414386
0.1,151177.5070615663,50,3.735575133414386
0.1,151177.5070615663,100,3.735575133414386
0.1,151177.5070615663,133,3.735575133414386
0.1,151177.5070615663,150,3.735575133414386
0.1,151177.5070615663,200,3.735575133414386
0.1,151177.5070615663,250,3.735575133414386
0.1,151177.5070615663,300,3.735575133414386
0.1,151177.5070615663,1526,3.735575133414386
0.1,151177.5070615663,2000,3.735575133414386
0.1,155706.84047537317,1,11.61945788880439
0.1,155706.84047537317,5,11.544843238707472
0.1,155706.84047537317,10,11.544488212035503
0.1,155706.84047537317,25,11.544487269284218
0.1,155706.84047537317,50,11.544487269284218
0.1,155706.84047537317,100,11.544487269284218
0.1,155706.84047537317,133,11.544487269284218
0.1,155706.84047537317,150,11.544487269284218
0.1,155706.84047537317,200,11.544487269284218
0.1,155706.84047537317,250,11.544487269284218
0.1,155706.84047537317,300,11.544487269284218
0.1,155706.84047537317,1526,11.544487269284218
0.1,155706.84047537317,2000,11.544487269284218
0.1,160371.8743751331,1,2.109288404792096
0.1,160371.8743751331,5,2.198064185997282
0.1,160371.8743751331,10,2.1966911572417303
0.1,160371.8743751331,25,2.1966913432988804
0.1,160371.8743751331,50,2.1966913432988804
0.1,160371.8743751331,100,2.1966913432988804
0.1,160371.8743751331,133,2.1966913432988804
0.1,160371.8743751331,150,2.1966913432988804
0.1,160371.8743751331,200,2.1966913432988804
0.1,160371.8743751331,250,2.1966913432988804
0.1,160371.8743751331,300,2.1966913432988804
0.1,160371.8743751331,1526,2.1966913432988804
0.1,160371.8743751331,2000,2.1966913432988804
0.1,165176.67439704583,1,4.0036792957453144
0.1,165176.67439704583,5,3.7635212158165814
0.1,165176.67439704583,10,3.7643378141729045
0.1,165176.67439704583,25,3.7643368135213677
0.1,165176.67439704583,50,3.7643368135213677
0.1,165176.67439704583,100,3.7643368135213677
0.1,165176.67439704583,133,3.7643368135213677
0.1,165176.67439704583,150,3.7643368135213677
0.1,165176.67439704583,200,3.7643368135213677
0.1,165176.67439704583,250,3.7643368135213677
0.1,165176.67439704583,300,3.7643368135213677
0.1,165176.67439704583,1526,3.7643368135213677
0.1,165176.67439704583,2000,3.7643368135213677
0.1,170125.42798525892,1,12.139864188091451
0.1,170125.42798525892,5,11.82992949632171
0.1,170125.42798525892,10,11.829284870935226
0.1,170125.42798525892,25,11.829284975734481
0.1,170125.42798525892,50,11.829284975734481
0.1,170125.42798525892,100,11.829284975734481
0.1,170125.42798525892,133,11.829284975734481
0.1,170125.42798525892,150,11.829284975734481
0.1,170125.42798525892,200,11.829284975734481
0.1,170125.42798525892,250,11.829284975734481
0.1,170125.42798525892,300,11.829284975734481
0.1,170125.42798525892,1526,11.829284975734481
0.1,170125.42798525892,2000,11.829284975734481
0.1,175222.44804127837,1,13.723100460294518
0.1,175222.44804127837,5,13.468465490348535
0.1,175222.44804127837,10,13.46712698952797
0.1,175222.44804127837,25,13.467127959820573
0.1,175222.44804127837,50,13.467127959820573
0.1,175222.44804127837,100,13.467127959820573
0.1,175222.44804127837,133,13.467127959820573
0.1,175222.44804127837,150,13.467127959820573
0.1,175222.44804127837,200,13.467127959820573
0.1,175222.44804127837,250,13.467127959820573
0.1,175222.44804127837,300,13.467127959820573
0.1,175222.44804127837,1526,13.467127959820573
0.1,175222.44804127837,2000,13.467127959820573
0.1,180472.17668271702,1,4.840032458236237
0.1,180472.17668271702,5,4.922767498044777
0.1,180472.17668271702,10,4.923250195215587
0.1,180472.17668271702,25,4.9232503183066
0.1,180472.17668271702,50,4.9232503183066
0.1,180472.17668271702,100,4.9232503183066
0.1,180472.17668271702,133,4.9232503183066
0.1,180472.17668271702,150,4.9232503183066
0.1,180472.17668271702,200,4.9232503183066
0.1,180472.17668271702,250,4.9232503183066
0.1,180472.17668271702,300,4.9232503183066
0.1,180472.17668271702,1526,4.9232503183066
0.1,180472.17668271702,2000,4.9232503183066
0.1,185879.18911465636,1,3.176928016702732
0.1,185879.18911465636,5,3.033332671457174
0.1,185879.18911465636,10,3.032370293574786
0.1,185879.18911465636,25,3.0323712834288017
0.1,185879.18911465636,50,3.0323712834288017
0.1,185879.18911465636,100,3.0323712834288017
0.1,185879.18911465636,133,3.0323712834288017
0.1,185879.18911465636,150,3.0323712834288017
0.1,185879.18911465636,200,3.0323712834288017
0.1,185879.18911465636,250,3.0323712834288017
0.1,185879.18911465636,300,3.0323712834288017
0.1,185879.18911465636,1526,3.0323712834288017
0.1,185879.18911465636,2000,3.0323712834288017
0.1,191448.19761699575,1,3.0413229033365496
0.1,191448.19761699575,5,3.374747594469227
0.1,191448.19761699575,10,3.376146825710748
0.1,191448.19761699575,25,3.3761470021381683
0.1,191448.19761699575,50,3.3761470021381683
0.1,191448.19761699575,100,3.3761470021381683
0.1,191448.19761699575,133,3.3761470021381683
0.1,191448.19761699575,150,3.3761470021381683
0.1,191448.19761699575,200,3.3761470021381683
0.1,191448.19761699575,250,3.3761470021381683
0.1,191448.19761699575,300,3.3761470021381683
0.1,191448.19761699575,1526,3.3761470021381683
0.1,191448.19761699575,2000,3.3761470021381683
0.1,197184.05565126418,1,0.09910450025563478
0.1,197184.05565126418,5,0.5054794617717562
0.1,197184.05565126418,10,0.5058370918086439
0.1,197184.05565126418,25,0.5058382054849062
0.1,197184.05565126418,50,0.5058382054849062
0.1,197184.05565126418,100,0.5058382054849062
0.1,197184.05565126418,133,0.5058382054849062
0.1,197184.05565126418,150,0.5058382054849062
0.1,197184.05565126418,200,0.5058382054849062
0.1,197184.05565126418,250,0.5058382054849062
0.1,197184.05565126418,300,0.5058382054849062
0.1,197184.05565126418,1526,0.5058382054849062
0.1,197184.05565126418,2000,0.5058382054849062
0.1,203091.76209047346,1,2.2447518835178926
0.1,203091.76209047346,5,2.5716472311105463
0.1,203091.76209047346,10,2.570606477853289
0.1,203091.76209047346,25,2.5706063555262517
0.1,203091.76209047346,50,2.5706063555262517
0.1,203091.76209047346,100,2.5706063555262517
0.1,203091.76209047346,133,2.5706063555262517
0.1,203091.76209047346,150,2.5706063555262517
0.1,203091.76209047346,200,2.5706063555262517
0.1,203091.76209047346,250,2.5706063555262517
0.1,203091.76209047346,300,2.5706063555262517
0.1,203091.76209047346,1526,2.5706063555262517
0.1,203091.76209047346,2000,2.5706063555262517
0.1,209176.4655756995,1,2.7071314265049295
0.1,209176.4655756995,5,2.8254984730810975
0.1,209176.4655756995,10,2.824156269110972
0.1,209176.4655756995,25,2.8241550739658123
0.1,209176.4655756995,50,2.8241550739658123
0.1,209176.4655756995,100,2.8241550739658123
0.1,209176.4655756995,133,2.8241550739658123
0.1,209176.4655756995,150,2.8241550739658123
0.1,209176.4655756995,200,2.8241550739658123
0.1,209176.4655756995,250,2.8241550739658123
0.1,209176.4655756995,300,2.8241550739658123
0.1,209176.4655756995,1526,2.8241550739658123
0.1,209176.4655756995,2000,2.8241550739658123
0.1,215443.46900318822,1,1.2823097798864183
0.1,215443.46900318822,5,1.4289202691616083
0.1,215443.46900318822,10,1.4292168689644313
0.1,215443.46900318822,25,1.4292168537031102
0.1,215443.46900318822,50,1.4292168537031102
0.1,215443.46900318822,100,1.4292168537031102
0.1,215443.46900318822,133,1.4292168537031102
0.1,215443.46900318822,150,1.4292168537031102
0.1,215443.46900318822,200,1.4292168537031102
0.1,215443.46900318822,250,1.4292168537031102
0.1,215443.46900318822,300,1.4292168537031102
0.1,215443.46900318822,1526,1.4292168537031102
0.1,215443.46900318822,2000,1.4292168537031102
0.1,221898.23414589697,1,0.46567513571790187
0.1,221898.23414589697,5,0.8385381581283582
0.1,221898.23414589697,10,0.8375881427637069
0.1,221898.23414589697,25,0.83758701030456
0.1,221898.23414589697,50,0.83758701030456
0.1,221898.23414589697,100,0.83758701030456
0.1,221898.23414589697,133,0.83758701030456
0.1,221898.23414589697,150,0.83758701030456
0.1,221898.23414589697,200,0.83758701030456
0.1,221898.23414589697,250,0.83758701030456
0.1,221898.23414589697,300,0.83758701030456
0.1,221898.23414589697,1526,0.83758701030456
0.1,221898.23414589697,2000,0.83758701030456
0.1,228546.38641349884,1,0.5369854152449989
0.1,228546.38641349884,5,1.0121960515825776
0.1,228546.38641349884,10,1.0110964059640537
0.1,228546.38641349884,25,1.0110965125459188
0.1,228546.38641349884,50,1.0110965125459188
0.1,228546.38641349884,100,1.0110965125459188
0.1,228546.38641349884,133,1.0110965125459188
0.1,228546.38641349884,150,1.0110965125459188
0.1,228546.38641349884,200,1.0110965125459188
0.1,228546.38641349884,250,1.0110965125459188
0.1,228546.38641349884,300,1.0110965125459188
0.1,228546.38641349884,1526,1.0110965125459188
0.1,228546.38641349884,2000,1.0110965125459188
0.1,235393.71975499907,1,1.1265468697311007
0.1,235393.71975499907,5,1.5341445822559763
0.1,235393.71975499907,10,1.534120015156077
0.1,235393.71975499907,25,1.534121266195143
0.1,235393.71975499907,50,1.534121266195143
0.1,235393.71975499907,100,1.534121266195143
0.1,235393.71975499907,133,1.534121266195143
0.1,235393.71975499907,150,1.534121266195143
0.1,235393.71975499907,200,1.534121266195143
0.1,235393.71975499907,250,1.534121266195143
0.1,235393.71975499907,300,1.534121266195143
0.1,235393.71975499907,1526,1.534121266195143
0.1,235393.71975499907,2000,1.534121266195143
0.1,242446.20170823307,1,5.2058651256375015
0.1,242446.20170823307,5,5.023698824290477
0.1,242446.20170823307,10,5.022556424999493
0.1,242446.20170823307,25,5.022556517167686
0.1,242446.20170823307,50,5.022556517167686
0.1,242446.20170823307,100,5.022556517167686
0.1,242446.20170823307,133,5.022556517167686
0.1,242446.20170823307,150,5.022556517167686
0.1,242446.20170823307,200,5.022556517167686
0.1,242446.20170823307,250,5.022556517167686
0.1,242446.20170823307,300,5.022556517167686
0.1,242446.20170823307,1526,5.022556517167686
0.1,242446.20170823307,2000,5.022556517167686
0.1,249709.97860065434,1,8.032343267928809
0.1,249709.97860065434,5,7.9047046336345375
0.1,249709.97860065434,10,7.905872159913997
0.1,249709.97860065434,25,7.905870822934958
0.1,249709.97860065434,50,7.905870822934958
0.1,249709.97860065434,100,7.905870822934958
0.1,249709.97860065434,133,7.905870822934958
0.1,249709.97860065434,150,7.905870822934958
0.1,249709.97860065434,200,7.905870822934958
0.1,249709.97860065434,250,7.905870822934958
0.1,249709.97860065434,300,7.905870822934958
0.1,249709.97860065434,1526,7.905870822934958
0.1,249709.97860065434,2000,7.905870822934958
0.1,257191.3809059347,1,0.7202859273165814
0.1,257191.3809059347,5,1.125669620832923
0.1,257191.3809059347,10,1.1257053599038045
0.1,257191.3809059347,25,1.1257052876244416
0.1,257191.3809059347,50,1.1257052876244416
0.1,257191.3809059347,100,1.1257052876244416
0.1,257191.3809059347,133,1.1257052876244416
0.1,257191.3809059347,150,1.1257052876244416
0.1,257191.3809059347,200,1.1257052876244416
0.1,257191.3809059347,250,1.1257052876244416
0.1,257191.3809059347,300,1.1257052876244416
0.1,257191.3809059347,1526,1.1257052876244416
0.1,257191.3809059347,2000,1.1257052876244416
0.1,264896.92876105296,1,7.058449602252949
0.1,264896.92876105296,5,7.590383185757673
0.1,264896.92876105296,10,7.591658174460463
0.1,264896.92876105296,25,7.5916567703206965
0.1,264896.92876105296,50,7.5916567703206965
0.1,264896.92876105296,100,7.5916567703206965
0.1,264896.92876105296,133,7.5916567703206965
0.1,264896.92876105296,150,7.5916567703206965
0.1,264896.92876105296,200,7.5916567703206965
0.1,264896.92876105296,250,7.5916567703206965
0.1,264896.92876105296,300,7.5916567703206965
0.1,264896.92876105296,1526,7.5916567703206965
0.1,264896.92876105296,2000,7.5916567703206965
0.1,272833.33764867694,1,11.414925181423314
0.1,272833.33764867694,5,10.97770515443699
0.1,272833.33764867694,10,10.97647529126698
0.1,272833.33764867694,25,10.976475230083452
0.1,272833.33764867694,50,10.976475230083452
0.1,272833.33764867694,100,10.976475230083452
0.1,272833.33764867694,133,10.976475230083452
0.1,272833.33764867694,150,10.976475230083452
0.1,272833.33764867694,200,10.976475230083452
0.1,272833.33764867694,250,10.976475230083452
0.1,272833.33764867694,300,10.976475230083452
0.1,272833.33764867694,1526,10.976475230083452
0.1,272833.33764867694,2000,10.976475230083452
0.1,281007.5242497918,1,6.113579720331472
0.1,281007.5242497918,5,5.97241616872634
0.1,281007.5242497918,10,5.972585481522401
0.1,281007.5242497918,25,5.972584026269033
0.1,281007.5242497918,50,5.972584026269033
0.1,281007.5242497918,100,5.972584026269033
0.1,281007.5242497918,133,5.972584026269033
0.1,281007.5242497918,150,5.972584026269033
0.1,281007.5242497918,200,5.972584026269033
0.1,281007.5242497918,250,5.972584026269033
0.1,281007.5242497918,300,5.972584026269033
0.1,281007.5242497918,1526,5.972584026269033
0.1,281007.5242497918,2000,5.972584026269033
0.1,289426.61247167515,1,1.5116846822675143
0.1,289426.61247167515,5,1.270486278419412
0.1,289426.61247167515,10,1.268956480002089
0.1,289426.61247167515,25,1.2689564226275252
0.1,289426.61247167515,50,1.2689564226275252
0.1,289426.61247167515,100,1.2689564226275252
0.1,289426.61247167515,133,1.2689564226275252
0.1,289426.61247167515,150,1.2689564226275252
0.1,289426.61247167515,200,1.2689564226275252
0.1,289426.61247167515,250,1.2689564226275252
0.1,289426.61247167515,300,1.2689564226275252
0.1,289426.61247167515,1526,1.2689564226275252
0.1,289426.61247167515,2000,1.2689564226275252
0.1,298097.93965647276,1,16.960847110152827
0.1,298097.93965647276,5,16.41883547634643
0.1,298097.93965647276,10,16.41749486128174
0.1,298097.93965647276,25,16.41749341342438
0.1,298097.93965647276,50,16.41749341342438
0.1,298097.93965647276,100,16.41749341342438
0.1,298097.93965647276,133,16.41749341342438
0.1,298097.93965647276,150,16.41749341342438
0.1,298097.93965647276,200,16.41749341342438
0.1,298097.93965647276,250,16.41749341342438
0.1,298097.93965647276,300,16.41749341342438
0.1,298097.93965647276,1526,16.41749341342438
0.1,298097.93965647276,2000,16.41749341342438
0.1,307029.062975785,1,5.683128583998041
0.1,307029.062975785,5,5.066450002934289
0.1,307029.062975785,10,5.066806366339733
0.1,307029.062975785,25,5.066806551116315
0.1,307029.062975785,50,5.066806551116315
0.1,307029.062975785,100,5.066806551116315
0.1,307029.062975785,133,5.066806551116315
0.1,307029.062975785,150,5.066806551116315
0.1,307029.062975785,200,5.066806551116315
0.1,307029.062975785,250,5.066806551116315
0.1,307029.062975785,300,5.066806551116315
0.1,307029.062975785,1526,5.066806551116315
0.1,307029.062975785,2000,5.066806551116315
0.1,316227.76601683797,1,13.08667883493763
0.1,316227.76601683797,5,12.669385272529325
0.1,316227.76601683797,10,12.671187989701139
0.1,316227.76601683797,25,12.671189593216695
0.1,316227.76601683797,50,12.671189593216695
0.1,316227.76601683797,100,12.671189593216695
0.1,316227.76601683797,133,12.671189593216695
0.1,316227.76601683797,150,12.671189593216695
0.1,316227.76601683797,200,12.671189593216695
0.1,316227.76601683797,250,12.671189593216695
0.1,316227.76601683797,300,12.671189593216695
0.1,316227.76601683797,1526,12.671189593216695
0.1,316227.76601683797,2000,12.671189593216695
