14.1347251417346937904572519836
21.0220396387715549926284795939
25.0108575801456887632137909926
30.4248761258595132103118975306
32.9350615877391896906623689641
37.5861781588256712572177634807
40.9187190121474951873981269146
43.3270732809149995194961221654
48.0051508811671597279424727494
49.7738324776723021819167846786
52.9703214777144606441472966089
56.4462476970633948043677594767
59.347044002602353079653648675
60.8317785246098098442599018245
65.1125440480816066608750542532
67.0798105294941737144788288965
69.5464017111739792529268575266
72.0671576744819075825221079698
75.704690699083933168326916762
77.1448400688748053726826648563
79.3373750202493679227635928771
82.9103808540860301831648374948
84.7354929805170501057353112068
87.4252746131252294065316678509
88.8091112076344654236823480795
92.4918992705584842962597252418
94.6513440405198869665979258152
95.8706342282453097587410292192
98.8311942181936922333244201386
101.31785100573139122878544794
103.725538040478339416398408109
105.446623052326094493670832414
107.168611184276407515123351963
111.02953554316967452465645031
111.874659176992637085612078717
114.320220915452712765890937276
116.226680320857554382160804312
118.790782865976217322979139703
121.37012500242064591894553297
122.946829293552588200817460331
124.256818554345767184732007966
127.516683879596495124279323767
129.578704199956050985768033906
131.087688530932656723566372461
133.497737202997586450130492043
134.756509753373871331326064157
138.11604205453344320019155519
139.736208952121388950450046523
141.123707404021123761940353818
143.111845807620632739405123869
146.000982486765518547402507596
147.42276534255960204952118501
150.053520420784880351432467237
150.925257612241466761852524678
153.024693811198896198256544255
156.11290929423786756975018931
157.597591817594059887530503159
158.849988171420498724174994776
161.188964137596027519437344129
163.030709687181987243311039001
165.537069187900418830038919355
167.184439978174513440957756246
169.094515415568821489505871181
169.911976479411698966699843596
173.411536519591552959846118649
174.754191523365725813378762456
176.441434297710418888892641058
178.377407776099977285830935414
179.916484020256996139340036612
182.207078484366461915407037227
184.874467848387508800960646617
185.598783677707471466527704268
187.228922583501851991641540586
189.4161586560169370848522891
192.026656360713786547283631426
193.079726603845704047402205794
195.265396679529235321463187815
196.876481840958316948622263915
198.015309676251912424919918702
201.264751943703788733016133428
202.493594514140534277686660638
204.189671803104554330716438386
205.394697202163286025212379391
207.906258887806209861501967908
209.57650971685625985283564429
211.690862595365307563907486731
213.347919359712666190639122021
214.547044783491423222944201073
216.169538508263700265869563354
219.06759634902137898567725659
220.714918839314003369115592634
221.430705554693338732097475119
224.007000254604335211728875528
224.983324669582287503782523681
227.421444279679291310461436161
229.337413305525348107760083306
231.25018870049916477380618677
231.987235253180248603771668539
233.693404178908300640704494733
236.524229665816205802475507956
237.769820480925204003236625926
239.555477573327628740268932034
241.04915779621658641283792141
242.823271934222600016826474459
244.07089849707815823681652799
247.136990074897499467550968179
248.101990060148459256762142085
249.573689644707209192329794189
251.014947795016001142954155104
253.069986747999477194599013786
255.306256454914022753086491794
256.38071369443447778935838234
258.610439491531368208983058645
259.874406989678000350672844614
260.805084504596870185931233472
263.573893904870132233081588131
265.557851838876320292477308964
266.614973781501072495720112974
267.921915082824059440378967172
269.970449023997602594693505319
271.494055641644999018179416758
273.459609188403287045714250299
275.587492649343841248740702619
276.452049503132938679887343638
278.250743529841954492748276711
279.229250927745189228409880452
282.465114765052096233027201186
283.211185733233867420493837943
284.835963980904724133157633923
286.667445363002884292847624146
287.911920501422187155254120272
289.579854929218834152738023569
291.846291329067395835513054425
293.558434139356285356776697106
294.965369619265542175066448639
295.573254878958292388460831459
297.979277061943415209929682958
299.840326053721312960027052525
301.649325462194183623470100208
302.696749589606917051751477095
304.864371340857297700148749903
305.728912602036809289222821262
307.2194961281700547894100334
310.109463146701898804786219768
311.1651415303560032709426708
312.427801180600891980485983093
313.985285731158922979048965755
315.475616089475733868596078144
317.734805942370180395645494205
318.853104256316597906689184548
321.160134309113578291921471417
322.144558672482932298837445006
323.466969557512050506212030415
324.862866051739613264980086995
327.443901261905457343469263816
329.033071680480934033614727577
329.953239728233866343892122189
331.474467582663424375661753866
333.645378524869850584961683081
334.211354833244383232403407959
336.841850428390684794654762919
338.339992850806611886257326087
339.858216725363540192326550931
341.042261111046560482597784599
342.054877510363585451403825094
344.661702940252337044181188098
346.347870566009947395936459816
347.272677584420484475797094888
349.316260870696144123155555734
350.408419349192099187671953234
351.878649025359280436713393077
353.488900488718806783603768609
356.017574977264947317960361961
357.151302252039624809602928232
357.952685101632273755128918983
359.743754953114448799291985977
361.289361695804650390291311228
363.331330578973834747334449567
364.736024114088993716262102127
366.212710288331316861077145197
367.993575481740303326183298044
368.9684380957343898915769013
370.050919212106000339651163061
373.061928372112838449119396431
373.864873910908569744756362734
375.825912766739334107907714147
376.324092230668052117190819612
378.436680249965479724090965913
379.87297534653234665102405969
381.484468617186524919662522424
383.443529449536487704345755481
384.956116814863687103751584209
385.86130084597422918056195936
387.222890222387980975948514738
388.8461283542322546008094203
391.456083563638045770578228123
392.245083339519096749015184171
393.42774384443402593669895292
395.582870010993720970877711323
396.381854222592186931999454492
397.918736209614243386981179711
399.985119876194899505917299868
401.839228600533216539911304378
402.861917763886114176315443096
404.236441800208004740227799564
405.134387459909927257486268025
407.581460386896182076309001181
408.947245502351112519634039764
410.513869193366638646769105285
411.972267804278750664640298507
413.262736070185046886257059318
415.018809755155115646319211463
415.455214996294598857128782487
418.3877057895347792260457231
419.861364818152323687852309138
420.643827625041786267974652985
422.076710058826759629840665449
423.716579627481818610562874732
425.069882494461347614374692649
427.208825084074580528142933886
428.127914076616682110305068486
430.328745430938636669926981542
431.301306930703592019505121928
432.138641734588568306253249109
433.889218480927225302946611051
436.161006432646984071801518262
437.581698167668581154013167233
438.621738656272196290915010137
439.918442214370656410221790027
441.683199201189023874204436499
442.904546302609449469723102413
444.31933627755915592030574354
446.860622696429522528860875181
447.441704194493290065526925304
449.148545685023304753023503135
450.126945780313524030045762529
451.403308445388795462113224631
453.986737806677916038366810294
454.974683768616788875309438951
456.328426689246051224499830063
457.903893064102971574699329172
459.513415281106011754009943802
460.087944422175841255330255428
462.065367274882530963830921146
464.057286910548284576246084784
465.671539211371094552966645744
466.570286930826255167392125952
467.439046210261638856645001384
469.536004559112032191819068829
470.773655478101647690118879454
472.799174661908816658297992682
473.835232345139687073805468023
475.600339369375785605428819924
476.769015237484520852848689195
478.075263766670969199872727405
478.942181534634826538317101767
481.830339376286561366681376285
482.834782790982397306556996676
483.851427212482537560188221085
485.539148129356006930025423658
486.52871826165124435236752627
488.380567090017448527111430665
489.661761577956131512780904175
491.398821593663006569213331009
493.314441581785300936360604043
493.957997805369464909583091287
495.358828822131277496834132737
496.429696215759103483918912816
498.580782429686542016675082912
500.309084941690495539309390725
501.604446965145477663332545763
502.276270327118233175399507334
504.499773313427737183791262228
505.415231742244442029552166109
506.464152709523531221526074781
508.800700336467820809469672508
510.264227943672834420779517655
511.562289700374595460454904487
512.623144531407418667101254943
513.668985555473683436244146418
515.435057167299377249676893673
517.589668572467425341357965287
518.234223147550143573858274373
520.106310411723255903196146134
521.525193449492040967732398163
522.456696177730210430144413322
523.960530892015840487007509481
525.07738568727962218059121763
527.903641601272345229617268071
528.406213852292658941608896647
529.806226318706900798163983302
530.866917883961089644387434515
532.688183028293730505126445569
533.779630753768732565482546023
535.664314075873224617046123182
537.069759083122327588389737754
538.42852617624796284350095524
540.21316637622813338364566899
540.631390247295117360128077599
541.847437121201281547119113509
544.323890101005262903121308756
545.636833248934818254855439794
547.010912058122292463655881793
547.931613364489338310451159426
549.49756756266137845998473388
550.970010039483889045657234057
552.049572200564892792576702546
553.764972119158814617149782592
555.792020561682508416573221485
556.899476406855351261964218656
557.564659172058528408523989874
559.31623702868216376093514224
560.240807497295668241793276359
562.559207616045851108137916695
564.1608791107861178138795335
564.506055938149835122245968939
566.698787682807956241512280667
567.731757901176937450334730494
568.923955179629368496753487417
570.051114782463592038527016601
572.419984132452764045276927107
573.61461052675812998724603211
575.093886014494885607457172282
575.807247140928780709429332894
577.039003472098211216637089688
579.098834672036607431284364329
580.136959362384628672716276348
581.946576265901625551506114545
583.23608821916727826196057365
584.561705903465528366945893393
585.984563204988300574187258986
586.742771891250155644771845087
588.13966326624795641755423527
590.66039751676527563103200331
591.725858065048056649222446473
592.57135830022556982077271612
593.974714682231029243805174509
595.728153697388949177020920733
596.36276832839368408957909707
598.493077346164754401063582936
599.545640364364853997515395144
601.602136735932636051738107596
602.579167886387354298822724543
603.625618903579160672243966858
604.616218493753232914639602789
606.38346042210904108867431124
608.413217311187325175126723757
609.389575154720080527323879548
610.839162937739406926702537768
611.774209620887204635168361973
613.599778675637119405186456186
614.646237872232621525553083988
615.538563369407027853474265896
618.112831366442373382540227025
619.184482597953634249028146424
620.272893672227521919085572595
621.709294527948622957298633061
622.375002739779009217881543779
624.269900018177880834772947039
626.019283427654382198336217406
627.268396850783020751997645596
628.325862359460361935943815665
630.473887438292045870606586776
630.805780927197532641871725248
632.22514116711595195215470593
633.546858252251777484197133459
635.523800310605453810525581751
637.397193159837307173748074288
637.925513980822581093428839716
638.927938266856770193772690921
640.694794668825667623187538499
641.945499665705294545378538553
643.278883781397889361143362803
644.990578229748002512443712325
646.348191595501592033880941622
647.761753004288883793766808952
648.786400888782440771080133769
650.197519345256459083253897592
650.668683891395982530560633055
653.649571605394691902086864959
654.301920586319342275470616323
655.70946302235563631602674275
656.964084599460617422869896586
658.175614418605399744879807909
659.663845972964107831165182146
660.716732595279270052158881252
662.296586431100410644378266392
664.244604652273013449890257261
665.342763095599040542788169792
666.515147704172960548775095819
667.148494894555429941069213275
668.975848820235131406192279662
670.323585205862584034429553317
672.458183584169734181365086335
673.043578286147645770131040651
674.355897810123167896156320106
676.139674363626748203178135714
677.23018066876397324785479957
677.800444746221334918938757393
679.742197882528217719525938911
681.894991533151889109452411081
682.602735019750545487540836645
684.013549813869505236194127959
684.972629862098452545736661738
686.163223587727949603473006711
687.96154318470364848279633749
689.368941362272368423255192825
690.474735032350397693943089454
692.451684415520848849846652365
693.176970060601824845623097508
694.533908699873140015630704542
695.726335920926730167801428228
696.62606990034561497090281852
699.132095476013506710816169588
700.296739132143494568012149844
701.301742954646155685173914039
702.22734314576050011943531981
704.033839295525309322653072296
705.125813954619227666867479439
706.184654799517919025810985016
708.26907088510989999526902864
709.229588570284300709034693304
711.13027417968543156547485639
711.900289914375312038915079053
712.749383470101290254610574367
714.082771820669393076924527166
716.112396454052110148182026476
717.482569703100190714441897579
718.742786545485893988449182685
719.697100988365665132690960898
721.351162218536417128386158696
722.27750497567423734037614366
723.845821045128415511671922404
724.562613890379079592246216771
727.056403230049381617648405278
728.405481588934060034744355233
728.758749795614268566130632273
730.416482122756434709944039354
731.41735491859852508074935696
732.818052714499849208567526888
734.789643252377994252312510003
735.765459208578321076932188805
737.052928912265308042310540877
738.580421171373822521705448092
739.909523674041944029700959388
740.573807447295010515035971597
741.757335572941673275861162003
743.895013142473659381550149198
745.344989550611874325640548484
746.499305899432329509605006619
747.674563624269528359569367873
748.242754465084547868503294699
750.65595036212429986680743837
750.966381066650837268458419695
752.887621567202374749507705003
754.322370471712672685103086251
755.83930897603782987279244037
756.768248439950930720133210235
758.101729246412583411489768291
758.900238224892374767435392905
760.282366983512064531869600862
762.700033249691054728068999909
763.593066172837222996973247173
764.307522724180221736251225826
766.087540099836205394422464827
767.218472155539514082499410162
768.281461806509230823456665026
769.69340725262442432500665491
771.070839313678316321187221916
772.961617565757024337829165945
774.117744627940507402141909397
775.047847096580508050016992969
775.999711963171442477731582603
777.299748529592564816510977063
779.157076949189004063924537742
780.348925004181670538127783551
782.137664390812094754317687328
782.597943946073539866166505744
784.288822612465501463146099666
785.739089700715051840646187769
786.461147450506277459896787497
787.468463815910038381473499623
790.059092364119564294946003255
790.831620467921035019082931395
792.427707608604526866391070189
792.888652562622588042242753206
794.483791869893164481318375277
795.606596156162412627912558048
797.263470038035584916191704577
798.707570166296211309691953422
799.654336210897632772826890664
801.604246462982055966676616142
802.541984878418149662417141059
803.243096204270194190226229054
804.762239112661763951595783963
805.861635667094802836803191543
808.151814935993747392355858581
809.197783363300710387719604795
810.081804886407099891524729901
811.184358846506260337884327465
812.771108389109342719801288662
814.045913607510993501967600781
814.870539625872567784019686957
816.727737714394716316502574838
818.380668866361676511586775026
819.204642170823862605824038846
820.721898443869287466431021824
821.713454133379401809876034465
822.197757493404277143581855586
824.526293871629748163766484928
826.039287376574383548014163533
826.905810954080771979664450913
828.340174300489900370504215076
829.437010968309333623047591492
830.895884053317400730078617611
831.799777659070583074324608373
833.003640909154199538311254208
834.651915147825575807345339876
836.693576187591867168870340759
837.347335059531514767486416316
838.249021992732145836547095912
839.4653948102824755503103022
841.036389829013423724411484718
842.0413542065263713333676992
844.166196607350768821346101126
844.80599397576372688128477665
846.19476992769399776366251854
847.971717639512006636327584785
848.489281180943523824886730335
849.862274348697826264344714708
850.645448466004092378242048188
853.163112583389155325839472071
854.095511719869058620018221632
855.286710244404936348228437571
856.484117490791662854034924902
857.310740602603826032964229956
858.904026466475694412829573721
860.410670896014670751594140146
861.171098212715337605975110401
863.189719771908934236110130066
864.340823930069540855687499765
865.594664326515965395106877075
866.423739904042641462979588658
867.693122611785006238768527107
868.670494229131596667838274575
870.846902325754016205795275454
872.188750821613207755873228082
873.098978971281981498325402957
873.908389235337530439629985772
875.985285108780322374392441197
876.600825833027442397243130019
877.654698341033475144022093138
879.380951969790982456461800072
880.834648847939390283032287252
882.386696627196461252384650433
883.430331838701645684568337436
884.198743114594726960384279154
885.272304479617127051198086101
886.852801962916298372033329947
888.475566673817194773726388749
889.735294294090737097412188143
890.813132112528063686195924307
892.386433260155869341740999279
893.119117567294258336175542937
894.886292320868716142192903603
895.397919674782965055396859395
896.632251556202720033526586721
899.22152266838341939009564394
899.858884607937483444265855312
900.849739860521396117824641246
902.243207586752288461640447842
903.099674442630454946665046381
904.702902722281320774324091426
905.82994075822220940483941073
907.656729468967525311556713509
908.333543645060925280708196675
910.186334057179842565352551679
911.234951485955504092597501287
912.331045600035587248807167172
912.823999246743395377992216659
914.730096958375613338375239214
916.355000808642765891420842948
917.825377570426783026483964334
918.836535243529029571248982619
919.448344439682304781765129352
921.156395507154853367399405219
922.500629306636770266245329088
923.285719802422242673943102553
924.773483933476664416246455765
926.551552784603028941592375054
927.850858985753594147870961588
928.663659328934892288756290358
929.874092850647754777106067498
931.009211336628072954276166765
931.852740745520079921686342351
934.385306837258464754414541193
934.995424863846459617609737645
936.228649379282927213718663914
937.532925711970381272916233886
939.024300899218382184218418709
939.660940614528165985600754475
941.156999642042372607770996944
942.052341643375497874389945635
944.188035809572744511978501615
945.333562503045946141542238921
946.765842204727851156732167218
947.079183096254877965119474543
948.346646255044967166605085994
950.151612684643840864746810351
951.033248733823509974499410476
952.727988619850626084667521324
954.129719269551415336758009414
954.829308938216637119513762838
956.675479343289796023142032133
957.510052596423722467728769117
958.414593390136180970003999467
959.459168807068112560999609039
961.669572474192753342668657503
963.182086671311446997132189972
963.567040191612270671862099519
965.055579623751116224926694815
966.110754818410204018724621286
967.371153766262854315164778204
968.636301906087326408089905498
970.125610556941175479215119589
971.071491486385727940251034561
973.185361294301194221649096958
973.873078992653597194232563465
974.774635065837429875303154847
976.178502420589609344187798159
976.917202117050622021417267172
978.76667153511297445402300674
980.578000639774418061338952502
981.288615301758969459364434347
982.396485168778978401410221872
983.575076006431328755533113443
985.186928655773435769528565149
986.130515110184526649373988219
986.756008407656035621777839118
988.992622370657406607366183667
990.223917804027972362978130576
991.37429414776150543186343326
992.728696336732659443627396933
993.214580957442953707523071121
994.404590571094491900027805466
996.205336164298286483527981449
997.511934751939229211029840075
998.827547136929633130519615447
999.791571557412940463163147158
1001.34948263778273712210330965
1002.40430548839171130815932757
1003.2678081794532482575282019
1004.67504412117289422613334687
1005.5434203043783641966110481
1008.00670430706364619813982013
1008.79570990074228234577255711
1009.80659074696462945728193575
1010.56975701106107589856651569
1012.41004251576159684285326184
1013.05863809840898507265263765
1014.68963262237040468814643795
1016.06017894264737813028979489
1017.26640236435540666971486198
1018.60557251862015495098356757
1019.9124397439440383616715167
1020.91747501726367831614708449
1021.54434449990465190712408497
1022.88527091171634782599966343
1025.26572419772769636662831178
1025.70794437146288923772770125
1027.46769351558777027339742302
1028.12896425549751787766953177
1029.2272974439613667311287036
1030.89736879059652356072655574
1031.83318029740776254122422423
1032.81288303515885146065144096
1034.61291552952081006617434065
1036.19591735805474025398292789
1037.02470764628174975057726398
1038.08775224061883643734694234
1039.0774014368966887266795988
1040.26403793769576083115292605
1041.62152801454227415471170843
1043.62395434962149387045009545
1044.51497582907876811460331337
1045.10704235297791139065039554
1047.08981748429478422111465052
1047.98714748960047113132159651
1048.95378519468596163305702454
1049.99628425659321975563019979
1051.57657184320519579557814932
1053.24578515838575762561052076
1054.78103947828134990679879295
1055.00214647568573620935338243
1056.68884736382822985752479065
1057.10004365961778360306108572
1059.13376910689714622942129969
1060.13951856160781909723899341
1061.50130446506842006312021183
1062.9153815078805636024533747
1064.07155107171854042528603049
1065.12185510629305547857982308
1066.46322346924298194377881913
1067.41886012096455805934517636
1067.99000007904262546773556431
1070.53504199682926280935309979
1071.61862321508953790472805548
1072.54399801112155534878281899
1073.5703531650937254377277086
1074.74777104431099857929421567
1076.26662559417740986500375024
1076.92405606575444688758536164
1078.64719848095636469429051482
1079.80996542925906921357166425
1081.17100234346780378506647948
1082.95274972306966866079199183
1083.29546651408560676834067986
1084.18326431043021614316384862
1085.64783120863934071202006656
1086.91199898982509311556569033
1088.755724674808801471697125
1089.79533792407477495842356921
1090.8631910262488607850089899
1091.72847296693682899939930519
1093.44087327236863468079558567
1094.28445752375415983633855919
1095.43308475866147868966748487
1096.40191779474252850214945542
1098.8410154666498617872947335
1099.3606671785717955946165118
1100.57446062246256321862442694
1101.83911116875601340501121435
1102.55177989991772274678594324
1103.7322971745469358475961101
1105.61718883076207151732080903
1106.77437167583277510091744772
1107.77453195501013693315167081
1109.15891885676645188780517506
1110.44414299361320580327302821
1111.44350476489989658741837278
1112.43299540807644458068791937
1113.39759511480199351361443357
1115.06535946156660567653023281
1116.78725388121452419063303991
1117.96591966919967094547758238
1118.68413486101839090387812254
1119.47324742617898290186144726
1121.15593767581056990537337073
1122.45862135688051225413285442
1123.10111738780920016666445553
1125.3147293978464700797989768
1125.76344242925255946644397201
1127.658023527215719230775274
1128.43022461389271137210602852
1129.72899677706556217508915556
1130.39159789623167083201090771
1131.49508556191704322228689235
1133.70862566945623585141027525
1134.88565459153319643062419834
1135.5622139754775459565220464
1136.92929348096952978546966731
1138.1515897798055407292335319
1138.99234182049363589385999202
1140.72184817190335975265532986
1141.26102296413675832998228157
1142.85865960785648111849879984
1144.78229951862534187706529086
1145.48532751711710680801728151
1146.57681492486695340605174448
1147.50177652331931609129983473
1148.61527720883401900376723304
1149.98260102810709766544881666
1151.56281472367321814938869658
1152.9431285305897959516386595
1153.89030371627126802658298271
1154.69751953538238291317121265
1156.62156783387254341057911542
1157.43231457561090633286525221
1158.00160902729496614508668711
1159.48065701902229730940483495
1161.39664463437809149848889052
1162.48752860200542780401768701
1163.70103168277861558764219651
1164.73758635122760993462021764
1165.27122770645769360553358793
1166.94361340952871267710595415
1168.08627161013879429793792812
1169.6983568848849061864685134
1170.46363857828366604121603016
1172.12068186569559984640074033
1173.30568776404835872704216186
1174.23276685645630265206436164
1175.21545239595077524703093295
1176.63287580978845863299382889
1177.10630442165614694900011926
1179.7012235019338980325839772
1180.65354378708438533087396984
1181.26731815168001895913297569
1182.58227034692039044004111928
1183.7127752959743153498903984
1185.1558428474657922830201409
1185.87535869535662001261908937
1187.34516149326730995554658374
1188.85644429822930678880615194
1189.96363649791844334374863711
1191.48260592641347086513337813
1192.21861147810154507789220557
1193.32402142745508027538966149
1193.85742713543699196594116618
1196.03467174867106223211153987
1197.07178665882196680447946665
1198.68656910463056647648701179
1199.35651370789396813188111093
1200.53269203121991431033825903
1201.81033485660604978646045853
1203.13735086142547945283349011
1203.85524759409700202700258881
1204.98549217146641071558655936
1206.87049979385306829213794583
1208.47145994953103146299915247
1208.98948416793902567665254469
1209.89803008754595575337847874
1211.4161158927981230604789832
1212.11315306631979262439428002
1213.59837268036821848513505294
1215.38997506504563426981377021
1216.18372203346741672377276524
1217.17448249773891903977191429
1219.05002817740616350927683057
1219.61447131085848431022171949
1220.81634769097813143068536174
1221.69224248314373321179252388
1222.95248409510835824256424265
1225.01833002416853919735175705
1225.85502076079571539666136687
1227.23182764149093192414616116
1227.9171416144000444059463491
1228.79315436298117176917903378
1230.58460315424927571950175884
1231.56227387764539816471817863
1232.52958704059789555103413755
1234.27781665343178804884422491
1235.50254852652099731871742691
1236.3990174657789958654443585
1237.97729851358114551342643554
1238.45723279566180711633342498
1239.49080714679575427770467538
1240.813471785216266891520206
1243.07807639802111888151951407
1243.53814652611425998047386858
1244.8514339669838585645816827
1245.65586618814782247880387458
1247.37256196985564391570417618
1248.06306105320819868514944996
1249.15988795300298334058331421
1250.67239727567811715508952789
1251.65983200427122118003758578
1253.6735778521071020183802618
1254.4313284217734493685167531
1255.40823064529073463838155483
1256.1812141984608660682557442
1257.54121941264411442682318818
1258.77923348859505319067135704
1260.34454831618551986817907055
1261.61171716147983990432525921
1262.55661400035622434255773502
1263.67673284386179333039961448
1264.957223006999789287695614
1266.1790377605620622428299996
1267.20034561184548922028994591
1267.57057177944022345864377837
1270.11892188649260392519117843
1271.1342996316099914002916819
1272.08395959933289742289564658
1273.26114463345575281372748972
1274.19622088948035882812245875
1275.09203031584045778167132742
1276.84217155556979468553518857
1277.76309198634682092060961851
1279.33284331670825139428523032
1280.15579440902293046659147724
1281.82872695969993392886498125
1283.00049138669967660770311494
1283.33503213887928060048255473
1284.85479515462165784043116094
1285.6950233311385927747749485
1287.41002661707531613167278664
1289.16535153277306148141311044
1290.10477151980733788952180903
1290.41770807304250366254360221
1291.94587096808319840045803791
1293.49398155741744506202044685
1294.11847437784835238610977798
1295.36536350535825025493217309
1296.80111099234729150219411387
1298.25652706788952943234922218
1299.40517125074397839831602346
1300.49001898244763839347094334
1301.49551668057505835635601837
1302.34674237924691792051325318
1303.27320022879414346915600753
1305.40167218800438466301231565
1306.50839331296883697173372083
1307.26724210780242709778415133
1308.98819651764338724210833508
1309.42153249325596667381081181
1311.05657051111189666393233577
1311.96694060804935486881097125
1313.03159936901966455244294615
1314.05256565172616619337346662
1316.21211260285404978029035368
1317.07298603482995500100838927
1318.17127913216505254858033713
1318.94788059656633833639128104
1319.93108287753647305203528017
1321.62813855191241805746592566
1322.25806712339115794519369843
1324.22497871884433091322919574
1325.23762435898233535349746518
1325.98196963044628122304204462
1327.63528110845744964035174073
1329.04351799651860123981185242
1329.20501878548363484761847414
1330.42993712045926318266079102
1331.82759138528521752354233076
1333.6735226102849332709758717
1334.74732905168977653033947812
1335.69497452600206658901528424
1336.69018465338587105353524108
1337.68879180966994960314843996
1338.92316459867034982898196931
1340.42640045730017578973402244
1341.16627225292638707193512837
1342.60850788377686132750037331
1344.15604400359579099820432948
1345.47710626139871442740730106
1345.73141325541840775900672218
1347.5194717508999111072267333
1348.01723801873641009162403812
1349.08519401404765798073943801
1351.29620637409671800983768238
1352.21046515917553837944865969
1353.48333835826457655375617836
1353.88678197169622768423604691
1355.68059532063649188685750844
1356.60565570980795391967452197
1357.7717428285794640718014189
1358.46016039915902643735518917
1360.39314476219115231208975191
1361.39307471363968169889076293
1363.0223286032807568385427379
1363.8791907971344724379646984
1364.57658489675397264127974593
1365.49373355129524726543577403
1367.10409097000823087995515535
1368.33019330798589489487770209
1369.68694907734291660103374908
1370.97352276778364404592166902
1371.68655355282739112882953205
1373.20291456237338210329637027
1374.15479865864064562651979378
1375.30239234474890215482055482
1376.16177999361935203876481202
1377.17763364210462632248192584
1379.68328302861292638577157816
1380.14857844169240306392815198
1381.07397714920563487065655339
1382.34566297847367988774238944
1383.29759100794647490331675783
1384.44441584776008297339562919
1385.66377701119268643887391387
1387.32664766348953060569725014
1387.92145412711279702316850321
1389.56583179839393719500965546
1390.70549028642766512151462317
1391.8532004432697553845268907
1392.64402778854864825583102564
1393.43340174079366502641747108
1394.88418467568035447902947557
1396.54416312368250177024763695
1397.8346233213872242793153559
1398.83767520138586523391078162
1399.83947294120648146705398575
1400.42694629739429826105142502
1402.56434725006599381719111124
1402.97374764091920805049731876
1404.00629217052275712944072795
1405.66697505924687509225732525
1407.08514277643648684120386155
1408.13630749618955075476410922
1409.32068107983895724971118285
1410.02481072580222583308329943
1411.25705681570662386002423078
1411.96565346177300428449417742
1413.84314878856885299879760364
1415.58578479549535120899303854
1415.78158130328291008277203666
1417.10282293382261475562496433
1418.69696385245216567523305183
1419.42248094599568646598903808
1420.41652632375113603437525093
1421.85056718704865391070680755
1422.46131098750736649637944015
1424.46304566957902224679514276
1425.87346924499659107928981776
1426.64597968212003938019702486
1427.36567110942668202896084194
1428.59230587597876870586094121
1429.65047727619154576489758343
1431.21831367275165842236257711
1432.04974089331360072695586013
1433.82194073706516051313754043
1434.58494216826012396606873583
1435.69290738341927738395291581
1437.22672162380124868446335015
1438.00628484172240151835247317
1438.94955274688279897617881345
1439.6227930781639839739748187
1441.96098750486183618053903071
1442.91105958089685886787932396
1444.04193070636656224306610516
1445.07227845920104574406675691
1445.83008477971002078335623711
1447.22622709997579439221593495
1448.32385351572545351768440307
1449.48877128073125790287121753
1450.77356185829733008990675695
1451.83529799939338326424639501
1453.73759675710222625460874834
1454.22601126022627961802963747
1455.31209123981966835506172825
1456.16779760838725555804706686
1457.53900166841123043985285371
1458.39377736868724889735318505
1460.68827053541910388641749038
1461.24544334515995592993818394
1462.2661232657872595375505137
1463.28689119042754126305097994
1464.69690329787640996236145723
1465.88955761408526815905737124
1466.50562110788772336892329304
1467.70398958607101340182698264
1469.3476498782696457992910962
1470.96658912716496720042374306
1471.38876452710659451556852414
1473.02013232418571114372315442
1473.74564918574653347408735496
1474.20322156569887878562705247
1476.09212703824092070257003137
1477.43519114750011740500471172
1478.44139597341294858500826165
1479.75991870649007767539563264
1480.76687901798225767954340936
1481.96468420980230957573081675
1483.03295995807148065036194545
1484.14358088175540777491654195
1484.81788323120372657663466749
1486.17134902755713992837231048
1488.11633797622827052702722149
1489.25246694643012307202772965
1489.97089220467888575873426005
1490.67069381460326561071751214
1492.1800905440164114486222339
1493.33083542127021776064729239
1494.15536861368880374265417146
1495.76883297894173164026241324
1497.06550557171006370765760819
1497.74736093312115570256713453
1499.64082474661981972706287468
1500.35195151660316487726646497
1501.1193249221315867552671321
1502.34606329239906292465313162
1503.09093312668049336949866125
1505.26152965467191092665410428
1506.15298613811317931453248174
1507.40750516383032228023752546
1508.25303102954227530530018185
1509.28041936322324329015929342
1510.39179744647353803831146237
1511.92300545900211118846000733
1512.5897647054581278027984358
1513.58976553991867758675607951
1515.7083435868739298973392725
1516.4359897187584550054810802
1517.71980625413018678513647583
1518.41479148725369107049335143
1519.74100949390682086283023179
1520.27362222035615427004130795
1521.9019090654609113954278393
1523.4860471492588801365945505
1524.72489216062218698984160091
1525.2278372337918000714507193
1526.55231191038745683334307168
1528.04093042929757215972053533
1529.03445672870131062798713852
1529.36997536519452416559702992
1531.02074297022232257586675129
1532.22232693939206952877287341
1533.88697791320159209668297989
1535.04227747120666458529116779
1535.76950239524820432771860526
1536.62070182402987189828046906
1537.65106216794492246475431056
1539.30285485558322942784600581
1540.0302701395063689737232693
1541.74224876278900349358659462
1542.49652292276627960476880844
1544.11867005452028989536762
1544.83460822751948011020293624
1546.09119778631329788614480188
1547.29758112140690136800041526
1547.80656380185756781233225934
1548.87134817872537288392795167
1551.27384532640452656795709729
1552.00687283767006939682530056
1552.73610532980385513025502992
1554.1565191096577777888060998
1554.92128516499186974880205819
1556.16298749755275234574461445
1557.39450701769049098783215133
1558.33915285235196278638583499
1559.78115439071023525525928889
1560.87647577780945213994114051
1562.41015318019443968053605505
1563.38540095849553726791837144
1564.17794046043167482058990006
1564.91578826226013593022597588
1566.26641560155151673719578952
1567.62345071721810545666972196
1569.02247780437407452856095638
1570.50927786692083775015370202
1571.04538148553818505693590241
1571.84535208804533836538518768
1573.80656333027140383471293711
1574.23091542986377775537369478
1575.63815495201655170440131917
1576.16135236342437756132748931
1578.11882694578278607464076144
1579.5140550677406772480024411
1580.37208162547154937507056404
1581.36355177300182039300067172
1582.32948694414717625656925072
1583.39469343542174843318433771
1584.23484806637621051787171901
1586.29321075033777606559930595
1587.00434210704114982909481185
1588.16340402890479014803112151
1589.35794594955772777603093174
1590.83590432139410477130642608
1591.29388437357235623140626518
1592.63716703923491847343635073
1593.58480818886192633547088381
1594.44268965569052396191261583
1596.48449240965467524669892108
1597.7158959444231286463368815
1598.42079854967044974576222308
1599.61934895046280691098130906
1600.04804490340731111764076299
1601.91194622858219531904850985
1602.81540479372660251753598195
1603.65520299612407966840428614
1605.52164664662334870433301091
1606.29341812657422349851163557
1607.55690521198287954060089561
1608.8362953050100155482169017
1610.0032641900379443104707872
1610.25382316257448880756772546
1611.43714126955478041920185822
1613.07885545102742351352269447
1614.71062785216149173963742554
1615.5746087189720087599013719
1616.39839484158364417682912626
1617.73468484098520856099913022
1618.53751783197754752832146063
1619.9525012611288490533608751
1620.77431082138856241888470128
1622.09875169802296073455190818
1622.97776769947558004723446641
1625.02185665796278984985466343
1625.98702016362117224154975001
1626.39991931163555192049435976
1627.75544127631574495515558487
1628.71531685676323019198485979
1629.65866895494776146274903642
1631.19481455151575298285817143
1632.7981835707088169655530438
1633.5125168897372631580845335
1634.51682266206708070642422181
1635.71836632621379952557852577
1637.08919017337094587638890248
1637.99464358601275233201580361
1638.59965830421388269639694287
1639.82123572983019552137552343
1641.89981900850457703943007134
1642.48977982237807305734530682
1644.1520659597376791967270432
1644.71374577466788287616437079
1645.57376036276607858248662501
1646.62486659317889076582065379
1648.27059822253169780758265664
1649.11853540924012329228631702
1650.41698898304838114998408883
1651.73269334139598103699806797
1652.67106589960120708231896377
1654.20589675937116694308231996
1654.72665239332178638175218597
1655.82277567677176731820688453
1657.11423639976308235370685043
1657.56710117932144111289604114
1660.0199803379989454244689812
1660.86005683330081030149592428
1661.8368928840966883047233615
1662.37720254928008346724808874
1664.05726541811003061726108389
1664.96800448636508380697455842
1665.87764041448621233096135239
1667.24112505171127713938687829
1668.36822932740186265218985592
1669.66972845239920915001780064
1671.04718243330318197926395704
1671.98425933372627394243666561
1672.96337083078105659775826402
1673.68744533390525051107403954
1674.64846209700975479613742403
1676.36248632395047521675574866
1677.69122714152650361862363131
1678.63036809106365039349343079
1680.07794671680949443983499447
1680.50477011284705208056735624
1681.81232017426601336062716652
1683.27328926066677047046829845
1684.17165683706429157902855197
1684.55886325253724186138158114
1686.42112194783819759327693783
1688.08014269317658843674035323
1688.93386850978462405656211199
1689.70315425617978886581939398
1691.05155991689307594459340951
1691.5151928920351522991871606
1693.05302093019714686715289938
1694.0175646526078568668314635
1695.83255447418726551308807826
1696.65499743978565634897219997
1697.34251428656400934929460443
1699.22954718764301879287235203
1699.96681726686385856438838307
1700.82030324500623873343928871
1701.82555099704741723355391923
1702.92324976449051939932411535
1704.29141242667976028134375124
1706.25603243156037705548752039
1706.61566503502601247010519482
1707.91231249332451493929458815
1708.51211617840308825082682802
1709.78084229858048492340757271
1711.1376032585928412728607393
1712.15539765432236884319051048
1713.05534172751310962870682903
1714.71714525549453038090707343
1715.82528303982056783561920136
1716.76998371739490274436158167
1717.97448506615852815311625674
1718.95415249858375199612148313
1719.72446932183103511047689871
1720.49807094758653181045846908
1722.84466173991564882598683499
1723.53282263125987360100092336
1724.73395873765822491176844729
1725.63862801997383065335317997
1726.60570073988540446259742024
1728.16650676096542504057881031
1728.64448648037198839694939193
1730.02387254477914442256786336
1731.01419376185718178307516421
1732.43016985925683654202866344
1733.8408250214300134044031004
1735.17546602110109833987809045
1735.62471534287063232756369437
1736.30566273323798888738485838
1737.89388478692854828418361068
1738.7832375888160542614972016
1740.16911568014054858729399816
1741.77916780872725728936564666
1742.46768072078201019898559281
1743.4264368587216265215078411
1744.72151193769978977671600439
1746.09749859563269498108889797
1746.59545662712820557169766377
1747.7816955277524177479514266
1748.56398738108021682756547252
1750.8228184898391004969697144
1751.61779494625111483681831017
1752.51151114066593599336566735
1753.66135524313953815192008665
1754.76336987425287807445221038
1755.1696940681426851827236267
1757.04651846072310843276077056
1757.98407703281817999145268206
1759.24008564668189495716285746
1760.21516624276232418510782943
1761.85489993872807038009223835
1762.49768887066062163055422783
1763.7191214962870472636665294
1764.59147684909195835474575806
1765.40049399178383572780890165
1766.67624359947787354520107104
1768.29597113634138119862217537
1769.94095205163583833438923224
1770.2436773121973481926171394
1771.21294498354652672593530129
1772.32800036359135930765616966
1773.89491551070346181187951844
1774.66043099002359010767694999
1775.34198757374729102690567237
1777.25586022405798706298549615
1778.0417347622492981165578739
1779.55227080917896160680931448
1780.66522849299865723279802443
1781.35563772281956297196650524
1782.43906732002018145175201386
1783.0848295199464847114797162
1784.60794639661266486885045768
1786.34220117934252882132582922
1787.04927308681626639025660336
1788.21512347963282324764309435
1789.24217996368472014086351056
1790.44956236978354046551949331
1791.25440981879545014914777897
1792.61610273519818273594627788
1793.52539065240951482206323202
1794.17848200725559119875074212
1796.46514053743081375111425537
1797.3763356711367698556910752
1798.14706745807574692682276353
1799.23164720973740040006461418
1800.02472401973915456811822715
1801.30963694528799213107664614
1802.30128349145056985883596387
1803.79684381336595772524292277
1804.90416097481201544791025098
1806.28966701949778163501097457
1806.57839175096392558104889006
1808.71443186547489035650788326
1809.11927378828733309564676742
1810.10889298798580454681504217
1810.87371915885471565348264888
1812.42007700210551902684657368
1814.0241403476155134236171956
1814.97308236349584902590555963
1816.33861121967463728787766726
1816.75802336535085318443486485
1817.71060856334247264776360854
1819.26033409948825056402222509
1820.18788218681121918360083654
1821.30570836520390906031567356
1822.42767144030258692880785339
1823.76626589577328795629619611
1825.21367689301338335373307183
1825.91568361492840936547664432
1826.79545527149265555755867375
1828.2112704999731419339340549
1828.6210917580311407275730156
1829.83252970993970204580901332
1831.93637990181521081425771821
1832.98494024373155424765381005
1833.27323903273032152086105308
1834.7215597486084990261272626
1835.88375443769254856706162811
1836.82767251595748964081538372
1838.08694330564455343601280754
1838.64028870765074107079964477
1840.19556347335736310672749714
1841.47858257064339425708222663
1842.87595527866722144572671544
1843.77105774306912045656105669
1844.75904365009588892706881275
1845.41753414642452918483594587
1846.35325342051641660218940402
1848.33098062238373143341537245
1848.72276091089086640439083423
1850.60118404765146365987944188
1851.40036199458977920391437085
1852.34220473338627723630251131
1853.51934292098950377793786112
1854.855632115986727770019345
1855.59293493705546731787071727
1856.38917915352385446758373109
1857.49807481488018603013174571
1859.49527156879445997838504403
1860.54138810933681348134676696
1861.37967154723285346252834993
1862.12146492894421488154690133
1863.42546484509648600656312539
1864.35398133574625137553128064
1865.36743379405789010567829061
1866.83654701860819133992945734
1868.08519099860922436600937847
1868.70674568440811751967084944
1870.42147176831079015170899115
1871.41604309840714532601977639
1872.44156642819271758850882662
1872.86566763796768000989191665
1874.50836141266013533841859313
1874.91377401003954146858800848
1877.09506416733977461243961647
1878.02225148275347109890181468
1879.15330309046132857173681468
1880.08232541899437976330118718
1880.61176647965686741416814596
1882.32197479738468405781189095
1883.40872426951836603071816583
1884.00577834966714235678843837
1885.19807513025812287600711124
1887.05389480689012423246848165
1887.80884141683212952716247485
1888.93818263657945499954985084
1890.34812861424454559739640094
1890.61212858793326093081362914
1891.67851053972878785125110067
1892.86770133579111534110017064
1894.55853757242968718731084049
1895.6971556535845632965894956
1896.58549434716890117528902317
1897.5136928597119740939513821
1898.8293728186794821098160636
1900.00614482914399661055164481
1900.57188427241483383161941351
1901.89130575060006508056805637
1902.80505920668006298335391324
1904.08932532335174208897918538
1906.10275619818195650204662985
1906.59767800376621539360392342
1907.33278012390992634603714183
1908.43306304505175222975346756
1909.46593002598238025395599641
1910.73365961589159647779500891
1911.70469094317215862832155437
1913.18248977588307681363987979
1914.35230005167405267726945795
1915.05462933334721857091584182
1916.6063718395193537904150379
1917.34470404156634552291535365
1918.78649890985678898672134264
1919.20777839780523826396952857
1919.93745737121720389659361572
1922.10162562199370344218901036
1923.28083793641744205752968581
1924.05583110144084951951002425
1925.23198797540652941198336327
1926.2115830798940784583632847
1926.82009279487157674461664759
1928.41751854951944785883422418
1929.48756018057648998725913921
1930.25838718038732579702653184
1931.76006943652461401137792948
1932.8757545499469177788367509
1934.41643636915190341641291941
1934.90794343436569751001757081
1935.92484880374569484452689583
1936.87309381427890238671110221
1937.96863349801995771964771604
1939.05002915054412571681447364
1940.97732670585993599300231611
1941.82286221578023295089279467
1942.63356869224615091457271998
1943.36794744925274910700673275
1945.15379630636795958425128519
1945.92271694948332718631295419
1946.60994536187741031127988085
1947.9170477377036040799135656
1949.03003007360655073692982159
1950.74320155286315859842969262
1951.53669587305491039838488257
1952.85012921186575327611994846
1953.44855632513577005282072556
1954.41858817521411679011221149
1955.31580928371838868603713705
1956.84816457821550855463660227
1958.31440355512035856496489429
1958.85188346319481384647042661
1960.41884526938179676484812522
1961.35927788001437950830018904
1962.23357184857979807258039535
1963.62118457320206907943579409
1964.35739093809559720978424382
1965.37782950510385703039431795
1966.11765857407452647416076735
1968.47160201942044185281062252
1969.04761754652782861505475517
1970.30500951703376140728622916
1970.85554757994594430891500567
1971.97031280481138664025491902
1973.18266340593867969173104187
1974.34720191012008525870464045
1975.08061030226699355602765955
1977.17394369803987901837668418
1977.27144619974651074169663151
1978.80144816773152963153865088
1980.37177228705133692713011923
1980.91004309102423325504438073
1981.748768897263483740319955
1982.6632791952765140241339311
1983.92380462226065967109831811
1985.41654017452674022185557053
1986.75710771641519797068435721
1987.87347336072431737889026753
1988.25187680735576602076475043
1989.70200270802161892646262321
1990.47835252642699164673648917
1992.00170639352790271547735669
1992.78498787515757278173655209
1993.57749313825998463942909025
1995.16873961188853774810673101
1996.79617696618820690532336213
1997.39091405961144931191475288
1998.27900692598482242216211133
1999.54576417626758890384329722
2000.43451530243224677689433647
2000.92962068918455514409812594
2002.896408374361740688187683
2004.13966923327013495865581943
2005.07784812409875913062327331
2005.90093488578571089924346719
2007.12518017030112589534090378
2008.41824033026227167937357634
2009.17663412294958983442897925
2010.15332476755932640844316331
2011.02070507365005757108411672
2012.53893547742174533235831914
2013.87209771399082626479887076
2015.18672860870628290959218013
2016.02963803237539352338410025
2016.80007565584573253799264423
2017.38676725196155801138464006
2019.2646002160640997613941571
2019.88436713975529305350154255
2021.1960427688927880243795837
2022.54561768468826602996986911
2023.57291177710074784827168023
2024.48826215795125029737869249
2025.87890620248156098977190063
2026.73825891215209765390917476
2027.57331705599754241233686803
2028.58245935403995163188966792
2029.38547955096664737916845295
2031.75055069061873696445425304
2032.42078085628643022469859492
2033.01789274566981581016957121
2034.55482878895616508657417942
2035.0774400963040779760935055
2036.52752648337032671654093077
2037.21711109434089156312456689
2038.84173825086775015585659625
2039.44321874010445184951999201
2040.83911967313822388782476295
2042.34458625060420889786219564
2043.21711656332396447892131734
2044.12159329166749542513858615
2045.03732085981482092543135052
2045.80276043156193542844453362
2047.09833634560713227460924675
2048.45409406616111239330610399
2049.847525605716069264195001
2050.9060553846845483813769893
2051.71838819625631916191976245
2052.4077901924010178674052522
2054.05991689848573425842844695
2055.18026732616666128272341758
2055.57260289904887217876021132
2056.62086668989377928987455151
2058.45065111890613612817358018
2059.44802174377145896660438039
2060.86824720810796837576255789
2061.36705920203188972061940192
2062.57265091997839409183186815
2063.28355949838076314858380012
2064.30486769963414808315493753
2065.83267228191146470768324342
2066.98522937798528735123162878
2068.34563852737009471579420323
2068.66994108281269416177589722
2070.50471759344597515511077313
2071.37708316975859644990897476
2071.99045481476078709957306987
2073.39760371576840662721589329
2074.17106490215248726422244021
2075.02806554483215663320340037
2077.11757013687720702200205909
2078.15548463921428407554820483
2078.93928811487690236881218512
2079.56762846189322735722700503
2080.9103434575612879221341806
2081.79968656357714613611347938
2083.30027685882797571083782289
2083.77999255016739758436496627
2085.38981369228598667559112573
2086.58031853438142152199795221
2087.47334098785801634805009501
2088.71228119873258118941839928
2090.03620675701694157350419814
2090.44755002741586693822701844
2091.22158066113126363686949233
2092.473218110071891742317606
2094.33591746863195515482918816
2095.13825666029482366928333992
2096.34652997925258852850292645
2097.37160635719289453927065089
2097.95192219988703963541473215
2099.31165126506134746351006516
2100.59374523686124066383409478
2101.13548945910841491827308612
2102.5351002152977009581088743
2103.3904548087140393485147563
2105.37220659179989777338879528
2105.99470433928624167688401875
2107.17236243244334146970539116
2107.61791140751432779427569032
2108.93838488901533559798794906
2109.96314318126758202243798531
2110.82237184813182201746560885
2112.9070875231907777138591483
2113.48396644843080128496793007
2114.39613732588999238597794136
2115.50660279468411445351993306
2116.90005606839472757385386047
2117.72239944136297807889766011
2118.61864621702926271315192909
2119.45642846893927668416770688
2120.69156259184395054279159935
2122.4651511749283624156173566
2123.34404230346249932483527966
2124.37036873756887820036555731
2125.51240002915193922174118232
2125.95878484037330539525394991
2126.97571119255798896267972324
2128.75229055426283664524459429
2129.40608022832844299753879511
2130.55510228323591668501480322
2132.08062099294264317118081957
2132.79851646788415464498500386
2134.15493398503792417245506802
2134.95077250431567212892003267
2136.08689752470321371169695953
2136.96747054847187035907292671
2137.50994052591091357581267866
2139.38075998520110757748973498
2140.94936263909704058820516683
2141.71003596038995035497484246
2142.35504319603538526758699658
2143.37444418053788559529235053
2144.8953374313604286933147138
2145.5057537341808240396272197
2146.62589447551151782701701733
2147.78536734563083385522048787
2149.15184938288922188628906761
2149.91063985810211900547801032
2151.776885116465025947985794
2152.39022659691965511243286562
2153.01196416538652863909943277
2154.26362395232033602867507465
2154.9353458482254731232733046
2156.39472725568168922944268092
2157.85648956535312703211131472
2158.87807229108320448817419178
2159.90228601717049248115502475
2160.85306232818419126062156266
2161.69217218920953165079608036
2163.10712228573238034266844829
2164.04972035635735027350600995
2165.01143717431429577524810111
2165.50394902337574421070230592
2167.69344425474684803418557866
2168.89061585185398238304136434
2169.26382928336495507155724138
2170.78707497301573661150297459
2171.39636192649469162565273938
2172.25096282751632640702884574
2173.52829696931661215421666629
2174.74502080347664552670477978
2176.20411946621563837348261976
2176.93945169897740598422453623
2178.00420915476112438659433825
2179.23218502974718748363087171
2180.49531825927878074433988778
2181.25236701068176836123544721
2181.72578302981956181258832736
2183.33058401727993762706976352
2184.10319076068053492482855691
2185.96552832068310900449293808
2187.08569095937252108857543081
2187.79845587782789904143096798
2188.55876320308854323225996331
2189.49707290260539162920673825
2191.0933630457492756496607711
2191.77801740050798868886289081
2192.82677053986120874691838724
2194.23153005044970056211776139
2195.23168768125578497387006244
2196.71597766675854354094451822
2197.25874704020590449114555093
2198.68751268436752233365683501
2199.302965320969583610066964
2200.35102091326304842746248478
2200.91595302555182450469419866
2203.27745373064601134218075091
2203.90636458377354814689714675
2204.99780175483010794910457815
2205.85576124554392052944932477
2207.17216191495222028888763647
2207.80274133673695473074585888
2209.15374440026325807414634152
2210.20801498925036444937002701
2210.85094109929616673920401418
2212.34356840003640434986952509
2213.70025624843609045933479307
2214.94992563209249577263285302
2215.82056569064555503271002161
2216.29637588764519342866678739
2217.4693751162251934325258591
2218.52100691339529626851662663
2219.7998156983610617895498454
2220.8521588489141826076074107
2222.63660458809746785689626028
2223.05505791881040797303635533
2223.77777250721452997882088406
2225.56464511716942600522988432
2226.33273440557558713270485197
2227.24622937659537653218744584
2227.97057388225630937983341301
2229.12795891012330393927338627
2230.89869085621724862939231648
2231.97715407407331400607396369
2232.92485386896618177842659049
2233.72022225031290619076692027
2234.81493453132690001430045432
2235.54666213560006318854272304
2236.77364384509983578110697755
2238.15479951929761539655282677
2239.16774396023665946447044077
2240.02120947047109639931061347
2241.53618652376640205207295709
2242.62118015937948108058905576
2243.37366841896199853576365094
2244.37070170043033860905932306
2245.56528653127134223498504667
2246.01655817828562696809959089
2247.36443125122939202247859513
2249.55019857353709265835924526
2249.77076655272396127649258383
2251.04664194155316631628364549
2251.84531833869339935792020057
2252.67843267383885658141090374
2254.56224699438955310846250735
2254.75907900130399529745266816
2255.82456557153694123840809775
2257.34638468313280066056537669
2258.50184729114583816948946593
2259.51784205738427398298094027
2260.89025941680026512119096881
2261.66006444948109901122366197
2262.67443064820979953870192211
2262.87830538116111223015122875
2264.67639970577024663819374642
2265.76844611546944778888273279
2267.38450106754403583223365572
2267.87917533716606987394625367
2269.22699826160955065923724862
2269.91910321683834684838811168
2271.32628246806638137130588976
2272.04901570123765846044131744
2273.34753405316447427479233846
2273.95628914594305605551219493
2275.06866477597133350960263676
2277.07931775662352306280751661
2278.01262839330538098086364756
2278.52594215578419174696041835
2279.50730584111949375473219642
2280.87071985258620926001921282
2281.35648361454629358952487163
2282.69037513764789234896152888
2284.05601145935137786203585884
2285.22224236486650387529673902
2286.14981414056405416864591095
2287.04615867101060416601039307
2288.57884944576462636987385098
2289.33628471013415010662046899
2290.24145821085573124956725512
2291.0976636121120119325135079
2291.92890125249055718019168517
2293.89614510608675668145086512
2294.68791841171431143995719788
2296.11509118833034611529490569
2296.99852247251512663393246953
2297.37264757980959394883446593
2298.61236336566020566688487946
2299.96157762008968675462313977
2301.23412579883090295774306675
2301.45484035172846447886604125
2303.29548198257322304466990663
2304.30513867037453359711282096
2305.50835678868196857496746142
2306.51773307000353510632204291
2307.35555337047808313385331567
2308.21028463476467901254488354
2309.37035823952911702346928813
2309.93112238418362292454456524
2312.0479964496107435730258578
2313.19091417074789932830942323
2313.68935996722396040792344197
2314.62118211359416187708639574
2316.04945471998882915500535863
2316.96249450484077251244438267
2317.85153186427704030342418579
2318.826035336430148359696322
2320.0885232040272576457968014
2320.94953162865960516512046973
2322.81263260669333425653235818
2323.53427424076605971483752745
2324.51245523225838895456243535
2325.55709649176545391764188265
2325.90301592751310774849567427
2327.37685581969956106051207708
2328.63487510116860926848006516
2329.70572340644955569077952508
2331.01311028957289302747731758
2331.94270780640276783381238682
2332.98776543277501768426811513
2333.7208633737822827477642496
2335.53171257445095636188859115
2335.86715380564978136353775015
2336.62103678623872133951637056
2337.76173015882069686319587418
2339.61568389598262019678150319
2340.82672670664448142480693928
2341.32459618621548666204481783
2342.65404165846926380878380916
2343.25915895500886015289937959
2344.31121623615175782470572031
2345.57048363447381664583384191
2346.46411952978781111417893188
2347.9342546417236744060792124
2348.84342363345568012482822494
2349.73005425783787670614385788
2351.4550469278512318549493256
2352.19570150253646458952531761
2352.75087007545459098510291438
2353.91213585235305929797033788
2354.95108123500818408221798962
2355.81081397829061535611688132
2357.60831592024748578927931557
2358.90470519841557900043700115
2359.43485907643986683513286601
2360.31428508952633865152392441
2361.34254164193263156333453485
2362.71831792292138103333802387
2363.49561765411863386755964258
2364.75117608911701011122334514
2365.19151506413191656457935589
2367.249219842959468477894333
2367.95770182315585910536568479
2369.22057776739903202633222345
2370.09339028423216938927126824
2371.10074792972167348980868861
2371.93813779461010815087123572
2372.44034726005584373975990408
2374.44423071781665028850033976
2375.5439670373722488997735659
2376.35546351556018974849090887
2377.7554079140127990160831592
2378.21296167966215731589909973
2379.72650294996582224238796552
2380.5456572187362593069949795
2381.5001237104375297310553635
2382.53083056636640218174410901
2383.35601391598086947006702706
2384.96507164118246972620968201
2386.43093710950389028981346062
2387.2990841223365147575604364
2387.81356855607803728679757675
2388.74820763549317641553510764
2389.9559881136661570047358803
2391.26054987240339947892244095
2391.75498233662277277813319367
2393.63059329169985533190178635
2394.48536785604649401564971588
2395.27016999464709217243733779
2396.60387876261607158176359602
2397.79164376177376350307625296
2398.55831138253267115835659314
2399.43383290578527012166445202
2400.15235652213145719488669917
2401.48299837577178065116547976
2403.41879844534520389161575795
2403.97531514896750749364053163
2404.92159348976999756921390114
2406.25398871828948526086363957
2406.73285118210950844364552265
2407.71591042226990727928937084
2409.44150235241954034514462099
2409.88160268287958825385968839
2411.12619338077742136906948346
2412.2229358372840416707892826
2413.97612319498340860647470738
2414.37987980127049587105420964
2415.57689346599410581242214025
2416.53405462770393930037330426
2417.27808742177219310897199834
2418.22944326735738746036743777
2419.50791716307124546349652304
2421.1429439933281788871327654
2422.15208492510950878127426933
2422.99623012348690786128870492
2423.50414688871613941424909139
2425.12476021255672447546371645
2426.19343754166830047356777767
2426.9070642937536451278175946
2427.64089694859298225641425591
2429.18559599025692249133825828
2430.26581263594440306875245438
2431.61113509625393038358189014
2432.72756929925475663114794614
2433.70589680470380893428989231
2433.91687323768418301559801742
2435.34889436469455970209142547
2436.19160037509103639537919095
2437.79407610782604984189650384
2438.67179079404418020053603948
2439.92712721867227605892571848
2440.82616029063525474838946137
2441.92983654999840952846701601
2443.03356005818513233183665133
2443.77543639619972932747371246
2445.15438101522041942202858264
2445.74495210115490037073305972
2446.39852330611024760553075918
2448.98831228603510535508038531
2449.23103200929253339259877555
2450.50365058010811910252843329
2451.18170831008444922134909678
2452.2833657412138906260284457
2453.25748581208404486787163208
2454.30056184178992349267330678
2455.48228838352592395283540113
2456.51455184128855333061192027
2457.90799909021854468400562747
2458.54679983712801340841361658
2460.01357946550619149825041247
2461.2022953745062000462680284
2461.73162864804139269721179549
2462.4642949138537636291148573
2463.56966729501634784354518665
2464.92781636122340855991071805
2466.18309701319272340621792422
2467.64086078377902469819037826
2468.18681630111524323846325126
2469.33626389249748922952295783
2469.78148503152402430908619091
2471.53929774199671694863020502
2472.33641758948227106736968349
2473.10712473464504219483372112
2474.23784973439367951118074117
2475.53935386100276676985724969
2477.02175509610459415657788723
2478.01485402480940524209462935
2478.39759758312502044048772362
2479.97735198087075412242686546
2480.43360698509207292776643489
2481.35676728035894459721349293
2482.68341151871599923225987298
2484.50323827474464336636354571
2485.08759053741986651079704036
2485.78562071239275224064255559
2487.3338364427260220668139054
2488.11383175419305437983839619
2489.26115745163711674296622346
2490.05109051574678980935576832
2491.10551642182070481830282388
2491.90747393429284264492352696
2493.48929544912321722750075262
2494.86617782825522097308747158
2495.84684041950164275547472606
2496.48533670282326824561533149
2497.64846524660193454986123194
2497.96997396675226239679550325
2499.86204282125506568639210531
2500.56438641231744934117283757
2501.57774467243353946446953897
2503.18522721208680164253286869
2504.00893365858364117576443493
2504.77215251121202792635242898
2506.30535193730769566171125887
2507.15188564767558917230872614
2507.87103957974336197471201635
2508.7660461038266224089676671
2509.65299744137942169372942996
2511.66018978718668365547605453
2512.53822098520254480861100408
2513.5795170214648545945730755
2514.25985905977367790664513151
2515.28648292471288003818988652
2516.57104914289
2517.14693188042
2518.55285204069
2519.63425264027
2520.40232351804
2521.88517564615
2523.26348015587
2523.96705581919
2524.64204579569
2525.6879933248
2526.86881005859
2527.41879116063
2529.37804346327
2530.27367227427
2531.54396122006
2531.96938408156
2533.06731709905
2534.40861409839
2535.50588607397
2536.09188492084
2536.86748522256
2538.55982693626
2539.99840711859
2540.53166193674
2541.99872915367
2542.68765051487
2543.34395508861
2544.29095365662
2545.87801773033
2546.76114128336
2548.18161539411
2548.89598757505
2549.99648449152
2551.41114199288
2551.8804459596
2553.27567799552
2553.72306920121
2555.05087529136
2555.8323507473
2558.00910594287
2558.75221136847
2559.23429659733
2560.26328951439
2561.40563574757
2562.42611333814
2563.50171890399
2564.33210785433
2565.97527047828
2566.55755789709
2567.95859972533
2569.04309017335
2569.9481115969
2570.95852566192
2571.54077414777
2572.36820818621
2574.20716395002
2575.4045119969
2576.14101118403
2577.5198355326
2578.07012992501
2578.9712983359
2580.3461115652
2581.39814058189
2582.1387339313
2583.0032945351
2584.75840244168
2585.77273940401
2586.92517895718
2587.59100092419
2588.36821042388
2589.57926455443
2590.37169292595
2591.54937844798
2593.2758768066
2594.02361833469
2594.90501155248
2595.68753013886
2597.54614148846
2597.97935341842
2598.59876831963
2600.12135506188
2600.64195231922
2602.41230055805
2603.62878111845
2604.57356482372
2605.36807591556
2606.24366454752
2607.00363911424
2608.36489964904
2609.55208674068
2610.44452093892
2611.54367038142
2612.95680703669
2613.73192943831
2614.7371361654
2615.84770726825
2616.90211824395
2617.3350469349
2618.29291547802
2620.27939369442
2621.42905521323
2622.04869679842
2622.9945079763
2624.05060385456
2624.90950177717
2626.46050222994
2626.71047139581
2628.09802652387
2629.60413951085
2629.99480076422
2632.04311663711
2632.44365894915
2633.67639993978
2633.96654343412
2635.21733161718
2636.43258599508
2637.51068335846
2639.06257304539
2640.05424588403
2640.46294282895
2641.80174478411
2642.75575906304
2643.97090095835
2644.88786714349
2645.39556727857
2646.68994017272
2648.57742928376
2649.3256535518
2650.05854445838
2651.22733133212
2652.16077524154
2652.77064282696
2653.89706974564
2655.61577232596
2656.23899849802
2657.5377607583
2658.34155762976
2659.65831602086
2660.61024580295
2661.58257375821
2662.18357343563
2663.39394562234
2664.23548908324
2666.03010147945
2666.98284907055
2668.29185903721
2668.66365140129
2669.25374488818
2670.99899858217
2671.91838266891
2672.60377958815
2673.8746187111
2675.27175912964
2676.0664902301
2677.2461938932
2678.53815652163
2679.02528159628
2680.03902154824
2680.84311713292
2681.84105145608
2683.88227555147
2684.5291569045
2685.37711342663
2686.49616015116
2687.48993980803
2688.38508159555
2689.42327598114
2690.63318685603
2691.31838284
2692.36871895851
2694.10282061344
2695.20895796897
2695.7500492401
2696.69537258161
2697.85755821676
2698.2909613214
2699.94202750009
2700.73120701107
2702.43354484774
2703.14365751119
2703.98171424477
2704.95573755133
2706.52824732676
2707.09076464639
2708.11706922927
2708.47652496068
2710.36835982361
2711.45822786412
2712.78668733476
2713.52528930335
2714.36790668852
2715.33987163141
2716.02504904953
2717.66577487105
2718.30865247435
2719.77099897813
2720.49347490015
2721.79877561665
2723.08608274448
2723.76892884982
2724.52392443707
2725.88298920348
2726.47970103396
2727.2744594319
2729.39504166859
2730.49289180717
2730.79770208019
2732.0040499136
2732.83012355748
2734.20078296782
2734.93885608421
2736.00047910704
2736.92204844
2738.26644416376
2739.5135472962
2740.31110942123
2741.87885242056
2742.25410787825
2742.99306815993
2743.95346981009
2745.32183189819
2746.7147989524
2747.51409799818
2748.91619106644
2749.64364978865
2750.31408341036
2751.82367145853
2752.71550249388
2753.4877964174
2754.45866308272
2755.41687619149
2757.3018682143
2758.27810332834
2758.85867096869
2759.89861391966
2760.65715154011
2762.08288014258
2762.44458046769
2764.04184625209
2765.40769114648
2766.15703558992
2766.88726974737
2768.66452388814
2769.1446987961
2770.27909364334
2771.01739214268
2771.89629366173
2773.02971342429
2774.67001073183
2775.72570734241
2776.61916030793
2777.51212520258
2778.28969529977
2779.12753913405
2780.77111837907
2781.65607022757
2781.98923965465
2783.94366528686
2784.70528387612
2786.04333573862
2786.70256635137
2787.93202125852
2788.79627801451
2789.19756112105
2790.49308079104
2792.11337855702
2793.30146924087
2794.23809333528
2794.65382466533
2796.03476160366
2797.1745393519
2797.97290122963
2798.79814017705
2800.0674448184
2800.93760311624
2802.22480153633
2803.86495513834
2804.41893567625
2805.20530036306
2806.00273241664
2807.13231837119
2808.153501198
2809.29165224519
2810.72463408252
2811.46099222605
2812.86199758802
2813.2014880283
2814.6567579806
2815.83865399275
2816.33795481533
2817.45890731742
2817.94946216097
2820.48884202192
2820.66084105378
2821.89193007487
2822.92302621702
2823.86699205661
2824.28188412204
2825.87265668975
2826.71217037492
2828.02997394625
2828.85152659052
2830.08754529002
2831.12842543719
2832.41655085794
2833.13803585167
2833.65871723331
2834.98024846251
2835.77584774453
2837.01447208129
2838.81288152927
2839.48575339501
2840.28575491069
2840.9206729731
2842.3326410811
2843.46983788456
2844.19898696326
2845.02543361048
2846.39077621273
2847.53593552973
2848.77030855541
2849.79708664721
2850.47188819744
2851.67893803625
2852.30372656837
2852.9262147647
2854.83239423193
2855.8537211929
2856.81613354391
2857.73613980782
2858.85786035625
2859.83874895418
2860.57743649761
2862.1202082344
2862.50696627776
2863.36358955219
2864.91142675885
2866.49320975593
2867.14935609409
2868.22416366309
2868.65762919422
2869.84345657486
2870.90950637538
2872.02351111355
2872.85855518344
2874.56915407285
2875.28211916637
2875.88991434039
2877.5466491538
2878.52700262418
2879.11990754698
2879.86897393691
2880.97899473839
2882.15364639064
2884.01365755284
2884.34675779014
2885.77305540272
2886.30887463977
2887.22488550706
2888.39438245617
2889.40416804758
2890.64262636155
2891.28007821545
2892.46262401664
2894.17444873682
2894.74655035622
2895.64110386197
2896.82540516825
2897.42830056697
2898.54135317991
2899.17777983655
2901.263850362
2902.06510248125
2902.85578552851
2903.95787904304
2904.59819602199
2906.17641759663
2906.92333934299
2907.60573691121
2908.65804551974
2910.02823343505
2911.14290366458
2912.34590472606
2913.52278586669
2914.0446110721
2914.80270222386
2915.68597532746
2917.27417344149
2917.98241670191
2919.32177232653
2920.61555599214
2921.08319893726
2922.3960845574
2923.39093235738
2924.33343499395
2925.26150911931
2926.29543622623
2926.62401468647
2928.761073847
2930.00436637198
2930.71116869739
2931.06910110981
2932.80641441583
2933.17485716201
2934.29071783579
2935.55246370575
2936.5503748486
2937.70895898157
2938.58122035058
2939.84752916259
2941.26160153469
2941.42521775634
2942.72488586515
2943.35368496018
2944.32164879448
2945.94449928589
2946.92239489619
2948.37426186469
2948.86757720939
2949.79014302579
2950.52110835242
2952.28382963895
2952.82717658351
2953.58903099376
2954.71127529093
2956.25873042416
2957.23625924684
2958.2907762542
2959.22101423469
2960.03361781201
2960.81483926622
2961.82597057535
2962.81963633528
2964.63392149481
2965.39834158429
2966.06526974565
2967.2701904265
2968.40534899541
2969.4011366557
2970.04993011091
2971.12223812493
2972.30888410907
2972.81168639136
2975.01802041278
2975.61995716615
2976.52623213709
2977.55357491347
2977.9819785126
2979.31904221201
2980.48738100656
2981.34394748181
2982.52371989592
2983.82533326652
2984.63917780445
2985.54766623542
2986.8053933833
2987.85615150243
2988.63469966694
2988.85504636745
2990.4232705737
2992.16366867506
2992.8688663783
2993.97435309285
2994.86550704675
2995.5402669155
2996.73650601622
2997.64720311444
2998.95930109803
2999.49449299459
3001.02333116288
3001.70733245602
3003.47704285271
3004.29097591731
3004.66230840825
3005.77292928451
3006.99073836463
3007.46869921647
3008.88212087239
3010.51496212924
3011.34438018051
3012.07469478587
3012.78845054868
3014.45908220668
3014.91166650273
3016.34839416998
3016.70006081263
3017.78344019159
3019.46177578037
3020.48763389694
3021.42040069251
3022.44748379313
3023.33850906794
3023.9309960739
3024.79396387122
3026.51082690785
3027.29952280734
3028.40152252863
3029.49938836968
3030.59452965098
3031.28921746806
3032.75602936022
3033.21812397295
3034.36090719233
3035.07410394754
3036.13311323821
3037.98038359047
3039.03365104421
3039.52160157157
3040.50042756466
3041.2568035495
3042.65304985413
3043.67054162177
3044.05512798191
3046.05003022488
3046.45450421929
3047.70881764089
3048.9226324904
3050.01967675721
3050.80123331572
3051.34238334148
3052.47684852426
3053.34826593695
3054.98652086654
3056.24292330973
3056.76513811296
3058.0137030097
3058.90149469316
3059.43786175811
3061.06270011759
3061.83758444527
3062.72687316464
3063.43508648502
3065.2865555853
3066.3202504041
3067.07132024118
3068.0135013418
3068.98426618553
3069.78290477977
3070.54262154981
3072.00099337792
3073.18523777994
3074.52349428521
3075.03387287741
3075.83347924246
3077.42747330681
3078.28622691797
3078.89737914713
3079.87139464281
3080.85638234197
3082.16316375907
3083.36135799043
3084.83845150429
3085.37726899363
3085.96552225931
3087.01881535865
3088.08343704204
3089.22230894452
3090.28219490293
3091.15446969849
3092.68766704003
3093.18544571752
3094.83306843012
3095.13203123945
3096.51548551294
3097.34260653099
3098.03835497296
3098.75808984881
3101.07937308658
3101.65737079014
3102.43608912272
3103.58991605959
3104.36254634163
3105.39140236986
3106.39635264606
3107.48425585702
3108.30359626621
3109.53309979036
3110.55720038033
3111.92072771409
3112.84073785937
3113.75521366949
3114.47341620357
3115.00267241355
3116.7204508159
3117.2697233869
3118.95501366612
3119.95755660434
3120.98621497568
3121.33721976293
3122.61012887535
3124.15022516433
3124.52592264577
3125.37444147211
3126.45011643482
3127.69301237344
3129.46861260975
3129.79620550542
3130.87766372977
3131.8610902163
3132.69833136624
3133.39888382298
3134.63544590126
3136.01556075204
3137.17517266693
3137.61349521202
3139.04950849847
3140.13849414105
3141.00117482824
3141.74803254288
3142.97945672804
3143.56749918358
3144.49048814551
3146.28352837594
3147.34460662553
3148.37904187047
3148.86122878381
3149.77173869899
3150.82465272236
3152.15105946574
3152.99455999564
3153.59697652953
3155.31210821767
3156.30035794957
3156.90576145445
3158.57828770794
3159.26520465991
3159.80409757909
3161.06191257776
3161.40243520789
3163.31195955783
3164.35053132093
3165.54059789383
3166.1395867136
3167.12109475728
3168.1975157139
3169.17976460786
3170.01413156563
3171.34395806906
3171.83777434607
3173.01163391728
3174.81538597639
3175.5287227437
3176.48034351646
3176.91563600921
3178.371705005
3178.90259553605
3180.01121337289
3181.32850171321
3182.83944692027
3183.20567334593
3184.45149996033
3185.21434458011
3186.54586942954
3187.64616270837
3188.05548232945
3188.87746071496
3190.16866196215
3191.70625636277
3192.68179161789
3193.55720847245
3194.78670737856
3195.32669992921
3195.79389563389
3197.54716565659
3198.43012576782
3199.24897711425
3200.66327023075
3201.4248663612
3202.77828650074
3203.63089115263
3204.55741018784
3205.49758056334
3206.22889330383
3207.27006235743
3208.08613389192
3210.35242053977
3210.6703882992
3211.61883252294
3212.31922734293
3213.60649879817
3214.66756248809
3215.32529890374
3216.49152469237
3217.43080477829
3218.65998374403
3219.63917130559
3221.19834168297
3221.6094763011
3222.8138408229
3223.37256637526
3224.21370651964
3225.36671596493
3227.04410237452
3227.5251495155
3229.01631162995
3229.9810669605
3230.33663673217
3231.74134791826
3232.73871312481
3233.91336060303
3234.30659124492
3235.15461718237
3237.08757953171
3237.99823632671
3239.09043456269
3239.76731407524
3240.60574727796
3241.59531293804
3242.56830758237
3243.50165271128
3244.88415709113
3246.04015781624
3246.84167616196
3247.57050353384
3249.30808574743
3249.90644631844
3250.61332426741
3251.51063774402
3252.72399090727
3253.36901724411
3255.14207659255
3256.34661281796
3256.94194320474
3257.83134001283
3258.70671427545
3259.53973068604
3261.1921244205
3261.53531260218
3262.71896869453
3263.78494048913
3265.19877160065
3266.15378641994
3266.80395447965
3268.18851785557
3268.90940858872
3269.51678536025
3270.31080345783
3272.01939761078
3273.36303296527
3274.05995301172
3274.86356763797
3276.12415498492
3276.69455468122
3278.05947828904
3278.98619373202
3279.48950963963
3280.97641871372
3281.70669082062
3283.23912430011
3284.49986313244
3285.20282875169
3285.68225971046
3286.71854034229
3287.77309199267
3288.93697284533
3289.72430653618
3291.38572592843
3292.22264204928
3292.85671609755
3293.97586924559
3295.26666323273
3296.02175476467
3296.8731421627
3297.8368423106
3298.35787862156
3300.45057619225
3301.41377630437
3302.0170976656
3303.3172618417
3303.81371920576
3305.07617724083
3305.47208869853
3307.22171160248
3308.04540222332
3308.83287751297
3310.23570677384
3311.15530611827
3312.34945945051
3313.19987667273
3313.84266227316
3315.01501382798
3315.61974254092
3316.75245341772
3318.38747017017
3319.41264899316
3320.47669968205
3320.8879414612
3321.66357269861
3323.49092317979
3323.87512491409
3324.92568414598
3325.69162703838
3327.33844175147
3327.98826920817
3329.46558394841
3330.29040036013
3331.29940416149
3331.89228824378
3332.700898576
3333.78138296137
3335.04599642448
3336.57596842926
3337.0442118967
3338.15040735632
3339.25667369462
3340.11715269746
3340.97226363785
3342.21155485926
3343.05172227834
3343.60490850959
3344.85225586819
3346.84843081656
3347.39783099096
3347.93600161075
3349.30102792685
3349.85625211477
3350.80370402457
3352.15380409661
3352.84536454264
3354.27823128039
3355.48368030599
3355.88057818332
3357.19815411834
3358.40269962342
3359.35928306724
3359.85240438129
3360.58415329832
3361.88758862112
3363.23387834885
3364.35576355386
3365.60095746856
3366.12088381075
3367.05554253962
3367.76944386822
3369.1837285548
3370.06165174654
3370.99753614272
3371.92244560054
3373.16014092523
3374.42747199005
3375.37995575631
3376.2983860442
3376.82097084844
3378.25895696265
3378.78060849487
3379.46019266809
3381.6346474471
3382.2967149216
3383.34848957583
3383.8712124151
3385.17731082791
3386.16629575042
3387.14956445935
3387.8087777854
3389.0918801566
3389.64887904088
3391.48123373188
3392.14757263077
3393.65178589313
3394.13766635139
3394.99110631071
3395.6148509384
3396.89006631101
3398.2716771892
3398.84119721991
3400.32247654855
3401.38745069716
3402.00044141494
3403.00886482018
3404.36276157287
3405.13291869512
3405.80994280482
3406.67948281196
3407.72831428952
3409.57873685247
3410.42456521191
3411.22363349728
3411.85583027598
3413.21903600535
3413.71081947665
3415.0064152978
3415.80662357289
3417.20172552757
3418.19484270885
3418.74424667515
3420.54058298733
3421.30753731824
3421.88242040767
3423.12859419233
3423.61139467127
3424.72898986338
3425.83091773594
3427.4318110057
3428.34501464876
3429.07716145913
3430.15880952933
3430.61161868017
3432.02636653187
3433.30633116031
3433.76971016368
3434.43293018127
3436.18360756971
3437.21916160691
3438.21261615433
3439.11243015417
3440.22929958856
3440.84402577054
3441.46797767007
3442.68339244544
3444.03657070174
3445.27743246873
3446.0153861583
3447.15892542062
3447.70051760501
3449.49700271547
3449.68500106448
3450.72348759253
3451.94066942753
3452.56981677167
3453.67789391842
3455.48879943479
3456.25861455929
3457.18417289458
3457.57359885784
3458.66541062478
3460.04606401895
3460.48423046905
3461.91597119849
3462.89673240184
3464.08383216031
3464.97769525243
3465.82715572713
3467.20440398626
3467.90947107822
3468.77555136681
3469.55191313263
3470.21410896145
3472.24901822132
3473.16876339514
3473.81488202002
3475.21910673275
3475.71779281943
3476.51993177081
3477.70019028467
3479.04983017921
3479.4659653127
3480.68291595061
3481.77639669432
3483.05785680138
3484.15938804623
3484.88458535289
3485.69149772821
3486.53433966946
3487.53947784277
3488.45577662225
3489.66512331627
3491.55056136824
3491.81109996534
3492.41443558042
3493.72061308272
3494.81640848154
3495.98893196758
3496.35036136377
3497.37296054228
3498.57613653901
3499.68655382113
3501.14591959046
3501.89709523289
3502.77586794857
3503.63621579151
3504.58892777494
3504.99262719505
3506.860778987
3507.54527379733
3508.77250086696
3509.63640803827
3510.84508364457
3511.73109111283
3512.47358684289
3513.8775738738
3514.36675224394
3515.41680884964
3515.90181449889
3518.0264452394
3518.86840920856
3519.87018674023
3520.49166596555
3521.36504090268
3522.38221289384
3523.63583572351
3524.21522073758
3525.38656663704
3526.67025671133
3527.615207051
3528.35182458281
3529.95574434595
3530.83504679771
3531.20102396353
3532.0385088475
3533.32824339582
3534.06258828017
3535.77257694342
3536.63325070551
3537.70801305618
3538.50056890735
3539.0899365266
3540.45675880715
3541.35752237537
3542.34088391759
3543.32230653534
3543.81679628691
3545.69921217132
3546.86413459526
3547.31478139649
3548.35125296358
3549.45835677636
3550.06505922552
3550.85329837203
3552.08020975038
3553.84068059702
3554.16503478949
3555.5341450719
3556.06523453561
3557.42710235292
3558.34934503841
3559.26566469989
3560.01924882356
3560.77618333435
3562.16243508283
3563.21512148568
3564.76077071401
3565.396422887
3566.28491077626
3566.91668389546
3567.73325174907
3569.34313208643
3570.00867136495
3570.82291655461
3572.51396562794
3573.07980430127
3574.10001630894
3575.49315574745
3575.95537964379
3577.20528398563
3577.98118411055
3578.41038261893
3579.7501026146
3581.5853382418
3582.39491661983
3582.92304218551
3583.94557477492
3585.20627871288
3585.68444866157
3586.8407450061
3587.96881366797
3588.85944452046
3589.74500654505
3590.98347129306
3592.40588908001
3593.02855883979
3594.22727478549
3594.4692726981
3595.77906375388
3596.42177254007
3597.80264129458
3598.94856020619
3600.16632379678
3601.10401368545
3601.79128275196
3602.41889426269
3604.24805363349
3604.75498401781
3605.49447497179
3606.3593176241
3607.57480964537
3609.28333303427
3609.70026616892
3611.10163155156
3611.91099467676
3612.32419268734
3613.54902124104
3614.32781464219
3615.60626812463
3616.8406891335
3617.80284239704
3618.45255851597
3619.88572350701
3620.70557044988
3621.88613236614
3622.17927450222
3623.55846847304
3624.43750355684
3624.88172659774
3627.06031551907
3627.94911479074
3628.61037505614
3629.40721761151
3630.36342504544
3631.30868428878
3632.47817833601
3633.44015777545
3634.056193093
3635.67363342795
3636.43963835705
3637.54065771795
3638.55370767943
3639.67980651777
3640.36297649427
3641.01053814635
3641.70712324117
3643.47957364818
3644.40335834178
3645.63211664351
3646.45089436983
3647.2842616804
3648.15845468552
3649.16616413153
3650.30204357116
3651.25310616342
3651.78352337477
3653.08832619639
3654.2114375027
3655.90572644146
3656.33452976624
3656.89282963331
3658.12937219382
3658.92168955101
3659.90750074757
3660.73566581496
3662.36894929741
3663.44828885498
3664.00200710459
3664.87813772947
3666.23702597297
3667.30733923303
3667.73563894552
3669.03019115744
3669.42374630895
3670.73199726918
3672.34935129488
3673.15917614412
3674.08760895614
3675.26261012966
3675.66248424563
3676.36893813725
3677.89329566279
3678.84778305696
3679.81831164951
3680.58398390842
3682.41873143567
3682.57173054907
3683.97102420351
3684.85989308827
3685.97444214243
3686.27133718094
3687.53841375977
3688.177027972
3690.18425811103
3691.03916225298
3691.75693972143
3692.64765392735
3693.37098473504
3694.79112671789
3695.67279013318
3696.12198263359
3697.58596364499
3698.54736276651
3699.43029263065
3700.83831675963
3702.05075698791
3702.46015593321
3703.3474760756
3704.209894383
3705.1292281879
3706.29472135596
3707.57905536144
3708.65845286878
3709.58227172335
3710.37149177677
3711.40481817642
3712.17013946661
3713.58358105087
3714.42467683982
3714.7393335898
3715.84645903495
3717.75109591705
3718.49835547449
3719.48349539931
3720.1820489327
3721.29604000034
3722.0588367682
3722.62732055254
3724.38812750114
3724.8823199903
3726.51771826492
3727.10529597333
3727.93846595554
3729.47279170195
3730.18732067635
3731.07515924837
3731.65293730264
3732.84747561341
3733.67169680713
3735.00764463701
3736.46285561698
3737.42670278495
3737.84777933193
3738.58805546769
3739.83169066013
3740.87515368716
3741.92507934868
3742.48501354685
3743.85961621163
3744.84667196505
3746.1359725128
3746.84095310311
3747.99712704458
3748.75286072296
3749.67270791102
3750.30315843121
3751.16464451036
3753.18644912989
3753.94698906639
3754.50732188297
3755.92281884241
3756.52497271202
3757.48143984981
3758.69642629633
3759.35921667558
3760.58272913262
3761.08533495176
3762.47507909634
3763.99984269768
3764.64428016999
3765.7460260641
3766.45596753182
3766.87242148428
3768.33864015595
3769.29339431301
3770.1054978991
3771.72899276172
3772.51233121744
3773.46732774099
3773.94158030499
3775.75271184012
3776.25880734224
3777.14324433366
3777.83337060212
3778.83937378526
3780.22648645065
3781.66864612316
3782.39057566185
3783.12664946372
3784.26555034523
3784.86510509982
3785.79101860093
3786.93569790606
3788.26366487025
3788.80005033194
3790.04177667257
3791.02091440469
3792.56024767159
3792.87247950194
3793.79099027649
3795.02165341646
3795.80858814787
3796.13917793329
3797.85405584294
3799.29849707731
3800.13242640341
3800.87763557888
3801.59061717565
3802.64023973252
3803.82920046571
3804.79084039365
3805.43464675482
3806.29789675533
3808.09304989633
3808.45950783656
3809.87424831291
3811.1847123344
3811.42822176478
3812.54475439899
3812.97830890179
3814.32701746178
3815.53181985807
3816.60259812782
3817.76870791431
3818.50553396559
3819.41449854785
3820.43831336925
3821.43805966677
3822.37191338555
3823.14811040756
3824.41855312451
3824.54103715935
3826.94762723776
3827.57633568567
3828.33952051964
3829.14481048689
3830.16182392304
3831.03467911985
3831.93248712955
3832.94154884947
3834.35309456119
3835.22039872404
3836.02288198119
3837.23884722415
3838.08405866746
3839.42626846604
3839.97400276631
3840.5046787482
3841.68234481219
3842.67853263643
3844.40355321303
3844.89701096417
3846.48747547606
3846.74730118266
3847.6817496709
3848.41530100586
3850.17020181483
3850.60392043838
3851.41010246057
3852.70310247525
3853.86029384564
3854.90258633299
3855.95525447383
3856.70386739589
3857.61058301492
3858.44858623599
3859.28573817701
3860.09300850517
3861.85271932541
3862.98378366696
3863.65828601918
3864.15019099682
3865.56507720541
3866.82240411329
3866.972328125
3868.41285907388
3869.14466692101
3870.11403453946
3871.29175018944
3872.66654657279
3873.81020838067
3874.22961484376
3875.10519758467
3876.17374068981
3876.65796493779
3878.25617494105
3879.11033870999
3880.08221359744
3881.5403505114
3882.11684525978
3882.89999255047
3884.20979920799
3885.10996308611
3886.22520976625
3886.4512897905
3887.35201376004
3889.1553463445
3890.30918196903
3891.08688300241
3891.92993698599
3893.00113107697
3893.40706208333
3894.78373028892
3895.56793127392
3896.64263227513
3897.87075029109
3898.65196179456
3899.62374345561
3901.00776461042
3902.07742704226
3902.41116051089
3903.35154307315
3904.37919130412
3905.3448516662
3906.11931911188
3908.18816543819
3908.60636266607
3909.46584740412
3910.63271685654
3910.91143823616
3912.64294859851
3913.25913786176
3914.21992326922
3914.94900124491
3916.17653855995
3917.65816595361
3918.44305298765
3919.22274096069
3920.54043109545
3921.15257024005
3921.65256034829
3922.6652032242
3924.19331052536
3925.24711925729
3926.17608358358
3927.08051737009
3928.14221829529
3928.88655920682
3930.09928128036
3930.89108638228
3931.74521736056
3932.62456808702
3933.51688184204
3934.9383478086
3936.44328611963
3936.97423431365
3937.90538085356
3938.21461653686
3939.77518681188
3940.43463759669
3941.630029648
3942.35272218778
3944.03036280693
3944.6509156524
3945.33306366889
3946.87898357057
3947.70386407458
3948.43419220049
3949.31370582215
3950.13237551109
3950.85946643966
3952.94287015692
3953.35652659126
3954.7786211646
3955.17654637273
3956.42021719161
3957.01990177654
3957.95471794709
3959.47075550553
3960.07102875698
3960.77053461448
3962.16846192669
3963.47034886126
3964.31264952321
3965.13270709891
3966.13871499304
3966.7538941064
3967.81876142117
3968.4846536079
3969.91460021966
3971.31807021222
3972.11576026456
3973.01068150359
3973.45701478382
3974.89341336828
3976.06618319567
3976.73141890119
3977.11390869497
3978.68611997926
3979.49734117628
3980.84409978224
3982.04850208685
3982.76406811654
3983.74979536912
3984.22743518116
3985.0987252424
3986.51617903818
3987.23070915478
3988.71944926468
3989.35217580896
3990.48140960735
3991.57089098518
3992.33110509982
3993.29316373177
3994.39587399845
3995.16845972307
3995.79781341311
3996.68904023303
3998.80929229971
3999.5192482853
4000.01728517877
4001.14425863463
4002.11234942771
4002.69571941477
4004.02245139468
4004.80673102867
4005.87673743734
4006.93192081772
4008.14203089138
4008.68959625248
4010.36101902381
4010.9833112803
4011.66388154179
4012.56891600089
4013.23368880547
4014.65729481828
4015.65765105164
4016.96893801002
4018.02926845858
4018.77695160002
4019.10606504081
4020.57077310366
4021.62801421737
4022.3801064376
4023.42850497421
4023.90515140009
4025.58319902673
4026.6027591016
4027.86629757192
4028.24717291973
4029.19555708054
4030.38328019906
4030.91610778603
4031.65431171594
4033.37447687738
4034.52082016219
4035.10559902992
4036.07938960186
4037.12601457103
4038.29069885928
4038.9483104343
4039.85781922226
4040.9405632218
4041.46467764477
4042.70248039632
4044.32228700343
4045.05514738729
4046.21478482912
4046.73821081731
4047.46804432598
4048.38070982756
4049.97370468658
4050.4313906242
4051.38437955123
4052.99762598151
4053.56627207793
4054.69071287025
4055.47785250336
4056.99636190322
4057.42890423352
4057.99349353918
4059.08542828818
4060.04899600678
4061.74393304964
4062.8502886929
4063.15772545543
4064.35838019639
4065.1784751929
4066.10959265052
4067.07410686881
4068.08322382602
4068.96929762608
4070.28191256978
4070.60367764961
4072.70512870619
4073.12645017239
4074.08768113303
4074.81706451067
4075.74134667009
4076.71978186379
4077.41334548453
4078.92277136021
4080.1083044812
4081.06608342095
4081.6985684318
4082.58834814112
4083.63004286007
4084.94288320291
4085.51537058583
4086.37922107461
4086.96747897528
4088.78188148316
4089.73028563766
4090.59126591028
4091.91084615922
4092.29720646463
4093.24836222912
4093.90591194529
4095.13793075125
4096.51084729656
4097.06368446035
4098.47518644816
4099.24484529363
4100.10753413052
4101.57844792156
4102.03736253513
4102.82594182578
4104.14133120219
4104.61309857983
4105.51285256923
4107.32721935588
4108.62423343028
4108.85244316077
4109.7109312858
4110.63431988672
4111.85984544508
4112.66720601872
4113.48598922704
4114.68756783716
4115.61577379848
4116.81398089126
4117.6007107398
4118.97435266946
4119.59633288365
4120.63421058437
4121.34865680279
4121.79465878504
4123.24008666954
4124.6488293802
4125.5921284526
4126.37806388053
4127.5933708084
4128.29816669968
4128.77767520258
4130.46676378026
4131.13697989932
4131.92800243278
4132.72445130738
4134.05064882827
4135.44176002133
4136.39668887341
4136.97485348348
4137.96294137964
4138.8383395555
4139.46409915524
4140.89283011563
4141.37377532013
4143.34706250045
4143.89762485607
4144.60329879839
4145.56479256801
4147.07192227953
4147.5950695475
4148.65252077881
4149.06945105076
4150.44509795249
4151.1468515095
4152.76872526564
4153.83914674505
4154.63089900598
4155.33478726163
4156.29630496284
4156.91390799174
4158.12933441381
4159.48046169898
4159.92166584076
4161.09628118212
4162.37791459338
4163.27885305083
4164.13535144063
4165.1391629556
4166.0784280624
4166.98417340836
4167.50987534577
4168.30345362553
4170.48280611056
4170.87511438165
4172.13075805155
4172.8769668517
4173.4168640228
4174.87318187461
4175.51205225221
4176.6430719202
4177.32218862404
4178.53030418318
4179.57469943019
4180.5031817652
4181.92249318446
4182.8507928791
4183.37750437178
4183.84634445932
4185.31272767529
4185.95793668738
4187.20071884623
4188.41997724016
4189.61527979339
4190.23326929091
4190.98591222567
4192.10971234571
4193.17585116579
4194.09224588213
4194.89901388826
4195.54135165514
4196.6045483558
4198.42598911248
4199.33519263116
4199.63300282964
4200.99746346658
4201.82700223668
4202.41669874601
4203.28081366014
4204.73601107334
4205.62736526739
4206.87019188826
4207.35454210439
4208.73478209833
4209.64290275941
4210.54979319404
4211.52798070004
4212.17022812972
4212.96729323347
4214.11768658358
4215.17929328183
4216.83213576385
4217.49552425177
4218.23078862688
4219.08641035629
4219.67206153122
4221.30673971048
4222.12667144104
4222.50724370514
4223.90117999222
4225.28236584636
4225.72230733287
4227.21063050179
4227.98470507214
4228.98083410691
4229.53341149763
4230.65784797516
4231.0080797545
4232.66032737878
4234.13726075095
4234.67218648543
4235.50281478465
4236.70877808133
4237.3431050886
4238.58156242922
4239.08335509135
4240.60922327622
4241.10402429008
4241.78375308325
4243.57365249402
4244.575822633
4245.62105999555
4246.0109615019
4247.05066636949
4247.88286362012
4248.79822992073
4249.84236055078
4251.02457191694
4252.06377037669
4253.4521570431
4253.64194349542
4254.60674124474
4256.25397791508
4256.90391637989
4257.39842607086
4258.41230949892
4259.21997150396
4260.82878040003
4261.80131615391
4262.83491775882
4263.85107009016
4264.32648409747
4265.19775353023
4266.17552629783
4267.37501811587
4268.22303206396
4269.3119633832
4270.22894585224
4271.21935772402
4272.62654668279
4273.26607037579
4274.00619848527
4275.1067326339
4275.86364807041
4276.73317634039
4277.42004295943
4279.54886718812
4280.16162552468
4280.97378769279
4281.58715976113
4282.94347913863
4283.49372863265
4284.84496540147
4285.62905364821
4286.15810728691
4287.68051817944
4288.50476627443
4289.81214576065
4290.68382635764
4291.67491939379
4292.72644497523
4292.81726339051
4293.81381495975
4295.34821144838
4296.24768755378
4297.2696684927
4298.66317908964
4299.05494728291
4300.08914837812
4301.0120506093
4302.14519488238
4303.18338417874
4303.53463690359
4304.61752800102
4305.61382371205
4307.44907759906
4307.99899175431
4309.17296497684
4309.3586150697
4310.63217609722
4311.66200724392
4312.22643012379
4313.40137025853
4314.79928316026
4315.57374180521
4316.46465630692
4317.35619074026
4318.86754285421
4319.40682839204
4320.16224360236
4321.07489162743
4322.07616519002
4322.66456648627
4324.54674800815
4325.29308572802
4326.35011858358
4327.39469070376
4327.70036255946
4328.61576905441
4330.02783591525
4330.89006579173
4331.85191562211
4332.30390228672
4334.02058108366
4335.06314737088
4335.60666716531
4337.13366260567
4337.45184298088
4338.71912216257
4339.02706150698
4340.0878325409
4341.41305096238
4342.901618175
4343.56320120707
4344.33464149114
4345.24965715457
4346.24289621036
4347.62803007229
4347.78873532178
4348.97543085198
4350.01392210555
4350.8713843551
4351.95251663284
4353.70018973245
4354.22075762501
4354.72459659027
4355.89311078225
4356.48276640834
4357.58759169304
4358.75564313242
4359.50018559782
4361.19107681752
4361.48673450268
4362.76158318576
4363.52558131888
4364.54690884604
4365.67199700856
4366.52730754269
4367.00051184907
4367.71104842953
4369.53796492734
4370.73462750991
4371.36263302201
4372.22790650743
4373.43317829092
4373.86380441142
4374.6950961607
4376.08322391123
4376.98295329676
4377.76846336228
4379.10331587546
4379.75986452933
4381.09102830986
4382.12594949868
4382.87574852326
4383.4664273183
4384.41960113908
4385.5798863289
4386.08367870749
4387.75626002584
4389.02947839151
4389.71963086889
4390.35110827523
4391.02121306696
4392.57433767484
4393.35866255261
4394.02851112683
4395.06089384416
4395.95109793062
4397.22322268732
4398.45171963307
4399.17746730412
4400.27018003916
4401.17547154763
4401.53357408014
4402.80823451691
4403.23956992419
4405.21860463999
4405.83230399392
4406.70687641649
4407.97318093962
4408.6237078634
4409.66609713411
4410.49114198221
4411.71520153078
4412.23724749071
4413.21656116538
4413.93404451248
4415.85096182655
4416.59399902948
4417.58011697569
4418.24155647284
4418.97152479086
4419.92245757336
4421.14121799664
4421.90470120776
4422.79074962098
4424.33966655416
4425.24490957464
4425.4956487323
4427.16472065621
4428.07317584269
4428.88180243164
4429.488009567
4430.24744879544
4431.42434048309
4432.57562745458
4434.02925319587
4434.77910483607
4435.52908329258
4436.42373798362
4437.39417367761
4437.97686962851
4439.55756071441
4440.10758550901
4441.06499626499
4441.98494857836
4443.36594187108
4444.56442411031
4445.23833854059
4445.77275824895
4447.26309601679
4447.73296246168
4448.30190106832
4449.63526812437
4451.09812080031
4452.18808370513
4452.68070206604
4453.73455127112
4454.46290544025
4455.76265797255
4456.70325019351
4457.24582633994
4458.18874933067
4459.17127901614
4460.54852928754
4461.40414047854
4462.73462219492
4463.64764806721
4464.03852325699
4464.81271612763
4465.80599756922
4467.228532883
4467.73981701528
4469.17066273741
4469.97803283173
4471.36175725229
4471.55019559035
4472.95927201518
4474.18627757741
4474.31709177898
4475.80111093176
4476.24651915751
4477.01585706333
4479.26942327633
4479.73066477209
4480.53362973924
4481.41004022114
4482.36688568896
4483.23827746688
4484.12362336935
4485.05222610362
4486.32721916294
4487.08419142781
4488.07066724902
4489.24089554754
4490.29550699485
4491.21848125242
4492.00827787897
4492.63803466921
4493.53363473521
4494.49375590157
4495.8100180299
4496.89345176727
4498.10711204647
4498.77839407247
4499.58522310746
4500.16460239607
4501.62718664398
4502.67385555359
4503.32985434572
4503.71555568181
4505.45886709307
4506.31149672882
4507.74518288322
4508.21143690268
4509.37144464812
4509.94366893714
4511.04001402852
4511.46271859694
4512.8099911072
4514.07713958954
4515.19130676459
4516.08984521354
4516.36567104083
4518.27538922243
4518.58467921542
4519.57480002046
4520.53855500873
4521.47548515327
4522.14407772826
4523.23746437873
4524.97339716076
4525.7908822969
4526.34858635879
4527.35363312402
4527.94389354479
4529.06923459201
4530.02523317441
4531.31896833789
4531.64357598718
4533.29797647144
4534.13559824432
4534.9355560047
4535.90756251673
4537.25256854749
4537.80609834388
4538.50893508811
4539.18886292371
4540.34772662345
4542.12966625098
4542.62048609801
4543.74692227379
4544.72027132088
4545.26334363648
4546.14120742127
4547.59341536872
4547.93863600636
4549.28107182813
4550.06868887931
4550.9796935853
4552.32192616097
4553.53685028088
4554.19795105097
4554.95939148688
4555.5954735992
4556.89131053648
4557.53397407058
4558.39662382829
4560.21594109767
4560.99983350623
4561.62934660157
4562.59681708927
4563.4160462676
4564.81595584467
4565.41695827225
4566.25332608195
4567.12145099062
4567.9416864785
4569.61577029519
4570.4333291749
4571.45789878556
4572.24986041859
4573.24617318739
4573.92413051197
4574.29762138439
4576.18995439184
4576.79391779996
4577.85911142987
4578.92702583207
4579.956917854
4580.71708450559
4581.89418721345
4582.56824908615
4583.67368792099
4584.38076849923
4584.97725816543
4586.20776260534
4587.67487707651
4588.97791422022
4589.64344948951
4589.74881153398
4591.2041465131
4592.04930908791
4593.15979157276
4593.83689198613
4594.78719056033
4596.26366440122
4596.82990845907
4597.82081234233
4599.37367243987
4599.90757943769
4600.63005411346
4601.6029618172
4602.25612351384
4603.20969054509
4604.64168140132
4605.88345169522
4606.46247240241
4607.75303258704
4608.2163809442
4609.22416077706
4610.08423164593
4611.48467445768
4612.02859745864
4612.78885401354
4613.68430764133
4615.53661609118
4616.22230066165
4616.95858278083
4618.10767891015
4618.76717061882
4619.46559389686
4620.54436561292
4621.3482792187
4622.81932312131
4623.8056119442
4624.72627875509
4625.40926250169
4626.34298570383
4627.79022982311
4628.46344340189
4628.97423475726
4629.88878293931
4631.22640698897
4631.76240104395
4633.56443899218
4634.30710541877
4635.35716088701
4636.02834396068
4636.39228074745
4637.79207198007
4638.7481537479
4639.71538082299
4640.56173973096
4641.75827238007
4642.68575817665
4643.75173586357
4644.75310552721
4645.36298735241
4646.73948607407
4647.11726373246
4648.1126081748
4648.56488681658
4650.6143303283
4651.66412114586
4652.08839912889
4653.11915605523
4654.06894959962
4654.94732395792
4655.72156089644
4656.92241857324
4657.82089019484
4658.39494995777
4659.91868761041
4660.56396393425
4662.08000460323
4662.94589091943
4663.50502559354
4664.32289724629
4665.14137595313
4666.09079875281
4667.42442826802
4668.05517775204
4669.82951352215
4670.35063174602
4671.03210649872
4671.87784796458
4673.28269052129
4674.12671604852
4674.74163986347
4675.72756668643
4676.33409581613
4677.93021914714
4679.08749104108
4680.08846885948
4680.60639711124
4681.60489074666
4682.64866242513
4683.0212910666
4684.18691478959
4685.40778964223
4686.70815514573
4687.07217797526
4688.25260300643
4689.50506243731
4690.1788400071
4691.29676878871
4691.8621000908
4692.86643286201
4693.93941729334
4694.17394279333
4696.09584987281
4697.35414747154
4697.77440376115
4698.92450420917
4699.49725223096
4700.15860328091
4701.84258703535
4702.437645696
4703.01517384054
4704.33811840743
4705.48213878204
4706.46857090325
4707.18717195214
4708.59542745217
4709.33267815748
4709.94494034628
4710.55224200503
4711.69198018483
4712.77779747704
4714.24772310714
4714.99796282489
4715.95262172711
4716.66023921909
4717.73340108153
4718.52989476679
4719.59570416686
4720.38669437355
4721.53754093996
4721.95456181958
4723.23493493915
4724.99642187765
4725.48719657465
4726.27114385276
4726.94929582461
4728.21160435294
4728.75050723012
4729.66150154836
4730.9627143235
4732.02190704492
4733.19376494009
4733.84409869954
4734.52781783289
4736.04492393618
4736.59684006448
4737.7840355479
4738.43258251683
4738.79373331731
4740.33256597135
4741.72188580442
4742.41403731037
4743.71792062917
4744.4218114837
4744.99685326986
4745.84241903044
4746.83959374294
4748.33580668963
4748.70088112917
4749.72810021834
4751.21594905937
4751.68273257911
4753.08402610148
4753.91883584018
4754.58956497589
4755.58894885922
4756.35614048958
4757.2226716329
4757.97066957323
4760.1585902093
4760.44104805861
4761.5164307635
4761.98399380813
4763.15818850621
4764.27542440731
4764.99847680359
4765.8032553849
4766.88481805812
4767.86885883106
4768.72647092857
4770.25649715769
4770.89128403931
4772.0574948292
4772.64493893612
4773.43979777291
4774.05661972554
4775.39571124946
4776.42920125437
4777.63567698327
4778.37412469647
4779.59615137835
4780.47912308901
4780.70858750244
4782.35687443161
4783.34322412514
4783.71451679539
4784.64096767861
4785.52541533809
4787.25267534616
4788.15257012426
4788.99901574048
4789.69834793376
4790.73381586886
4791.29117082101
4792.40882401862
4793.3473196522
4794.28676471521
4795.78011783154
4796.35290343183
4797.09793359795
4798.4208418626
4799.67321140429
4800.09776761523
4800.67100218604
4802.1883695085
4802.37785086976
4803.70459267676
4805.07221648005
4806.37197358109
4806.92127059444
4807.54101203367
4808.60449916922
4809.34688031983
4810.53188134334
4811.63228884452
4812.16077220361
4813.04555212436
4814.68155981752
4815.32427654958
4816.45175825698
4817.23287540755
4818.24013348447
4819.02842619617
4819.75462816857
4820.2100300172
4822.2211648727
4822.90572696931
4824.13753747979
4824.67839775543
4825.73629550236
4826.49434121486
4827.76732126336
4828.33794662089
4829.38630991893
4830.13682355917
4831.18569320882
4832.22486673087
4833.66326395937
4834.66534118994
4835.14402660966
4835.9519667763
4836.60896537898
4838.0267099074
4838.66048373297
4839.64715811244
4841.06472364531
4842.04350468777
4842.58541240012
4843.62133600079
4844.69961296936
4845.69673441917
4846.65776014352
4846.91604933481
4848.10740539117
4848.88504190417
4850.8715187922
4851.46872299843
4852.00106508339
4853.42581543197
4854.02700670602
4854.57429610276
4855.71846236385
4856.9218300815
4857.81538026017
4858.60417221837
4859.68053162443
4860.80933072551
4862.07665438772
4862.35934964575
4863.76015391976
4864.19194866756
4865.05535127265
4866.07157827119
4866.95402126891
4868.58832703871
4869.466636286
4870.51725383192
4870.69656472336
4871.70553953001
4873.19318137595
4873.81844622747
4874.78999678311
4875.23766083715
4876.74314232745
4877.7252995677
4878.62900558315
4880.05812735888
4880.60966100163
4881.31101233988
4882.3044622351
4882.89078593596
4883.92741423429
4885.36207472399
4886.27047888
4887.1984806467
4888.17561083522
4888.90807934601
4890.21445131618
4890.62775688827
4891.78305607476
4892.93497904249
4893.38833763576
4893.96316952957
4895.96373954599
4896.95774669096
4897.65078129758
4898.45729176648
4899.1612006889
4900.42956337926
4900.74288174649
4902.3072099029
4902.82163206855
4904.22863293745
4905.14248908067
4906.09823814235
4906.69954197366
4908.33008935121
4908.9135214443
4909.62411171498
4910.24508166746
4911.29191010214
4912.45130893611
4913.66063761807
4914.79264583157
4915.70024068956
4916.33216447756
4917.23078050424
4917.80753504285
4919.4870363371
4919.88932505208
4920.84043054364
4921.97059062764
4922.71899137376
4924.31709824999
4925.07760668933
4925.79502668143
4926.72764220965
4927.59795129064
4928.52606480316
4928.95713624571
4930.24031844293
4932.03681277414
4932.60067052704
4933.06812584381
4934.35228912201
4935.20099424979
4936.13394952351
4937.20716298599
4937.77036570022
4938.75381552629
4939.64172478471
4940.85229486265
4942.13552857819
4942.97689646219
4943.97786673189
4944.64160302005
4945.18689851793
4946.11925347864
4947.50049032185
4948.38980879744
4949.0859153851
4950.61581259126
4951.50238492929
4951.87879791817
4953.20055566867
4954.25506767966
4954.9765763794
4955.82225981612
4956.46605527886
4957.33188963029
4959.02898932063
4960.16392840769
4960.75809026462
4961.68846294319
4962.26195244816
4963.52611861749
4964.30703140517
4964.92523508961
4966.63321626986
4966.86864558716
4968.39464092723
4968.8360946551
4970.47998267945
4971.33924555621
4971.8249961494
4972.71349161735
4973.71157803246
4974.43047814727
4975.31099714241
4976.96403407755
4977.75515408671
4978.84785575318
4979.58089232664
4980.11876252912
4981.19270374771
4982.51236152624
4983.22502731462
4983.97997582991
4984.56854357452
4986.2525668358
4987.18790098276
4988.19159730757
4988.90516659215
4990.34548028636
4990.44970181902
4991.21477440859
4992.37946234142
4993.49574898381
4994.63274217227
4995.87924770466
4996.22082087686
4997.3961507071
4998.37003019567
4999.32968137297
5000.23431693133
5000.83438143241
5001.88977362719
5002.85400289186
5003.48494437831
5005.49590748771
5006.20838110621
5006.7885588061
5007.48598291985
5008.6261996563
5009.22904411722
5010.81117254473
5010.93319810604
5012.39683373968
5013.53360587315
5014.2384420562
5015.35792793794
5016.19254691433
5017.34775656817
5018.08491354767
5018.93983185047
5019.39583147336
5020.35275939548
5022.20302298378
5022.83452601919
5023.90488914123
5024.72575259487
5025.73099359363
5026.18547688235
5027.22156371104
5028.5378868209
5029.21695693905
5030.02693693854
5030.96785818677
5032.39906354092
5033.1665660802
5034.55036116301
5035.01341640885
5035.52305843743
5036.84166710701
5037.50069275689
5038.32431963672
5039.62188745285
5041.04139899381
5041.79803452246
5042.49214971643
5043.01544539397
5044.65679109132
5045.46713048017
5045.94167550201
5046.99761743001
5047.86308618418
5048.79022881973
5050.30845969917
5051.10669953369
5052.27931047295
5052.77215528967
5053.71236531999
5054.43454734337
5055.19267247344
5056.60581307988
5057.58999623589
5058.34540941708
5059.4399058189
5060.55908091502
5061.32624932903
5062.16847272669
5063.18271593744
5064.33381361917
5064.6289729685
5065.48012496054
5066.57653918478
5068.38481523884
5069.09593594401
5069.67554413852
5070.86855126588
5071.24979727714
5072.41037266059
5073.48225617699
5074.35606204153
5074.91147024295
5076.59863794778
5077.15298953074
5078.00110918326
5079.61272616714
5080.12362214401
5081.13009777062
5081.69434442982
5082.31778151169
5083.76984891896
5084.38743934074
5085.9442307865
5086.99976157808
5087.53266893776
5088.59890132201
5089.1780939133
5090.34587681156
5091.26295788362
5092.40194191139
5092.83776045218
5093.66888011063
5095.08691306158
5096.63793318621
5096.95942385633
5097.81442975891
5098.95678900619
5099.61074303799
5100.4914624162
5101.0340630485
5102.64594861517
5103.72834125303
5104.41809304676
5105.63863552643
5106.0522259498
5107.38574012391
5108.44777014933
5108.95909669843
5109.83898209098
5110.80604167227
5111.50312465446
5113.01015722173
5113.94604288045
5115.37284295299
5115.7267620978
5116.56055746371
5117.02599341348
5118.53383876863
5119.36566916157
5120.24002346649
5121.08349015564
5122.45478140975
5123.30289347793
5124.06178498807
5125.25368675677
5126.27911801517
5126.72999329178
5127.7417169591
5128.68162497439
5128.96448385867
5131.04389897359
5132.00716783777
5132.683137054
5133.30657598966
5134.66304387882
5135.17196407366
5136.12993608209
5137.20629139849
5138.04295795729
5139.12153096212
5139.67912564969
5141.09662393564
5142.44790786487
5142.90203222272
5143.93370053392
5144.58775260153
5145.48044917414
5146.14964591957
5147.56279184001
5148.25352735729
5149.76826028079
5150.70961496231
5151.14184958654
5152.18621462306
5152.9531272947
5154.65684543917
5154.89914379759
5155.49336258253
5156.50944732825
5157.81906555575
5158.95482400083
5160.05773625163
5160.85277992791
5161.60539292215
5162.58718668521
5163.06016446837
5164.10231202203
5165.30677150541
5166.19197290849
5167.48359440217
5167.99082805726
5169.07019456403
5170.29151608727
5171.23592750147
5171.58548117124
5172.80168887679
5173.67502455632
5174.35990113718
5175.09312277701
5177.23713224938
5177.60963002253
5178.75219462045
5179.20260639149
5180.10662620265
5181.18979240852
5182.13091401659
5182.99882632918
5183.95030701324
5184.68579503239
5186.35574681017
5186.70947260095
5187.88784776747
5189.07671961357
5189.85958866166
5190.35529112836
5191.12680159803
5192.04648695598
5193.40441534373
5194.70748890157
5195.15916385374
5196.70732419799
5197.11749833168
5197.71832417615
5199.22385819909
5199.77632922993
5200.96131121304
5201.55584387425
5202.45798972217
5203.52121694965
5205.09960699496
5205.90059570483
5206.63316167868
5207.21506668222
5208.28852293991
5209.13823930167
5210.01091104857
5210.80821869984
5212.41940446954
5213.3166742421
5213.89694319201
5214.77525255933
5216.05449135225
5216.93200934122
5217.65079532035
5218.69141300839
5219.0578772201
5220.22085517418
5221.42295132306
5222.85878767309
5223.43442893776
5224.45746349568
5225.25606509659
5226.14842410546
5226.35154038245
5228.18309867206
5229.19855719922
5229.241811259
5230.89720970942
5231.81508358834
5232.88462019242
5233.65811509542
5234.64028988872
5235.57473516603
5236.3004612291
5236.95743936486
5237.80169540199
5239.19278920816
5240.60763604109
5241.50282545977
5241.82272041635
5242.79298538869
5243.88254886862
5244.84545100143
5245.75573251758
5246.27925085691
5247.61032039193
5248.44153901608
5249.36633613166
5250.67523810425
5251.79855862651
5252.52203786671
5252.89057514845
5253.94407049173
5254.91263087091
5255.61316430376
5257.08118006454
5257.92494100752
5259.10832096043
5259.77190452184
5260.95919024601
5261.18047604718
5262.84883568633
5263.39696510168
5264.41137801765
5265.08837453506
5265.60593632747
5267.88536415147
5268.19827077797
5269.20139302109
5270.25945450489
5270.88622752598
5271.69696911518
5272.51796036003
5273.57873796844
5274.69150901537
5275.64387887796
5276.68350302537
5277.47575950264
5278.37939038248
5279.77566771784
5280.3154459812
5281.23995068633
5281.6333800658
5283.16386855992
5283.47871918604
5284.92692662915
5286.43716155758
5287.13748220534
5287.7113802261
5288.51554959779
5289.35324522151
5290.67497434799
5291.39959050932
5292.27501639108
5293.02435551484
5294.46476071401
5295.1263554752
5296.58105671918
5297.1253949196
5297.98118343935
5299.27467923793
5299.62730031993
5300.14473687114
5301.45813180921
5302.98145422033
5303.88525554588
5304.50845785494
5305.52633301209
5306.49876976744
5307.30038863624
5308.07279049998
5309.36175348189
5310.032764727
5310.60680111203
5311.85904989172
5312.98020915852
5314.43942679183
5314.95479404951
5315.72629685932
5316.63925390622
5317.13973490588
5318.44524095923
5319.36473429789
5320.10975301028
5321.5366949977
5322.63328058494
5323.13723111214
5323.79632787569
5325.466411143
5326.03851279213
5326.8677637898
5327.48022228304
5328.46384466527
5329.37715859333
5331.01505184838
5331.85503378267
5332.58244933887
5333.74634945267
5334.06121795737
5335.19538835152
5335.94792622724
5337.05967276058
5338.21427477173
5338.93312546486
5339.67456498686
5341.26495785861
5341.90771455688
5342.98668983352
5343.62335943302
5344.50753261244
5345.5282973417
5346.06996561536
5346.89093742184
5348.76966928173
5349.48905784014
5350.39590477244
5351.22541992585
5351.7716373835
5352.90017820707
5354.18520282931
5354.77347971405
5355.34706367562
5356.5388658287
5357.71161989232
5358.66910644179
5359.63391792738
5360.87712653129
5361.63099729212
5361.91663701683
5362.99040532663
5363.717280477
5365.29626741923
5365.74225768062
5367.38012385219
5367.90554311468
5368.81364160114
5369.80759645259
5370.71353981372
5371.53832975051
5372.68086725825
5373.21997294719
5374.11483521256
5374.86973824504
5376.72266365862
5377.71973086892
5378.20703813005
5378.76871372005
5380.1037318828
5380.87705651078
5381.34815069705
5382.80999337051
5383.52860098837
5384.81976452365
5385.68978113358
5386.31104924822
5387.7055341289
5388.44913749474
5389.60814649382
5389.90951356142
5390.992260083
5391.5059656271
5392.98195968304
5394.08371725252
5395.11666342759
5396.11585947175
5397.0034297268
5397.26196015786
5398.27762199521
5399.71250464047
5400.41888786829
5401.19449618536
5401.94714307457
5403.38959011524
5404.28768773662
5405.35445332277
5406.18413274407
5407.07553799671
5407.73501438386
5408.58871576754
5409.57773947596
5410.10187201725
5412.11966073881
5412.75693186165
5413.44894233843
5414.39188465515
5415.22506296372
5416.51181430913
5417.19077729304
5417.73077596648
5419.14576936559
5419.64791401726
5420.59511861817
5422.10720154439
5423.36428503007
5423.58283999725
5424.99013750159
5425.20557933166
5426.07747362146
5427.32778726721
5428.20079350752
5429.30706947765
5430.09323239463
5431.51855046194
5432.08130056369
5432.86706187367
5433.93931465802
5435.22451066943
5435.6142141611
5436.65840067213
5436.82064493009
5438.48607790241
5439.87494738183
5440.64516013202
5441.56505036056
5442.19719654077
5443.28353971242
5443.79513732066
5444.96695956992
5445.92502709969
5446.76524787277
5447.8619983013
5448.90841328643
5449.42763016759
5451.30940766043
5451.66677561269
5452.33095020207
5453.27642589715
5454.23276609102
5454.94855551058
5455.86796398294
5457.25433583157
5458.71564508683
5459.06218261066
5459.71451394335
5460.81554416476
5461.68296883087
5462.74500054954
5463.7645545437
5464.24387522684
5465.08324150983
5466.41830624584
5467.79044499202
5468.24453555376
5469.48088838757
5470.22006867242
5471.08287314151
5471.76086691969
5472.26403769319
5473.92520418839
5474.87145290158
5475.74943682414
5476.74889380136
5477.67194061874
5478.46343645782
5479.39681475979
5480.6548058014
5480.95673320219
5481.99373407774
5483.06685168978
5483.47314896839
5485.37953033493
5486.25095807856
5487.15864232572
5487.81444820313
5488.23946978652
5489.53988631004
5490.60647720243
5491.19848846175
5492.13705060137
5493.79246912677
5494.0384805831
5495.28087546248
5496.08972727541
5497.37349039622
5498.1741239451
5498.63356530523
5499.61279750868
5500.35398364593
5501.33122422335
5503.21169447885
5503.5225362393
5504.57949104051
5505.57193582869
5506.33001148552
5506.90817989823
5508.0170095011
5509.29123067658
5509.94593030235
5510.54426481335
5511.75777387519
5513.10995805624
5514.00184870437
5514.84446209808
5515.50148295543
5516.62965666607
5517.16163341081
5517.94829955643
5519.09583760703
5520.21539793882
5521.61420475315
5522.24963099414
5522.97004646571
5523.60135097746
5525.2397823503
5525.71712232912
5526.66276522369
5527.35533246872
5528.16641250178
5529.66093402036
5530.20315924918
5531.92961260278
5532.46111736464
5533.27582527734
5533.9533584762
5534.81078900736
5535.65686832454
5536.89952505614
5537.790908369
5538.74072731824
5539.81458507901
5540.69458314329
5541.57635154394
5542.76464605671
5543.11325667282
5544.51520860856
5545.19299916319
5545.66789522201
5546.53530457845
5548.52391966112
5549.35883981448
5549.83482314245
5550.80789977898
5551.92991174966
5552.20794711676
5553.65978978595
5554.2385999438
5555.40243079545
5556.19924574383
5557.36392245624
5558.20200449669
5559.24817860273
5560.36721177697
5561.3101352138
5561.79154879803
5562.26188444634
5563.63787090084
5564.43016255077
5565.56621732697
5566.9121772571
5567.64431865224
5568.79858012204
5568.91293377042
5570.00635617332
5571.43786777698
5572.17558120844
5572.58602422568
5573.89952940504
5574.4412838834
5576.06476243289
5577.18367928128
5577.67227682844
5578.64464437375
5579.49591649283
5580.33327037643
5581.02557378358
5581.82227719378
5583.38919141845
5584.32374089082
5585.24457095599
5585.7087170082
5587.16008127464
5587.88652528124
5588.7510611855
5589.69172717109
5590.38517313889
5591.40096362391
5591.92524079259
5593.55561702921
5594.57459428259
5595.71137471191
5596.2277366821
5596.8566168296
5597.84176895522
5598.60600681281
5600.16215030979
5600.54974704759
5601.30075096658
5603.08136265179
5603.56484005068
5604.3472543495
5605.64465418745
5606.5425795459
5607.27317871941
5608.00540350311
5608.69558216381
5609.56389592498
5611.14674375371
5612.15711464356
5613.12140028154
5613.72789699675
5614.49228791693
5615.74102643799
5616.25452479617
5617.32027143755
5618.2890895741
5619.26808201729
5619.90239451933
5621.02339166096
5622.48860414227
5623.41362584315
5623.77712010669
5624.75557913531
5625.59218474339
5626.50224271186
5627.21318720819
5628.34846244416
5629.89064879795
5630.38050222984
5631.52028803964
5632.19746515544
5632.84710000557
5634.37001621194
5635.01625080758
5635.92947027449
5636.23669448153
5637.49023706252
5638.78871445792
5640.13425259162
5640.38571096642
5641.8722507685
5642.46339909784
5643.09331944058
5643.66312748779
5645.32811741494
5645.76901609528
5647.16157657347
5647.8572069768
5648.97446299307
5649.80075692536
5650.83907523287
5651.88341846284
5652.34547957919
5653.40735620534
5654.19215137351
5655.00037276249
5655.81925262368
5657.86673871588
5658.4112474599
5658.92121588858
5659.89441287266
5660.63042280274
5661.92969676117
5662.45745114803
5663.557248249
5664.3367082563
5665.46045980188
5666.47261577843
5667.31617046272
5668.52531560932
5669.47276790028
5669.97856381366
5671.14965906822
5671.47995915431
5672.29095489089
5673.93715839705
5674.81499512554
5675.70752874035
5676.97253652276
5677.38502608254
5678.3479088818
5679.11390398479
5680.33904505308
5681.24156513719
5682.09916992471
5682.28815014685
5683.9705090433
5685.12379348479
5686.09354122554
5687.02451973113
5687.48185654801
5688.36384447003
5689.5086317873
5689.95269506155
5691.14094577072
5692.20521795884
5693.58960869725
5694.31196652828
5694.6092174683
5696.03191737201
5697.17204966829
5697.90207962502
5698.374747828
5699.37299319699
5700.48101434812
5700.98387239558
5702.73281144535
5703.61622781156
5704.50584061042
5705.177927108
5706.07741432669
5706.59607574801
5707.76865225134
5709.03942444367
5709.5203691322
5710.60174093477
5711.55922496929
5712.81587122833
5713.79384410106
5714.09975469589
5715.63364435869
5716.33356048588
5716.75027915226
5717.77149660288
5718.47233958172
5720.36338999923
5721.05053473197
5721.96432348625
5722.5913579478
5723.77904599378
5724.16335793543
5725.67114091532
5726.23338687895
5726.98874353599
5728.12070025426
5729.15237685311
5729.88319318722
5731.34786211528
5732.34118914719
5732.88209317984
5733.59996791008
5734.28909268659
5735.44899242016
5736.32541694751
5737.25526108092
5738.60981984182
5739.56963443232
5740.31189479923
5740.86537218146
5742.14669851329
5743.00606292209
5743.89199355574
5744.85753042719
5745.31639504286
5746.10503729398
5747.94435126719
5748.73762132878
5749.84004559838
5750.07241894111
5751.51067865752
5752.02258045423
5752.7253534146
5753.68843823231
5755.2670014954
5755.66676850442
5756.7647684719
5757.94200797797
5758.47534072692
5759.89668346531
5760.64610794837
5761.13164505441
5762.45190674118
5762.7339074551
5763.83228094639
5764.96355671509
5766.3053890902
5767.38291892269
5767.98509580608
5768.70811130727
5769.21737948994
5770.68188699237
5771.7177429727
5772.11031091359
5773.0859862232
5774.26914373622
5775.40490166643
5776.05250987096
5777.40007638515
5778.09112175638
5779.00520110071
5779.66155549087
5780.37859720357
5781.25392195109
5782.40046679473
5784.04843251808
5784.46846731567
5785.21289453443
5786.49357540143
5787.13487880006
5787.96944094472
5788.98579982503
5789.95435132114
5790.69226703069
5791.54697621749
5792.28959363521
5794.30190778814
5794.66878159615
5795.56393973783
5796.41904066918
5797.21783923614
5797.88428219343
5798.93966425474
5800.04103027436
5800.71927732054
5802.37171840721
5802.7811360746
5803.87120625808
5804.40940903171
5805.82018875375
5806.79866100881
5807.37394961965
5807.7863833884
5808.95004954697
5810.03320319133
5811.3568211786
5812.20478829098
5813.34505156653
5813.94641492902
5814.49932731538
5815.62471424983
5816.29567020282
5817.6871419558
5818.29215875707
5819.26387366072
5820.32307248365
5821.19958031767
5822.55493236193
5823.16012059007
5824.03444619603
5824.64407075025
5826.02241768548
5826.43716647317
5826.89431362318
5828.89032295699
5829.88439734205
5830.59103434644
5831.34861982856
5832.01043799513
5833.32074898773
5834.00077132614
5834.93524201862
5835.95259752772
5836.40977579347
5837.69481693744
5838.88781177064
5839.65714888961
5840.87074578008
5841.77324469657
5842.25734726106
5843.0040161636
5843.74550405707
5845.04354077885
5846.12234647574
5846.85896715362
5848.18298741538
5848.99695834333
5849.66151737555
5850.48926813853
5851.7110597599
5852.66814558846
5853.09555459494
5854.19153997204
5854.71549177294
5856.09422889392
5857.84380934144
5858.08335830946
5858.83395306009
5859.86139725198
5860.64938299976
5861.43486898592
5862.55742829767
5863.0940385133
5864.6567636064
5865.52279251063
5866.04023532461
5867.20154698138
5868.54366097469
5868.98691703497
5870.00899185574
5870.71888464786
5871.41972449756
5872.40279485629
5873.38759370641
5874.88158820832
5875.79835815429
5876.37496362147
5877.60974860667
5877.93329391949
5878.67621447865
5880.46328472676
5880.70956092762
5881.82502412058
5882.27051617244
5884.03282624494
5884.68425004797
5885.7447305404
5886.62119116503
5887.48630038868
5888.38757653416
5888.84547052167
5889.69829183479
5890.84268935756
5892.22584829351
5893.12109167005
5894.08561321985
5894.54441086342
5895.55713365196
5896.81462587413
5897.52850839518
5898.04561559285
5899.33529440318
5900.02613076822
5900.83288379579
5902.16066021425
5903.45910433617
5904.35922485004
5904.78664964903
5905.37790429696
5906.65429483435
5907.30560448137
5908.30413037804
5909.43231600465
5910.29742863925
5911.48917657697
5912.33241222092
5912.93529661251
5914.11566654166
5915.01957675414
5916.08833258069
5916.441169128
5917.38089096816
5917.97541796074
5920.055550869
5920.5384765115
5921.43841856295
5922.55208008776
5923.10648052755
5924.02391820591
5924.61256799704
5925.98265211232
5926.86780689763
5927.47935643387
5928.89916198459
5929.34538289749
5930.86036289444
5931.57013486441
5932.73606554744
5933.03353655958
5933.98789804352
5934.82998130731
5935.94834732759
5936.46514732921
5938.2876799882
5939.26530326681
5939.6958387114
5940.37909985313
5941.44189480441
5942.46773615385
5943.5439791745
5944.13024662426
5944.72541337106
5946.14333199071
5946.820062653
5948.30161386944
5949.14242631264
5949.77770635152
5950.98908439299
5951.43012167439
5952.26190258463
5952.90261876811
5954.46599576066
5955.34213847674
5956.36591406098
5957.02769294934
5958.33264010139
5958.86645749542
5959.87651660498
5960.7406930761
5961.7886625475
5962.57424588566
5962.94355951312
5964.14653345962
5965.73650916764
5966.61951514362
5967.43313323137
5968.17891874309
5968.73587878499
5969.77968020667
5970.84421676674
5971.60497154272
5972.48536840506
5973.62090224829
5974.88621117946
5975.35616322991
5976.14190189254
5978.02659041929
5978.13930972579
5978.8326703528
5979.86228857809
5980.59261333338
5981.50626079935
5982.91497676373
5984.01261564001
5984.7928175068
5985.66903466989
5986.41914520508
5987.0559195177
5988.31384146313
5988.97394825078
5990.29428487359
5990.80975514291
5991.47298543009
5993.08465361465
5994.05723317468
5995.02453249448
5995.40954065115
5996.60946553845
5997.39250568882
5998.05291975266
5998.73479494329
6000.12102099837
6001.49551908992
6002.15458963341
6002.91483834562
6003.87851936519
6004.59182072489
6005.85578494233
6006.67802861496
6007.32556590761
6007.97828745779
6009.20454037959
6010.19082041044
6011.25302542847
6012.65112263534
6013.04724564555
6014.0423731698
6014.6638693794
6015.16146730014
6016.7368037038
6017.53054289912
6018.18047452955
6019.65028583595
6020.48547716547
6021.07853368498
6022.49699153704
6022.86608675099
6024.23592862151
6024.76582215494
6025.6529890588
6026.3284293682
6027.14998935502
6029.08387933624
6029.87133649061
6030.36656554527
6031.19055249381
6032.27411480658
6033.14673133134
6033.64497720837
6034.94213262986
6035.78235760526
6036.73510446417
6037.62181497069
6038.62081901011
6039.78018846211
6040.74792947435
6041.39824099326
6042.39765223723
6042.66864406446
6043.99501026898
6044.55257212394
6046.1815219542
6046.79693239625
6048.2636073614
6048.95264586448
6049.24114299162
6050.24612812227
6051.62697103391
6052.43973929371
6053.06741392432
6053.77884603646
6054.80416455805
6056.26088623218
6057.07284211619
6058.00087627065
6059.13449378576
6059.46682872835
6060.34162759301
6061.49361982228
6061.79391174767
6063.25368720773
6064.59339993261
6065.10444659421
6066.14257393262
6066.82993437891
6068.16535278718
6068.88437784793
6069.5697098815
6070.45673094859
6071.60712437969
6071.98703173713
6072.98693028159
6074.83575188102
6075.45620988047
6076.31958041093
6076.89659542876
6077.92352559785
6078.46425700036
6079.72537251482
6080.81759463994
6081.17717065293
6082.50108370698
6083.64401675793
6084.38300736566
6085.23090516236
6086.32555691258
6087.27839236437
6088.14476807151
6088.53754140468
6089.12861601972
6090.71715310708
6091.6898817685
6093.19233532557
6093.28342681768
6094.55026132998
6095.33119338
6095.91172831807
6097.09672848939
6098.07149801046
6098.7868880809
6099.66706524702
6100.71393963476
6101.54263601073
6103.11106205634
6103.89083600771
6104.36998654603
6105.08011231857
6106.42793794808
6106.69887078732
6107.88839827954
6108.68378071691
6110.53101147598
6110.83099615477
6111.84453284751
6112.46443538483
6113.55261747399
6114.76189175327
6115.27479154381
6116.16749593063
6117.0907532911
6117.55235942772
6119.21599784241
6120.28153469736
6120.93330168641
6122.0943987585
6122.85742491965
6123.35660797283
6124.13888322078
6125.17261988018
6126.56858651931
6127.13022139403
6128.04686312976
6129.26875154801
6130.29160646461
6130.68676864926
6132.1216873971
6132.76235348679
6133.4898927042
6134.45505166796
6135.14307492205
6135.89261320065
6137.78138932013
6138.44560139025
6139.58934695878
6139.81323983383
6140.67586338283
6141.87235875623
6142.91145164029
6143.35666610317
6144.40586720782
6145.50536404389
6146.60432960466
6147.0700234476
6148.59311394561
6149.39892523008
6150.27537410434
6150.87988787059
6151.5725020813
6152.58559902723
6153.32636565324
6154.80563842351
6155.70480990158
6156.73746449459
6157.3811286499
6158.39768617314
6159.09694719015
6159.82946899575
6161.4293689456
6161.82725369685
6162.41556241244
6163.37847744426
6164.77322051761
6166.2005134346
6166.48304899403
6167.46453135939
6168.37980968025
6169.39473646765
6169.53815264845
6170.82000810908
6171.92047477154
6172.83993045812
6174.23506996236
6174.74754241327
6175.30901370547
6176.74416220279
6177.63040444961
6178.41028563212
6179.09448691763
6179.7646816141
6181.01282575529
6181.67842074665
6183.0624803347
6184.33631658249
6185.0799748642
6185.46010370048
6186.45728396808
6187.12675072333
6188.45868336036
6189.11802968165
6190.16979588731
6190.92666597151
6192.09728602882
6193.13343114443
6193.90282419295
6194.96527409249
6195.67207899047
6196.66475212584
6197.38706325713
6198.0653895607
6198.65221656133
6200.67403446423
6201.59308850878
6201.83256963945
6203.19091073726
6203.86787624197
6204.58565618687
6205.73134233122
6206.51302568541
6207.35367736698
6208.56208612737
6208.8139724108
6210.47003016299
6211.20781654722
6212.54968605797
6213.1879769005
6213.79999995737
6214.50130472958
6215.40095701678
6216.66829216245
6217.18885890882
6218.51711986355
6219.84422020332
6220.27686616836
6221.35012756269
6221.64130096096
6223.4477089274
6223.85478695972
6224.73244731254
6225.47067808144
6226.23288356619
6227.45004532727
6228.83284092752
6229.76158441835
6230.32374979615
6231.18698421413
6232.23423696441
6232.81149070079
6233.43615063521
6234.90535602791
6235.69181152884
6236.87179721375
6237.40118805152
6238.50779015008
6239.72029874918
6240.51843248821
6240.98747833761
6242.26374264833
6242.91612811038
6243.53657120605
6244.46750100713
6245.8463537928
6247.22080389497
6247.76590041264
6248.61759005663
6249.22356720249
6250.12599803266
6251.16083003851
6252.33772168116
6252.96064162391
6253.37269943302
6255.21238259309
6255.70999571493
6256.73798810359
6257.82191376786
6258.86314220187
6259.51113050342
6259.96913448044
6260.94186560198
6261.77684642237
6263.06590493172
6264.19927745135
6265.06089827704
6265.97212530606
6266.64573592249
6267.56048657616
6268.62526675462
6269.26735556648
6270.34914887456
6271.1487717573
6271.96436339598
6272.58618298072
6274.61933405812
6275.13398198446
6275.84669388833
6276.91616470813
6277.22919488269
6278.60759570888
6279.12246209604
6279.99314866539
6281.40604796654
6282.27581290998
6283.22040790168
6284.05428027803
6284.78841111904
6285.89907066299
6287.17374302435
6287.42595294082
6288.21124540933
6289.11483189308
6290.03700659913
6291.54965202456
6292.3299148686
6293.29733571987
6294.34932965398
6295.00618130598
6295.2215688572
6296.54659192777
6297.77125586457
6298.45869016045
6299.1727455745
6300.37488738082
6301.38322087771
6302.23025973978
6303.49077161343
6303.94917938862
6304.90039185171
6305.74785838611
6306.55729134639
6307.14472087552
6308.25382451586
6309.93981002513
6310.8377560451
6311.20106575028
6311.8793971954
6313.32102146683
6313.82591194627
6315.03100872321
6315.48397985628
6316.76960086634
6317.25576009862
6318.603143127
6319.38247861186
6320.91888033781
6321.41549980215
6322.11818669431
6323.18259444487
6323.68906122394
6324.34850349378
6325.99115733189
6326.55069860598
6327.70932959606
6328.76897150192
6329.66509549851
6330.2404063555
6331.10842475527
6332.34615110868
6333.19634614733
6333.9160509275
6334.41068488173
6335.35689977155
6337.04424881012
6337.82203819845
6339.04195746835
6339.24880894911
6340.44143965544
6341.02923909587
6341.95415916985
6343.02591890533
6343.63957767662
6345.12457235493
6345.81278159579
6346.70858829248
6347.51277483942
6348.86477497566
6349.69465032467
6350.34936601813
6350.7979040431
6352.12409564681
6352.82404191645
6353.4872361912
6355.40810787889
6355.9301309004
6356.98410693288
6357.60685765845
6358.31570184762
6359.16962381026
6360.50344852077
6361.10811437122
6362.08249905713
6362.68536183065
6363.90083954803
6365.28358374436
6365.85232102102
6366.67135334536
6367.95881353302
6368.43809421974
6369.24588299916
6369.77022902383
6370.89805044791
6372.4156823938
6373.17315245214
6374.05353435854
6375.03240490886
6375.59919563554
6376.76454917006
6377.51143994421
6378.5501457301
6379.24662418878
6379.95940979558
6381.14366523217
6381.84803906153
6383.41023891207
6384.45921901648
6384.92048851116
6385.57820350813
6386.35707711875
6387.5282941058
6388.19785051672
6389.36085336825
6390.00615221263
6391.68664548392
6392.18732867761
6392.71857515785
6394.06507388553
6395.0317407008
6395.66886960756
6396.72925979733
6397.36113069252
6397.7860811709
6399.17664034733
6400.74623865776
6401.32362592522
6402.17529062214
6403.11088658712
6403.86139751523
6404.76703973085
6405.17896194858
6406.74828385948
6407.61295281862
6408.07716091785
6409.2790211899
6410.35380133584
6411.38446932882
6412.24755844006
6413.0404200588
6413.83345137507
6414.57029006834
6415.46207613582
6416.17590896069
6417.37805285602
6418.79259964325
6419.6920228611
6420.18257862769
6421.25593582785
6421.49122864431
6423.41448617673
6423.76450895383
6424.40146160127
6425.3997473352
6426.48001418157
6427.40152836102
6428.58758373872
6429.46884869272
6430.69457198149
6430.9181861336
6431.98168324414
6432.43330308017
6433.62238748581
6434.51494402442
6435.77465267915
6436.9051859377
6437.12340660331
6438.74048100452
6439.14061863467
6440.12522642081
6441.14057384296
6441.89409940638
6442.89753367315
6443.56526618088
6443.97837208709
6445.97151528361
6447.02217412304
6447.47461817175
6448.24613286631
6449.33205472397
6449.89620878624
6450.77044903141
6451.96507277447
6452.61680938804
6453.68178566765
6454.86130737519
6455.69082062238
6456.24375846824
6457.65386788211
6458.65861107235
6459.0678274304
6459.95283132082
6460.53463947621
6461.61478419128
6462.8528141058
6463.72409714599
6465.14372081316
6465.74387396687
6466.29573370046
6467.1934478237
6468.09279095642
6469.13112519051
6470.19735732796
6470.70107781667
6471.56045747909
6472.78020159025
6473.79864869671
6475.02149349302
6475.72775460596
6476.11312392248
6477.48170576307
6478.02717662463
6478.83134293271
6479.43113921803
6481.27367915749
6482.00279037132
6483.00670460987
6483.45018979425
6484.51932327732
6485.71320932658
6486.16337426158
6487.44521526242
6487.83021681324
6488.92662078088
6489.62257593102
6490.90609787248
6492.19021043345
6492.81348651512
6494.00471069334
6494.62212531858
6494.86645409569
6496.00797472486
6497.27930827757
6498.0387694605
6498.83486325791
6500.03168948068
6501.20745399178
6501.66518435214
6502.56697222088
6503.70154349351
6504.73250979622
6505.40872999413
6505.6679006319
6507.13702007643
6507.47775262787
6509.6182528023
6510.05820813893
6510.89205406011
6511.72622319247
6512.5669384012
6513.36094514827
6514.38262426953
6515.0526478595
6516.17129028917
6517.24033084465
6517.86138784692
6518.80819745084
6520.320492651
6520.90996493986
6521.78887238634
6522.37159708095
6523.37731912622
6524.08912305296
6524.89876404425
6526.08256269072
6527.43176636399
6528.18790446522
6529.10360983172
6529.76102394034
6530.42767175576
6531.59870750185
6532.69356713781
6533.49142940603
6533.87138707246
6534.76293701205
6536.47005369836
6537.05465021374
6538.1426004024
6539.16998454796
6539.7249609849
6540.63890676023
6541.35465915519
6541.8623945831
6543.51765704953
6544.11750886674
6545.40676130551
6546.20385314353
6546.92618718662
6547.84936075714
6549.12986310026
6549.69178935355
6550.28344919585
6551.60675060602
6552.13791365126
6552.82268678568
6554.18869683081
6555.77686667419
6556.29016415759
6556.93278760316
6557.55086618396
6558.71026569609
6559.4594730937
6560.48523624845
6561.24637594203
6562.26095825534
6563.36942199566
6564.16600419738
6565.22589672543
6565.91646367886
6567.22212370421
6567.81094295858
6568.58511067361
6569.31935420685
6569.86628905511
6571.34939708013
6572.76854053847
6573.16626373942
6574.23008464537
6575.27936426842
6575.92104173629
6576.29000773286
6577.84244472739
6578.66834054498
6579.28172676658
6580.25313247549
6581.10672679246
6582.36623501742
6583.64798989346
6584.02506523671
6585.15214925912
6585.76606574925
6586.36511760765
6587.67993501905
6588.133534515
6589.21021019464
6590.8632052774
6591.49104859296
6592.1440112287
6592.84595001006
6594.03506242938
6595.18214138157
6595.67277958399
6596.50020452265
6597.26517031967
6598.34069548369
6599.17604676841
6600.75378045466
6601.34745798438
6602.39052798864
6602.97775348166
6603.89713883715
6604.427167139
6605.39955434027
6606.69458078802
6607.76547418911
6607.96778178913
6609.74191796623
6610.09441567731
6611.386797396
6612.00797526701
6612.90797750181
6614.10382939039
6614.52535435174
6615.24560467342
6616.00132109309
6617.82312034163
6618.58259875426
6619.59820388032
6620.24365308177
6620.80184622045
6621.89759344435
6622.89615026372
6623.5749683538
6624.66371946292
6625.25012579055
6626.6362873005
6627.46024176199
6628.06183665256
6629.89128110342
6630.11041842995
6631.0382682165
6631.54769818334
6632.5486567118
6633.48400202073
6634.35259813456
6635.69677549075
6636.65428733827
6637.62536368134
6638.09047385053
6639.07575337052
6639.85956243556
6641.05512083244
6641.78622864187
6642.64428363371
6643.29254754233
6644.11990286844
6645.91840237216
6646.61179553848
6647.32242386321
6648.07791959735
6649.38408993356
6649.64735197654
6650.38313497986
6651.54513943376
6652.58366100999
6653.94124067917
6654.36626848623
6655.33457344851
6656.44611467731
6657.05375549281
6658.33570722937
6659.05507783164
6659.52184232075
6660.50355559867
6661.46164893337
6662.34672063164
6663.71902267831
6664.87291695048
6665.43291695398
6666.23609792582
6666.8083530825
6667.61635089931
6669.09736226984
6669.81000951761
6670.17570231396
6671.71377880895
6672.52646539513
6673.53941818213
6674.25435955394
6675.60812723523
6676.02107951487
6677.03406207068
6677.77360231343
6678.43819786894
6679.14730042294
6680.89009803819
6681.88512724157
6682.5656403067
6683.1846178115
6684.32308714498
6685.08463736542
6685.93624431949
6686.65634975152
6688.04074192075
6688.50350213519
6689.25993546176
6690.50870752854
6691.70492000926
6692.64754125475
6693.4996518711
6693.98151603609
6694.82370288492
6695.93898183629
6696.27231064692
6697.77900468645
6698.50767962291
6699.76163921813
6700.87136818145
6701.37579823687
6701.78467833047
6703.33680667794
6704.27058949343
6704.8736860154
6705.64010616569
6706.2140759978
6707.53516863261
6708.72104868968
6709.72699169926
6710.54517638956
6711.503024658
6712.08990386812
6712.73175992955
6713.82534538545
6714.55246389087
6715.86557638747
6716.55836597257
6717.80967501143
6718.18651971251
6719.55968720505
6720.62619617309
6721.0434293197
6722.04766824935
6722.9141702548
6723.6497849451
6724.57328441851
6725.06280124042
6727.2034842134
6727.86135302885
6728.191087299
6729.48601909645
6729.89523729321
6730.93494666161
6731.96124887978
6733.01319727261
6733.35265197003
6734.49141133364
6735.74452377478
6736.4096053578
6737.6512279005
6738.29718109192
6739.55241381218
6740.26172173486
6740.45769749302
6741.36652761748
6742.67404833269
6743.67218324542
6744.72514650618
6745.67084983203
6746.59308087985
6747.24243789056
6748.02917241982
6749.03101023731
6750.21368534222
6750.60175953974
6751.78632571145
6752.1780203611
6753.43690475714
6754.80087027466
6755.92906072125
6756.34905616456
6756.98791226881
6757.96881818565
6759.0405869611
6759.50193212826
6760.46245940059
6761.72018032483
6762.87149391175
6763.55080510391
6764.31543096651
6765.17750700347
6766.62641834384
6767.05538784213
6767.82649744405
6768.76272947287
6769.58567683707
6770.09387939639
6771.95514842485
6772.49569299508
6773.74038304948
6774.57294680258
6774.99384010807
6776.14668500244
6776.35923599739
6778.09485951431
6778.68417207884
6779.58601807124
6780.21753710773
6781.89398762438
6782.35359365848
6783.35303659248
6784.36934112324
6785.22645574695
6785.783415364
6786.86001220099
6787.19072330628
6788.35928791774
6789.79564299431
6791.02891545541
6791.37640971554
6792.19669898166
6793.06159344464
6794.09662384417
6795.0078156681
6795.89691924978
6796.2955550039
6797.7741358809
6798.36662561491
6799.27332235499
6800.77205141737
6801.65698828042
6802.2241324159
6802.95713033965
6803.90595948059
6804.36962240488
6805.73178557889
6806.40146774314
6807.68958608139
6808.69030159681
6809.40308016378
6810.36633118132
6811.15703639008
6811.85076483775
6813.24216031371
6813.93731060829
6814.46246595323
6815.08109630712
6816.33533864745
6817.95747832191
6818.59564810921
6819.2003788657
6820.38949563615
6821.02905430498
6821.70064004941
6822.50371951865
6823.68720303324
6824.61908502273
6825.43083343018
6826.69455872711
6827.21519583982
6828.19602411588
6829.60039988041
6830.08302737823
6830.87021362089
6831.5450282546
6832.55623823514
6833.38926042189
6834.17785865243
6835.80162811865
6836.65433930838
6837.60800766335
6837.96192712831
6838.57365531786
6840.16095915825
6840.62944401878
6841.65212880834
6842.56840674092
6843.09771681218
6844.54206942654
6845.39559654657
6846.43760064935
6847.23086912474
6848.21131477906
6848.77590820362
6849.8796682621
6850.11371657413
6851.11591127018
6852.98863944748
6853.36648507911
6854.36346709682
6855.29249181687
6856.26228325645
6856.76013167162
6858.04941180057
6858.55842921438
6859.92246395938
6860.18785889937
6861.10830566141
6862.2515523262
6863.66156066197
6864.46807871437
6865.32019622956
6865.94753332956
6866.60595742232
6867.50729174335
6868.58215364169
6869.56912774768
6870.02493455084
6871.7890738567
6872.372448382
6873.07272361397
6873.93469403424
6875.15332409961
6876.14531586166
6876.69811741031
6877.23764657693
6878.25886312461
6879.11242181289
6880.3779424106
6881.68803838421
6882.44519735853
6882.83857721113
6884.18130146684
6884.70138427852
6885.26328275026
6886.62366111912
6887.5499683083
6888.2509928671
6889.28968108825
6889.97727550907
6891.53737283546
6892.18273826062
6892.95097650212
6893.74994156048
6894.72579629123
6895.61538717235
6895.84031197551
6897.08200322587
6898.50234301408
6899.56041467855
6900.31874299024
6900.85810975485
6901.83431532103
6902.57867687223
6903.93799822729
6904.53518636493
6905.14066143864
6906.09406289456
6907.14003263044
6908.44228189807
6908.90308954129
6910.47225569874
6911.04892456307
6911.81990683113
6912.19214457634
6913.3035555474
6914.18754337108
6915.32911731566
6916.24506392893
6917.21646842408
6918.35758701381
6918.81735666307
6919.7503510561
6920.96747341475
6921.48382793522
6922.48097399916
6923.35403404587
6924.14588403574
6924.46042781939
6926.65483136605
6927.28679783769
6928.07166325657
6928.719431898
6929.62705191305
6930.52889004963
6931.34505865002
6932.02325080739
6933.30457252419
6934.18453598321
6935.04537089476
6936.10813434243
6936.7387490303
6938.14246006957
6938.67682499813
6939.72817441674
6940.31134460376
6940.80264957994
6942.04940032463
6942.94779855057
6944.312163919
6945.07150056343
6946.31146455827
6946.66139110081
6947.47263196353
6948.14396861326
6949.58424672847
6950.55803183932
6950.77871880041
6951.73175677067
6953.1707172409
6953.80763648295
6955.26155855197
6955.78844153483
6956.54604363655
6957.75599370388
6958.03289165978
6958.98084328875
6959.8165664848
6960.90147975152
6962.60741206168
6962.87022599656
6963.68028448136
6964.53368407906
6965.79678675497
6966.47863539884
6967.14099808098
6968.31650108658
6968.80182833888
6969.932237761
6970.53536874367
6972.09593614575
6973.26241459691
6973.65465648908
6974.59151067082
6975.29519795423
6976.00825766288
6976.91905449071
6978.18161501891
6978.84239315896
6979.76284341741
6981.00433217659
6981.97686668382
6982.39741557958
6983.38528984801
6984.84387484423
6985.15172185623
6986.00367496096
6986.85063367552
6987.25412632279
6989.03187046521
6990.11317165369
6990.67871133483
6991.93952017037
6992.27549825584
6993.15908382751
6994.10997841756
6995.03933973301
6995.81935187569
6996.88697587042
6997.80869734892
6998.49879522211
6999.68267865456
7000.7176875888
7001.85590089076
7002.35283585147
7002.69150868054
7004.04372349933
7005.06286617492
7005.10056467265
7006.73966238395
7008.1147420574
7008.81747363325
7009.36775070715
7010.35408047237
7011.00050187978
7012.23614597896
7013.15843422364
7013.70642647904
7014.62988015508
7015.28046692421
7016.72161029566
7017.83543582364
7018.48222380774
7019.43779694603
7020.43587738254
7021.02306610928
7021.65755724716
7022.29522444404
7024.04283203159
7024.45516570243
7025.69930404624
7026.5947237318
7027.30830666374
7028.45447442745
7029.02673638139
7030.16093781244
7030.91648067816
7031.73590808567
7032.32678939316
7033.37483329967
7034.29201987518
7036.04298345024
7036.59032823825
7037.2876509712
7037.82637879168
7038.89215911776
7039.72469085309
7040.8283120588
7041.38046734
7042.36719069024
7043.6602314219
7044.64489554627
7044.83163531706
7046.48718518073
7047.22507204925
7047.94843845418
7048.94940186397
7049.2802725167
7050.29721317185
7051.12607560325
7052.73110199818
7053.52983140984
7054.22932577632
7055.36225432591
7055.98600494345
7056.61475813482
7057.64085933349
7058.62978045373
7059.88959689371
7060.0465707718
7060.89730034683
7062.39667182749
7063.51669879215
7064.11154339122
7065.14932852593
7065.78382858067
7066.70065747516
7067.23227550784
7068.40766464751
7068.91082358489
7070.63177554178
7071.25754903874
7072.43711505457
7072.98318756146
7073.46666299492
7075.06713641484
7075.89087355345
7076.34246415019
7077.065912472
7078.27161886543
7078.93189080425
7080.13730426241
7081.32904556785
7082.27864219987
7083.02420621205
7083.62073418105
7084.29906779678
7085.24872879787
7086.30673143924
7087.18623923729
7088.17277564646
7089.06248192045
7090.04233835399
7090.9947739089
7091.86750387286
7092.67634225127
7093.50251176235
7094.68869595154
7095.08572038315
7095.72560256161
7096.63410563825
7098.54309229995
7099.10574770627
7100.14860951881
7100.37467413155
7101.80506077817
7102.32635049488
7103.03858628086
7104.51038606018
7104.85365342934
7105.84020461792
7107.08940711907
7107.73454339173
7108.77607169575
7110.00186057894
7110.89029424912
7111.19622036846
7112.28055294612
7112.70033223381
7113.87490659856
7115.00427607647
7115.66672917703
7117.41222432459
7117.75092573454
7118.53333583616
7119.28366536075
7120.25076905321
7121.42151688219
7122.20585177364
7122.716594278
7123.6813705825
7124.48905810826
7125.91583685743
7127.03511189937
7127.56988323784
7128.5643265824
7129.11414783661
7130.3299851236
7130.71071713869
7131.46081454501
7132.8748077579
7134.00393765702
7134.72311415497
7135.38462283407
7136.64074918266
7137.2882359535
7138.4676860631
7139.02690284355
7139.85713927178
7140.79384209744
7141.54689218948
7142.17219516323
7143.97107706949
7144.64267207468
7145.70689149117
7146.38588331666
7147.15221424696
7147.421342256
7149.10283130393
7149.69064936528
7150.67538637347
7151.24104072267
7152.67313834875
7153.62941443016
7154.18356514698
7155.22301655872
7156.48376709655
7157.06957369955
7157.56000913395
7158.47972155911
7159.23061039288
7160.33244543468
7161.81517232119
7162.6379870168
7163.13748719921
7164.37193591865
7164.71198714335
7166.04252686227
7166.53244738948
7167.5956139114
7168.64391510057
7169.19203585689
7170.16150160552
7171.13570596046
7172.80674427289
7173.35508818785
7173.62277090567
7174.90795597535
7175.54747851979
7176.38074598089
7177.13582008671
7178.28043826898
7179.36932656017
7180.55767196545
7181.14079818865
7181.85566236121
7182.76164787743
7183.85049511669
7184.72085971218
7185.72532257368
7186.02794131194
7186.6896664286
7188.32259450884
7189.14569049937
7190.29461284287
7191.06790093784
7191.98373331258
7192.68239872787
7193.22105014697
7194.05374129102
7195.42179071233
7196.18776276542
7196.95781420019
7198.14360636403
7198.99345320682
7199.74447863455
7201.05714977709
7201.57779402412
7202.48141482311
7203.17204468686
7204.26548635689
7204.76402244923
7205.5230769748
7207.44501711469
7208.19017085415
7208.92772421169
7209.38355002578
7210.41378857728
7211.3353234957
7212.36339676857
7212.96340770159
7213.83676676738
7215.10195754279
7215.53272952192
7216.95309605517
7217.71086705689
7218.73128531375
7219.71304515915
7220.43214754648
7220.78471197281
7221.8580482324
7222.53886325262
7223.96132950909
7224.9602757932
7225.66463728545
7226.82623242119
7227.67065209785
7228.10497343551
7228.96398459291
7230.57897984976
7230.78189655717
7231.71216822595
7232.50733722235
7233.30572560192
7235.03241035794
7235.59204760101
7236.71529314173
7237.29270098819
7237.92381554965
7239.10713835864
7239.49282490263
7240.74457458011
7241.38373752292
7242.81300342878
7243.90836780252
7244.19473988384
7245.04835117092
7246.52197166173
7247.17274321169
7247.9801351649
7248.55887732603
7249.5755158203
7250.31130688217
7251.23557315224
7252.57913333439
7253.77696772048
7254.38158137264
7255.04022843497
7255.89461649343
7256.7287425073
7257.35880929747
7258.88414008789
7259.51959269692
7259.97084018201
7261.33379770285
7262.44597405486
7263.12283200764
7264.27299405337
7264.7482480903
7265.96285628573
7266.82507162335
7267.02257281092
7267.85116190739
7269.28179653102
7270.66519602236
7271.16257822527
7272.29391609461
7272.75681967875
7273.70123407472
7274.63938609366
7275.69294662829
7276.18851097978
7277.31341750635
7277.91119492098
7279.22632351583
7279.76852128235
7281.31609406706
7282.17616714954
7282.81768169842
7283.4957757639
7284.02369789727
7285.27730236964
7286.13969420491
7286.77923886599
7288.2671704281
7289.10375808098
7289.9402768271
7290.82142992911
7291.29004357575
7292.74124944531
7293.40310965134
7294.20414796422
7295.04889405272
7295.56484955988
7296.57161904298
7298.3686843155
7299.13884860188
7299.33657142626
7300.76347687487
7301.58131710495
7301.84855760859
7302.91787581966
7303.84390068281
7305.06028711503
7305.81816157603
7306.63720557843
7307.6607526337
7308.67166497406
7309.49790397128
7310.50135704536
7311.1909517208
7311.88114596862
7312.72437239178
7313.55504608363
7314.44913144117
7315.75562854702
7317.10025055525
7317.55373865338
7318.35100251043
7318.87199893791
7319.89675709985
7321.23378157009
7321.71737342729
7322.56875105308
7323.24398312277
7324.84933314186
7325.22611514994
7326.44410299529
7327.53449797013
7328.28351438343
7328.86117171171
7329.81557823249
7330.58683953358
7330.97085843575
7332.6521304775
7333.51703338761
7334.6391059706
7335.193963691
7336.01682043606
7337.31222396716
7337.64920146003
7338.62125143896
7339.7631365242
7340.49596453086
7341.17241112424
7341.78144895295
7343.50752266594
7344.42940719307
7345.41338442806
7345.73718818617
7346.69892708532
7347.60144060078
7348.22647058892
7349.24977762882
7350.34761871371
7350.97325649276
7352.63184758357
7352.88043023379
7353.91394782891
7354.58462558023
7356.07680110187
7356.71390153704
7357.29806496276
7357.82992702496
7359.02242406084
7359.81883344401
7361.26701342622
7362.05813443123
7363.10259114903
7363.82209386751
7364.46976138973
7365.12005991044
7366.17682646224
7367.44480526736
7367.71658362525
7369.21123556897
7369.53261363159
7370.77829604378
7371.98796097782
7372.80504799638
7373.42403516782
7374.34939195872
7375.19924376227
7375.87815164369
7376.87364947445
7377.19008931689
7379.33278500544
7379.97960305297
7380.46401157322
7381.53693209085
7382.22271335669
7383.17352372459
7384.20239620588
7384.92451306715
7385.75263365179
7386.46155251414
7387.5424206417
7388.62953505673
7389.58450929165
7390.66417773997
7391.44025972792
7392.16073336793
7392.98860552853
7393.17326933116
7394.71161787743
7395.69396237984
7396.40327358596
7397.53193366501
7398.75192076166
7399.22038682015
7399.82881954075
7401.35418120337
7401.67066961889
7403.01809081792
7403.44892301804
7404.10346867098
7405.07152789063
7406.43487589913
7407.78277252003
7408.31844224769
7408.96102309115
7409.69791009999
7410.87501663921
7411.47557880116
7412.21334465196
7413.32858287776
7414.41881478844
7415.18065015705
7416.26950435852
7416.71339171667
7418.31050922329
7418.98809835376
7419.53761702321
7420.41591327507
7421.42078181385
7421.80696262224
7422.91068740788
7424.22073543338
7425.30620576307
7426.04261576549
7427.01035831574
7427.61888217224
7428.12424661623
7429.35088913106
7430.55536889486
7431.15663512225
7431.63430346692
7432.74066996666
7434.0415751982
7435.05919158948
7435.59044158765
7436.76651677639
7437.65818152226
7438.12599504294
7438.87221594077
7439.73764871944
7440.70312104836
7441.96932338923
7443.17116086286
7443.62839435424
7444.42386622874
7445.5189797864
7446.19211231227
7447.47037960174
7447.9159999507
7448.57884600831
7450.02685198102
7450.31341465802
7451.28737700689
7453.15633301442
7453.56225559697
7454.50115089542
7455.1115999849
7455.75624818266
7456.87926417398
7457.55501568398
7458.7588965476
7459.31791659586
7460.74231921863
7461.41283677634
7462.34511922953
7463.24103435337
7463.95342849288
7465.2353325465
7465.87364861812
7466.50956739998
7467.23689200276
7467.89351623022
7469.74231277572
7470.41069472272
7471.31615395714
7472.21633783458
7472.93845247004
7473.8019232218
7474.31837556099
7475.45714846556
7476.66168538083
7477.12611716226
7477.99022037634
7479.36080387944
7479.8264901466
7481.27058513341
7482.08835304958
7482.76097055923
7483.22268450673
7484.43540637125
7485.08726083708
7485.83611009777
7486.98057471256
7488.3413984003
7489.4107932627
7489.80164995983
7490.28846689132
7491.48023743795
7492.87117701095
7493.00060594622
7494.1555936653
7494.89335472095
7495.62053555099
7496.90323404127
7497.87666687117
7499.01837521289
7499.63501704476
7500.52075870128
7501.39435654036
7501.88960116581
7502.60612849665
7503.81582209597
7505.0076275113
7505.85576074913
7506.45877784425
7507.88158270991
7508.32535772752
7509.36285797249
7510.06201424671
7511.26815209543
7511.8315500943
7512.63910889218
7513.25647860233
7514.32745819664
7516.01733875715
7516.68286538315
7517.31654688291
7518.23392204448
7518.98825529348
7519.48380858525
7521.09547830803
7521.41896015871
7522.2359559409
7523.58380996257
7524.57606314095
7525.11775506656
7526.07788866946
7527.33924390015
7528.25594529898
7528.61882483471
7529.57243968357
7530.02451813663
7531.4430377551
7531.91847600377
7533.70178886048
7534.19617675629
7535.26941674633
7535.79587963812
7536.85214083663
7537.3125811036
7538.51384410782
7539.50718119206
7540.22753990059
7540.95221240023
7541.719927233
7543.2740868106
7544.14308959787
7545.01728221127
7545.46964533559
7546.61977843846
7547.34646437536
7548.16392890841
7548.46700925711
7550.12047217473
7551.09389039688
7552.05097794331
7552.9157227199
7553.42259959543
7554.41506443077
7555.63698699843
7556.21563332035
7557.12384846949
7557.73165001527
7558.61869314491
7559.64337631883
7560.82982002324
7561.65895999399
7563.18281443763
7563.52041569923
7563.76930189122
7564.96024367685
7565.73285340387
7566.84532243002
7567.86653111594
7568.28906760224
7569.79716510598
7570.54713799042
7571.28128937796
7572.27899397785
7573.25518430647
7574.04680204845
7574.74988883846
7575.69666816467
7576.26860507382
7576.90577059095
7578.91748666498
7579.59775731637
7580.28008897723
7580.95983081993
7582.0317055495
7582.80298386087
7583.46273477458
7584.48695973626
7585.46951762912
7586.23499458418
7587.28323949165
7587.89035060344
7589.35625411586
7590.12087148668
7590.91822486615
7591.96619381205
7592.26971260583
7593.0983139592
7594.10274254224
7595.07765816832
7596.01621283779
7597.41498571667
7598.00788285783
7598.98270995308
7599.56515471835
7600.13085872721
7601.75136601451
7602.40516347041
7603.02236632715
7603.56067858
7604.83119649089
7605.85793432661
7606.99488298009
7608.02135412268
7608.42080787014
7609.6736078099
7610.06621426462
7610.85449032034
7611.79453022113
7612.68224951444
7613.94912548298
7614.91101908096
7615.58970673295
7616.36144178991
7617.49068741753
7618.50622552972
7619.10922140046
7619.74944183342
7620.98392485511
7621.69357497143
7622.01749270877
7623.42329854559
7624.98738254729
7625.59449350139
7626.26529275852
7627.12721355626
7627.69097994777
7628.7420264416
7629.64270247791
7630.5699279772
7631.50675803218
7632.00909930412
7633.65186159174
7634.31230023863
7634.77178800081
7636.38715148674
7636.8229893994
7637.94036620266
7638.2370999676
7639.03929491069
7639.93479087517
7641.50566757356
7642.1668373634
7643.29517716718
7644.03570391775
7644.92781331391
7645.33159932818
7646.56090568708
7647.39980410945
7648.19782158482
7649.2103689141
7649.78792474396
7650.77813157051
7651.91800085013
7653.35668095787
7653.70281498644
7654.58063887674
7655.12149457261
7656.26196685136
7656.9564076448
7657.71793364482
7658.65228632749
7660.26442252026
7660.87484247417
7661.57868787915
7662.33183343767
7663.45619416392
7664.20300925439
7665.44405948794
7665.80180942902
7666.50282282347
7667.54932915607
7668.36566579574
7669.93602994673
7670.58104253354
7671.44712992053
7672.4506914566
7673.1035340953
7673.7406325281
7674.24151106469
7676.06147390875
7676.40451706416
7677.30636742582
7678.48960900565
7679.28381664705
7680.36972968947
7681.04961179807
7681.94548225936
7683.01816736396
7683.59396487636
7684.20566799114
7685.30555683408
7685.78299353292
7687.51329301523
7688.59169289007
7689.1566198575
7689.85800108312
7690.42965078219
7691.80217653304
7692.3427433887
7693.47940139816
7693.89700596098
7695.11227241775
7696.13638504108
7696.7794768283
7697.89846911174
7699.07102594423
7700.03604754604
7700.21672437995
7701.1579545722
7702.19473138194
7702.58922987558
7703.83100312418
7705.21316678604
7705.70321688799
7706.96219619128
7707.73676036078
7708.22097263206
7709.24264064129
7710.12383987794
7711.22364893197
7711.92893380023
7712.77930828826
7712.90864888992
7714.90497565468
7715.80680919283
7716.49316184661
7717.430625538
7718.20943989541
7718.87182800992
7719.753486075
7720.41217507454
7721.55399696372
7722.55722880171
7723.61828222113
7724.44091667136
7725.24287063308
7725.88107455896
7727.3650678344
7728.15453702083
7728.34532120548
7729.50844429846
7730.15671068425
7731.3263434926
7731.90460401661
7733.55115237783
7734.63720989645
7734.79905174837
7735.92019180288
7736.39898295363
7737.2815166734
7738.68340051495
7739.07607912656
7740.11354744332
7740.93212895466
7742.09382681739
7742.86176814846
7744.16874233914
7744.53918576644
7745.56417766555
7746.61797214976
7747.26272914225
7747.60384325626
7748.56089926797
7749.95034046842
7751.41794259056
7751.73224072219
7752.41205906389
7753.81256412422
7754.16580807286
7755.04274473805
7756.1405459447
7756.96166029378
7757.74864875348
7758.44196761016
7759.59295477095
7760.47013660388
7761.85201641673
7762.51666983884
7763.36553663749
7763.88794362745
7764.62954060892
7765.58054932121
7766.64806854892
7767.34736142724
7768.41709385648
7769.91332777087
7770.26124368298
7770.98388684909
7771.80193559338
7773.15216423582
7774.01889997577
7774.29626952858
7775.44878529447
7775.97760816717
7776.95537712345
7778.6196188178
7779.14773836891
7780.29414376009
7780.79163124987
7781.70370373755
7782.44810866812
7783.33318955613
7783.86982296332
7785.54321201621
7785.97215839813
7786.91088516388
7787.84757724196
7788.94203772975
7789.84648723392
7790.58474828839
7791.49812245837
7792.05700020696
7793.20843810289
7793.73117934919
7794.33064791502
7796.16793990826
7796.8827507974
7797.93999478589
7798.64287653204
7799.02735617622
7800.04886669956
7801.0859656926
7802.27813674301
7802.5630438386
7803.34164043731
7804.66253915514
7805.65124445608
7806.36552675755
7807.45394705525
7808.52169454073
7809.1480956655
7809.9493485522
7810.24642277911
7811.42529675487
7812.39288085776
7813.48075124971
7814.55609047685
7815.58693934517
7815.85584117467
7817.15263726774
7817.79668573958
7818.66011500632
7819.63564803159
7820.58639743223
7821.05388022241
7822.09409350154
7822.71903435372
7824.64547127643
7825.27317725997
7825.82778134102
7826.47118029694
7827.80645975852
7828.12519523532
7828.99387828937
7830.12853896739
7830.87758193787
7832.27446269287
7832.82449459367
7833.92075524859
7834.38306591487
7835.73325804954
7836.46350163644
7837.39694749033
7838.06417806215
7838.48255084281
7839.56836283876
7840.78234908569
7841.82806860878
7842.7737739774
7843.7410481001
7844.45742944075
7845.08032776387
7845.57614718646
7847.00008915864
7847.83596613822
7848.64701332395
7849.32297418413
7850.38157586523
7851.7493751939
7852.05553300064
7853.53688711003
7854.0992092906
7854.70524349941
7855.73023286441
7856.5897414679
7857.00748021024
7857.99824752001
7859.86387659204
7860.36084882958
7861.07429312631
7861.96830752218
7862.57680848951
7863.88646983947
7864.68842418612
7865.04754854989
7866.3272957169
7867.14233804197
7867.70139124711
7869.05405899696
7870.1005323622
7871.02626850617
7871.89159370372
7872.42105136031
7873.25897473315
7873.85741172542
7874.8942810107
7876.08125628223
7876.81137841685
7877.83395305245
7878.91061122016
7879.77437131759
7880.24792499762
7881.17259709048
7882.44041104876
7883.21913209124
7883.73928867819
7884.38613636024
7885.31005557077
7886.69784412451
7887.90263454541
7888.58250838461
7889.24775985295
7890.19988517115
7890.82910925351
7891.73848514704
7892.4715812688
7893.75377574814
7894.1462242405
7895.75270173704
7896.28414679616
7896.81070621128
7898.44397552583
7899.18938768644
7899.73778413399
7900.69974349721
7901.20372477207
7902.43194042829
7902.84588234764
7904.00001135051
7905.4953597922
7906.30705765309
7907.03327961934
7907.46202302675
7908.75408932492
7909.07108110848
7910.49634564248
7911.29047475029
7911.97465401507
7912.5218947576
7913.95890016305
7914.89822865528
7916.13908361864
7916.24962036282
7917.84698421891
7918.20629976642
7919.00950341365
7919.7020772529
7920.39491784504
7922.05303457652
7922.72331242127
7923.71014138054
7924.5820472171
7925.39133879534
7926.04475027158
7927.22785974914
7928.00776462954
7928.68423475111
7929.54022914709
7930.60494125527
7930.94807682602
7932.47166617417
7933.64564322424
7934.49541530921
7935.21464840293
7935.57071856186
7936.44223703327
7937.74518058885
7938.31557407956
7939.08663938613
7940.35401287929
7941.26568375025
7942.31760478892
7942.74509790353
7943.78551598801
7944.95951912658
7945.74069378638
7946.22078819323
7947.28977116585
7947.72960027344
7948.63421157324
7950.26547053973
7951.31403064973
7951.58485170633
7952.79448927224
7953.59465697127
7954.30899726348
7954.74760858555
7956.15226710572
7956.98957824904
7957.94794578321
7958.31745592122
7959.68875043756
7960.66137930782
7961.64959687639
7962.56254705896
7962.95650778999
7964.20360071039
7964.68408986252
7965.31567884299
7966.56884982401
7967.26610753854
7968.90988651872
7969.62944035056
7970.2205481108
7970.84792824858
7971.82133083095
7972.99533189187
7973.80486905625
7974.45812975706
7975.01785387101
7976.20779214819
7977.29119444375
7977.97532292894
7979.41983014594
7980.24415362104
7980.59215663567
7981.67715895761
7982.32922907808
7982.8567264831
7984.19478762583
7985.07846148926
7986.11627156862
7986.9899212798
7987.7768416719
7988.82688444292
7989.5271825336
7990.46473005441
7991.15461518809
7992.44960186844
7992.77544879029
7993.53552009578
7994.26827683198
7996.32587355048
7996.70293803555
7997.56259695906
7998.50362170013
7998.96051591509
8000.08676755157
8000.65428953112
8001.82741414649
8002.50422679577
8003.5440207321
8004.48690035229
8005.55874155596
8006.08945266167
8007.16631611301
8008.48668629869
8009.02427831277
8009.38393640916
8010.21223631968
8011.4693808589
8011.92939113055
8013.44202208904
8014.27677471625
8015.37188593736
8016.20173149031
8016.4911998741
8017.36146546725
8018.63782660662
8019.35663906583
8020.31968966699
8020.83745974101
8021.8954816375
8022.7174897094
8024.40358246712
8024.67098245898
8025.75245290229
8026.39185410301
8027.30587415954
8028.12402597859
8028.74640131333
8029.40782232611
8031.0580097869
8031.95132217381
8032.79338379067
8033.26919195756
8034.38624087065
8035.39324231671
8035.99951097019
8037.03448989182
8037.8034687869
8038.42846693131
8039.31095189478
8040.36377417374
8041.48509207873
8042.75260755365
8043.22821196793
8044.22207932365
8044.7020364411
8045.41219848343
8046.34910076235
8047.85858676063
8048.09253235114
8048.93901867155
8050.70785542585
8050.92855371814
8051.826700971
8052.85473573388
8053.85068369192
8054.63207549316
8055.3875364442
8056.0435454015
8056.62856609033
8057.84985409479
8059.16391047073
8060.41057395789
8060.65675084352
8061.43287864498
8062.59153073917
8063.10500884843
8064.20551520802
8064.7583715163
8065.96061155945
8066.85218144875
8067.4999791877
8068.48099718448
8069.6204735256
8070.89571510364
8071.22381204821
8072.00626115545
8072.89166095519
8073.66163819868
8074.47678179632
8075.21247953427
8076.60464644283
8077.69313905421
8078.33129095239
8079.34522278862
8080.0395116955
8080.37162366999
8082.095848369
8082.72735733407
8083.18812126229
8084.3538988158
8084.62781037394
8086.38936718402
8087.20133296966
8087.98921592295
8089.00027733154
8090.01170243515
8090.30207518328
8091.01304747594
8092.01318601919
8093.05682160083
8093.96079684897
8095.22642975291
8095.64464978062
8096.88120945058
8097.42280453375
8098.60145165841
8099.48371301998
8100.03395489818
8100.89331732069
8101.84747988335
8102.65289191744
8103.08124738538
8104.95958064594
8106.00108259912
8106.47247854711
8106.98100727288
8107.99003062568
8108.85861498706
8109.69021897191
8110.63768402941
8111.4474799811
8112.26475349516
8113.55264312801
8114.16701984227
8115.10735848282
8116.25126696443
8116.8644246333
8118.00473787115
8118.43737965319
8119.28713945012
8119.64886209855
8121.22675166829
8122.36142344546
8123.01066998464
8124.18427867835
8124.84358742555
8125.50162693746
8126.52952843614
8126.96455100227
8128.59220878004
8129.0976325701
8129.50199153693
8130.71773575444
8131.71472449174
8132.85476768293
8133.95280465922
8134.45714099112
8135.25315170635
8135.92598850604
8136.95857838212
8137.60994243605
8138.43742927139
8139.56653805236
8140.95074059113
8141.59575001006
8142.27600193705
8142.81049664374
8144.35856353967
8144.92629607833
8145.92738440772
8146.2512838101
8147.37555866397
8148.18840580463
