log10_x_anchor,x,pi_x,K,abs_err
4.0,10331,1267,50,0.804392
4.0,10331,1267,100,0.189318
4.0,10331,1267,150,0.436324
4.0,10331,1267,200,0.303986
4.0,10331,1267,250,0.477501
4.0,10331,1267,300,0.358269
4.0,10331,1267,350,0.441293
4.0,10331,1267,400,0.326887
4.0,10331,1267,450,0.172191
4.0,10331,1267,500,0.093047
4.0,10331,1267,600,0.154639
4.0,10331,1267,700,0.237045
4.0,10331,1267,800,0.381234
4.0,10331,1267,900,0.376506
4.0,10331,1267,1000,0.272671
4.0,10331,1267,1250,0.125490
4.0,10331,1267,1500,0.215993
4.0,10331,1267,1750,0.061118
4.0,10331,1267,2000,0.011212
4.0,10331,1267,2250,0.020128
4.0,10331,1267,2500,0.123663
4.0,10331,1267,2750,0.116165
4.0,10331,1267,3000,0.104228
4.0,10331,1267,3250,0.210449
4.0,10331,1267,3500,0.208150
4.0,10331,1267,3750,0.318280
4.0,10331,1267,4000,0.290131
4.0,10331,1267,4250,0.252260
4.0,10331,1267,4500,0.187922
4.0,10331,1267,4750,0.216079
4.0,10331,1267,5000,0.220342
4.0,10331,1267,5250,0.287052
4.0,10331,1267,5500,0.351121
4.0,10331,1267,5750,0.421134
4.0,10331,1267,6000,0.464164
4.0,10331,1267,6250,0.440181
4.0,10331,1267,6500,0.436098
4.0,10331,1267,6750,0.474574
4.0,10331,1267,7000,0.432105
4.0,10331,1267,7250,0.447078
4.0,10331,1267,7500,0.425457
4.0,10331,1267,7750,0.434647
4.0,10331,1267,8000,0.414864
4.0,10604,1293,50,0.659543
4.0,10604,1293,100,0.745194
4.0,10604,1293,150,0.502057
4.0,10604,1293,200,0.012489
4.0,10604,1293,250,0.121412
4.0,10604,1293,300,0.101566
4.0,10604,1293,350,0.129965
4.0,10604,1293,400,0.241785
4.0,10604,1293,450,0.348520
4.0,10604,1293,500,0.290829
4.0,10604,1293,600,0.325950
4.0,10604,1293,700,0.007965
4.0,10604,1293,800,0.097627
4.0,10604,1293,900,0.265916
4.0,10604,1293,1000,0.137231
4.0,10604,1293,1250,0.215536
4.0,10604,1293,1500,0.106308
4.0,10604,1293,1750,0.106519
4.0,10604,1293,2000,0.135619
4.0,10604,1293,2250,0.063320
4.0,10604,1293,2500,0.006193
4.0,10604,1293,2750,0.036495
4.0,10604,1293,3000,0.143890
4.0,10604,1293,3250,0.140533
4.0,10604,1293,3500,0.064059
4.0,10604,1293,3750,0.096122
4.0,10604,1293,4000,0.105358
4.0,10604,1293,4250,0.084040
4.0,10604,1293,4500,0.022505
4.0,10604,1293,4750,0.017084
4.0,10604,1293,5000,0.068999
4.0,10604,1293,5250,0.063622
4.0,10604,1293,5500,0.077109
4.0,10604,1293,5750,0.082048
4.0,10604,1293,6000,0.076380
4.0,10604,1293,6250,0.086029
4.0,10604,1293,6500,0.090049
4.0,10604,1293,6750,0.041630
4.0,10604,1293,7000,0.056270
4.0,10604,1293,7250,0.059994
4.0,10604,1293,7500,0.071035
4.0,10604,1293,7750,0.039720
4.0,10604,1293,8000,0.019465
4.0,10776,1312,50,0.439544
4.0,10776,1312,100,0.093004
4.0,10776,1312,150,0.065556
4.0,10776,1312,200,0.059605
4.0,10776,1312,250,0.008752
4.0,10776,1312,300,0.382121
4.0,10776,1312,350,0.418646
4.0,10776,1312,400,0.815530
4.0,10776,1312,450,0.554524
4.0,10776,1312,500,0.551213
4.0,10776,1312,600,0.540130
4.0,10776,1312,700,0.302575
4.0,10776,1312,800,0.165526
4.0,10776,1312,900,0.022120
4.0,10776,1312,1000,0.010905
4.0,10776,1312,1250,0.051588
4.0,10776,1312,1500,0.013198
4.0,10776,1312,1750,0.048533
4.0,10776,1312,2000,0.063923
4.0,10776,1312,2250,0.051961
4.0,10776,1312,2500,0.019654
4.0,10776,1312,2750,0.028321
4.0,10776,1312,3000,0.054487
4.0,10776,1312,3250,0.046106
4.0,10776,1312,3500,0.004209
4.0,10776,1312,3750,0.093025
4.0,10776,1312,4000,0.091368
4.0,10776,1312,4250,0.131466
4.0,10776,1312,4500,0.073171
4.0,10776,1312,4750,0.091575
4.0,10776,1312,5000,0.090808
4.0,10776,1312,5250,0.115750
4.0,10776,1312,5500,0.112927
4.0,10776,1312,5750,0.032971
4.0,10776,1312,6000,0.079010
4.0,10776,1312,6250,0.117330
4.0,10776,1312,6500,0.035771
4.0,10776,1312,6750,0.033687
4.0,10776,1312,7000,0.022553
4.0,10776,1312,7250,0.004775
4.0,10776,1312,7500,0.028237
4.0,10776,1312,7750,0.026238
4.0,10776,1312,8000,0.030853
4.0,10809,1315,50,0.229364
4.0,10809,1315,100,0.407377
4.0,10809,1315,150,0.001839
4.0,10809,1315,200,0.367842
4.0,10809,1315,250,0.253169
4.0,10809,1315,300,0.397869
4.0,10809,1315,350,0.574589
4.0,10809,1315,400,0.669339
4.0,10809,1315,450,0.425824
4.0,10809,1315,500,0.397965
4.0,10809,1315,600,0.390513
4.0,10809,1315,700,0.214734
4.0,10809,1315,800,0.089337
4.0,10809,1315,900,0.095298
4.0,10809,1315,1000,0.002519
4.0,10809,1315,1250,0.044070
4.0,10809,1315,1500,0.031427
4.0,10809,1315,1750,0.008124
4.0,10809,1315,2000,0.216822
4.0,10809,1315,2250,0.185011
4.0,10809,1315,2500,0.120899
4.0,10809,1315,2750,0.115021
4.0,10809,1315,3000,0.096137
4.0,10809,1315,3250,0.113918
4.0,10809,1315,3500,0.069824
4.0,10809,1315,3750,0.166304
4.0,10809,1315,4000,0.090731
4.0,10809,1315,4250,0.069066
4.0,10809,1315,4500,0.100847
4.0,10809,1315,4750,0.076141
4.0,10809,1315,5000,0.055980
4.0,10809,1315,5250,0.068888
4.0,10809,1315,5500,0.073155
4.0,10809,1315,5750,0.012389
4.0,10809,1315,6000,0.031811
4.0,10809,1315,6250,0.053290
4.0,10809,1315,6500,0.007337
4.0,10809,1315,6750,0.049490
4.0,10809,1315,7000,0.037035
4.0,10809,1315,7250,0.005590
4.0,10809,1315,7500,0.002797
4.0,10809,1315,7750,0.037366
4.0,10809,1315,8000,0.061111
4.0,10824,1315,50,1.889118
4.0,10824,1315,100,1.888032
4.0,10824,1315,150,1.437712
4.0,10824,1315,200,0.998777
4.0,10824,1315,250,1.087585
4.0,10824,1315,300,0.740899
4.0,10824,1315,350,0.635394
4.0,10824,1315,400,0.270644
4.0,10824,1315,450,0.535046
4.0,10824,1315,500,0.516788
4.0,10824,1315,600,0.446299
4.0,10824,1315,700,0.440647
4.0,10824,1315,800,0.397226
4.0,10824,1315,900,0.139833
4.0,10824,1315,1000,0.175201
4.0,10824,1315,1250,0.252349
4.0,10824,1315,1500,0.212116
4.0,10824,1315,1750,0.165071
4.0,10824,1315,2000,0.036544
4.0,10824,1315,2250,0.077063
4.0,10824,1315,2500,0.011558
4.0,10824,1315,2750,0.065667
4.0,10824,1315,3000,0.044613
4.0,10824,1315,3250,0.035699
4.0,10824,1315,3500,0.030265
4.0,10824,1315,3750,0.057916
4.0,10824,1315,4000,0.002050
4.0,10824,1315,4250,0.026601
4.0,10824,1315,4500,0.020589
4.0,10824,1315,4750,0.000635
4.0,10824,1315,5000,0.012734
4.0,10824,1315,5250,0.015625
4.0,10824,1315,5500,0.019078
4.0,10824,1315,5750,0.068230
4.0,10824,1315,6000,0.011868
4.0,10824,1315,6250,0.022391
4.0,10824,1315,6500,0.032606
4.0,10824,1315,6750,0.074090
4.0,10824,1315,7000,0.056981
4.0,10824,1315,7250,0.011151
4.0,10824,1315,7500,0.016676
4.0,10824,1315,7750,0.010936
4.0,10824,1315,8000,0.022216
4.0,11140,1349,50,0.790839
4.0,11140,1349,100,0.028084
4.0,11140,1349,150,0.120476
4.0,11140,1349,200,0.428712
4.0,11140,1349,250,0.469540
4.0,11140,1349,300,0.614141
4.0,11140,1349,350,0.553020
4.0,11140,1349,400,0.265442
4.0,11140,1349,450,0.044377
4.0,11140,1349,500,0.046784
4.0,11140,1349,600,0.223592
4.0,11140,1349,700,0.115370
4.0,11140,1349,800,0.019971
4.0,11140,1349,900,0.031752
4.0,11140,1349,1000,0.079179
4.0,11140,1349,1250,0.008066
4.0,11140,1349,1500,0.212895
4.0,11140,1349,1750,0.104714
4.0,11140,1349,2000,0.023699
4.0,11140,1349,2250,0.082144
4.0,11140,1349,2500,0.093916
4.0,11140,1349,2750,0.003612
4.0,11140,1349,3000,0.077234
4.0,11140,1349,3250,0.119010
4.0,11140,1349,3500,0.182999
4.0,11140,1349,3750,0.119665
4.0,11140,1349,4000,0.113385
4.0,11140,1349,4250,0.114644
4.0,11140,1349,4500,0.016174
4.0,11140,1349,4750,0.028986
4.0,11140,1349,5000,0.032921
4.0,11140,1349,5250,0.015235
4.0,11140,1349,5500,0.039018
4.0,11140,1349,5750,0.020276
4.0,11140,1349,6000,0.081118
4.0,11140,1349,6250,0.076732
4.0,11140,1349,6500,0.055439
4.0,11140,1349,6750,0.118738
4.0,11140,1349,7000,0.058070
4.0,11140,1349,7250,0.070073
4.0,11140,1349,7500,0.067711
4.0,11140,1349,7750,0.056279
4.0,11140,1349,8000,0.054048
4.0,11144,1349,50,0.385977
4.0,11144,1349,100,0.447147
4.0,11144,1349,150,0.328424
4.0,11144,1349,200,0.871169
4.0,11144,1349,250,0.929417
4.0,11144,1349,300,1.124306
4.0,11144,1349,350,1.012778
4.0,11144,1349,400,0.726018
4.0,11144,1349,450,0.468901
4.0,11144,1349,500,0.421081
4.0,11144,1349,600,0.240167
4.0,11144,1349,700,0.312114
4.0,11144,1349,800,0.380980
4.0,11144,1349,900,0.327273
4.0,11144,1349,1000,0.221170
4.0,11144,1349,1250,0.189927
4.0,11144,1349,1500,0.247339
4.0,11144,1349,1750,0.148308
4.0,11144,1349,2000,0.128567
4.0,11144,1349,2250,0.136838
4.0,11144,1349,2500,0.182745
4.0,11144,1349,2750,0.137440
4.0,11144,1349,3000,0.133190
4.0,11144,1349,3250,0.182295
4.0,11144,1349,3500,0.180900
4.0,11144,1349,3750,0.198997
4.0,11144,1349,4000,0.140080
4.0,11144,1349,4250,0.047098
4.0,11144,1349,4500,0.024855
4.0,11144,1349,4750,0.029292
4.0,11144,1349,5000,0.060977
4.0,11144,1349,5250,0.157814
4.0,11144,1349,5500,0.112088
4.0,11144,1349,5750,0.063440
4.0,11144,1349,6000,0.102086
4.0,11144,1349,6250,0.092999
4.0,11144,1349,6500,0.053795
4.0,11144,1349,6750,0.085269
4.0,11144,1349,7000,0.020421
4.0,11144,1349,7250,0.031399
4.0,11144,1349,7500,0.016532
4.0,11144,1349,7750,0.022855
4.0,11144,1349,8000,0.022793
4.0,11203,1356,50,1.188743
4.0,11203,1356,100,0.441986
4.0,11203,1356,150,0.169502
4.0,11203,1356,200,0.482600
4.0,11203,1356,250,0.423156
4.0,11203,1356,300,0.492024
4.0,11203,1356,350,0.469368
4.0,11203,1356,400,0.171630
4.0,11203,1356,450,0.109790
4.0,11203,1356,500,0.004677
4.0,11203,1356,600,0.012693
4.0,11203,1356,700,0.102689
4.0,11203,1356,800,0.246987
4.0,11203,1356,900,0.203018
4.0,11203,1356,1000,0.097704
4.0,11203,1356,1250,0.032322
4.0,11203,1356,1500,0.043147
4.0,11203,1356,1750,0.186128
4.0,11203,1356,2000,0.190416
4.0,11203,1356,2250,0.156895
4.0,11203,1356,2500,0.178047
4.0,11203,1356,2750,0.042134
4.0,11203,1356,3000,0.025492
4.0,11203,1356,3250,0.119521
4.0,11203,1356,3500,0.056123
4.0,11203,1356,3750,0.048992
4.0,11203,1356,4000,0.034813
4.0,11203,1356,4250,0.012069
4.0,11203,1356,4500,0.012154
4.0,11203,1356,4750,0.081701
4.0,11203,1356,5000,0.153365
4.0,11203,1356,5250,0.197085
4.0,11203,1356,5500,0.219858
4.0,11203,1356,5750,0.243859
4.0,11203,1356,6000,0.132068
4.0,11203,1356,6250,0.124064
4.0,11203,1356,6500,0.125437
4.0,11203,1356,6750,0.158111
4.0,11203,1356,7000,0.237045
4.0,11203,1356,7250,0.221140
4.0,11203,1356,7500,0.131853
4.0,11203,1356,7750,0.128225
4.0,11203,1356,8000,0.105488
4.0,11789,1413,50,0.022613
4.0,11789,1413,100,0.485176
4.0,11789,1413,150,0.386727
4.0,11789,1413,200,0.297069
4.0,11789,1413,250,0.173809
4.0,11789,1413,300,0.411767
4.0,11789,1413,350,0.584859
4.0,11789,1413,400,1.033063
4.0,11789,1413,450,1.083263
4.0,11789,1413,500,1.268318
4.0,11789,1413,600,1.261984
4.0,11789,1413,700,1.309007
4.0,11789,1413,800,1.203615
4.0,11789,1413,900,1.228661
4.0,11789,1413,1000,1.036366
4.0,11789,1413,1250,0.849768
4.0,11789,1413,1500,0.637760
4.0,11789,1413,1750,0.765213
4.0,11789,1413,2000,0.694338
4.0,11789,1413,2250,0.584841
4.0,11789,1413,2500,0.433511
4.0,11789,1413,2750,0.451389
4.0,11789,1413,3000,0.351980
4.0,11789,1413,3250,0.245538
4.0,11789,1413,3500,0.293387
4.0,11789,1413,3750,0.342502
4.0,11789,1413,4000,0.282568
4.0,11789,1413,4250,0.329776
4.0,11789,1413,4500,0.350819
4.0,11789,1413,4750,0.433124
4.0,11789,1413,5000,0.307296
4.0,11789,1413,5250,0.328473
4.0,11789,1413,5500,0.382846
4.0,11789,1413,5750,0.431231
4.0,11789,1413,6000,0.439931
4.0,11789,1413,6250,0.448727
4.0,11789,1413,6500,0.377247
4.0,11789,1413,6750,0.368433
4.0,11789,1413,7000,0.428065
4.0,11789,1413,7250,0.422071
4.0,11789,1413,7500,0.435386
4.0,11789,1413,7750,0.467946
4.0,11789,1413,8000,0.466236
4.0,12052,1444,50,0.637518
4.0,12052,1444,100,0.677316
4.0,12052,1444,150,0.787304
4.0,12052,1444,200,0.773959
4.0,12052,1444,250,1.011321
4.0,12052,1444,300,1.278654
4.0,12052,1444,350,1.433181
4.0,12052,1444,400,1.197999
4.0,12052,1444,450,0.940107
4.0,12052,1444,500,1.057611
4.0,12052,1444,600,1.021514
4.0,12052,1444,700,0.876425
4.0,12052,1444,800,0.788600
4.0,12052,1444,900,0.670252
4.0,12052,1444,1000,0.486249
4.0,12052,1444,1250,0.712583
4.0,12052,1444,1500,0.695024
4.0,12052,1444,1750,0.456279
4.0,12052,1444,2000,0.201029
4.0,12052,1444,2250,0.053120
4.0,12052,1444,2500,0.013055
4.0,12052,1444,2750,0.064294
4.0,12052,1444,3000,0.049567
4.0,12052,1444,3250,0.018978
4.0,12052,1444,3500,0.070269
4.0,12052,1444,3750,0.124682
4.0,12052,1444,4000,0.008243
4.0,12052,1444,4250,0.014699
4.0,12052,1444,4500,0.006683
4.0,12052,1444,4750,0.052448
4.0,12052,1444,5000,0.141434
4.0,12052,1444,5250,0.107461
4.0,12052,1444,5500,0.152483
4.0,12052,1444,5750,0.063459
4.0,12052,1444,6000,0.079380
4.0,12052,1444,6250,0.045785
4.0,12052,1444,6500,0.005679
4.0,12052,1444,6750,0.013654
4.0,12052,1444,7000,0.015897
4.0,12052,1444,7250,0.000081
4.0,12052,1444,7500,0.070446
4.0,12052,1444,7750,0.085930
4.0,12052,1444,8000,0.030694
4.0,12121,1452,50,1.446002
4.0,12121,1452,100,1.730871
4.0,12121,1452,150,1.718067
4.0,12121,1452,200,1.576552
4.0,12121,1452,250,1.478003
4.0,12121,1452,300,1.216201
4.0,12121,1452,350,0.992065
4.0,12121,1452,400,1.396520
4.0,12121,1452,450,1.630982
4.0,12121,1452,500,1.389637
4.0,12121,1452,600,1.567095
4.0,12121,1452,700,1.312580
4.0,12121,1452,800,1.227857
4.0,12121,1452,900,1.038967
4.0,12121,1452,1000,0.871789
4.0,12121,1452,1250,0.490020
4.0,12121,1452,1500,0.284043
4.0,12121,1452,1750,0.094556
4.0,12121,1452,2000,0.039312
4.0,12121,1452,2250,0.172472
4.0,12121,1452,2500,0.147330
4.0,12121,1452,2750,0.123074
4.0,12121,1452,3000,0.117297
4.0,12121,1452,3250,0.018145
4.0,12121,1452,3500,0.098357
4.0,12121,1452,3750,0.118059
4.0,12121,1452,4000,0.203673
4.0,12121,1452,4250,0.228992
4.0,12121,1452,4500,0.210376
4.0,12121,1452,4750,0.104073
4.0,12121,1452,5000,0.159087
4.0,12121,1452,5250,0.115531
4.0,12121,1452,5500,0.135801
4.0,12121,1452,5750,0.231257
4.0,12121,1452,6000,0.182475
4.0,12121,1452,6250,0.193479
4.0,12121,1452,6500,0.128684
4.0,12121,1452,6750,0.120077
4.0,12121,1452,7000,0.099515
4.0,12121,1452,7250,0.115876
4.0,12121,1452,7500,0.054276
4.0,12121,1452,7750,0.087305
4.0,12121,1452,8000,0.032265
4.0,12308,1471,50,1.063112
4.0,12308,1471,100,0.613486
4.0,12308,1471,150,0.752372
4.0,12308,1471,200,0.573893
4.0,12308,1471,250,0.366646
4.0,12308,1471,300,0.260105
4.0,12308,1471,350,0.271583
4.0,12308,1471,400,0.177100
4.0,12308,1471,450,0.002737
4.0,12308,1471,500,0.114364
4.0,12308,1471,600,0.056276
4.0,12308,1471,700,0.143926
4.0,12308,1471,800,0.093433
4.0,12308,1471,900,0.011333
4.0,12308,1471,1000,0.194714
4.0,12308,1471,1250,0.083124
4.0,12308,1471,1500,0.169810
4.0,12308,1471,1750,0.102549
4.0,12308,1471,2000,0.116808
4.0,12308,1471,2250,0.208459
4.0,12308,1471,2500,0.131394
4.0,12308,1471,2750,0.004022
4.0,12308,1471,3000,0.043946
4.0,12308,1471,3250,0.107171
4.0,12308,1471,3500,0.116837
4.0,12308,1471,3750,0.159542
4.0,12308,1471,4000,0.186908
4.0,12308,1471,4250,0.168889
4.0,12308,1471,4500,0.127916
4.0,12308,1471,4750,0.063700
4.0,12308,1471,5000,0.068984
4.0,12308,1471,5250,0.104649
4.0,12308,1471,5500,0.157241
4.0,12308,1471,5750,0.195390
4.0,12308,1471,6000,0.213724
4.0,12308,1471,6250,0.155222
4.0,12308,1471,6500,0.111865
4.0,12308,1471,6750,0.083802
4.0,12308,1471,7000,0.085710
4.0,12308,1471,7250,0.107901
4.0,12308,1471,7500,0.029920
4.0,12308,1471,7750,0.030291
4.0,12308,1471,8000,0.009862
4.0,12484,1489,50,1.453286
4.0,12484,1489,100,0.575392
4.0,12484,1489,150,0.721337
4.0,12484,1489,200,0.713134
4.0,12484,1489,250,0.979144
4.0,12484,1489,300,0.884670
4.0,12484,1489,350,0.680301
4.0,12484,1489,400,0.355080
4.0,12484,1489,450,0.721041
4.0,12484,1489,500,0.525712
4.0,12484,1489,600,0.522831
4.0,12484,1489,700,0.328071
4.0,12484,1489,800,0.315117
4.0,12484,1489,900,0.486620
4.0,12484,1489,1000,0.335640
4.0,12484,1489,1250,0.213056
4.0,12484,1489,1500,0.150183
4.0,12484,1489,1750,0.023305
4.0,12484,1489,2000,0.298492
4.0,12484,1489,2250,0.182698
4.0,12484,1489,2500,0.163841
4.0,12484,1489,2750,0.125765
4.0,12484,1489,3000,0.194726
4.0,12484,1489,3250,0.262395
4.0,12484,1489,3500,0.316658
4.0,12484,1489,3750,0.262651
4.0,12484,1489,4000,0.186999
4.0,12484,1489,4250,0.182087
4.0,12484,1489,4500,0.105813
4.0,12484,1489,4750,0.141192
4.0,12484,1489,5000,0.191561
4.0,12484,1489,5250,0.144309
4.0,12484,1489,5500,0.132677
4.0,12484,1489,5750,0.070566
4.0,12484,1489,6000,0.001967
4.0,12484,1489,6250,0.028879
4.0,12484,1489,6500,0.100031
4.0,12484,1489,6750,0.110227
4.0,12484,1489,7000,0.084607
4.0,12484,1489,7250,0.085897
4.0,12484,1489,7500,0.058002
4.0,12484,1489,7750,0.049111
4.0,12484,1489,8000,0.087562
4.0,12540,1497,50,0.146658
4.0,12540,1497,100,0.128833
4.0,12540,1497,150,0.037559
4.0,12540,1497,200,0.191565
4.0,12540,1497,250,0.108540
4.0,12540,1497,300,0.088984
4.0,12540,1497,350,0.246939
4.0,12540,1497,400,0.544365
4.0,12540,1497,450,0.190748
4.0,12540,1497,500,0.366432
4.0,12540,1497,600,0.449305
4.0,12540,1497,700,0.380756
4.0,12540,1497,800,0.306419
4.0,12540,1497,900,0.449332
4.0,12540,1497,1000,0.325453
4.0,12540,1497,1250,0.314113
4.0,12540,1497,1500,0.275897
4.0,12540,1497,1750,0.390164
4.0,12540,1497,2000,0.129132
4.0,12540,1497,2250,0.058698
4.0,12540,1497,2500,0.077012
4.0,12540,1497,2750,0.012703
4.0,12540,1497,3000,0.026622
4.0,12540,1497,3250,0.078734
4.0,12540,1497,3500,0.042655
4.0,12540,1497,3750,0.014265
4.0,12540,1497,4000,0.059929
4.0,12540,1497,4250,0.038673
4.0,12540,1497,4500,0.016667
4.0,12540,1497,4750,0.004111
4.0,12540,1497,5000,0.016128
4.0,12540,1497,5250,0.052915
4.0,12540,1497,5500,0.084701
4.0,12540,1497,5750,0.087028
4.0,12540,1497,6000,0.020847
4.0,12540,1497,6250,0.023031
4.0,12540,1497,6500,0.067871
4.0,12540,1497,6750,0.042133
4.0,12540,1497,7000,0.071902
4.0,12540,1497,7250,0.034873
4.0,12540,1497,7500,0.009716
4.0,12540,1497,7750,0.035912
4.0,12540,1497,8000,0.040590
4.0,12704,1517,50,1.216126
4.0,12704,1517,100,0.359239
4.0,12704,1517,150,0.468853
4.0,12704,1517,200,0.497931
4.0,12704,1517,250,0.608472
4.0,12704,1517,300,0.557818
4.0,12704,1517,350,0.492236
4.0,12704,1517,400,0.520535
4.0,12704,1517,450,0.207415
4.0,12704,1517,500,0.361825
4.0,12704,1517,600,0.555618
4.0,12704,1517,700,0.585413
4.0,12704,1517,800,0.415221
4.0,12704,1517,900,0.571624
4.0,12704,1517,1000,0.590973
4.0,12704,1517,1250,0.560952
4.0,12704,1517,1500,0.530427
4.0,12704,1517,1750,0.451340
4.0,12704,1517,2000,0.539921
4.0,12704,1517,2250,0.474969
4.0,12704,1517,2500,0.441433
4.0,12704,1517,2750,0.465580
4.0,12704,1517,3000,0.480358
4.0,12704,1517,3250,0.362842
4.0,12704,1517,3500,0.267627
4.0,12704,1517,3750,0.253233
4.0,12704,1517,4000,0.343294
4.0,12704,1517,4250,0.376679
4.0,12704,1517,4500,0.416721
4.0,12704,1517,4750,0.380653
4.0,12704,1517,5000,0.339313
4.0,12704,1517,5250,0.322229
4.0,12704,1517,5500,0.298822
4.0,12704,1517,5750,0.253771
4.0,12704,1517,6000,0.219975
4.0,12704,1517,6250,0.223189
4.0,12704,1517,6500,0.268198
4.0,12704,1517,6750,0.281915
4.0,12704,1517,7000,0.271183
4.0,12704,1517,7250,0.207195
4.0,12704,1517,7500,0.233042
4.0,12704,1517,7750,0.180971
4.0,12704,1517,8000,0.131582
4.0,12898,1534,50,2.457828
4.0,12898,1534,100,1.624585
4.0,12898,1534,150,1.791328
4.0,12898,1534,200,1.306275
4.0,12898,1534,250,0.928277
4.0,12898,1534,300,0.907436
4.0,12898,1534,350,0.942266
4.0,12898,1534,400,0.972772
4.0,12898,1534,450,0.873021
4.0,12898,1534,500,0.629713
4.0,12898,1534,600,0.560243
4.0,12898,1534,700,0.331098
4.0,12898,1534,800,0.333849
4.0,12898,1534,900,0.165106
4.0,12898,1534,1000,0.114929
4.0,12898,1534,1250,0.022278
4.0,12898,1534,1500,0.133507
4.0,12898,1534,1750,0.065385
4.0,12898,1534,2000,0.070673
4.0,12898,1534,2250,0.134658
4.0,12898,1534,2500,0.226632
4.0,12898,1534,2750,0.263338
4.0,12898,1534,3000,0.325581
4.0,12898,1534,3250,0.475372
4.0,12898,1534,3500,0.448844
4.0,12898,1534,3750,0.402171
4.0,12898,1534,4000,0.396790
4.0,12898,1534,4250,0.436806
4.0,12898,1534,4500,0.419291
4.0,12898,1534,4750,0.393771
4.0,12898,1534,5000,0.429483
4.0,12898,1534,5250,0.408651
4.0,12898,1534,5500,0.508973
4.0,12898,1534,5750,0.467892
4.0,12898,1534,6000,0.458909
4.0,12898,1534,6250,0.488676
4.0,12898,1534,6500,0.467955
4.0,12898,1534,6750,0.446988
4.0,12898,1534,7000,0.450227
4.0,12898,1534,7250,0.475886
4.0,12898,1534,7500,0.516936
4.0,12898,1534,7750,0.523488
4.0,12898,1534,8000,0.410212
4.0,12933,1540,50,0.232640
4.0,12933,1540,100,0.222099
4.0,12933,1540,150,0.173963
4.0,12933,1540,200,0.594939
4.0,12933,1540,250,0.907807
4.0,12933,1540,300,0.955030
4.0,12933,1540,350,0.868248
4.0,12933,1540,400,0.829596
4.0,12933,1540,450,0.628857
4.0,12933,1540,500,0.573422
4.0,12933,1540,600,0.292561
4.0,12933,1540,700,0.024053
4.0,12933,1540,800,0.024290
4.0,12933,1540,900,0.069942
4.0,12933,1540,1000,0.128109
4.0,12933,1540,1250,0.016290
4.0,12933,1540,1500,0.183363
4.0,12933,1540,1750,0.302965
4.0,12933,1540,2000,0.280855
4.0,12933,1540,2250,0.137070
4.0,12933,1540,2500,0.236171
4.0,12933,1540,2750,0.261004
4.0,12933,1540,3000,0.206486
4.0,12933,1540,3250,0.080122
4.0,12933,1540,3500,0.033856
4.0,12933,1540,3750,0.048296
4.0,12933,1540,4000,0.027598
4.0,12933,1540,4250,0.059181
4.0,12933,1540,4500,0.004261
4.0,12933,1540,4750,0.097524
4.0,12933,1540,5000,0.092468
4.0,12933,1540,5250,0.069730
4.0,12933,1540,5500,0.163290
4.0,12933,1540,5750,0.111135
4.0,12933,1540,6000,0.077688
4.0,12933,1540,6250,0.058195
4.0,12933,1540,6500,0.039325
4.0,12933,1540,6750,0.067594
4.0,12933,1540,7000,0.058515
4.0,12933,1540,7250,0.022990
4.0,12933,1540,7500,0.008400
4.0,12933,1540,7750,0.002634
4.0,12933,1540,8000,0.095682
4.0,13155,1564,50,0.497836
4.0,13155,1564,100,0.444769
4.0,13155,1564,150,0.697358
4.0,13155,1564,200,0.176461
4.0,13155,1564,250,0.448898
4.0,13155,1564,300,0.493809
4.0,13155,1564,350,0.449564
4.0,13155,1564,400,0.399205
4.0,13155,1564,450,0.454285
4.0,13155,1564,500,0.606243
4.0,13155,1564,600,0.594110
4.0,13155,1564,700,0.473267
4.0,13155,1564,800,0.286668
4.0,13155,1564,900,0.041866
4.0,13155,1564,1000,0.062274
4.0,13155,1564,1250,0.231734
4.0,13155,1564,1500,0.176259
4.0,13155,1564,1750,0.067155
4.0,13155,1564,2000,0.027879
4.0,13155,1564,2250,0.135030
4.0,13155,1564,2500,0.010474
4.0,13155,1564,2750,0.057002
4.0,13155,1564,3000,0.054899
4.0,13155,1564,3250,0.098099
4.0,13155,1564,3500,0.081817
4.0,13155,1564,3750,0.063031
4.0,13155,1564,4000,0.023509
4.0,13155,1564,4250,0.082645
4.0,13155,1564,4500,0.055880
4.0,13155,1564,4750,0.054261
4.0,13155,1564,5000,0.087941
4.0,13155,1564,5250,0.033505
4.0,13155,1564,5500,0.054180
4.0,13155,1564,5750,0.008683
4.0,13155,1564,6000,0.053855
4.0,13155,1564,6250,0.031522
4.0,13155,1564,6500,0.034802
4.0,13155,1564,6750,0.011042
4.0,13155,1564,7000,0.005166
4.0,13155,1564,7250,0.015359
4.0,13155,1564,7500,0.044372
4.0,13155,1564,7750,0.072179
4.0,13155,1564,8000,0.066841
4.0,13317,1581,50,0.004537
4.0,13317,1581,100,0.188241
4.0,13317,1581,150,0.128710
4.0,13317,1581,200,0.101021
4.0,13317,1581,250,0.258854
4.0,13317,1581,300,0.189741
4.0,13317,1581,350,0.034446
4.0,13317,1581,400,0.068956
4.0,13317,1581,450,0.059490
4.0,13317,1581,500,0.189850
4.0,13317,1581,600,0.066231
4.0,13317,1581,700,0.203695
4.0,13317,1581,800,0.415113
4.0,13317,1581,900,0.280182
4.0,13317,1581,1000,0.265622
4.0,13317,1581,1250,0.304299
4.0,13317,1581,1500,0.374709
4.0,13317,1581,1750,0.379901
4.0,13317,1581,2000,0.440270
4.0,13317,1581,2250,0.348688
4.0,13317,1581,2500,0.359684
4.0,13317,1581,2750,0.298888
4.0,13317,1581,3000,0.293261
4.0,13317,1581,3250,0.216158
4.0,13317,1581,3500,0.108609
4.0,13317,1581,3750,0.083973
4.0,13317,1581,4000,0.091355
4.0,13317,1581,4250,0.032842
4.0,13317,1581,4500,0.002928
4.0,13317,1581,4750,0.048290
4.0,13317,1581,5000,0.063828
4.0,13317,1581,5250,0.025102
4.0,13317,1581,5500,0.015246
4.0,13317,1581,5750,0.101824
4.0,13317,1581,6000,0.097555
4.0,13317,1581,6250,0.098984
4.0,13317,1581,6500,0.130780
4.0,13317,1581,6750,0.139822
4.0,13317,1581,7000,0.176526
4.0,13317,1581,7250,0.158237
4.0,13317,1581,7500,0.161808
4.0,13317,1581,7750,0.189223
4.0,13317,1581,8000,0.208090
4.0,13445,1593,50,0.151603
4.0,13445,1593,100,0.533762
4.0,13445,1593,150,0.657905
4.0,13445,1593,200,0.755819
4.0,13445,1593,250,0.413516
4.0,13445,1593,300,0.433215
4.0,13445,1593,350,0.408274
4.0,13445,1593,400,0.298691
4.0,13445,1593,450,0.422576
4.0,13445,1593,500,0.269521
4.0,13445,1593,600,0.493788
4.0,13445,1593,700,0.522969
4.0,13445,1593,800,0.237087
4.0,13445,1593,900,0.212979
4.0,13445,1593,1000,0.189920
4.0,13445,1593,1250,0.017206
4.0,13445,1593,1500,0.032007
4.0,13445,1593,1750,0.254845
4.0,13445,1593,2000,0.194400
4.0,13445,1593,2250,0.116514
4.0,13445,1593,2500,0.296437
4.0,13445,1593,2750,0.251451
4.0,13445,1593,3000,0.164819
4.0,13445,1593,3250,0.211484
4.0,13445,1593,3500,0.135784
4.0,13445,1593,3750,0.103846
4.0,13445,1593,4000,0.025303
4.0,13445,1593,4250,0.031798
4.0,13445,1593,4500,0.064391
4.0,13445,1593,4750,0.133512
4.0,13445,1593,5000,0.092020
4.0,13445,1593,5250,0.096500
4.0,13445,1593,5500,0.023928
4.0,13445,1593,5750,0.003351
4.0,13445,1593,6000,0.010378
4.0,13445,1593,6250,0.065461
4.0,13445,1593,6500,0.075436
4.0,13445,1593,6750,0.074832
4.0,13445,1593,7000,0.045313
4.0,13445,1593,7250,0.023510
4.0,13445,1593,7500,0.052505
4.0,13445,1593,7750,0.058795
4.0,13445,1593,8000,0.061405
4.0,13556,1604,50,0.066983
4.0,13556,1604,100,0.479226
4.0,13556,1604,150,0.237348
4.0,13556,1604,200,0.154150
4.0,13556,1604,250,0.253158
4.0,13556,1604,300,0.263313
4.0,13556,1604,350,0.062631
4.0,13556,1604,400,0.246842
4.0,13556,1604,450,0.174516
4.0,13556,1604,500,0.299262
4.0,13556,1604,600,0.376973
4.0,13556,1604,700,0.396489
4.0,13556,1604,800,0.061568
4.0,13556,1604,900,0.038345
4.0,13556,1604,1000,0.067319
4.0,13556,1604,1250,0.315172
4.0,13556,1604,1500,0.316116
4.0,13556,1604,1750,0.363229
4.0,13556,1604,2000,0.212157
4.0,13556,1604,2250,0.297764
4.0,13556,1604,2500,0.360046
4.0,13556,1604,2750,0.319041
4.0,13556,1604,3000,0.314154
4.0,13556,1604,3250,0.286169
4.0,13556,1604,3500,0.237550
4.0,13556,1604,3750,0.271594
4.0,13556,1604,4000,0.197452
4.0,13556,1604,4250,0.239707
4.0,13556,1604,4500,0.255726
4.0,13556,1604,4750,0.260360
4.0,13556,1604,5000,0.181486
4.0,13556,1604,5250,0.131525
4.0,13556,1604,5500,0.183786
4.0,13556,1604,5750,0.079351
4.0,13556,1604,6000,0.076551
4.0,13556,1604,6250,0.018337
4.0,13556,1604,6500,0.057863
4.0,13556,1604,6750,0.045024
4.0,13556,1604,7000,0.046264
4.0,13556,1604,7250,0.030845
4.0,13556,1604,7500,0.046252
4.0,13556,1604,7750,0.041197
4.0,13556,1604,8000,0.058291
4.0,13867,1637,50,1.516627
4.0,13867,1637,100,1.564422
4.0,13867,1637,150,1.973865
4.0,13867,1637,200,1.365128
4.0,13867,1637,250,1.141792
4.0,13867,1637,300,1.114221
4.0,13867,1637,350,0.867995
4.0,13867,1637,400,0.885497
4.0,13867,1637,450,0.654426
4.0,13867,1637,500,0.714173
4.0,13867,1637,600,0.420252
4.0,13867,1637,700,0.259783
4.0,13867,1637,800,0.738694
4.0,13867,1637,900,0.590294
4.0,13867,1637,1000,0.451424
4.0,13867,1637,1250,0.461656
4.0,13867,1637,1500,0.400680
4.0,13867,1637,1750,0.007858
4.0,13867,1637,2000,0.029299
4.0,13867,1637,2250,0.036214
4.0,13867,1637,2500,0.218763
4.0,13867,1637,2750,0.133948
4.0,13867,1637,3000,0.151405
4.0,13867,1637,3250,0.094163
4.0,13867,1637,3500,0.146339
4.0,13867,1637,3750,0.029525
4.0,13867,1637,4000,0.037045
4.0,13867,1637,4250,0.016196
4.0,13867,1637,4500,0.019054
4.0,13867,1637,4750,0.107940
4.0,13867,1637,5000,0.101271
4.0,13867,1637,5250,0.057878
4.0,13867,1637,5500,0.061049
4.0,13867,1637,5750,0.063771
4.0,13867,1637,6000,0.022849
4.0,13867,1637,6250,0.012879
4.0,13867,1637,6500,0.023735
4.0,13867,1637,6750,0.011118
4.0,13867,1637,7000,0.013158
4.0,13867,1637,7250,0.019459
4.0,13867,1637,7500,0.024417
4.0,13867,1637,7750,0.071219
4.0,13867,1637,8000,0.081816
4.0,13904,1643,50,0.378870
4.0,13904,1643,100,0.483686
4.0,13904,1643,150,0.272111
4.0,13904,1643,200,0.480787
4.0,13904,1643,250,0.435695
4.0,13904,1643,300,0.223805
4.0,13904,1643,350,0.048793
4.0,13904,1643,400,0.090757
4.0,13904,1643,450,0.071822
4.0,13904,1643,500,0.110660
4.0,13904,1643,600,0.003143
4.0,13904,1643,700,0.157621
4.0,13904,1643,800,0.338721
4.0,13904,1643,900,0.181054
4.0,13904,1643,1000,0.009481
4.0,13904,1643,1250,0.079790
4.0,13904,1643,1500,0.219169
4.0,13904,1643,1750,0.467973
4.0,13904,1643,2000,0.402214
4.0,13904,1643,2250,0.326659
4.0,13904,1643,2500,0.441142
4.0,13904,1643,2750,0.505407
4.0,13904,1643,3000,0.554263
4.0,13904,1643,3250,0.600144
4.0,13904,1643,3500,0.496909
4.0,13904,1643,3750,0.459818
4.0,13904,1643,4000,0.482552
4.0,13904,1643,4250,0.425657
4.0,13904,1643,4500,0.403235
4.0,13904,1643,4750,0.382066
4.0,13904,1643,5000,0.374158
4.0,13904,1643,5250,0.334918
4.0,13904,1643,5500,0.372231
4.0,13904,1643,5750,0.378241
4.0,13904,1643,6000,0.289946
4.0,13904,1643,6250,0.348140
4.0,13904,1643,6500,0.342272
4.0,13904,1643,6750,0.392004
4.0,13904,1643,7000,0.361490
4.0,13904,1643,7250,0.332656
4.0,13904,1643,7500,0.369633
4.0,13904,1643,7750,0.380887
4.0,13904,1643,8000,0.366412
4.0,13980,1650,50,0.569751
4.0,13980,1650,100,0.370703
4.0,13980,1650,150,0.106024
4.0,13980,1650,200,0.624313
4.0,13980,1650,250,0.657085
4.0,13980,1650,300,0.440541
4.0,13980,1650,350,0.283710
4.0,13980,1650,400,0.189786
4.0,13980,1650,450,0.086245
4.0,13980,1650,500,0.186687
4.0,13980,1650,600,0.010287
4.0,13980,1650,700,0.000865
4.0,13980,1650,800,0.476867
4.0,13980,1650,900,0.354529
4.0,13980,1650,1000,0.234897
4.0,13980,1650,1250,0.254368
4.0,13980,1650,1500,0.131767
4.0,13980,1650,1750,0.082102
4.0,13980,1650,2000,0.048974
4.0,13980,1650,2250,0.118111
4.0,13980,1650,2500,0.156001
4.0,13980,1650,2750,0.211841
4.0,13980,1650,3000,0.106694
4.0,13980,1650,3250,0.119655
4.0,13980,1650,3500,0.082650
4.0,13980,1650,3750,0.003761
4.0,13980,1650,4000,0.005085
4.0,13980,1650,4250,0.080174
4.0,13980,1650,4500,0.162754
4.0,13980,1650,4750,0.052662
4.0,13980,1650,5000,0.039283
4.0,13980,1650,5250,0.017094
4.0,13980,1650,5500,0.018281
4.0,13980,1650,5750,0.037793
4.0,13980,1650,6000,0.038488
4.0,13980,1650,6250,0.015168
4.0,13980,1650,6500,0.033224
4.0,13980,1650,6750,0.086946
4.0,13980,1650,7000,0.099304
4.0,13980,1650,7250,0.103560
4.0,13980,1650,7500,0.057418
4.0,13980,1650,7750,0.035369
4.0,13980,1650,8000,0.007744
4.0,14134,1663,50,1.359704
4.0,14134,1663,100,1.295745
4.0,14134,1663,150,1.390789
4.0,14134,1663,200,1.207116
4.0,14134,1663,250,1.417848
4.0,14134,1663,300,1.329999
4.0,14134,1663,350,1.203374
4.0,14134,1663,400,1.135011
4.0,14134,1663,450,0.783616
4.0,14134,1663,500,0.739372
4.0,14134,1663,600,0.872507
4.0,14134,1663,700,0.706972
4.0,14134,1663,800,0.299882
4.0,14134,1663,900,0.357790
4.0,14134,1663,1000,0.139479
4.0,14134,1663,1250,0.093368
4.0,14134,1663,1500,0.033459
4.0,14134,1663,1750,0.118798
4.0,14134,1663,2000,0.033669
4.0,14134,1663,2250,0.054832
4.0,14134,1663,2500,0.168040
4.0,14134,1663,2750,0.186299
4.0,14134,1663,3000,0.304506
4.0,14134,1663,3250,0.072060
4.0,14134,1663,3500,0.014630
4.0,14134,1663,3750,0.052623
4.0,14134,1663,4000,0.006556
4.0,14134,1663,4250,0.082652
4.0,14134,1663,4500,0.022348
4.0,14134,1663,4750,0.074335
4.0,14134,1663,5000,0.042249
4.0,14134,1663,5250,0.056264
4.0,14134,1663,5500,0.018406
4.0,14134,1663,5750,0.022010
4.0,14134,1663,6000,0.014356
4.0,14134,1663,6250,0.031510
4.0,14134,1663,6500,0.002417
4.0,14134,1663,6750,0.031507
4.0,14134,1663,7000,0.001771
4.0,14134,1663,7250,0.021450
4.0,14134,1663,7500,0.010225
4.0,14134,1663,7750,0.006916
4.0,14134,1663,8000,0.052373
4.0,14188,1669,50,0.315418
4.0,14188,1669,100,0.547007
4.0,14188,1669,150,0.334654
4.0,14188,1669,200,0.109190
4.0,14188,1669,250,0.123924
4.0,14188,1669,300,0.452173
4.0,14188,1669,350,0.472408
4.0,14188,1669,400,0.380585
4.0,14188,1669,450,0.034987
4.0,14188,1669,500,0.031300
4.0,14188,1669,600,0.155227
4.0,14188,1669,700,0.010448
4.0,14188,1669,800,0.249212
4.0,14188,1669,900,0.361222
4.0,14188,1669,1000,0.267293
4.0,14188,1669,1250,0.156234
4.0,14188,1669,1500,0.046072
4.0,14188,1669,1750,0.164570
4.0,14188,1669,2000,0.041587
4.0,14188,1669,2250,0.104197
4.0,14188,1669,2500,0.197359
4.0,14188,1669,2750,0.168176
4.0,14188,1669,3000,0.075626
4.0,14188,1669,3250,0.124793
4.0,14188,1669,3500,0.110811
4.0,14188,1669,3750,0.035248
4.0,14188,1669,4000,0.076309
4.0,14188,1669,4250,0.097912
4.0,14188,1669,4500,0.069098
4.0,14188,1669,4750,0.010813
4.0,14188,1669,5000,0.006385
4.0,14188,1669,5250,0.045804
4.0,14188,1669,5500,0.098953
4.0,14188,1669,5750,0.127793
4.0,14188,1669,6000,0.147988
4.0,14188,1669,6250,0.139695
4.0,14188,1669,6500,0.116228
4.0,14188,1669,6750,0.088706
4.0,14188,1669,7000,0.056138
4.0,14188,1669,7250,0.081424
4.0,14188,1669,7500,0.021169
4.0,14188,1669,7750,0.010359
4.0,14188,1669,8000,0.048168
4.0,14362,1683,50,0.342388
4.0,14362,1683,100,0.561337
4.0,14362,1683,150,0.337350
4.0,14362,1683,200,0.245001
4.0,14362,1683,250,0.261752
4.0,14362,1683,300,0.111466
4.0,14362,1683,350,0.050616
4.0,14362,1683,400,0.053723
4.0,14362,1683,450,0.180051
4.0,14362,1683,500,0.179357
4.0,14362,1683,600,0.145260
4.0,14362,1683,700,0.242236
4.0,14362,1683,800,0.134602
4.0,14362,1683,900,0.174878
4.0,14362,1683,1000,0.348489
4.0,14362,1683,1250,0.168749
4.0,14362,1683,1500,0.332476
4.0,14362,1683,1750,0.166741
4.0,14362,1683,2000,0.032152
4.0,14362,1683,2250,0.296240
4.0,14362,1683,2500,0.274150
4.0,14362,1683,2750,0.232930
4.0,14362,1683,3000,0.262555
4.0,14362,1683,3250,0.196360
4.0,14362,1683,3500,0.129392
4.0,14362,1683,3750,0.001121
4.0,14362,1683,4000,0.084072
4.0,14362,1683,4250,0.160036
4.0,14362,1683,4500,0.202673
4.0,14362,1683,4750,0.153300
4.0,14362,1683,5000,0.133636
4.0,14362,1683,5250,0.126681
4.0,14362,1683,5500,0.025223
4.0,14362,1683,5750,0.055993
4.0,14362,1683,6000,0.031881
4.0,14362,1683,6250,0.110958
4.0,14362,1683,6500,0.063701
4.0,14362,1683,6750,0.050788
4.0,14362,1683,7000,0.003207
4.0,14362,1683,7250,0.006021
4.0,14362,1683,7500,0.055363
4.0,14362,1683,7750,0.061608
4.0,14362,1683,8000,0.070465
4.0,14585,1708,50,0.181661
4.0,14585,1708,100,0.330223
4.0,14585,1708,150,0.168511
4.0,14585,1708,200,0.167078
4.0,14585,1708,250,0.202314
4.0,14585,1708,300,0.050268
4.0,14585,1708,350,0.033340
4.0,14585,1708,400,0.001057
4.0,14585,1708,450,0.234729
4.0,14585,1708,500,0.381025
4.0,14585,1708,600,0.540099
4.0,14585,1708,700,0.545183
4.0,14585,1708,800,0.765995
4.0,14585,1708,900,0.861051
4.0,14585,1708,1000,0.806387
4.0,14585,1708,1250,0.833661
4.0,14585,1708,1500,0.772316
4.0,14585,1708,1750,0.592923
4.0,14585,1708,2000,0.438047
4.0,14585,1708,2250,0.276826
4.0,14585,1708,2500,0.105412
4.0,14585,1708,2750,0.012555
4.0,14585,1708,3000,0.004013
4.0,14585,1708,3250,0.079617
4.0,14585,1708,3500,0.003276
4.0,14585,1708,3750,0.019992
4.0,14585,1708,4000,0.086428
4.0,14585,1708,4250,0.019604
4.0,14585,1708,4500,0.029227
4.0,14585,1708,4750,0.083403
4.0,14585,1708,5000,0.100726
4.0,14585,1708,5250,0.085797
4.0,14585,1708,5500,0.175128
4.0,14585,1708,5750,0.079321
4.0,14585,1708,6000,0.031066
4.0,14585,1708,6250,0.098680
4.0,14585,1708,6500,0.151903
4.0,14585,1708,6750,0.143960
4.0,14585,1708,7000,0.167974
4.0,14585,1708,7250,0.161994
4.0,14585,1708,7500,0.168219
4.0,14585,1708,7750,0.125210
4.0,14585,1708,8000,0.101750
4.0,14779,1732,50,1.059781
4.0,14779,1732,100,1.333913
4.0,14779,1732,150,1.375805
4.0,14779,1732,200,1.576950
4.0,14779,1732,250,1.571258
4.0,14779,1732,300,1.109333
4.0,14779,1732,350,1.006120
4.0,14779,1732,400,0.823115
4.0,14779,1732,450,1.013544
4.0,14779,1732,500,0.938589
4.0,14779,1732,600,0.287059
4.0,14779,1732,700,0.358926
4.0,14779,1732,800,0.488910
4.0,14779,1732,900,0.528725
4.0,14779,1732,1000,0.517020
4.0,14779,1732,1250,0.295139
4.0,14779,1732,1500,0.307218
4.0,14779,1732,1750,0.217787
4.0,14779,1732,2000,0.269083
4.0,14779,1732,2250,0.265921
4.0,14779,1732,2500,0.377686
4.0,14779,1732,2750,0.253217
4.0,14779,1732,3000,0.293592
4.0,14779,1732,3250,0.277463
4.0,14779,1732,3500,0.183494
4.0,14779,1732,3750,0.214994
4.0,14779,1732,4000,0.273609
4.0,14779,1732,4250,0.237918
4.0,14779,1732,4500,0.225590
4.0,14779,1732,4750,0.165390
4.0,14779,1732,5000,0.183603
4.0,14779,1732,5250,0.248963
4.0,14779,1732,5500,0.297414
4.0,14779,1732,5750,0.305590
4.0,14779,1732,6000,0.332348
4.0,14779,1732,6250,0.427259
4.0,14779,1732,6500,0.488895
4.0,14779,1732,6750,0.463983
4.0,14779,1732,7000,0.483168
4.0,14779,1732,7250,0.490901
4.0,14779,1732,7500,0.514622
4.0,14779,1732,7750,0.547882
4.0,14779,1732,8000,0.551194
4.0,14930,1748,50,1.048167
4.0,14930,1748,100,0.060472
4.0,14930,1748,150,0.075707
4.0,14930,1748,200,0.072865
4.0,14930,1748,250,0.175564
4.0,14930,1748,300,0.148760
4.0,14930,1748,350,0.233805
4.0,14930,1748,400,0.402462
4.0,14930,1748,450,0.190219
4.0,14930,1748,500,0.386420
4.0,14930,1748,600,0.254442
4.0,14930,1748,700,0.099390
4.0,14930,1748,800,0.160295
4.0,14930,1748,900,0.230954
4.0,14930,1748,1000,0.363768
4.0,14930,1748,1250,0.723948
4.0,14930,1748,1500,0.721844
4.0,14930,1748,1750,0.664207
4.0,14930,1748,2000,0.755743
4.0,14930,1748,2250,0.748559
4.0,14930,1748,2500,0.672611
4.0,14930,1748,2750,0.563341
4.0,14930,1748,3000,0.495673
4.0,14930,1748,3250,0.420530
4.0,14930,1748,3500,0.378507
4.0,14930,1748,3750,0.397994
4.0,14930,1748,4000,0.368346
4.0,14930,1748,4250,0.426712
4.0,14930,1748,4500,0.367539
4.0,14930,1748,4750,0.322162
4.0,14930,1748,5000,0.329700
4.0,14930,1748,5250,0.389852
4.0,14930,1748,5500,0.375252
4.0,14930,1748,5750,0.380309
4.0,14930,1748,6000,0.350031
4.0,14930,1748,6250,0.230232
4.0,14930,1748,6500,0.286662
4.0,14930,1748,6750,0.266647
4.0,14930,1748,7000,0.261471
4.0,14930,1748,7250,0.298503
4.0,14930,1748,7500,0.273506
4.0,14930,1748,7750,0.261872
4.0,14930,1748,8000,0.263436
4.1,12598,1504,50,0.063424
4.1,12598,1504,100,0.574715
4.1,12598,1504,150,0.512932
4.1,12598,1504,200,0.603423
4.1,12598,1504,250,0.490272
4.1,12598,1504,300,0.560313
4.1,12598,1504,350,0.417317
4.1,12598,1504,400,0.170660
4.1,12598,1504,450,0.464698
4.1,12598,1504,500,0.313382
4.1,12598,1504,600,0.114886
4.1,12598,1504,700,0.343670
4.1,12598,1504,800,0.255158
4.1,12598,1504,900,0.453505
4.1,12598,1504,1000,0.335154
4.1,12598,1504,1250,0.392461
4.1,12598,1504,1500,0.386773
4.1,12598,1504,1750,0.299916
4.1,12598,1504,2000,0.204018
4.1,12598,1504,2250,0.183421
4.1,12598,1504,2500,0.167087
4.1,12598,1504,2750,0.290448
4.1,12598,1504,3000,0.308351
4.1,12598,1504,3250,0.309586
4.1,12598,1504,3500,0.368047
4.1,12598,1504,3750,0.332139
4.1,12598,1504,4000,0.313186
4.1,12598,1504,4250,0.275144
4.1,12598,1504,4500,0.251216
4.1,12598,1504,4750,0.255537
4.1,12598,1504,5000,0.209682
4.1,12598,1504,5250,0.206126
4.1,12598,1504,5500,0.229576
4.1,12598,1504,5750,0.268636
4.1,12598,1504,6000,0.190943
4.1,12598,1504,6250,0.163006
4.1,12598,1504,6500,0.102137
4.1,12598,1504,6750,0.106893
4.1,12598,1504,7000,0.079334
4.1,12598,1504,7250,0.071663
4.1,12598,1504,7500,0.049732
4.1,12598,1504,7750,0.001233
4.1,12598,1504,8000,0.035547
4.1,12704,1517,50,1.216126
4.1,12704,1517,100,0.359239
4.1,12704,1517,150,0.468853
4.1,12704,1517,200,0.497931
4.1,12704,1517,250,0.608472
4.1,12704,1517,300,0.557818
4.1,12704,1517,350,0.492236
4.1,12704,1517,400,0.520535
4.1,12704,1517,450,0.207415
4.1,12704,1517,500,0.361825
4.1,12704,1517,600,0.555618
4.1,12704,1517,700,0.585413
4.1,12704,1517,800,0.415221
4.1,12704,1517,900,0.571624
4.1,12704,1517,1000,0.590973
4.1,12704,1517,1250,0.560952
4.1,12704,1517,1500,0.530427
4.1,12704,1517,1750,0.451340
4.1,12704,1517,2000,0.539921
4.1,12704,1517,2250,0.474969
4.1,12704,1517,2500,0.441433
4.1,12704,1517,2750,0.465580
4.1,12704,1517,3000,0.480358
4.1,12704,1517,3250,0.362842
4.1,12704,1517,3500,0.267627
4.1,12704,1517,3750,0.253233
4.1,12704,1517,4000,0.343294
4.1,12704,1517,4250,0.376679
4.1,12704,1517,4500,0.416721
4.1,12704,1517,4750,0.380653
4.1,12704,1517,5000,0.339313
4.1,12704,1517,5250,0.322229
4.1,12704,1517,5500,0.298822
4.1,12704,1517,5750,0.253771
4.1,12704,1517,6000,0.219975
4.1,12704,1517,6250,0.223189
4.1,12704,1517,6500,0.268198
4.1,12704,1517,6750,0.281915
4.1,12704,1517,7000,0.271183
4.1,12704,1517,7250,0.207195
4.1,12704,1517,7500,0.233042
4.1,12704,1517,7750,0.180971
4.1,12704,1517,8000,0.131582
4.1,13099,1558,50,0.436661
4.1,13099,1558,100,0.834752
4.1,13099,1558,150,0.759719
4.1,13099,1558,200,0.634025
4.1,13099,1558,250,0.191204
4.1,13099,1558,300,0.125766
4.1,13099,1558,350,0.006946
4.1,13099,1558,400,0.019750
4.1,13099,1558,450,0.025306
4.1,13099,1558,500,0.164005
4.1,13099,1558,600,0.164985
4.1,13099,1558,700,0.130126
4.1,13099,1558,800,0.132836
4.1,13099,1558,900,0.195259
4.1,13099,1558,1000,0.256176
4.1,13099,1558,1250,0.544176
4.1,13099,1558,1500,0.387697
4.1,13099,1558,1750,0.426413
4.1,13099,1558,2000,0.461214
4.1,13099,1558,2250,0.456414
4.1,13099,1558,2500,0.238196
4.1,13099,1558,2750,0.324817
4.1,13099,1558,3000,0.364686
4.1,13099,1558,3250,0.357510
4.1,13099,1558,3500,0.399784
4.1,13099,1558,3750,0.470454
4.1,13099,1558,4000,0.510111
4.1,13099,1558,4250,0.462454
4.1,13099,1558,4500,0.458245
4.1,13099,1558,4750,0.427855
4.1,13099,1558,5000,0.402869
4.1,13099,1558,5250,0.379751
4.1,13099,1558,5500,0.400234
4.1,13099,1558,5750,0.414539
4.1,13099,1558,6000,0.398579
4.1,13099,1558,6250,0.367096
4.1,13099,1558,6500,0.362857
4.1,13099,1558,6750,0.368657
4.1,13099,1558,7000,0.411858
4.1,13099,1558,7250,0.375125
4.1,13099,1558,7500,0.357928
4.1,13099,1558,7750,0.395850
4.1,13099,1558,8000,0.399013
4.1,13104,1559,50,0.017282
4.1,13104,1559,100,0.345023
4.1,13104,1559,150,0.299630
4.1,13104,1559,200,0.104105
4.1,13104,1559,250,0.316071
4.1,13104,1559,300,0.371912
4.1,13104,1559,350,0.539587
4.1,13104,1559,400,0.507235
4.1,13104,1559,450,0.553548
4.1,13104,1559,500,0.743754
4.1,13104,1559,600,0.697082
4.1,13104,1559,700,0.436871
4.1,13104,1559,800,0.611479
4.1,13104,1559,900,0.544241
4.1,13104,1559,1000,0.552325
4.1,13104,1559,1250,0.709142
4.1,13104,1559,1500,0.539377
4.1,13104,1559,1750,0.542651
4.1,13104,1559,2000,0.646857
4.1,13104,1559,2250,0.453216
4.1,13104,1559,2500,0.273357
4.1,13104,1559,2750,0.328839
4.1,13104,1559,3000,0.253917
4.1,13104,1559,3250,0.248202
4.1,13104,1559,3500,0.237467
4.1,13104,1559,3750,0.223425
4.1,13104,1559,4000,0.260847
4.1,13104,1559,4250,0.256482
4.1,13104,1559,4500,0.298553
4.1,13104,1559,4750,0.254063
4.1,13104,1559,5000,0.312958
4.1,13104,1559,5250,0.288942
4.1,13104,1559,5500,0.330261
4.1,13104,1559,5750,0.382268
4.1,13104,1559,6000,0.350589
4.1,13104,1559,6250,0.380955
4.1,13104,1559,6500,0.364529
4.1,13104,1559,6750,0.339413
4.1,13104,1559,7000,0.317651
4.1,13104,1559,7250,0.363554
4.1,13104,1559,7500,0.368459
4.1,13104,1559,7750,0.329434
4.1,13104,1559,8000,0.331474
4.1,13353,1585,50,0.539805
4.1,13353,1585,100,0.114550
4.1,13353,1585,150,0.519266
4.1,13353,1585,200,1.119808
4.1,13353,1585,250,0.737837
4.1,13353,1585,300,0.707140
4.1,13353,1585,350,0.485929
4.1,13353,1585,400,0.381518
4.1,13353,1585,450,0.269094
4.1,13353,1585,500,0.327667
4.1,13353,1585,600,0.256361
4.1,13353,1585,700,0.078066
4.1,13353,1585,800,0.147271
4.1,13353,1585,900,0.024088
4.1,13353,1585,1000,0.066087
4.1,13353,1585,1250,0.133105
4.1,13353,1585,1500,0.111350
4.1,13353,1585,1750,0.250070
4.1,13353,1585,2000,0.207209
4.1,13353,1585,2250,0.243229
4.1,13353,1585,2500,0.086393
4.1,13353,1585,2750,0.052796
4.1,13353,1585,3000,0.066026
4.1,13353,1585,3250,0.027208
4.1,13353,1585,3500,0.045517
4.1,13353,1585,3750,0.077167
4.1,13353,1585,4000,0.074247
4.1,13353,1585,4250,0.023967
4.1,13353,1585,4500,0.018791
4.1,13353,1585,4750,0.087271
4.1,13353,1585,5000,0.062474
4.1,13353,1585,5250,0.050882
4.1,13353,1585,5500,0.048449
4.1,13353,1585,5750,0.006869
4.1,13353,1585,6000,0.034131
4.1,13353,1585,6250,0.024330
4.1,13353,1585,6500,0.015465
4.1,13353,1585,6750,0.016210
4.1,13353,1585,7000,0.022135
4.1,13353,1585,7250,0.083171
4.1,13353,1585,7500,0.047065
4.1,13353,1585,7750,0.015892
4.1,13353,1585,8000,0.007089
4.1,14154,1666,50,0.024659
4.1,14154,1666,100,0.141994
4.1,14154,1666,150,0.022027
4.1,14154,1666,200,0.009131
4.1,14154,1666,250,0.176414
4.1,14154,1666,300,0.133977
4.1,14154,1666,350,0.317748
4.1,14154,1666,400,0.281299
4.1,14154,1666,450,0.420683
4.1,14154,1666,500,0.589731
4.1,14154,1666,600,0.495194
4.1,14154,1666,700,0.576140
4.1,14154,1666,800,0.689521
4.1,14154,1666,900,0.802729
4.1,14154,1666,1000,0.732345
4.1,14154,1666,1250,0.637003
4.1,14154,1666,1500,0.560894
4.1,14154,1666,1750,0.713517
4.1,14154,1666,2000,0.595433
4.1,14154,1666,2250,0.486095
4.1,14154,1666,2500,0.320929
4.1,14154,1666,2750,0.358370
4.1,14154,1666,3000,0.373215
4.1,14154,1666,3250,0.262882
4.1,14154,1666,3500,0.221013
4.1,14154,1666,3750,0.188347
4.1,14154,1666,4000,0.242445
4.1,14154,1666,4250,0.168579
4.1,14154,1666,4500,0.230052
4.1,14154,1666,4750,0.314687
4.1,14154,1666,5000,0.303410
4.1,14154,1666,5250,0.357366
4.1,14154,1666,5500,0.370473
4.1,14154,1666,5750,0.365553
4.1,14154,1666,6000,0.341321
4.1,14154,1666,6250,0.331159
4.1,14154,1666,6500,0.362087
4.1,14154,1666,6750,0.353271
4.1,14154,1666,7000,0.412803
4.1,14154,1666,7250,0.428866
4.1,14154,1666,7500,0.351667
4.1,14154,1666,7750,0.342409
4.1,14154,1666,8000,0.295216
4.1,14264,1675,50,0.222724
4.1,14264,1675,100,0.580710
4.1,14264,1675,150,0.560909
4.1,14264,1675,200,0.514643
4.1,14264,1675,250,0.532565
4.1,14264,1675,300,0.153615
4.1,14264,1675,350,0.128931
4.1,14264,1675,400,0.199954
4.1,14264,1675,450,0.527190
4.1,14264,1675,500,0.713073
4.1,14264,1675,600,0.576301
4.1,14264,1675,700,0.477314
4.1,14264,1675,800,0.149216
4.1,14264,1675,900,0.048389
4.1,14264,1675,1000,0.252233
4.1,14264,1675,1250,0.146905
4.1,14264,1675,1500,0.025807
4.1,14264,1675,1750,0.041723
4.1,14264,1675,2000,0.237805
4.1,14264,1675,2250,0.266154
4.1,14264,1675,2500,0.220493
4.1,14264,1675,2750,0.222964
4.1,14264,1675,3000,0.155991
4.1,14264,1675,3250,0.060358
4.1,14264,1675,3500,0.024431
4.1,14264,1675,3750,0.093083
4.1,14264,1675,4000,0.121407
4.1,14264,1675,4250,0.069818
4.1,14264,1675,4500,0.040868
4.1,14264,1675,4750,0.025608
4.1,14264,1675,5000,0.026670
4.1,14264,1675,5250,0.023860
4.1,14264,1675,5500,0.017126
4.1,14264,1675,5750,0.032373
4.1,14264,1675,6000,0.008553
4.1,14264,1675,6250,0.038275
4.1,14264,1675,6500,0.012933
4.1,14264,1675,6750,0.023859
4.1,14264,1675,7000,0.019806
4.1,14264,1675,7250,0.032794
4.1,14264,1675,7500,0.079364
4.1,14264,1675,7750,0.071744
4.1,14264,1675,8000,0.079744
4.1,14405,1687,50,0.522652
4.1,14405,1687,100,1.121852
4.1,14405,1687,150,0.990382
4.1,14405,1687,200,1.075049
4.1,14405,1687,250,0.865338
4.1,14405,1687,300,1.124381
4.1,14405,1687,350,1.113849
4.1,14405,1687,400,0.971288
4.1,14405,1687,450,0.797578
4.1,14405,1687,500,0.636227
4.1,14405,1687,600,0.244680
4.1,14405,1687,700,0.178299
4.1,14405,1687,800,0.322150
4.1,14405,1687,900,0.340396
4.1,14405,1687,1000,0.207248
4.1,14405,1687,1250,0.265875
4.1,14405,1687,1500,0.506973
4.1,14405,1687,1750,0.317461
4.1,14405,1687,2000,0.404831
4.1,14405,1687,2250,0.241763
4.1,14405,1687,2500,0.231694
4.1,14405,1687,2750,0.283095
4.1,14405,1687,3000,0.290831
4.1,14405,1687,3250,0.369532
4.1,14405,1687,3500,0.277371
4.1,14405,1687,3750,0.145110
4.1,14405,1687,4000,0.085157
4.1,14405,1687,4250,0.114438
4.1,14405,1687,4500,0.140570
4.1,14405,1687,4750,0.073344
4.1,14405,1687,5000,0.055773
4.1,14405,1687,5250,0.099701
4.1,14405,1687,5500,0.164151
4.1,14405,1687,5750,0.227694
4.1,14405,1687,6000,0.251329
4.1,14405,1687,6250,0.205075
4.1,14405,1687,6500,0.186358
4.1,14405,1687,6750,0.166269
4.1,14405,1687,7000,0.138809
4.1,14405,1687,7250,0.148740
4.1,14405,1687,7500,0.150533
4.1,14405,1687,7750,0.146865
4.1,14405,1687,8000,0.174865
4.1,14587,1708,50,0.060806
4.1,14587,1708,100,0.115227
4.1,14587,1708,150,0.039807
4.1,14587,1708,200,0.050536
4.1,14587,1708,250,0.005590
4.1,14587,1708,300,0.286850
4.1,14587,1708,350,0.207761
4.1,14587,1708,400,0.253370
4.1,14587,1708,450,0.485510
4.1,14587,1708,500,0.608008
4.1,14587,1708,600,0.694906
4.1,14587,1708,700,0.676528
4.1,14587,1708,800,0.886621
4.1,14587,1708,900,0.956855
4.1,14587,1708,1000,0.882240
4.1,14587,1708,1250,0.892413
4.1,14587,1708,1500,0.856456
4.1,14587,1708,1750,0.722973
4.1,14587,1708,2000,0.624782
4.1,14587,1708,2250,0.480830
4.1,14587,1708,2500,0.305841
4.1,14587,1708,2750,0.158872
4.1,14587,1708,3000,0.168799
4.1,14587,1708,3250,0.133442
4.1,14587,1708,3500,0.206327
4.1,14587,1708,3750,0.233810
4.1,14587,1708,4000,0.137625
4.1,14587,1708,4250,0.206166
4.1,14587,1708,4500,0.180722
4.1,14587,1708,4750,0.111411
4.1,14587,1708,5000,0.073049
4.1,14587,1708,5250,0.134052
4.1,14587,1708,5500,0.000964
4.1,14587,1708,5750,0.025924
4.1,14587,1708,6000,0.036128
4.1,14587,1708,6250,0.047015
4.1,14587,1708,6500,0.081271
4.1,14587,1708,6750,0.091288
4.1,14587,1708,7000,0.149313
4.1,14587,1708,7250,0.147384
4.1,14587,1708,7500,0.150443
4.1,14587,1708,7750,0.113774
4.1,14587,1708,8000,0.074196
4.1,14722,1722,50,2.370179
4.1,14722,1722,100,1.433138
4.1,14722,1722,150,1.296708
4.1,14722,1722,200,1.167690
4.1,14722,1722,250,1.331873
4.1,14722,1722,300,0.906075
4.1,14722,1722,350,0.699937
4.1,14722,1722,400,0.617037
4.1,14722,1722,450,0.827870
4.1,14722,1722,500,0.727246
4.1,14722,1722,600,0.025918
4.1,14722,1722,700,0.021871
4.1,14722,1722,800,0.048318
4.1,14722,1722,900,0.114610
4.1,14722,1722,1000,0.035516
4.1,14722,1722,1250,0.181372
4.1,14722,1722,1500,0.094685
4.1,14722,1722,1750,0.106394
4.1,14722,1722,2000,0.136166
4.1,14722,1722,2250,0.130295
4.1,14722,1722,2500,0.109974
4.1,14722,1722,2750,0.235014
4.1,14722,1722,3000,0.209702
4.1,14722,1722,3250,0.302839
4.1,14722,1722,3500,0.233527
4.1,14722,1722,3750,0.271183
4.1,14722,1722,4000,0.383216
4.1,14722,1722,4250,0.398721
4.1,14722,1722,4500,0.386071
4.1,14722,1722,4750,0.416400
4.1,14722,1722,5000,0.394307
4.1,14722,1722,5250,0.453429
4.1,14722,1722,5500,0.541669
4.1,14722,1722,5750,0.593798
4.1,14722,1722,6000,0.508000
4.1,14722,1722,6250,0.437393
4.1,14722,1722,6500,0.388564
4.1,14722,1722,6750,0.362760
4.1,14722,1722,7000,0.418159
4.1,14722,1722,7250,0.427652
4.1,14722,1722,7500,0.452237
4.1,14722,1722,7750,0.408062
4.1,14722,1722,8000,0.406308
4.1,15179,1772,50,0.486128
4.1,15179,1772,100,0.491968
4.1,15179,1772,150,0.364708
4.1,15179,1772,200,0.228382
4.1,15179,1772,250,0.167430
4.1,15179,1772,300,0.228937
4.1,15179,1772,350,0.079917
4.1,15179,1772,400,0.290134
4.1,15179,1772,450,0.145307
4.1,15179,1772,500,0.265618
4.1,15179,1772,600,0.394141
4.1,15179,1772,700,0.321162
4.1,15179,1772,800,0.128767
4.1,15179,1772,900,0.113770
4.1,15179,1772,1000,0.295634
4.1,15179,1772,1250,0.025833
4.1,15179,1772,1500,0.041850
4.1,15179,1772,1750,0.109221
4.1,15179,1772,2000,0.186530
4.1,15179,1772,2250,0.207916
4.1,15179,1772,2500,0.181407
4.1,15179,1772,2750,0.065135
4.1,15179,1772,3000,0.111856
4.1,15179,1772,3250,0.191403
4.1,15179,1772,3500,0.190553
4.1,15179,1772,3750,0.087760
4.1,15179,1772,4000,0.108240
4.1,15179,1772,4250,0.057938
4.1,15179,1772,4500,0.042721
4.1,15179,1772,4750,0.039197
4.1,15179,1772,5000,0.002692
4.1,15179,1772,5250,0.007508
4.1,15179,1772,5500,0.025661
4.1,15179,1772,5750,0.019815
4.1,15179,1772,6000,0.079470
4.1,15179,1772,6250,0.093999
4.1,15179,1772,6500,0.021953
4.1,15179,1772,6750,0.052220
4.1,15179,1772,7000,0.083396
4.1,15179,1772,7250,0.123264
4.1,15179,1772,7500,0.131013
4.1,15179,1772,7750,0.154788
4.1,15179,1772,8000,0.113483
4.1,15253,1779,50,1.733750
4.1,15253,1779,100,1.793517
4.1,15253,1779,150,1.525830
4.1,15253,1779,200,1.206721
4.1,15253,1779,250,1.188655
4.1,15253,1779,300,0.768265
4.1,15253,1779,350,0.787462
4.1,15253,1779,400,0.563417
4.1,15253,1779,450,0.795082
4.1,15253,1779,500,0.744927
4.1,15253,1779,600,0.561455
4.1,15253,1779,700,0.495352
4.1,15253,1779,800,0.481485
4.1,15253,1779,900,0.396257
4.1,15253,1779,1000,0.570529
4.1,15253,1779,1250,0.341475
4.1,15253,1779,1500,0.315994
4.1,15253,1779,1750,0.293937
4.1,15253,1779,2000,0.233485
4.1,15253,1779,2250,0.215389
4.1,15253,1779,2500,0.134479
4.1,15253,1779,2750,0.009228
4.1,15253,1779,3000,0.033144
4.1,15253,1779,3250,0.012405
4.1,15253,1779,3500,0.038199
4.1,15253,1779,3750,0.028147
4.1,15253,1779,4000,0.024050
4.1,15253,1779,4250,0.007597
4.1,15253,1779,4500,0.013266
4.1,15253,1779,4750,0.020178
4.1,15253,1779,5000,0.056615
4.1,15253,1779,5250,0.003063
4.1,15253,1779,5500,0.029601
4.1,15253,1779,5750,0.062716
4.1,15253,1779,6000,0.047644
4.1,15253,1779,6250,0.106074
4.1,15253,1779,6500,0.111094
4.1,15253,1779,6750,0.118544
4.1,15253,1779,7000,0.136312
4.1,15253,1779,7250,0.148246
4.1,15253,1779,7500,0.104086
4.1,15253,1779,7750,0.080516
4.1,15253,1779,8000,0.110242
4.1,15318,1789,50,0.798689
4.1,15318,1789,100,0.105834
4.1,15318,1789,150,0.169035
4.1,15318,1789,200,0.241983
4.1,15318,1789,250,0.362596
4.1,15318,1789,300,0.139014
4.1,15318,1789,350,0.150780
4.1,15318,1789,400,0.206884
4.1,15318,1789,450,0.006150
4.1,15318,1789,500,0.045371
4.1,15318,1789,600,0.098018
4.1,15318,1789,700,0.156021
4.1,15318,1789,800,0.458131
4.1,15318,1789,900,0.299205
4.1,15318,1789,1000,0.507347
4.1,15318,1789,1250,0.352891
4.1,15318,1789,1500,0.218464
4.1,15318,1789,1750,0.218779
4.1,15318,1789,2000,0.276519
4.1,15318,1789,2250,0.352959
4.1,15318,1789,2500,0.301188
4.1,15318,1789,2750,0.288630
4.1,15318,1789,3000,0.138887
4.1,15318,1789,3250,0.158462
4.1,15318,1789,3500,0.134540
4.1,15318,1789,3750,0.230214
4.1,15318,1789,4000,0.311364
4.1,15318,1789,4250,0.338266
4.1,15318,1789,4500,0.345686
4.1,15318,1789,4750,0.339774
4.1,15318,1789,5000,0.332491
4.1,15318,1789,5250,0.309056
4.1,15318,1789,5500,0.314000
4.1,15318,1789,5750,0.417663
4.1,15318,1789,6000,0.376034
4.1,15318,1789,6250,0.447348
4.1,15318,1789,6500,0.463827
4.1,15318,1789,6750,0.583090
4.1,15318,1789,7000,0.500462
4.1,15318,1789,7250,0.486944
4.1,15318,1789,7500,0.497800
4.1,15318,1789,7750,0.484195
4.1,15318,1789,8000,0.501852
4.1,15856,1847,50,0.311976
4.1,15856,1847,100,0.958008
4.1,15856,1847,150,1.316977
4.1,15856,1847,200,1.371055
4.1,15856,1847,250,1.279977
4.1,15856,1847,300,1.194434
4.1,15856,1847,350,1.009799
4.1,15856,1847,400,0.716441
4.1,15856,1847,450,0.717413
4.1,15856,1847,500,0.793221
4.1,15856,1847,600,0.278057
4.1,15856,1847,700,0.282651
4.1,15856,1847,800,0.291749
4.1,15856,1847,900,0.386978
4.1,15856,1847,1000,0.271398
4.1,15856,1847,1250,0.043764
4.1,15856,1847,1500,0.050912
4.1,15856,1847,1750,0.131100
4.1,15856,1847,2000,0.001858
4.1,15856,1847,2250,0.147540
4.1,15856,1847,2500,0.123654
4.1,15856,1847,2750,0.125719
4.1,15856,1847,3000,0.230388
4.1,15856,1847,3250,0.237714
4.1,15856,1847,3500,0.192867
4.1,15856,1847,3750,0.153184
4.1,15856,1847,4000,0.144261
4.1,15856,1847,4250,0.103111
4.1,15856,1847,4500,0.105178
4.1,15856,1847,4750,0.064265
4.1,15856,1847,5000,0.028188
4.1,15856,1847,5250,0.059282
4.1,15856,1847,5500,0.048109
4.1,15856,1847,5750,0.029717
4.1,15856,1847,6000,0.004297
4.1,15856,1847,6250,0.025187
4.1,15856,1847,6500,0.011296
4.1,15856,1847,6750,0.055086
4.1,15856,1847,7000,0.104894
4.1,15856,1847,7250,0.085620
4.1,15856,1847,7500,0.069344
4.1,15856,1847,7750,0.103437
4.1,15856,1847,8000,0.087198
4.1,16215,1883,50,1.040111
4.1,16215,1883,100,0.861293
4.1,16215,1883,150,1.154360
4.1,16215,1883,200,1.341281
4.1,16215,1883,250,1.486550
4.1,16215,1883,300,1.240012
4.1,16215,1883,350,0.951771
4.1,16215,1883,400,0.673044
4.1,16215,1883,450,0.773042
4.1,16215,1883,500,0.750932
4.1,16215,1883,600,0.663655
4.1,16215,1883,700,0.630997
4.1,16215,1883,800,0.650008
4.1,16215,1883,900,0.478831
4.1,16215,1883,1000,0.683217
4.1,16215,1883,1250,0.844575
4.1,16215,1883,1500,0.852290
4.1,16215,1883,1750,0.744111
4.1,16215,1883,2000,0.455126
4.1,16215,1883,2250,0.214101
4.1,16215,1883,2500,0.277388
4.1,16215,1883,2750,0.004618
4.1,16215,1883,3000,0.027159
4.1,16215,1883,3250,0.087375
4.1,16215,1883,3500,0.151512
4.1,16215,1883,3750,0.146545
4.1,16215,1883,4000,0.090497
4.1,16215,1883,4250,0.024656
4.1,16215,1883,4500,0.101070
4.1,16215,1883,4750,0.123495
4.1,16215,1883,5000,0.122706
4.1,16215,1883,5250,0.148423
4.1,16215,1883,5500,0.183830
4.1,16215,1883,5750,0.184470
4.1,16215,1883,6000,0.084237
4.1,16215,1883,6250,0.059113
4.1,16215,1883,6500,0.043839
4.1,16215,1883,6750,0.041609
4.1,16215,1883,7000,0.039817
4.1,16215,1883,7250,0.074546
4.1,16215,1883,7500,0.029698
4.1,16215,1883,7750,0.011084
4.1,16215,1883,8000,0.022585
4.1,16496,1912,50,1.992148
4.1,16496,1912,100,1.829339
4.1,16496,1912,150,2.022530
4.1,16496,1912,200,1.706195
4.1,16496,1912,250,1.440769
4.1,16496,1912,300,1.179826
4.1,16496,1912,350,0.898373
4.1,16496,1912,400,1.291009
4.1,16496,1912,450,1.249231
4.1,16496,1912,500,1.188974
4.1,16496,1912,600,1.142637
4.1,16496,1912,700,1.027841
4.1,16496,1912,800,1.056048
4.1,16496,1912,900,1.038390
4.1,16496,1912,1000,1.141918
4.1,16496,1912,1250,0.953020
4.1,16496,1912,1500,0.727543
4.1,16496,1912,1750,0.874329
4.1,16496,1912,2000,0.685628
4.1,16496,1912,2250,0.503545
4.1,16496,1912,2500,0.355099
4.1,16496,1912,2750,0.276938
4.1,16496,1912,3000,0.201887
4.1,16496,1912,3250,0.237789
4.1,16496,1912,3500,0.234273
4.1,16496,1912,3750,0.303184
4.1,16496,1912,4000,0.379680
4.1,16496,1912,4250,0.348085
4.1,16496,1912,4500,0.422990
4.1,16496,1912,4750,0.335865
4.1,16496,1912,5000,0.282381
4.1,16496,1912,5250,0.235570
4.1,16496,1912,5500,0.214624
4.1,16496,1912,5750,0.277751
4.1,16496,1912,6000,0.360359
4.1,16496,1912,6250,0.323764
4.1,16496,1912,6500,0.292348
4.1,16496,1912,6750,0.346722
4.1,16496,1912,7000,0.319519
4.1,16496,1912,7250,0.237435
4.1,16496,1912,7500,0.230474
4.1,16496,1912,7750,0.211797
4.1,16496,1912,8000,0.223718
4.1,16632,1923,50,0.090999
4.1,16632,1923,100,0.723196
4.1,16632,1923,150,0.762803
4.1,16632,1923,200,0.466142
4.1,16632,1923,250,0.251682
4.1,16632,1923,300,0.126353
4.1,16632,1923,350,0.132834
4.1,16632,1923,400,0.068591
4.1,16632,1923,450,0.064827
4.1,16632,1923,500,0.155798
4.1,16632,1923,600,0.166686
4.1,16632,1923,700,0.234131
4.1,16632,1923,800,0.313874
4.1,16632,1923,900,0.303727
4.1,16632,1923,1000,0.491674
4.1,16632,1923,1250,0.125060
4.1,16632,1923,1500,0.323496
4.1,16632,1923,1750,0.311165
4.1,16632,1923,2000,0.326104
4.1,16632,1923,2250,0.365338
4.1,16632,1923,2500,0.241876
4.1,16632,1923,2750,0.186914
4.1,16632,1923,3000,0.244573
4.1,16632,1923,3250,0.269447
4.1,16632,1923,3500,0.203367
4.1,16632,1923,3750,0.106600
4.1,16632,1923,4000,0.086203
4.1,16632,1923,4250,0.020888
4.1,16632,1923,4500,0.014610
4.1,16632,1923,4750,0.064157
4.1,16632,1923,5000,0.027284
4.1,16632,1923,5250,0.044082
4.1,16632,1923,5500,0.047907
4.1,16632,1923,5750,0.110179
4.1,16632,1923,6000,0.100211
4.1,16632,1923,6250,0.123186
4.1,16632,1923,6500,0.146687
4.1,16632,1923,6750,0.152021
4.1,16632,1923,7000,0.189027
4.1,16632,1923,7250,0.184392
4.1,16632,1923,7500,0.217465
4.1,16632,1923,7750,0.259359
4.1,16632,1923,8000,0.246400
4.1,16859,1944,50,1.731943
4.1,16859,1944,100,1.045344
4.1,16859,1944,150,0.845258
4.1,16859,1944,200,0.637541
4.1,16859,1944,250,0.170267
4.1,16859,1944,300,0.191770
4.1,16859,1944,350,0.427444
4.1,16859,1944,400,0.227605
4.1,16859,1944,450,0.155040
4.1,16859,1944,500,0.066631
4.1,16859,1944,600,0.030297
4.1,16859,1944,700,0.003367
4.1,16859,1944,800,0.291885
4.1,16859,1944,900,0.297505
4.1,16859,1944,1000,0.208107
4.1,16859,1944,1250,0.253675
4.1,16859,1944,1500,0.008296
4.1,16859,1944,1750,0.098389
4.1,16859,1944,2000,0.035009
4.1,16859,1944,2250,0.002973
4.1,16859,1944,2500,0.029769
4.1,16859,1944,2750,0.081891
4.1,16859,1944,3000,0.051418
4.1,16859,1944,3250,0.084130
4.1,16859,1944,3500,0.049744
4.1,16859,1944,3750,0.070221
4.1,16859,1944,4000,0.058576
4.1,16859,1944,4250,0.086304
4.1,16859,1944,4500,0.186021
4.1,16859,1944,4750,0.135855
4.1,16859,1944,5000,0.036579
4.1,16859,1944,5250,0.038150
4.1,16859,1944,5500,0.049478
4.1,16859,1944,5750,0.079560
4.1,16859,1944,6000,0.100003
4.1,16859,1944,6250,0.126873
4.1,16859,1944,6500,0.039904
4.1,16859,1944,6750,0.005253
4.1,16859,1944,7000,0.012320
4.1,16859,1944,7250,0.015367
4.1,16859,1944,7500,0.044264
4.1,16859,1944,7750,0.031072
4.1,16859,1944,8000,0.043494
4.1,17083,1969,50,1.175840
4.1,17083,1969,100,0.331116
4.1,17083,1969,150,0.133366
4.1,17083,1969,200,0.473461
4.1,17083,1969,250,0.024833
4.1,17083,1969,300,0.039130
4.1,17083,1969,350,0.049573
4.1,17083,1969,400,0.351929
4.1,17083,1969,450,0.452235
4.1,17083,1969,500,0.561680
4.1,17083,1969,600,0.589654
4.1,17083,1969,700,0.730604
4.1,17083,1969,800,0.281832
4.1,17083,1969,900,0.224949
4.1,17083,1969,1000,0.187402
4.1,17083,1969,1250,0.075667
4.1,17083,1969,1500,0.226254
4.1,17083,1969,1750,0.394877
4.1,17083,1969,2000,0.169942
4.1,17083,1969,2250,0.157959
4.1,17083,1969,2500,0.250835
4.1,17083,1969,2750,0.308683
4.1,17083,1969,3000,0.262255
4.1,17083,1969,3250,0.220407
4.1,17083,1969,3500,0.120619
4.1,17083,1969,3750,0.080481
4.1,17083,1969,4000,0.125096
4.1,17083,1969,4250,0.114045
4.1,17083,1969,4500,0.017233
4.1,17083,1969,4750,0.004008
4.1,17083,1969,5000,0.023744
4.1,17083,1969,5250,0.002630
4.1,17083,1969,5500,0.006972
4.1,17083,1969,5750,0.009677
4.1,17083,1969,6000,0.028295
4.1,17083,1969,6250,0.009477
4.1,17083,1969,6500,0.100797
4.1,17083,1969,6750,0.039094
4.1,17083,1969,7000,0.035625
4.1,17083,1969,7250,0.044568
4.1,17083,1969,7500,0.102833
4.1,17083,1969,7750,0.119145
4.1,17083,1969,8000,0.137418
4.1,17115,1972,50,0.984394
4.1,17115,1972,100,0.132342
4.1,17115,1972,150,0.419680
4.1,17115,1972,200,0.627315
4.1,17115,1972,250,0.152086
4.1,17115,1972,300,0.214696
4.1,17115,1972,350,0.004689
4.1,17115,1972,400,0.075439
4.1,17115,1972,450,0.014609
4.1,17115,1972,500,0.023645
4.1,17115,1972,600,0.100220
4.1,17115,1972,700,0.102846
4.1,17115,1972,800,0.281688
4.1,17115,1972,900,0.237857
4.1,17115,1972,1000,0.281936
4.1,17115,1972,1250,0.350369
4.1,17115,1972,1500,0.646634
4.1,17115,1972,1750,0.462297
4.1,17115,1972,2000,0.585298
4.1,17115,1972,2250,0.586574
4.1,17115,1972,2500,0.471608
4.1,17115,1972,2750,0.384446
4.1,17115,1972,3000,0.414409
4.1,17115,1972,3250,0.457551
4.1,17115,1972,3500,0.447894
4.1,17115,1972,3750,0.549044
4.1,17115,1972,4000,0.508266
4.1,17115,1972,4250,0.436982
4.1,17115,1972,4500,0.286727
4.1,17115,1972,4750,0.271541
4.1,17115,1972,5000,0.266543
4.1,17115,1972,5250,0.274379
4.1,17115,1972,5500,0.311332
4.1,17115,1972,5750,0.269424
4.1,17115,1972,6000,0.229159
4.1,17115,1972,6250,0.234923
4.1,17115,1972,6500,0.327240
4.1,17115,1972,6750,0.267202
4.1,17115,1972,7000,0.276261
4.1,17115,1972,7250,0.271647
4.1,17115,1972,7500,0.248335
4.1,17115,1972,7750,0.229328
4.1,17115,1972,8000,0.223557
4.1,17238,1984,50,0.383732
4.1,17238,1984,100,0.386881
4.1,17238,1984,150,0.609022
4.1,17238,1984,200,0.848629
4.1,17238,1984,250,0.359197
4.1,17238,1984,300,0.419538
4.1,17238,1984,350,0.219676
4.1,17238,1984,400,0.027698
4.1,17238,1984,450,0.058473
4.1,17238,1984,500,0.119242
4.1,17238,1984,600,0.285339
4.1,17238,1984,700,0.132878
4.1,17238,1984,800,0.500680
4.1,17238,1984,900,0.654684
4.1,17238,1984,1000,0.550793
4.1,17238,1984,1250,0.285046
4.1,17238,1984,1500,0.451339
4.1,17238,1984,1750,0.547798
4.1,17238,1984,2000,0.181790
4.1,17238,1984,2250,0.163151
4.1,17238,1984,2500,0.141674
4.1,17238,1984,2750,0.168890
4.1,17238,1984,3000,0.282933
4.1,17238,1984,3250,0.346498
4.1,17238,1984,3500,0.281539
4.1,17238,1984,3750,0.387865
4.1,17238,1984,4000,0.343016
4.1,17238,1984,4250,0.459051
4.1,17238,1984,4500,0.546989
4.1,17238,1984,4750,0.614495
4.1,17238,1984,5000,0.605262
4.1,17238,1984,5250,0.625355
4.1,17238,1984,5500,0.583815
4.1,17238,1984,5750,0.544569
4.1,17238,1984,6000,0.495762
4.1,17238,1984,6250,0.470763
4.1,17238,1984,6500,0.450123
4.1,17238,1984,6750,0.421186
4.1,17238,1984,7000,0.449503
4.1,17238,1984,7250,0.403216
4.1,17238,1984,7500,0.481824
4.1,17238,1984,7750,0.511597
4.1,17238,1984,8000,0.460562
4.1,17593,2022,50,0.252089
4.1,17593,2022,100,0.209225
4.1,17593,2022,150,0.649324
4.1,17593,2022,200,0.566240
4.1,17593,2022,250,0.140243
4.1,17593,2022,300,0.118899
4.1,17593,2022,350,0.427752
4.1,17593,2022,400,0.522535
4.1,17593,2022,450,0.220993
4.1,17593,2022,500,0.085018
4.1,17593,2022,600,0.257797
4.1,17593,2022,700,0.253515
4.1,17593,2022,800,0.215085
4.1,17593,2022,900,0.421780
4.1,17593,2022,1000,0.721889
4.1,17593,2022,1250,0.704116
4.1,17593,2022,1500,0.387045
4.1,17593,2022,1750,0.495871
4.1,17593,2022,2000,0.538991
4.1,17593,2022,2250,0.662116
4.1,17593,2022,2500,0.680356
4.1,17593,2022,2750,0.641260
4.1,17593,2022,3000,0.756351
4.1,17593,2022,3250,0.608499
4.1,17593,2022,3500,0.511352
4.1,17593,2022,3750,0.330275
4.1,17593,2022,4000,0.269721
4.1,17593,2022,4250,0.326218
4.1,17593,2022,4500,0.293813
4.1,17593,2022,4750,0.201787
4.1,17593,2022,5000,0.138307
4.1,17593,2022,5250,0.160994
4.1,17593,2022,5500,0.142224
4.1,17593,2022,5750,0.152540
4.1,17593,2022,6000,0.172739
4.1,17593,2022,6250,0.172927
4.1,17593,2022,6500,0.171708
4.1,17593,2022,6750,0.149404
4.1,17593,2022,7000,0.135515
4.1,17593,2022,7250,0.003101
4.1,17593,2022,7500,0.006358
4.1,17593,2022,7750,0.099187
4.1,17593,2022,8000,0.113070
4.1,17601,2024,50,1.424934
4.1,17601,2024,100,0.970091
4.1,17601,2024,150,0.577004
4.1,17601,2024,200,0.628834
4.1,17601,2024,250,1.097811
4.1,17601,2024,300,1.093329
4.1,17601,2024,350,0.799110
4.1,17601,2024,400,0.717763
4.1,17601,2024,450,0.988148
4.1,17601,2024,500,1.090307
4.1,17601,2024,600,0.819216
4.1,17601,2024,700,0.782471
4.1,17601,2024,800,0.688253
4.1,17601,2024,900,0.467398
4.1,17601,2024,1000,0.226712
4.1,17601,2024,1250,0.214606
4.1,17601,2024,1500,0.503683
4.1,17601,2024,1750,0.452200
4.1,17601,2024,2000,0.513561
4.1,17601,2024,2250,0.512727
4.1,17601,2024,2500,0.477169
4.1,17601,2024,2750,0.496209
4.1,17601,2024,3000,0.608929
4.1,17601,2024,3250,0.496916
4.1,17601,2024,3500,0.491861
4.1,17601,2024,3750,0.497524
4.1,17601,2024,4000,0.532749
4.1,17601,2024,4250,0.567648
4.1,17601,2024,4500,0.569467
4.1,17601,2024,4750,0.479805
4.1,17601,2024,5000,0.451667
4.1,17601,2024,5250,0.459773
4.1,17601,2024,5500,0.436899
4.1,17601,2024,5750,0.469499
4.1,17601,2024,6000,0.468727
4.1,17601,2024,6250,0.470197
4.1,17601,2024,6500,0.470336
4.1,17601,2024,6750,0.443712
4.1,17601,2024,7000,0.432273
4.1,17601,2024,7250,0.307808
4.1,17601,2024,7500,0.310513
4.1,17601,2024,7750,0.211737
4.1,17601,2024,8000,0.207617
4.1,17711,2033,50,0.635044
4.1,17711,2033,100,0.522308
4.1,17711,2033,150,0.229283
4.1,17711,2033,200,0.324023
4.1,17711,2033,250,0.686866
4.1,17711,2033,300,0.641247
4.1,17711,2033,350,0.390675
4.1,17711,2033,400,0.384801
4.1,17711,2033,450,0.319452
4.1,17711,2033,500,0.212486
4.1,17711,2033,600,0.191334
4.1,17711,2033,700,0.210522
4.1,17711,2033,800,0.399764
4.1,17711,2033,900,0.407794
4.1,17711,2033,1000,0.108988
4.1,17711,2033,1250,0.261633
4.1,17711,2033,1500,0.040694
4.1,17711,2033,1750,0.057463
4.1,17711,2033,2000,0.010460
4.1,17711,2033,2250,0.135250
4.1,17711,2033,2500,0.144753
4.1,17711,2033,2750,0.144423
4.1,17711,2033,3000,0.121985
4.1,17711,2033,3250,0.003368
4.1,17711,2033,3500,0.036307
4.1,17711,2033,3750,0.050841
4.1,17711,2033,4000,0.181071
4.1,17711,2033,4250,0.174477
4.1,17711,2033,4500,0.122368
4.1,17711,2033,4750,0.230322
4.1,17711,2033,5000,0.312881
4.1,17711,2033,5250,0.333901
4.1,17711,2033,5500,0.350687
4.1,17711,2033,5750,0.307245
4.1,17711,2033,6000,0.263069
4.1,17711,2033,6250,0.229380
4.1,17711,2033,6500,0.267171
4.1,17711,2033,6750,0.250417
4.1,17711,2033,7000,0.266291
4.1,17711,2033,7250,0.130835
4.1,17711,2033,7500,0.136108
4.1,17711,2033,7750,0.154713
4.1,17711,2033,8000,0.166382
4.1,17835,2044,50,1.674728
4.1,17835,2044,100,0.963556
4.1,17835,2044,150,0.828826
4.1,17835,2044,200,0.789592
4.1,17835,2044,250,0.408606
4.1,17835,2044,300,0.569336
4.1,17835,2044,350,0.578718
4.1,17835,2044,400,0.535429
4.1,17835,2044,450,0.828793
4.1,17835,2044,500,0.795632
4.1,17835,2044,600,0.788376
4.1,17835,2044,700,0.810291
4.1,17835,2044,800,0.832683
4.1,17835,2044,900,0.614247
4.1,17835,2044,1000,0.912646
4.1,17835,2044,1250,0.807301
4.1,17835,2044,1500,0.527815
4.1,17835,2044,1750,0.543493
4.1,17835,2044,2000,0.401874
4.1,17835,2044,2250,0.460749
4.1,17835,2044,2500,0.540648
4.1,17835,2044,2750,0.552149
4.1,17835,2044,3000,0.585609
4.1,17835,2044,3250,0.551924
4.1,17835,2044,3500,0.575556
4.1,17835,2044,3750,0.475274
4.1,17835,2044,4000,0.502710
4.1,17835,2044,4250,0.496391
4.1,17835,2044,4500,0.535931
4.1,17835,2044,4750,0.467706
4.1,17835,2044,5000,0.574056
4.1,17835,2044,5250,0.569908
4.1,17835,2044,5500,0.557532
4.1,17835,2044,5750,0.531705
4.1,17835,2044,6000,0.521446
4.1,17835,2044,6250,0.521162
4.1,17835,2044,6500,0.491065
4.1,17835,2044,6750,0.470243
4.1,17835,2044,7000,0.484711
4.1,17835,2044,7250,0.447324
4.1,17835,2044,7500,0.406766
4.1,17835,2044,7750,0.363344
4.1,17835,2044,8000,0.362188
4.1,18062,2071,50,1.966665
4.1,18062,2071,100,1.432545
4.1,18062,2071,150,1.379245
4.1,18062,2071,200,1.453792
4.1,18062,2071,250,1.271214
4.1,18062,2071,300,1.123157
4.1,18062,2071,350,1.382486
4.1,18062,2071,400,1.365171
4.1,18062,2071,450,1.754208
4.1,18062,2071,500,1.662261
4.1,18062,2071,600,1.661565
4.1,18062,2071,700,1.714012
4.1,18062,2071,800,1.632193
4.1,18062,2071,900,1.368206
4.1,18062,2071,1000,1.337954
4.1,18062,2071,1250,0.979660
4.1,18062,2071,1500,0.850296
4.1,18062,2071,1750,0.863040
4.1,18062,2071,2000,0.949967
4.1,18062,2071,2250,0.702092
4.1,18062,2071,2500,0.571979
4.1,18062,2071,2750,0.501171
4.1,18062,2071,3000,0.312983
4.1,18062,2071,3250,0.358214
4.1,18062,2071,3500,0.424238
4.1,18062,2071,3750,0.542562
4.1,18062,2071,4000,0.698028
4.1,18062,2071,4250,0.597905
4.1,18062,2071,4500,0.638115
4.1,18062,2071,4750,0.588821
4.1,18062,2071,5000,0.574601
4.1,18062,2071,5250,0.679370
4.1,18062,2071,5500,0.617399
4.1,18062,2071,5750,0.596969
4.1,18062,2071,6000,0.632562
4.1,18062,2071,6250,0.582251
4.1,18062,2071,6500,0.558295
4.1,18062,2071,6750,0.533382
4.1,18062,2071,7000,0.545246
4.1,18062,2071,7250,0.541499
4.1,18062,2071,7500,0.434642
4.1,18062,2071,7750,0.453388
4.1,18062,2071,8000,0.355589
4.1,18353,2103,50,0.106300
4.1,18353,2103,100,0.340693
4.1,18353,2103,150,0.234606
4.1,18353,2103,200,0.556370
4.1,18353,2103,250,0.766498
4.1,18353,2103,300,0.450586
4.1,18353,2103,350,0.294123
4.1,18353,2103,400,0.231395
4.1,18353,2103,450,0.474037
4.1,18353,2103,500,0.381717
4.1,18353,2103,600,0.414445
4.1,18353,2103,700,0.309350
4.1,18353,2103,800,0.256610
4.1,18353,2103,900,0.025581
4.1,18353,2103,1000,0.094042
4.1,18353,2103,1250,0.433642
4.1,18353,2103,1500,0.590720
4.1,18353,2103,1750,0.680074
4.1,18353,2103,2000,0.582686
4.1,18353,2103,2250,0.610714
4.1,18353,2103,2500,0.623921
4.1,18353,2103,2750,0.605158
4.1,18353,2103,3000,0.583397
4.1,18353,2103,3250,0.588349
4.1,18353,2103,3500,0.500318
4.1,18353,2103,3750,0.389683
4.1,18353,2103,4000,0.426572
4.1,18353,2103,4250,0.446305
4.1,18353,2103,4500,0.456886
4.1,18353,2103,4750,0.482098
4.1,18353,2103,5000,0.460499
4.1,18353,2103,5250,0.462325
4.1,18353,2103,5500,0.477568
4.1,18353,2103,5750,0.371095
4.1,18353,2103,6000,0.380428
4.1,18353,2103,6250,0.430957
4.1,18353,2103,6500,0.401008
4.1,18353,2103,6750,0.393061
4.1,18353,2103,7000,0.378961
4.1,18353,2103,7250,0.321355
4.1,18353,2103,7500,0.338646
4.1,18353,2103,7750,0.390567
4.1,18353,2103,8000,0.449312
4.1,18407,2108,50,0.889580
4.1,18407,2108,100,0.524294
4.1,18407,2108,150,0.776981
4.1,18407,2108,200,0.634720
4.1,18407,2108,250,0.286266
4.1,18407,2108,300,0.013619
4.1,18407,2108,350,0.117229
4.1,18407,2108,400,0.162792
4.1,18407,2108,450,0.014511
4.1,18407,2108,500,0.036689
4.1,18407,2108,600,0.002182
4.1,18407,2108,700,0.136423
4.1,18407,2108,800,0.228901
4.1,18407,2108,900,0.354134
4.1,18407,2108,1000,0.194660
4.1,18407,2108,1250,0.190485
4.1,18407,2108,1500,0.228980
4.1,18407,2108,1750,0.302845
4.1,18407,2108,2000,0.153780
4.1,18407,2108,2250,0.046912
4.1,18407,2108,2500,0.082468
4.1,18407,2108,2750,0.124202
4.1,18407,2108,3000,0.153224
4.1,18407,2108,3250,0.127305
4.1,18407,2108,3500,0.064149
4.1,18407,2108,3750,0.175391
4.1,18407,2108,4000,0.159633
4.1,18407,2108,4250,0.092648
4.1,18407,2108,4500,0.186448
4.1,18407,2108,4750,0.177618
4.1,18407,2108,5000,0.156680
4.1,18407,2108,5250,0.062468
4.1,18407,2108,5500,0.033299
4.1,18407,2108,5750,0.160148
4.1,18407,2108,6000,0.154616
4.1,18407,2108,6250,0.096420
4.1,18407,2108,6500,0.128779
4.1,18407,2108,6750,0.148475
4.1,18407,2108,7000,0.107713
4.1,18407,2108,7250,0.066963
4.1,18407,2108,7500,0.074158
4.1,18407,2108,7750,0.077842
4.1,18407,2108,8000,0.031726
4.1,18484,2117,50,0.125331
4.1,18484,2117,100,0.544255
4.1,18484,2117,150,0.294007
4.1,18484,2117,200,0.065651
4.1,18484,2117,250,0.194981
4.1,18484,2117,300,0.026372
4.1,18484,2117,350,0.203789
4.1,18484,2117,400,0.247076
4.1,18484,2117,450,0.041562
4.1,18484,2117,500,0.079335
4.1,18484,2117,600,0.112476
4.1,18484,2117,700,0.009309
4.1,18484,2117,800,0.161378
4.1,18484,2117,900,0.099556
4.1,18484,2117,1000,0.007764
4.1,18484,2117,1250,0.043241
4.1,18484,2117,1500,0.085967
4.1,18484,2117,1750,0.016593
4.1,18484,2117,2000,0.172694
4.1,18484,2117,2250,0.229389
4.1,18484,2117,2500,0.223185
4.1,18484,2117,2750,0.181191
4.1,18484,2117,3000,0.141145
4.1,18484,2117,3250,0.183579
4.1,18484,2117,3500,0.388940
4.1,18484,2117,3750,0.387748
4.1,18484,2117,4000,0.373593
4.1,18484,2117,4250,0.464937
4.1,18484,2117,4500,0.462072
4.1,18484,2117,4750,0.390626
4.1,18484,2117,5000,0.337325
4.1,18484,2117,5250,0.229907
4.1,18484,2117,5500,0.225385
4.1,18484,2117,5750,0.105987
4.1,18484,2117,6000,0.123757
4.1,18484,2117,6250,0.115078
4.1,18484,2117,6500,0.129124
4.1,18484,2117,6750,0.141906
4.1,18484,2117,7000,0.170746
4.1,18484,2117,7250,0.179901
4.1,18484,2117,7500,0.182898
4.1,18484,2117,7750,0.216662
4.1,18484,2117,8000,0.209173
4.1,18571,2125,50,0.020147
4.1,18571,2125,100,0.399389
4.1,18571,2125,150,0.370605
4.1,18571,2125,200,0.166399
4.1,18571,2125,250,0.022006
4.1,18571,2125,300,0.451495
4.1,18571,2125,350,0.538623
4.1,18571,2125,400,0.614701
4.1,18571,2125,450,0.470975
4.1,18571,2125,500,0.408947
4.1,18571,2125,600,0.535504
4.1,18571,2125,700,0.618203
4.1,18571,2125,800,0.748249
4.1,18571,2125,900,0.556980
4.1,18571,2125,1000,0.720545
4.1,18571,2125,1250,0.299425
4.1,18571,2125,1500,0.229986
4.1,18571,2125,1750,0.134408
4.1,18571,2125,2000,0.095161
4.1,18571,2125,2250,0.022845
4.1,18571,2125,2500,0.044617
4.1,18571,2125,2750,0.051374
4.1,18571,2125,3000,0.106600
4.1,18571,2125,3250,0.043249
4.1,18571,2125,3500,0.174643
4.1,18571,2125,3750,0.181708
4.1,18571,2125,4000,0.190156
4.1,18571,2125,4250,0.081323
4.1,18571,2125,4500,0.066769
4.1,18571,2125,4750,0.027986
4.1,18571,2125,5000,0.079308
4.1,18571,2125,5250,0.085153
4.1,18571,2125,5500,0.065998
4.1,18571,2125,5750,0.026348
4.1,18571,2125,6000,0.040789
4.1,18571,2125,6250,0.048311
4.1,18571,2125,6500,0.058965
4.1,18571,2125,6750,0.052630
4.1,18571,2125,7000,0.067456
4.1,18571,2125,7250,0.014586
4.1,18571,2125,7500,0.016906
4.1,18571,2125,7750,0.027484
4.1,18571,2125,8000,0.059544
4.2,16507,1912,50,0.958006
4.2,16507,1912,100,0.717128
4.2,16507,1912,150,0.916705
4.2,16507,1912,200,0.652335
4.2,16507,1912,250,0.433947
4.2,16507,1912,300,0.185423
4.2,16507,1912,350,0.084934
4.2,16507,1912,400,0.355057
4.2,16507,1912,450,0.231280
4.2,16507,1912,500,0.122111
4.2,16507,1912,600,0.308255
4.2,16507,1912,700,0.240383
4.2,16507,1912,800,0.460151
4.2,16507,1912,900,0.428421
4.2,16507,1912,1000,0.338748
4.2,16507,1912,1250,0.054434
4.2,16507,1912,1500,0.185617
4.2,16507,1912,1750,0.006653
4.2,16507,1912,2000,0.125457
4.2,16507,1912,2250,0.036898
4.2,16507,1912,2500,0.116650
4.2,16507,1912,2750,0.141126
4.2,16507,1912,3000,0.301927
4.2,16507,1912,3250,0.275140
4.2,16507,1912,3500,0.257534
4.2,16507,1912,3750,0.198331
4.2,16507,1912,4000,0.124073
4.2,16507,1912,4250,0.150197
4.2,16507,1912,4500,0.062420
4.2,16507,1912,4750,0.151050
4.2,16507,1912,5000,0.211957
4.2,16507,1912,5250,0.225057
4.2,16507,1912,5500,0.240276
4.2,16507,1912,5750,0.197414
4.2,16507,1912,6000,0.210062
4.2,16507,1912,6250,0.212304
4.2,16507,1912,6500,0.225406
4.2,16507,1912,6750,0.282865
4.2,16507,1912,7000,0.253916
4.2,16507,1912,7250,0.161768
4.2,16507,1912,7500,0.202113
4.2,16507,1912,7750,0.150636
4.2,16507,1912,8000,0.134415
4.2,16595,1919,50,0.469159
4.2,16595,1919,100,1.127121
4.2,16595,1919,150,1.027743
4.2,16595,1919,200,0.742798
4.2,16595,1919,250,0.432170
4.2,16595,1919,300,0.206872
4.2,16595,1919,350,0.085840
4.2,16595,1919,400,0.290487
4.2,16595,1919,450,0.122400
4.2,16595,1919,500,0.034595
4.2,16595,1919,600,0.382531
4.2,16595,1919,700,0.418382
4.2,16595,1919,800,0.291800
4.2,16595,1919,900,0.334207
4.2,16595,1919,1000,0.511817
4.2,16595,1919,1250,0.330569
4.2,16595,1919,1500,0.255324
4.2,16595,1919,1750,0.113279
4.2,16595,1919,2000,0.072662
4.2,16595,1919,2250,0.176209
4.2,16595,1919,2500,0.074460
4.2,16595,1919,2750,0.074319
4.2,16595,1919,3000,0.187343
4.2,16595,1919,3250,0.180701
4.2,16595,1919,3500,0.268468
4.2,16595,1919,3750,0.366506
4.2,16595,1919,4000,0.421713
4.2,16595,1919,4250,0.381585
4.2,16595,1919,4500,0.295792
4.2,16595,1919,4750,0.273320
4.2,16595,1919,5000,0.179282
4.2,16595,1919,5250,0.248171
4.2,16595,1919,5500,0.264710
4.2,16595,1919,5750,0.249538
4.2,16595,1919,6000,0.308105
4.2,16595,1919,6250,0.295510
4.2,16595,1919,6500,0.314772
4.2,16595,1919,6750,0.315208
4.2,16595,1919,7000,0.282543
4.2,16595,1919,7250,0.194619
4.2,16595,1919,7500,0.136772
4.2,16595,1919,7750,0.155461
4.2,16595,1919,8000,0.136432
4.2,16741,1935,50,1.060995
4.2,16741,1935,100,1.165943
4.2,16741,1935,150,0.811923
4.2,16741,1935,200,0.510788
4.2,16741,1935,250,0.172755
4.2,16741,1935,300,0.118009
4.2,16741,1935,350,0.270893
4.2,16741,1935,400,0.102917
4.2,16741,1935,450,0.009176
4.2,16741,1935,500,0.089071
4.2,16741,1935,600,0.266321
4.2,16741,1935,700,0.315372
4.2,16741,1935,800,0.061728
4.2,16741,1935,900,0.128397
4.2,16741,1935,1000,0.052272
4.2,16741,1935,1250,0.549927
4.2,16741,1935,1500,0.713067
4.2,16741,1935,1750,0.709658
4.2,16741,1935,2000,0.738498
4.2,16741,1935,2250,0.682170
4.2,16741,1935,2500,0.599767
4.2,16741,1935,2750,0.503346
4.2,16741,1935,3000,0.529436
4.2,16741,1935,3250,0.530322
4.2,16741,1935,3500,0.449858
4.2,16741,1935,3750,0.452174
4.2,16741,1935,4000,0.439839
4.2,16741,1935,4250,0.458163
4.2,16741,1935,4500,0.495589
4.2,16741,1935,4750,0.462284
4.2,16741,1935,5000,0.575546
4.2,16741,1935,5250,0.592830
4.2,16741,1935,5500,0.575769
4.2,16741,1935,5750,0.657487
4.2,16741,1935,6000,0.660007
4.2,16741,1935,6250,0.690630
4.2,16741,1935,6500,0.738108
4.2,16741,1935,6750,0.708837
4.2,16741,1935,7000,0.683840
4.2,16741,1935,7250,0.796870
4.2,16741,1935,7500,0.861497
4.2,16741,1935,7750,0.871403
4.2,16741,1935,8000,0.868290
4.2,16870,1944,50,2.824364
4.2,16870,1944,100,2.156374
4.2,16870,1944,150,1.892754
4.2,16870,1944,200,1.618008
4.2,16870,1944,250,1.203749
4.2,16870,1944,300,1.282538
4.2,16870,1944,350,1.476877
4.2,16870,1944,400,1.413290
4.2,16870,1944,450,1.333457
4.2,16870,1944,500,1.252332
4.2,16870,1944,600,1.072417
4.2,16870,1944,700,1.151604
4.2,16870,1944,800,1.189600
4.2,16870,1944,900,1.275612
4.2,16870,1944,1000,1.131396
4.2,16870,1944,1250,0.854023
4.2,16870,1944,1500,0.822587
4.2,16870,1944,1750,0.519018
4.2,16870,1944,2000,0.376676
4.2,16870,1944,2250,0.409514
4.2,16870,1944,2500,0.375372
4.2,16870,1944,2750,0.505153
4.2,16870,1944,3000,0.446539
4.2,16870,1944,3250,0.411142
4.2,16870,1944,3500,0.362945
4.2,16870,1944,3750,0.263462
4.2,16870,1944,4000,0.283531
4.2,16870,1944,4250,0.268275
4.2,16870,1944,4500,0.150052
4.2,16870,1944,4750,0.201915
4.2,16870,1944,5000,0.314522
4.2,16870,1944,5250,0.374308
4.2,16870,1944,5500,0.408423
4.2,16870,1944,5750,0.485591
4.2,16870,1944,6000,0.451465
4.2,16870,1944,6250,0.418805
4.2,16870,1944,6500,0.417005
4.2,16870,1944,6750,0.388505
4.2,16870,1944,7000,0.378549
4.2,16870,1944,7250,0.286896
4.2,16870,1944,7500,0.319230
4.2,16870,1944,7750,0.297418
4.2,16870,1944,8000,0.286629
4.2,17015,1961,50,0.111248
4.2,17015,1961,100,0.565995
4.2,17015,1961,150,0.547285
4.2,17015,1961,200,0.726964
4.2,17015,1961,250,1.035460
4.2,17015,1961,300,0.912199
4.2,17015,1961,350,1.138712
4.2,17015,1961,400,0.917220
4.2,17015,1961,450,0.840527
4.2,17015,1961,500,0.727099
4.2,17015,1961,600,0.696078
4.2,17015,1961,700,0.625554
4.2,17015,1961,800,0.641962
4.2,17015,1961,900,0.484784
4.2,17015,1961,1000,0.423413
4.2,17015,1961,1250,0.269540
4.2,17015,1961,1500,0.240324
4.2,17015,1961,1750,0.029479
4.2,17015,1961,2000,0.143043
4.2,17015,1961,2250,0.192434
4.2,17015,1961,2500,0.207732
4.2,17015,1961,2750,0.263155
4.2,17015,1961,3000,0.221730
4.2,17015,1961,3250,0.297944
4.2,17015,1961,3500,0.350643
4.2,17015,1961,3750,0.271297
4.2,17015,1961,4000,0.307730
4.2,17015,1961,4250,0.302021
4.2,17015,1961,4500,0.123057
4.2,17015,1961,4750,0.124765
4.2,17015,1961,5000,0.140835
4.2,17015,1961,5250,0.178073
4.2,17015,1961,5500,0.187307
4.2,17015,1961,5750,0.131459
4.2,17015,1961,6000,0.086905
4.2,17015,1961,6250,0.056664
4.2,17015,1961,6500,0.009270
4.2,17015,1961,6750,0.061194
4.2,17015,1961,7000,0.057749
4.2,17015,1961,7250,0.015739
4.2,17015,1961,7500,0.038862
4.2,17015,1961,7750,0.058236
4.2,17015,1961,8000,0.047265
4.2,17512,2015,50,1.796992
4.2,17512,2015,100,1.591251
4.2,17512,2015,150,1.026806
4.2,17512,2015,200,1.274581
4.2,17512,2015,250,0.768848
4.2,17512,2015,300,0.858884
4.2,17512,2015,350,1.098896
4.2,17512,2015,400,1.248113
4.2,17512,2015,450,0.987899
4.2,17512,2015,500,0.865303
4.2,17512,2015,600,0.732864
4.2,17512,2015,700,0.605069
4.2,17512,2015,800,0.301993
4.2,17512,2015,900,0.125775
4.2,17512,2015,1000,0.110286
4.2,17512,2015,1250,0.034614
4.2,17512,2015,1500,0.152497
4.2,17512,2015,1750,0.036224
4.2,17512,2015,2000,0.112791
4.2,17512,2015,2250,0.046434
4.2,17512,2015,2500,0.023263
4.2,17512,2015,2750,0.003566
4.2,17512,2015,3000,0.121799
4.2,17512,2015,3250,0.056419
4.2,17512,2015,3500,0.062621
4.2,17512,2015,3750,0.206620
4.2,17512,2015,4000,0.198501
4.2,17512,2015,4250,0.261291
4.2,17512,2015,4500,0.273442
4.2,17512,2015,4750,0.232127
4.2,17512,2015,5000,0.277918
4.2,17512,2015,5250,0.277056
4.2,17512,2015,5500,0.266757
4.2,17512,2015,5750,0.253268
4.2,17512,2015,6000,0.238098
4.2,17512,2015,6250,0.242253
4.2,17512,2015,6500,0.249462
4.2,17512,2015,6750,0.278257
4.2,17512,2015,7000,0.252148
4.2,17512,2015,7250,0.147219
4.2,17512,2015,7500,0.110457
4.2,17512,2015,7750,0.135889
4.2,17512,2015,8000,0.140275
4.2,17802,2042,50,0.477799
4.2,17802,2042,100,0.175014
4.2,17802,2042,150,0.449073
4.2,17802,2042,200,0.503529
4.2,17802,2042,250,0.500295
4.2,17802,2042,300,0.529013
4.2,17802,2042,350,0.266141
4.2,17802,2042,400,0.252008
4.2,17802,2042,450,0.006609
4.2,17802,2042,500,0.138326
4.2,17802,2042,600,0.068950
4.2,17802,2042,700,0.079459
4.2,17802,2042,800,0.023897
4.2,17802,2042,900,0.046307
4.2,17802,2042,1000,0.240516
4.2,17802,2042,1250,0.219802
4.2,17802,2042,1500,0.038445
4.2,17802,2042,1750,0.050245
4.2,17802,2042,2000,0.159918
4.2,17802,2042,2250,0.412352
4.2,17802,2042,2500,0.446441
4.2,17802,2042,2750,0.466455
4.2,17802,2042,3000,0.470509
4.2,17802,2042,3250,0.427115
4.2,17802,2042,3500,0.438527
4.2,17802,2042,3750,0.482425
4.2,17802,2042,4000,0.329672
4.2,17802,2042,4250,0.276660
4.2,17802,2042,4500,0.233540
4.2,17802,2042,4750,0.304819
4.2,17802,2042,5000,0.199240
4.2,17802,2042,5250,0.164686
4.2,17802,2042,5500,0.127931
4.2,17802,2042,5750,0.075151
4.2,17802,2042,6000,0.057667
4.2,17802,2042,6250,0.095014
4.2,17802,2042,6500,0.058077
4.2,17802,2042,6750,0.046053
4.2,17802,2042,7000,0.072751
4.2,17802,2042,7250,0.049789
4.2,17802,2042,7500,0.109232
4.2,17802,2042,7750,0.083297
4.2,17802,2042,8000,0.125882
4.2,18232,2089,50,0.255388
4.2,18232,2089,100,0.075499
4.2,18232,2089,150,0.218006
4.2,18232,2089,200,0.114627
4.2,18232,2089,250,0.094283
4.2,18232,2089,300,0.188807
4.2,18232,2089,350,0.192971
4.2,18232,2089,400,0.201031
4.2,18232,2089,450,0.540874
4.2,18232,2089,500,0.355194
4.2,18232,2089,600,0.459748
4.2,18232,2089,700,0.343588
4.2,18232,2089,800,0.468876
4.2,18232,2089,900,0.336661
4.2,18232,2089,1000,0.221853
4.2,18232,2089,1250,0.017359
4.2,18232,2089,1500,0.217840
4.2,18232,2089,1750,0.255787
4.2,18232,2089,2000,0.258784
4.2,18232,2089,2250,0.048112
4.2,18232,2089,2500,0.075342
4.2,18232,2089,2750,0.036684
4.2,18232,2089,3000,0.116957
4.2,18232,2089,3250,0.141224
4.2,18232,2089,3500,0.274955
4.2,18232,2089,3750,0.277568
4.2,18232,2089,4000,0.380083
4.2,18232,2089,4250,0.400878
4.2,18232,2089,4500,0.317031
4.2,18232,2089,4750,0.304863
4.2,18232,2089,5000,0.330590
4.2,18232,2089,5250,0.423782
4.2,18232,2089,5500,0.376998
4.2,18232,2089,5750,0.408035
4.2,18232,2089,6000,0.397475
4.2,18232,2089,6250,0.259461
4.2,18232,2089,6500,0.277618
4.2,18232,2089,6750,0.238651
4.2,18232,2089,7000,0.211494
4.2,18232,2089,7250,0.283883
4.2,18232,2089,7500,0.256219
4.2,18232,2089,7750,0.215191
4.2,18232,2089,8000,0.295784
4.2,18317,2100,50,1.241965
4.2,18317,2100,100,1.338150
4.2,18317,2100,150,1.368161
4.2,18317,2100,200,1.627517
4.2,18317,2100,250,1.561146
4.2,18317,2100,300,1.143626
4.2,18317,2100,350,1.174482
4.2,18317,2100,400,1.214406
4.2,18317,2100,450,0.902156
4.2,18317,2100,500,1.053109
4.2,18317,2100,600,0.892747
4.2,18317,2100,700,0.937360
4.2,18317,2100,800,1.092906
4.2,18317,2100,900,1.105866
4.2,18317,2100,1000,1.004304
4.2,18317,2100,1250,0.779339
4.2,18317,2100,1500,0.650789
4.2,18317,2100,1750,0.575282
4.2,18317,2100,2000,0.524867
4.2,18317,2100,2250,0.381130
4.2,18317,2100,2500,0.477698
4.2,18317,2100,2750,0.448951
4.2,18317,2100,3000,0.478497
4.2,18317,2100,3250,0.485023
4.2,18317,2100,3500,0.296605
4.2,18317,2100,3750,0.238654
4.2,18317,2100,4000,0.241288
4.2,18317,2100,4250,0.222039
4.2,18317,2100,4500,0.198186
4.2,18317,2100,4750,0.193228
4.2,18317,2100,5000,0.140421
4.2,18317,2100,5250,0.004102
4.2,18317,2100,5500,0.035784
4.2,18317,2100,5750,0.045649
4.2,18317,2100,6000,0.023744
4.2,18317,2100,6250,0.011371
4.2,18317,2100,6500,0.004350
4.2,18317,2100,6750,0.028527
4.2,18317,2100,7000,0.001821
4.2,18317,2100,7250,0.085535
4.2,18317,2100,7500,0.054452
4.2,18317,2100,7750,0.014526
4.2,18317,2100,8000,0.053153
4.2,18469,2116,50,0.622727
4.2,18469,2116,100,1.040135
4.2,18469,2116,150,0.769331
4.2,18469,2116,200,0.487997
4.2,18469,2116,250,0.465157
4.2,18469,2116,300,0.830037
4.2,18469,2116,350,1.002693
4.2,18469,2116,400,1.072729
4.2,18469,2116,450,0.706990
4.2,18469,2116,500,0.852017
4.2,18469,2116,600,0.727042
4.2,18469,2116,700,0.580759
4.2,18469,2116,800,0.408299
4.2,18469,2116,900,0.546686
4.2,18469,2116,1000,0.552192
4.2,18469,2116,1250,0.075052
4.2,18469,2116,1500,0.065408
4.2,18469,2116,1750,0.075755
4.2,18469,2116,2000,0.051064
4.2,18469,2116,2250,0.063424
4.2,18469,2116,2500,0.041922
4.2,18469,2116,2750,0.139400
4.2,18469,2116,3000,0.168122
4.2,18469,2116,3250,0.127230
4.2,18469,2116,3500,0.063678
4.2,18469,2116,3750,0.086515
4.2,18469,2116,4000,0.076156
4.2,18469,2116,4250,0.168130
4.2,18469,2116,4500,0.120999
4.2,18469,2116,4750,0.040076
4.2,18469,2116,5000,0.086734
4.2,18469,2116,5250,0.014018
4.2,18469,2116,5500,0.020668
4.2,18469,2116,5750,0.093467
4.2,18469,2116,6000,0.088338
4.2,18469,2116,6250,0.147281
4.2,18469,2116,6500,0.139303
4.2,18469,2116,6750,0.134307
4.2,18469,2116,7000,0.095288
4.2,18469,2116,7250,0.064021
4.2,18469,2116,7500,0.054984
4.2,18469,2116,7750,0.018464
4.2,18469,2116,8000,0.014779
4.2,18573,2125,50,0.154819
4.2,18573,2125,100,0.222669
4.2,18573,2125,150,0.199375
4.2,18573,2125,200,0.010474
4.2,18573,2125,250,0.168118
4.2,18573,2125,300,0.589557
4.2,18573,2125,350,0.678879
4.2,18573,2125,400,0.748040
4.2,18573,2125,450,0.636350
4.2,18573,2125,500,0.559799
4.2,18573,2125,600,0.690956
4.2,18573,2125,700,0.780832
4.2,18573,2125,800,0.919094
4.2,18573,2125,900,0.706727
4.2,18573,2125,1000,0.863837
4.2,18573,2125,1250,0.405932
4.2,18573,2125,1500,0.333332
4.2,18573,2125,1750,0.268042
4.2,18573,2125,2000,0.186699
4.2,18573,2125,2250,0.119036
4.2,18573,2125,2500,0.018510
4.2,18573,2125,2750,0.013145
4.2,18573,2125,3000,0.079443
4.2,18573,2125,3250,0.045509
4.2,18573,2125,3500,0.214291
4.2,18573,2125,3750,0.202767
4.2,18573,2125,4000,0.221967
4.2,18573,2125,4250,0.140117
4.2,18573,2125,4500,0.113642
4.2,18573,2125,4750,0.005994
4.2,18573,2125,5000,0.072919
4.2,18573,2125,5250,0.018317
4.2,18573,2125,5500,0.010598
4.2,18573,2125,5750,0.134179
4.2,18573,2125,6000,0.154587
4.2,18573,2125,6250,0.118796
4.2,18573,2125,6500,0.112186
4.2,18573,2125,6750,0.094734
4.2,18573,2125,7000,0.068941
4.2,18573,2125,7250,0.038796
4.2,18573,2125,7500,0.060038
4.2,18573,2125,7750,0.051682
4.2,18573,2125,8000,0.108243
4.2,19517,2214,50,2.676721
4.2,19517,2214,100,1.616972
4.2,19517,2214,150,1.226045
4.2,19517,2214,200,0.489138
4.2,19517,2214,250,0.264570
4.2,19517,2214,300,0.324363
4.2,19517,2214,350,0.576829
4.2,19517,2214,400,0.351002
4.2,19517,2214,450,0.223680
4.2,19517,2214,500,0.008819
4.2,19517,2214,600,0.187139
4.2,19517,2214,700,0.270907
4.2,19517,2214,800,0.227845
4.2,19517,2214,900,0.092842
4.2,19517,2214,1000,0.081906
4.2,19517,2214,1250,0.087945
4.2,19517,2214,1500,0.174596
4.2,19517,2214,1750,0.111204
4.2,19517,2214,2000,0.281002
4.2,19517,2214,2250,0.303524
4.2,19517,2214,2500,0.120205
4.2,19517,2214,2750,0.036337
4.2,19517,2214,3000,0.049358
4.2,19517,2214,3250,0.030678
4.2,19517,2214,3500,0.045511
4.2,19517,2214,3750,0.077683
4.2,19517,2214,4000,0.108876
4.2,19517,2214,4250,0.048599
4.2,19517,2214,4500,0.081311
4.2,19517,2214,4750,0.054003
4.2,19517,2214,5000,0.068165
4.2,19517,2214,5250,0.186997
4.2,19517,2214,5500,0.171469
4.2,19517,2214,5750,0.180500
4.2,19517,2214,6000,0.106925
4.2,19517,2214,6250,0.098024
4.2,19517,2214,6500,0.021925
4.2,19517,2214,6750,0.047439
4.2,19517,2214,7000,0.020087
4.2,19517,2214,7250,0.034460
4.2,19517,2214,7500,0.021065
4.2,19517,2214,7750,0.025106
4.2,19517,2214,8000,0.002856
4.2,19856,2246,50,0.471745
4.2,19856,2246,100,0.501860
4.2,19856,2246,150,1.118630
4.2,19856,2246,200,0.448625
4.2,19856,2246,250,0.277614
4.2,19856,2246,300,0.068704
4.2,19856,2246,350,0.333693
4.2,19856,2246,400,0.156974
4.2,19856,2246,450,0.181847
4.2,19856,2246,500,0.301984
4.2,19856,2246,600,0.249318
4.2,19856,2246,700,0.191010
4.2,19856,2246,800,0.215674
4.2,19856,2246,900,0.191331
4.2,19856,2246,1000,0.137911
4.2,19856,2246,1250,0.173279
4.2,19856,2246,1500,0.004401
4.2,19856,2246,1750,0.126088
4.2,19856,2246,2000,0.218438
4.2,19856,2246,2250,0.074361
4.2,19856,2246,2500,0.027487
4.2,19856,2246,2750,0.102118
4.2,19856,2246,3000,0.099899
4.2,19856,2246,3250,0.111846
4.2,19856,2246,3500,0.082368
4.2,19856,2246,3750,0.129400
4.2,19856,2246,4000,0.084897
4.2,19856,2246,4250,0.029835
4.2,19856,2246,4500,0.119636
4.2,19856,2246,4750,0.057684
4.2,19856,2246,5000,0.114488
4.2,19856,2246,5250,0.174195
4.2,19856,2246,5500,0.156629
4.2,19856,2246,5750,0.207940
4.2,19856,2246,6000,0.248042
4.2,19856,2246,6250,0.168457
4.2,19856,2246,6500,0.193050
4.2,19856,2246,6750,0.171891
4.2,19856,2246,7000,0.125900
4.2,19856,2246,7250,0.213109
4.2,19856,2246,7500,0.206589
4.2,19856,2246,7750,0.204764
4.2,19856,2246,8000,0.199212
4.2,20009,2262,50,0.788643
4.2,20009,2262,100,0.149923
4.2,20009,2262,150,0.616111
4.2,20009,2262,200,0.084903
4.2,20009,2262,250,0.713036
4.2,20009,2262,300,0.139337
4.2,20009,2262,350,0.166313
4.2,20009,2262,400,0.342357
4.2,20009,2262,450,0.484884
4.2,20009,2262,500,0.302068
4.2,20009,2262,600,0.523167
4.2,20009,2262,700,0.713201
4.2,20009,2262,800,0.632250
4.2,20009,2262,900,0.565517
4.2,20009,2262,1000,0.504207
4.2,20009,2262,1250,0.414636
4.2,20009,2262,1500,0.472445
4.2,20009,2262,1750,0.660610
4.2,20009,2262,2000,0.461372
4.2,20009,2262,2250,0.483951
4.2,20009,2262,2500,0.406927
4.2,20009,2262,2750,0.471582
4.2,20009,2262,3000,0.494697
4.2,20009,2262,3250,0.481540
4.2,20009,2262,3500,0.349768
4.2,20009,2262,3750,0.290571
4.2,20009,2262,4000,0.383561
4.2,20009,2262,4250,0.396927
4.2,20009,2262,4500,0.276111
4.2,20009,2262,4750,0.246689
4.2,20009,2262,5000,0.300843
4.2,20009,2262,5250,0.362803
4.2,20009,2262,5500,0.370751
4.2,20009,2262,5750,0.368772
4.2,20009,2262,6000,0.374004
4.2,20009,2262,6250,0.374086
4.2,20009,2262,6500,0.295500
4.2,20009,2262,6750,0.274671
4.2,20009,2262,7000,0.260762
4.2,20009,2262,7250,0.158778
4.2,20009,2262,7500,0.132669
4.2,20009,2262,7750,0.162299
4.2,20009,2262,8000,0.140972
4.2,20274,2291,50,0.160719
4.2,20274,2291,100,0.619936
4.2,20274,2291,150,0.156022
4.2,20274,2291,200,0.058604
4.2,20274,2291,250,0.758762
4.2,20274,2291,300,0.186881
4.2,20274,2291,350,0.444282
4.2,20274,2291,400,0.788692
4.2,20274,2291,450,0.864061
4.2,20274,2291,500,0.792717
4.2,20274,2291,600,0.866424
4.2,20274,2291,700,0.510891
4.2,20274,2291,800,0.505012
4.2,20274,2291,900,0.354108
4.2,20274,2291,1000,0.267513
4.2,20274,2291,1250,0.144759
4.2,20274,2291,1500,0.021477
4.2,20274,2291,1750,0.247217
4.2,20274,2291,2000,0.404688
4.2,20274,2291,2250,0.327761
4.2,20274,2291,2500,0.314540
4.2,20274,2291,2750,0.227747
4.2,20274,2291,3000,0.351274
4.2,20274,2291,3250,0.223600
4.2,20274,2291,3500,0.290681
4.2,20274,2291,3750,0.137503
4.2,20274,2291,4000,0.045366
4.2,20274,2291,4250,0.019679
4.2,20274,2291,4500,0.117019
4.2,20274,2291,4750,0.113561
4.2,20274,2291,5000,0.084075
4.2,20274,2291,5250,0.074827
4.2,20274,2291,5500,0.133451
4.2,20274,2291,5750,0.091986
4.2,20274,2291,6000,0.076769
4.2,20274,2291,6250,0.028791
4.2,20274,2291,6500,0.063857
4.2,20274,2291,6750,0.019667
4.2,20274,2291,7000,0.035758
4.2,20274,2291,7250,0.128553
4.2,20274,2291,7500,0.090845
4.2,20274,2291,7750,0.070431
4.2,20274,2291,8000,0.018232
4.2,20296,2292,50,1.078986
4.2,20296,2292,100,1.858616
4.2,20296,2292,150,1.117109
4.2,20296,2292,200,1.039922
4.2,20296,2292,250,0.338669
4.2,20296,2292,300,0.846264
4.2,20296,2292,350,0.608548
4.2,20296,2292,400,0.015807
4.2,20296,2292,450,0.003585
4.2,20296,2292,500,0.113197
4.2,20296,2292,600,0.067242
4.2,20296,2292,700,0.130621
4.2,20296,2292,800,0.150301
4.2,20296,2292,900,0.120060
4.2,20296,2292,1000,0.076136
4.2,20296,2292,1250,0.038260
4.2,20296,2292,1500,0.174525
4.2,20296,2292,1750,0.277139
4.2,20296,2292,2000,0.485989
4.2,20296,2292,2250,0.344380
4.2,20296,2292,2500,0.334023
4.2,20296,2292,2750,0.193191
4.2,20296,2292,3000,0.430382
4.2,20296,2292,3250,0.385085
4.2,20296,2292,3500,0.435169
4.2,20296,2292,3750,0.502204
4.2,20296,2292,4000,0.532183
4.2,20296,2292,4250,0.538232
4.2,20296,2292,4500,0.458320
4.2,20296,2292,4750,0.466387
4.2,20296,2292,5000,0.490260
4.2,20296,2292,5250,0.480950
4.2,20296,2292,5500,0.424154
4.2,20296,2292,5750,0.465506
4.2,20296,2292,6000,0.484854
4.2,20296,2292,6250,0.493470
4.2,20296,2292,6500,0.542735
4.2,20296,2292,6750,0.570610
4.2,20296,2292,7000,0.488147
4.2,20296,2292,7250,0.406809
4.2,20296,2292,7500,0.487146
4.2,20296,2292,7750,0.431674
4.2,20296,2292,8000,0.482243
4.2,20330,2295,50,1.503919
4.2,20330,2295,100,2.236452
4.2,20330,2295,150,1.658024
4.2,20330,2295,200,1.360117
4.2,20330,2295,250,0.965160
4.2,20330,2295,300,1.110746
4.2,20330,2295,350,1.059073
4.2,20330,2295,400,0.632127
4.2,20330,2295,450,0.705184
4.2,20330,2295,500,0.483125
4.2,20330,2295,600,0.676223
4.2,20330,2295,700,0.272351
4.2,20330,2295,800,0.278649
4.2,20330,2295,900,0.151761
4.2,20330,2295,1000,0.063869
4.2,20330,2295,1250,0.132993
4.2,20330,2295,1500,0.121307
4.2,20330,2295,1750,0.257889
4.2,20330,2295,2000,0.336286
4.2,20330,2295,2250,0.460944
4.2,20330,2295,2500,0.415521
4.2,20330,2295,2750,0.355214
4.2,20330,2295,3000,0.242845
4.2,20330,2295,3250,0.299953
4.2,20330,2295,3500,0.257490
4.2,20330,2295,3750,0.101095
4.2,20330,2295,4000,0.031775
4.2,20330,2295,4250,0.023431
4.2,20330,2295,4500,0.034151
4.2,20330,2295,4750,0.052654
4.2,20330,2295,5000,0.061015
4.2,20330,2295,5250,0.041213
4.2,20330,2295,5500,0.035169
4.2,20330,2295,5750,0.003038
4.2,20330,2295,6000,0.022507
4.2,20330,2295,6250,0.038196
4.2,20330,2295,6500,0.010940
4.2,20330,2295,6750,0.044388
4.2,20330,2295,7000,0.013696
4.2,20330,2295,7250,0.049746
4.2,20330,2295,7500,0.030969
4.2,20330,2295,7750,0.014780
4.2,20330,2295,8000,0.065433
4.2,20332,2295,50,1.704008
4.2,20332,2295,100,2.432276
4.2,20332,2295,150,1.866909
4.2,20332,2295,200,1.559509
4.2,20332,2295,250,1.191634
4.2,20332,2295,300,1.310012
4.2,20332,2295,350,1.272355
4.2,20332,2295,400,0.874902
4.2,20332,2295,450,0.950388
4.2,20332,2295,500,0.733398
4.2,20332,2295,600,0.910860
4.2,20332,2295,700,0.504429
4.2,20332,2295,800,0.509117
4.2,20332,2295,900,0.396277
4.2,20332,2295,1000,0.324218
4.2,20332,2295,1250,0.413688
4.2,20332,2295,1500,0.194503
4.2,20332,2295,1750,0.036497
4.2,20332,2295,2000,0.004428
4.2,20332,2295,2250,0.165539
4.2,20332,2295,2500,0.130507
4.2,20332,2295,2750,0.138218
4.2,20332,2295,3000,0.058826
4.2,20332,2295,3250,0.055754
4.2,20332,2295,3500,0.079572
4.2,20332,2295,3750,0.254940
4.2,20332,2295,4000,0.322684
4.2,20332,2295,4250,0.324710
4.2,20332,2295,4500,0.349308
4.2,20332,2295,4750,0.335998
4.2,20332,2295,5000,0.319383
4.2,20332,2295,5250,0.294836
4.2,20332,2295,5500,0.388084
4.2,20332,2295,5750,0.369210
4.2,20332,2295,6000,0.361330
4.2,20332,2295,6250,0.426326
4.2,20332,2295,6500,0.425647
4.2,20332,2295,6750,0.467586
4.2,20332,2295,7000,0.371442
4.2,20332,2295,7250,0.267776
4.2,20332,2295,7500,0.320108
4.2,20332,2295,7750,0.370292
4.2,20332,2295,8000,0.387411
4.2,20363,2301,50,1.213841
4.2,20363,2301,100,0.568870
4.2,20363,2301,150,0.897613
4.2,20363,2301,200,1.285056
4.2,20363,2301,250,1.175912
4.2,20363,2301,300,1.473518
4.2,20363,2301,350,1.311307
4.2,20363,2301,400,1.126724
4.2,20363,2301,450,1.060671
4.2,20363,2301,500,1.075414
4.2,20363,2301,600,1.205299
4.2,20363,2301,700,1.230296
4.2,20363,2301,800,1.252428
4.2,20363,2301,900,1.100594
4.2,20363,2301,1000,0.928957
4.2,20363,2301,1250,0.899926
4.2,20363,2301,1500,0.634831
4.2,20363,2301,1750,0.480858
4.2,20363,2301,2000,0.564491
4.2,20363,2301,2250,0.330746
4.2,20363,2301,2500,0.304950
4.2,20363,2301,2750,0.070551
4.2,20363,2301,3000,0.198602
4.2,20363,2301,3250,0.302867
4.2,20363,2301,3500,0.251001
4.2,20363,2301,3750,0.076860
4.2,20363,2301,4000,0.033571
4.2,20363,2301,4250,0.046636
4.2,20363,2301,4500,0.008157
4.2,20363,2301,4750,0.023997
4.2,20363,2301,5000,0.017481
4.2,20363,2301,5250,0.031758
4.2,20363,2301,5500,0.109088
4.2,20363,2301,5750,0.075026
4.2,20363,2301,6000,0.067141
4.2,20363,2301,6250,0.123665
4.2,20363,2301,6500,0.177686
4.2,20363,2301,6750,0.158526
4.2,20363,2301,7000,0.078355
4.2,20363,2301,7250,0.088996
4.2,20363,2301,7500,0.008705
4.2,20363,2301,7750,0.014723
4.2,20363,2301,8000,0.016878
4.2,20661,2327,50,1.214061
4.2,20661,2327,100,0.848210
4.2,20661,2327,150,0.848768
4.2,20661,2327,200,0.630440
4.2,20661,2327,250,0.704504
4.2,20661,2327,300,0.194185
4.2,20661,2327,350,0.273359
4.2,20661,2327,400,0.058785
4.2,20661,2327,450,0.072637
4.2,20661,2327,500,0.172639
4.2,20661,2327,600,0.265574
4.2,20661,2327,700,0.254932
4.2,20661,2327,800,0.294020
4.2,20661,2327,900,0.423051
4.2,20661,2327,1000,0.609913
4.2,20661,2327,1250,0.461475
4.2,20661,2327,1500,0.422225
4.2,20661,2327,1750,0.402278
4.2,20661,2327,2000,0.484987
4.2,20661,2327,2250,0.583474
4.2,20661,2327,2500,0.575078
4.2,20661,2327,2750,0.567263
4.2,20661,2327,3000,0.346750
4.2,20661,2327,3250,0.387783
4.2,20661,2327,3500,0.428639
4.2,20661,2327,3750,0.398074
4.2,20661,2327,4000,0.446552
4.2,20661,2327,4250,0.416173
4.2,20661,2327,4500,0.341664
4.2,20661,2327,4750,0.335762
4.2,20661,2327,5000,0.318141
4.2,20661,2327,5250,0.244114
4.2,20661,2327,5500,0.274792
4.2,20661,2327,5750,0.311584
4.2,20661,2327,6000,0.261212
4.2,20661,2327,6250,0.255502
4.2,20661,2327,6500,0.269050
4.2,20661,2327,6750,0.335615
4.2,20661,2327,7000,0.289141
4.2,20661,2327,7250,0.256912
4.2,20661,2327,7500,0.251389
4.2,20661,2327,7750,0.279443
4.2,20661,2327,8000,0.281893
4.2,20789,2342,50,1.578041
4.2,20789,2342,100,2.063804
4.2,20789,2342,150,2.315238
4.2,20789,2342,200,2.255715
4.2,20789,2342,250,2.109789
4.2,20789,2342,300,1.652513
4.2,20789,2342,350,1.679430
4.2,20789,2342,400,1.029768
4.2,20789,2342,450,0.976844
4.2,20789,2342,500,1.015819
4.2,20789,2342,600,0.915068
4.2,20789,2342,700,0.338664
4.2,20789,2342,800,0.242640
4.2,20789,2342,900,0.007714
4.2,20789,2342,1000,0.345476
4.2,20789,2342,1250,0.131752
4.2,20789,2342,1500,0.295661
4.2,20789,2342,1750,0.315474
4.2,20789,2342,2000,0.439123
4.2,20789,2342,2250,0.516427
4.2,20789,2342,2500,0.611105
4.2,20789,2342,2750,0.680121
4.2,20789,2342,3000,0.607429
4.2,20789,2342,3250,0.541933
4.2,20789,2342,3500,0.469793
4.2,20789,2342,3750,0.450557
4.2,20789,2342,4000,0.337026
4.2,20789,2342,4250,0.300372
4.2,20789,2342,4500,0.420966
4.2,20789,2342,4750,0.422806
4.2,20789,2342,5000,0.445908
4.2,20789,2342,5250,0.376515
4.2,20789,2342,5500,0.399631
4.2,20789,2342,5750,0.429930
4.2,20789,2342,6000,0.448578
4.2,20789,2342,6250,0.479551
4.2,20789,2342,6500,0.447578
4.2,20789,2342,6750,0.483944
4.2,20789,2342,7000,0.497611
4.2,20789,2342,7250,0.465062
4.2,20789,2342,7500,0.498243
4.2,20789,2342,7750,0.506286
4.2,20789,2342,8000,0.509817
4.2,21636,2429,50,1.789283
4.2,21636,2429,100,1.648821
4.2,21636,2429,150,0.819428
4.2,21636,2429,200,0.617917
4.2,21636,2429,250,0.785938
4.2,21636,2429,300,0.524101
4.2,21636,2429,350,0.139122
4.2,21636,2429,400,0.411110
4.2,21636,2429,450,0.199841
4.2,21636,2429,500,0.364685
4.2,21636,2429,600,0.007728
4.2,21636,2429,700,0.241621
4.2,21636,2429,800,0.373323
4.2,21636,2429,900,0.683212
4.2,21636,2429,1000,0.656453
4.2,21636,2429,1250,0.441596
4.2,21636,2429,1500,0.285011
4.2,21636,2429,1750,0.310085
4.2,21636,2429,2000,0.361872
4.2,21636,2429,2250,0.350258
4.2,21636,2429,2500,0.254664
4.2,21636,2429,2750,0.157786
4.2,21636,2429,3000,0.032058
4.2,21636,2429,3250,0.008412
4.2,21636,2429,3500,0.081810
4.2,21636,2429,3750,0.088478
4.2,21636,2429,4000,0.012731
4.2,21636,2429,4250,0.144394
4.2,21636,2429,4500,0.144956
4.2,21636,2429,4750,0.166525
4.2,21636,2429,5000,0.203529
4.2,21636,2429,5250,0.219553
4.2,21636,2429,5500,0.185263
4.2,21636,2429,5750,0.211451
4.2,21636,2429,6000,0.225479
4.2,21636,2429,6250,0.163992
4.2,21636,2429,6500,0.203489
4.2,21636,2429,6750,0.228905
4.2,21636,2429,7000,0.203281
4.2,21636,2429,7250,0.135332
4.2,21636,2429,7500,0.138695
4.2,21636,2429,7750,0.102222
4.2,21636,2429,8000,0.049381
4.2,22396,2506,50,0.473274
4.2,22396,2506,100,0.566234
4.2,22396,2506,150,0.320535
4.2,22396,2506,200,0.140235
4.2,22396,2506,250,0.006450
4.2,22396,2506,300,0.309838
4.2,22396,2506,350,0.262379
4.2,22396,2506,400,0.008106
4.2,22396,2506,450,0.081110
4.2,22396,2506,500,0.243129
4.2,22396,2506,600,0.122025
4.2,22396,2506,700,0.467194
4.2,22396,2506,800,0.470732
4.2,22396,2506,900,0.372641
4.2,22396,2506,1000,0.146031
4.2,22396,2506,1250,0.252183
4.2,22396,2506,1500,0.261207
4.2,22396,2506,1750,0.252916
4.2,22396,2506,2000,0.331843
4.2,22396,2506,2250,0.364467
4.2,22396,2506,2500,0.446003
4.2,22396,2506,2750,0.384304
4.2,22396,2506,3000,0.213222
4.2,22396,2506,3250,0.343689
4.2,22396,2506,3500,0.382260
4.2,22396,2506,3750,0.157407
4.2,22396,2506,4000,0.200002
4.2,22396,2506,4250,0.148503
4.2,22396,2506,4500,0.158648
4.2,22396,2506,4750,0.194927
4.2,22396,2506,5000,0.147269
4.2,22396,2506,5250,0.199293
4.2,22396,2506,5500,0.156823
4.2,22396,2506,5750,0.212273
4.2,22396,2506,6000,0.250408
4.2,22396,2506,6250,0.366000
4.2,22396,2506,6500,0.327166
4.2,22396,2506,6750,0.394881
4.2,22396,2506,7000,0.382372
4.2,22396,2506,7250,0.404118
4.2,22396,2506,7500,0.370987
4.2,22396,2506,7750,0.392653
4.2,22396,2506,8000,0.399359
4.2,22427,2508,50,0.531409
4.2,22427,2508,100,1.478776
4.2,22427,2508,150,0.287521
4.2,22427,2508,200,0.391865
4.2,22427,2508,250,0.912107
4.2,22427,2508,300,0.880996
4.2,22427,2508,350,1.005363
4.2,22427,2508,400,0.786634
4.2,22427,2508,450,0.575810
4.2,22427,2508,500,0.415759
4.2,22427,2508,600,0.608051
4.2,22427,2508,700,0.452994
4.2,22427,2508,800,0.812866
4.2,22427,2508,900,1.051130
4.2,22427,2508,1000,0.883122
4.2,22427,2508,1250,0.396100
4.2,22427,2508,1500,0.456039
4.2,22427,2508,1750,0.425452
4.2,22427,2508,2000,0.360855
4.2,22427,2508,2250,0.313189
4.2,22427,2508,2500,0.206530
4.2,22427,2508,2750,0.201855
4.2,22427,2508,3000,0.029583
4.2,22427,2508,3250,0.077342
4.2,22427,2508,3500,0.127620
4.2,22427,2508,3750,0.047326
4.2,22427,2508,4000,0.014793
4.2,22427,2508,4250,0.002718
4.2,22427,2508,4500,0.060697
4.2,22427,2508,4750,0.128456
4.2,22427,2508,5000,0.010403
4.2,22427,2508,5250,0.036052
4.2,22427,2508,5500,0.170444
4.2,22427,2508,5750,0.077609
4.2,22427,2508,6000,0.085503
4.2,22427,2508,6250,0.011028
4.2,22427,2508,6500,0.006976
4.2,22427,2508,6750,0.050334
4.2,22427,2508,7000,0.021426
4.2,22427,2508,7250,0.006612
4.2,22427,2508,7500,0.008022
4.2,22427,2508,7750,0.003585
4.2,22427,2508,8000,0.035868
4.2,22429,2508,50,0.725684
4.2,22429,2508,100,1.664526
4.2,22429,2508,150,0.459138
4.2,22429,2508,200,0.557700
4.2,22429,2508,250,1.097850
4.2,22429,2508,300,1.086412
4.2,22429,2508,350,1.175092
4.2,22429,2508,400,0.964935
4.2,22429,2508,450,0.751573
4.2,22429,2508,500,0.598680
4.2,22429,2508,600,0.787596
4.2,22429,2508,700,0.662336
4.2,22429,2508,800,1.024697
4.2,22429,2508,900,1.244980
4.2,22429,2508,1000,1.055095
4.2,22429,2508,1250,0.550506
4.2,22429,2508,1500,0.597532
4.2,22429,2508,1750,0.594188
4.2,22429,2508,2000,0.502927
4.2,22429,2508,2250,0.456184
4.2,22429,2508,2500,0.360261
4.2,22429,2508,2750,0.336311
4.2,22429,2508,3000,0.128581
4.2,22429,2508,3250,0.206715
4.2,22429,2508,3500,0.255122
4.2,22429,2508,3750,0.031501
4.2,22429,2508,4000,0.039302
4.2,22429,2508,4250,0.040040
4.2,22429,2508,4500,0.135465
4.2,22429,2508,4750,0.210544
4.2,22429,2508,5000,0.108365
4.2,22429,2508,5250,0.112106
4.2,22429,2508,5500,0.246727
4.2,22429,2508,5750,0.154516
4.2,22429,2508,6000,0.120150
4.2,22429,2508,6250,0.004190
4.2,22429,2508,6500,0.047120
4.2,22429,2508,6750,0.026576
4.2,22429,2508,7000,0.133734
4.2,22429,2508,7250,0.113646
4.2,22429,2508,7500,0.090396
4.2,22429,2508,7750,0.110883
4.2,22429,2508,8000,0.087480
4.2,22520,2517,50,0.643263
4.2,22520,2517,100,0.919051
4.2,22520,2517,150,0.131189
4.2,22520,2517,200,0.282253
4.2,22520,2517,250,0.095920
4.2,22520,2517,300,0.512335
4.2,22520,2517,350,0.073095
4.2,22520,2517,400,0.140345
4.2,22520,2517,450,0.341596
4.2,22520,2517,500,0.475843
4.2,22520,2517,600,0.300002
4.2,22520,2517,700,0.169149
4.2,22520,2517,800,0.051633
4.2,22520,2517,900,0.308984
4.2,22520,2517,1000,0.287676
4.2,22520,2517,1250,0.123813
4.2,22520,2517,1500,0.264907
4.2,22520,2517,1750,0.133412
4.2,22520,2517,2000,0.016640
4.2,22520,2517,2250,0.036444
4.2,22520,2517,2500,0.127750
4.2,22520,2517,2750,0.155136
4.2,22520,2517,3000,0.292160
4.2,22520,2517,3250,0.255019
4.2,22520,2517,3500,0.323408
4.2,22520,2517,3750,0.116393
4.2,22520,2517,4000,0.017632
4.2,22520,2517,4250,0.008197
4.2,22520,2517,4500,0.081081
4.2,22520,2517,4750,0.061935
4.2,22520,2517,5000,0.174686
4.2,22520,2517,5250,0.186780
4.2,22520,2517,5500,0.192076
4.2,22520,2517,5750,0.088747
4.2,22520,2517,6000,0.036561
4.2,22520,2517,6250,0.059551
4.2,22520,2517,6500,0.023776
4.2,22520,2517,6750,0.007145
4.2,22520,2517,7000,0.068262
4.2,22520,2517,7250,0.073563
4.2,22520,2517,7500,0.077614
4.2,22520,2517,7750,0.071597
4.2,22520,2517,8000,0.063656
4.2,23016,2566,50,2.756018
4.2,23016,2566,100,3.337040
4.2,23016,2566,150,2.295759
4.2,23016,2566,200,2.004020
4.2,23016,2566,250,1.693970
4.2,23016,2566,300,1.943556
4.2,23016,2566,350,1.299292
4.2,23016,2566,400,1.514235
4.2,23016,2566,450,1.444993
4.2,23016,2566,500,1.480755
4.2,23016,2566,600,1.259951
4.2,23016,2566,700,1.158624
4.2,23016,2566,800,0.707257
4.2,23016,2566,900,0.617896
4.2,23016,2566,1000,0.719048
4.2,23016,2566,1250,0.673440
4.2,23016,2566,1500,0.373884
4.2,23016,2566,1750,0.529992
4.2,23016,2566,2000,0.473718
4.2,23016,2566,2250,0.415566
4.2,23016,2566,2500,0.460507
4.2,23016,2566,2750,0.558529
4.2,23016,2566,3000,0.455405
4.2,23016,2566,3250,0.575262
4.2,23016,2566,3500,0.536985
4.2,23016,2566,3750,0.453723
4.2,23016,2566,4000,0.472578
4.2,23016,2566,4250,0.451833
4.2,23016,2566,4500,0.325519
4.2,23016,2566,4750,0.301015
4.2,23016,2566,5000,0.290340
4.2,23016,2566,5250,0.348437
4.2,23016,2566,5500,0.327718
4.2,23016,2566,5750,0.323998
4.2,23016,2566,6000,0.320795
4.2,23016,2566,6250,0.406009
4.2,23016,2566,6500,0.420244
4.2,23016,2566,6750,0.393782
4.2,23016,2566,7000,0.332470
4.2,23016,2566,7250,0.282436
4.2,23016,2566,7500,0.279726
4.2,23016,2566,7750,0.257613
4.2,23016,2566,8000,0.272063
4.2,23403,2607,50,0.741941
4.2,23403,2607,100,0.995514
4.2,23403,2607,150,1.023279
4.2,23403,2607,200,1.066341
4.2,23403,2607,250,0.784567
4.2,23403,2607,300,0.538729
4.2,23403,2607,350,0.018664
4.2,23403,2607,400,0.035554
4.2,23403,2607,450,0.028951
4.2,23403,2607,500,0.050362
4.2,23403,2607,600,0.327739
4.2,23403,2607,700,0.347855
4.2,23403,2607,800,0.075147
4.2,23403,2607,900,0.269765
4.2,23403,2607,1000,0.302481
4.2,23403,2607,1250,0.248906
4.2,23403,2607,1500,0.130898
4.2,23403,2607,1750,0.270766
4.2,23403,2607,2000,0.184576
4.2,23403,2607,2250,0.192655
4.2,23403,2607,2500,0.289540
4.2,23403,2607,2750,0.258554
4.2,23403,2607,3000,0.445583
4.2,23403,2607,3250,0.455829
4.2,23403,2607,3500,0.486777
4.2,23403,2607,3750,0.475034
4.2,23403,2607,4000,0.311730
4.2,23403,2607,4250,0.327097
4.2,23403,2607,4500,0.452937
4.2,23403,2607,4750,0.270125
4.2,23403,2607,5000,0.282508
4.2,23403,2607,5250,0.226883
4.2,23403,2607,5500,0.237404
4.2,23403,2607,5750,0.170426
4.2,23403,2607,6000,0.217841
4.2,23403,2607,6250,0.175451
4.2,23403,2607,6500,0.240366
4.2,23403,2607,6750,0.162136
4.2,23403,2607,7000,0.109291
4.2,23403,2607,7250,0.143710
4.2,23403,2607,7500,0.144751
4.2,23403,2607,7750,0.136606
4.2,23403,2607,8000,0.155796
4.2,23489,2612,50,2.500355
4.2,23489,2612,100,1.889920
4.2,23489,2612,150,1.375339
4.2,23489,2612,200,0.741322
4.2,23489,2612,250,1.152318
4.2,23489,2612,300,0.427873
4.2,23489,2612,350,0.198216
4.2,23489,2612,400,0.028756
4.2,23489,2612,450,0.054771
4.2,23489,2612,500,0.054380
4.2,23489,2612,600,0.299885
4.2,23489,2612,700,0.182902
4.2,23489,2612,800,0.207359
4.2,23489,2612,900,0.056553
4.2,23489,2612,1000,0.096523
4.2,23489,2612,1250,0.207797
4.2,23489,2612,1500,0.169238
4.2,23489,2612,1750,0.508018
4.2,23489,2612,2000,0.249901
4.2,23489,2612,2250,0.230852
4.2,23489,2612,2500,0.235019
4.2,23489,2612,2750,0.242536
4.2,23489,2612,3000,0.064806
4.2,23489,2612,3250,0.068557
4.2,23489,2612,3500,0.167479
4.2,23489,2612,3750,0.156338
4.2,23489,2612,4000,0.064704
4.2,23489,2612,4250,0.119674
4.2,23489,2612,4500,0.116013
4.2,23489,2612,4750,0.066301
4.2,23489,2612,5000,0.010699
4.2,23489,2612,5250,0.069821
4.2,23489,2612,5500,0.095842
4.2,23489,2612,5750,0.039042
4.2,23489,2612,6000,0.165939
4.2,23489,2612,6250,0.073062
4.2,23489,2612,6500,0.036082
4.2,23489,2612,6750,0.016364
4.2,23489,2612,7000,0.019307
4.2,23489,2612,7250,0.057609
4.2,23489,2612,7500,0.057471
4.2,23489,2612,7750,0.078700
4.2,23489,2612,8000,0.057295
4.2,23743,2640,50,0.498793
4.2,23743,2640,100,0.115860
4.2,23743,2640,150,0.385110
4.2,23743,2640,200,1.160178
4.2,23743,2640,250,1.279489
4.2,23743,2640,300,0.819553
4.2,23743,2640,350,0.268635
4.2,23743,2640,400,0.326837
4.2,23743,2640,450,0.237353
4.2,23743,2640,500,0.191844
4.2,23743,2640,600,0.352045
4.2,23743,2640,700,0.042808
4.2,23743,2640,800,0.439674
4.2,23743,2640,900,0.094521
4.2,23743,2640,1000,0.163338
4.2,23743,2640,1250,0.108067
4.2,23743,2640,1500,0.266777
4.2,23743,2640,1750,0.549910
4.2,23743,2640,2000,0.647556
4.2,23743,2640,2250,0.592227
4.2,23743,2640,2500,0.588473
4.2,23743,2640,2750,0.461898
4.2,23743,2640,3000,0.516920
4.2,23743,2640,3250,0.571396
4.2,23743,2640,3500,0.736108
4.2,23743,2640,3750,0.751950
4.2,23743,2640,4000,0.573769
4.2,23743,2640,4250,0.646364
4.2,23743,2640,4500,0.677059
4.2,23743,2640,4750,0.682585
4.2,23743,2640,5000,0.736877
4.2,23743,2640,5250,0.756209
4.2,23743,2640,5500,0.723408
4.2,23743,2640,5750,0.727380
4.2,23743,2640,6000,0.727525
4.2,23743,2640,6250,0.748551
4.2,23743,2640,6500,0.669397
4.2,23743,2640,6750,0.642722
4.2,23743,2640,7000,0.767021
4.2,23743,2640,7250,0.803431
4.2,23743,2640,7500,0.808701
4.2,23743,2640,7750,0.778510
4.2,23743,2640,8000,0.764500
4.3,20492,2313,50,0.727990
4.3,20492,2313,100,0.587197
4.3,20492,2313,150,0.048196
4.3,20492,2313,200,0.220082
4.3,20492,2313,250,0.410630
4.3,20492,2313,300,0.682717
4.3,20492,2313,350,0.489279
4.3,20492,2313,400,0.136948
4.3,20492,2313,450,0.143249
4.3,20492,2313,500,0.380721
4.3,20492,2313,600,0.355129
4.3,20492,2313,700,0.377366
4.3,20492,2313,800,0.427880
4.3,20492,2313,900,0.356140
4.3,20492,2313,1000,0.496837
4.3,20492,2313,1250,0.505425
4.3,20492,2313,1500,0.326886
4.3,20492,2313,1750,0.239341
4.3,20492,2313,2000,0.211634
4.3,20492,2313,2250,0.331649
4.3,20492,2313,2500,0.298167
4.3,20492,2313,2750,0.207594
4.3,20492,2313,3000,0.049208
4.3,20492,2313,3250,0.044690
4.3,20492,2313,3500,0.017263
4.3,20492,2313,3750,0.062110
4.3,20492,2313,4000,0.091391
4.3,20492,2313,4250,0.090162
4.3,20492,2313,4500,0.100303
4.3,20492,2313,4750,0.124626
4.3,20492,2313,5000,0.115701
4.3,20492,2313,5250,0.113072
4.3,20492,2313,5500,0.118550
4.3,20492,2313,5750,0.164205
4.3,20492,2313,6000,0.129203
4.3,20492,2313,6250,0.181563
4.3,20492,2313,6500,0.196011
4.3,20492,2313,6750,0.214554
4.3,20492,2313,7000,0.158430
4.3,20492,2313,7250,0.146298
4.3,20492,2313,7500,0.106121
4.3,20492,2313,7750,0.047073
4.3,20492,2313,8000,0.048474
4.3,20585,2321,50,0.057004
4.3,20585,2321,100,0.123943
4.3,20585,2321,150,0.255003
4.3,20585,2321,200,0.469568
4.3,20585,2321,250,0.244377
4.3,20585,2321,300,0.049683
4.3,20585,2321,350,0.042992
4.3,20585,2321,400,0.637379
4.3,20585,2321,450,0.636766
4.3,20585,2321,500,0.875593
4.3,20585,2321,600,0.979408
4.3,20585,2321,700,0.466010
4.3,20585,2321,800,0.511832
4.3,20585,2321,900,0.688142
4.3,20585,2321,1000,0.553610
4.3,20585,2321,1250,0.465666
4.3,20585,2321,1500,0.479570
4.3,20585,2321,1750,0.454761
4.3,20585,2321,2000,0.362527
4.3,20585,2321,2250,0.230014
4.3,20585,2321,2500,0.292350
4.3,20585,2321,2750,0.098209
4.3,20585,2321,3000,0.167173
4.3,20585,2321,3250,0.021716
4.3,20585,2321,3500,0.011196
4.3,20585,2321,3750,0.015590
4.3,20585,2321,4000,0.022805
4.3,20585,2321,4250,0.023778
4.3,20585,2321,4500,0.011106
4.3,20585,2321,4750,0.023604
4.3,20585,2321,5000,0.029807
4.3,20585,2321,5250,0.047115
4.3,20585,2321,5500,0.110199
4.3,20585,2321,5750,0.142325
4.3,20585,2321,6000,0.098709
4.3,20585,2321,6250,0.120848
4.3,20585,2321,6500,0.103967
4.3,20585,2321,6750,0.080186
4.3,20585,2321,7000,0.194808
4.3,20585,2321,7250,0.153002
4.3,20585,2321,7500,0.126589
4.3,20585,2321,7750,0.128847
4.3,20585,2321,8000,0.091323
4.3,21083,2370,50,0.339604
4.3,21083,2370,100,0.031205
4.3,21083,2370,150,0.196972
4.3,21083,2370,200,0.003077
4.3,21083,2370,250,0.071891
4.3,21083,2370,300,0.438722
4.3,21083,2370,350,0.405935
4.3,21083,2370,400,0.115191
4.3,21083,2370,450,0.241177
4.3,21083,2370,500,0.002002
4.3,21083,2370,600,0.292113
4.3,21083,2370,700,0.442179
4.3,21083,2370,800,0.339688
4.3,21083,2370,900,0.529069
4.3,21083,2370,1000,0.163179
4.3,21083,2370,1250,0.310419
4.3,21083,2370,1500,0.018980
4.3,21083,2370,1750,0.223969
4.3,21083,2370,2000,0.287095
4.3,21083,2370,2250,0.385792
4.3,21083,2370,2500,0.430817
4.3,21083,2370,2750,0.339807
4.3,21083,2370,3000,0.350651
4.3,21083,2370,3250,0.221322
4.3,21083,2370,3500,0.274227
4.3,21083,2370,3750,0.115576
4.3,21083,2370,4000,0.224316
4.3,21083,2370,4250,0.177414
4.3,21083,2370,4500,0.145354
4.3,21083,2370,4750,0.028965
4.3,21083,2370,5000,0.004944
4.3,21083,2370,5250,0.033930
4.3,21083,2370,5500,0.010617
4.3,21083,2370,5750,0.060762
4.3,21083,2370,6000,0.013659
4.3,21083,2370,6250,0.015623
4.3,21083,2370,6500,0.050525
4.3,21083,2370,6750,0.055831
4.3,21083,2370,7000,0.083613
4.3,21083,2370,7250,0.013702
4.3,21083,2370,7500,0.094184
4.3,21083,2370,7750,0.105671
4.3,21083,2370,8000,0.082824
4.3,21266,2388,50,0.363047
4.3,21266,2388,100,0.619218
4.3,21266,2388,150,0.814044
4.3,21266,2388,200,1.044488
4.3,21266,2388,250,1.212253
4.3,21266,2388,300,1.152650
4.3,21266,2388,350,1.016537
4.3,21266,2388,400,0.963068
4.3,21266,2388,450,0.790901
4.3,21266,2388,500,1.063713
4.3,21266,2388,600,1.130357
4.3,21266,2388,700,0.777863
4.3,21266,2388,800,0.900041
4.3,21266,2388,900,0.643415
4.3,21266,2388,1000,0.323796
4.3,21266,2388,1250,0.642043
4.3,21266,2388,1500,0.781966
4.3,21266,2388,1750,0.779069
4.3,21266,2388,2000,0.646103
4.3,21266,2388,2250,0.593602
4.3,21266,2388,2500,0.548738
4.3,21266,2388,2750,0.289730
4.3,21266,2388,3000,0.332970
4.3,21266,2388,3250,0.131254
4.3,21266,2388,3500,0.184854
4.3,21266,2388,3750,0.243103
4.3,21266,2388,4000,0.241349
4.3,21266,2388,4250,0.338973
4.3,21266,2388,4500,0.318030
4.3,21266,2388,4750,0.208375
4.3,21266,2388,5000,0.165841
4.3,21266,2388,5250,0.149034
4.3,21266,2388,5500,0.170920
4.3,21266,2388,5750,0.096356
4.3,21266,2388,6000,0.075986
4.3,21266,2388,6250,0.013272
4.3,21266,2388,6500,0.098905
4.3,21266,2388,6750,0.109820
4.3,21266,2388,7000,0.126036
4.3,21266,2388,7250,0.082553
4.3,21266,2388,7500,0.149851
4.3,21266,2388,7750,0.170552
4.3,21266,2388,8000,0.212486
4.3,21423,2405,50,0.391368
4.3,21423,2405,100,0.586084
4.3,21423,2405,150,1.407400
4.3,21423,2405,200,1.813708
4.3,21423,2405,250,1.954705
4.3,21423,2405,300,2.042993
4.3,21423,2405,350,1.809131
4.3,21423,2405,400,1.172577
4.3,21423,2405,450,1.253257
4.3,21423,2405,500,1.014144
4.3,21423,2405,600,0.943424
4.3,21423,2405,700,1.145174
4.3,21423,2405,800,0.938285
4.3,21423,2405,900,0.630642
4.3,21423,2405,1000,0.383773
4.3,21423,2405,1250,0.087794
4.3,21423,2405,1500,0.100928
4.3,21423,2405,1750,0.201314
4.3,21423,2405,2000,0.021652
4.3,21423,2405,2250,0.084762
4.3,21423,2405,2500,0.106982
4.3,21423,2405,2750,0.251021
4.3,21423,2405,3000,0.178105
4.3,21423,2405,3250,0.102027
4.3,21423,2405,3500,0.077812
4.3,21423,2405,3750,0.000754
4.3,21423,2405,4000,0.207563
4.3,21423,2405,4250,0.247071
4.3,21423,2405,4500,0.229594
4.3,21423,2405,4750,0.317901
4.3,21423,2405,5000,0.257748
4.3,21423,2405,5250,0.230208
4.3,21423,2405,5500,0.248442
4.3,21423,2405,5750,0.274042
4.3,21423,2405,6000,0.333305
4.3,21423,2405,6250,0.265563
4.3,21423,2405,6500,0.226899
4.3,21423,2405,6750,0.207226
4.3,21423,2405,7000,0.183504
4.3,21423,2405,7250,0.231742
4.3,21423,2405,7500,0.184355
4.3,21423,2405,7750,0.143967
4.3,21423,2405,8000,0.152509
4.3,21453,2406,50,1.747384
4.3,21453,2406,100,1.524311
4.3,21453,2406,150,0.692221
4.3,21453,2406,200,0.480361
4.3,21453,2406,250,0.386002
4.3,21453,2406,300,0.176560
4.3,21453,2406,350,0.286603
4.3,21453,2406,400,0.621163
4.3,21453,2406,450,0.409093
4.3,21453,2406,500,0.605110
4.3,21453,2406,600,0.257351
4.3,21453,2406,700,0.401529
4.3,21453,2406,800,0.241876
4.3,21453,2406,900,0.147027
4.3,21453,2406,1000,0.041682
4.3,21453,2406,1250,0.093653
4.3,21453,2406,1500,0.041972
4.3,21453,2406,1750,0.185530
4.3,21453,2406,2000,0.053714
4.3,21453,2406,2250,0.093638
4.3,21453,2406,2500,0.084289
4.3,21453,2406,2750,0.149997
4.3,21453,2406,3000,0.220118
4.3,21453,2406,3250,0.130980
4.3,21453,2406,3500,0.079303
4.3,21453,2406,3750,0.142131
4.3,21453,2406,4000,0.054447
4.3,21453,2406,4250,0.113829
4.3,21453,2406,4500,0.107611
4.3,21453,2406,4750,0.139250
4.3,21453,2406,5000,0.091843
4.3,21453,2406,5250,0.071190
4.3,21453,2406,5500,0.041452
4.3,21453,2406,5750,0.047503
4.3,21453,2406,6000,0.014363
4.3,21453,2406,6250,0.051632
4.3,21453,2406,6500,0.084277
4.3,21453,2406,6750,0.111233
4.3,21453,2406,7000,0.124200
4.3,21453,2406,7250,0.019728
4.3,21453,2406,7500,0.005552
4.3,21453,2406,7750,0.028814
4.3,21453,2406,8000,0.037600
4.3,22085,2475,50,0.061556
4.3,22085,2475,100,0.432247
4.3,22085,2475,150,0.268825
4.3,22085,2475,200,0.460567
4.3,22085,2475,250,0.232336
4.3,22085,2475,300,0.485862
4.3,22085,2475,350,0.208215
4.3,22085,2475,400,0.094574
4.3,22085,2475,450,0.076606
4.3,22085,2475,500,0.010476
4.3,22085,2475,600,0.108389
4.3,22085,2475,700,0.138724
4.3,22085,2475,800,0.295299
4.3,22085,2475,900,0.014407
4.3,22085,2475,1000,0.186434
4.3,22085,2475,1250,0.142495
4.3,22085,2475,1500,0.002554
4.3,22085,2475,1750,0.132322
4.3,22085,2475,2000,0.037359
4.3,22085,2475,2250,0.047267
4.3,22085,2475,2500,0.002528
4.3,22085,2475,2750,0.121116
4.3,22085,2475,3000,0.263008
4.3,22085,2475,3250,0.393822
4.3,22085,2475,3500,0.382614
4.3,22085,2475,3750,0.356140
4.3,22085,2475,4000,0.209292
4.3,22085,2475,4250,0.060272
4.3,22085,2475,4500,0.145698
4.3,22085,2475,4750,0.139069
4.3,22085,2475,5000,0.113108
4.3,22085,2475,5250,0.093787
4.3,22085,2475,5500,0.168169
4.3,22085,2475,5750,0.101216
4.3,22085,2475,6000,0.096424
4.3,22085,2475,6250,0.077795
4.3,22085,2475,6500,0.002541
4.3,22085,2475,6750,0.054060
4.3,22085,2475,7000,0.117472
4.3,22085,2475,7250,0.158322
4.3,22085,2475,7500,0.157940
4.3,22085,2475,7750,0.190387
4.3,22085,2475,8000,0.134781
4.3,22402,2507,50,0.892585
4.3,22402,2507,100,0.135047
4.3,22402,2507,150,0.822282
4.3,22402,2507,200,0.654164
4.3,22402,2507,250,0.437391
4.3,22402,2507,300,0.695736
4.3,22402,2507,350,0.187998
4.3,22402,2507,400,0.461676
4.3,22402,2507,450,0.573113
4.3,22402,2507,500,0.751482
4.3,22402,2507,600,0.602063
4.3,22402,2507,700,0.960410
4.3,22402,2507,800,0.864408
4.3,22402,2507,900,0.684531
4.3,22402,2507,1000,0.508425
4.3,22402,2507,1250,0.271681
4.3,22402,2507,1500,0.225156
4.3,22402,2507,1750,0.304323
4.3,22402,2507,2000,0.143309
4.3,22402,2507,2250,0.096147
4.3,22402,2507,2500,0.002399
4.3,22402,2507,2750,0.014351
4.3,22402,2507,3000,0.022966
4.3,22402,2507,3250,0.086009
4.3,22402,2507,3500,0.080441
4.3,22402,2507,3750,0.077385
4.3,22402,2507,4000,0.198819
4.3,22402,2507,4250,0.171231
4.3,22402,2507,4500,0.070185
4.3,22402,2507,4750,0.018551
4.3,22402,2507,5000,0.075056
4.3,22402,2507,5250,0.065376
4.3,22402,2507,5500,0.057674
4.3,22402,2507,5750,0.013457
4.3,22402,2507,6000,0.031182
4.3,22402,2507,6250,0.042445
4.3,22402,2507,6500,0.003262
4.3,22402,2507,6750,0.042012
4.3,22402,2507,7000,0.136941
4.3,22402,2507,7250,0.133652
4.3,22402,2507,7500,0.119098
4.3,22402,2507,7750,0.138788
4.3,22402,2507,8000,0.101285
4.3,22964,2562,50,1.423006
4.3,22964,2562,100,1.545130
4.3,22964,2562,150,0.520966
4.3,22964,2562,200,0.532110
4.3,22964,2562,250,0.205955
4.3,22964,2562,300,0.624012
4.3,22964,2562,350,1.200516
4.3,22964,2562,400,1.050372
4.3,22964,2562,450,0.922212
4.3,22964,2562,500,1.037358
4.3,22964,2562,600,1.272388
4.3,22964,2562,700,1.322363
4.3,22964,2562,800,0.978877
4.3,22964,2562,900,0.821950
4.3,22964,2562,1000,0.902549
4.3,22964,2562,1250,0.891732
4.3,22964,2562,1500,0.565481
4.3,22964,2562,1750,0.466264
4.3,22964,2562,2000,0.630933
4.3,22964,2562,2250,0.648979
4.3,22964,2562,2500,0.617956
4.3,22964,2562,2750,0.549573
4.3,22964,2562,3000,0.475327
4.3,22964,2562,3250,0.643677
4.3,22964,2562,3500,0.675328
4.3,22964,2562,3750,0.588459
4.3,22964,2562,4000,0.663372
4.3,22964,2562,4250,0.733607
4.3,22964,2562,4500,0.734227
4.3,22964,2562,4750,0.770330
4.3,22964,2562,5000,0.761280
4.3,22964,2562,5250,0.708234
4.3,22964,2562,5500,0.751716
4.3,22964,2562,5750,0.740402
4.3,22964,2562,6000,0.770842
4.3,22964,2562,6250,0.833921
4.3,22964,2562,6500,0.818808
4.3,22964,2562,6750,0.788824
4.3,22964,2562,7000,0.728992
4.3,22964,2562,7250,0.690342
4.3,22964,2562,7500,0.660888
4.3,22964,2562,7750,0.686657
4.3,22964,2562,8000,0.674152
4.3,23011,2566,50,2.246352
4.3,23011,2566,100,2.787806
4.3,23011,2566,150,1.731194
4.3,23011,2566,200,1.466864
4.3,23011,2566,250,1.095250
4.3,23011,2566,300,1.282304
4.3,23011,2566,350,0.590618
4.3,23011,2566,400,0.818187
4.3,23011,2566,450,0.766951
4.3,23011,2566,500,0.784387
4.3,23011,2566,600,0.506411
4.3,23011,2566,700,0.371984
4.3,23011,2566,800,0.078134
4.3,23011,2566,900,0.087122
4.3,23011,2566,1000,0.002574
4.3,23011,2566,1250,0.039327
4.3,23011,2566,1500,0.375705
4.3,23011,2566,1750,0.291255
4.3,23011,2566,2000,0.297957
4.3,23011,2566,2250,0.412185
4.3,23011,2566,2500,0.456553
4.3,23011,2566,2750,0.411348
4.3,23011,2566,3000,0.424490
4.3,23011,2566,3250,0.425308
4.3,23011,2566,3500,0.497747
4.3,23011,2566,3750,0.582462
4.3,23011,2566,4000,0.460194
4.3,23011,2566,4250,0.401104
4.3,23011,2566,4500,0.448866
4.3,23011,2566,4750,0.406931
4.3,23011,2566,5000,0.465384
4.3,23011,2566,5250,0.439102
4.3,23011,2566,5500,0.496530
4.3,23011,2566,5750,0.481528
4.3,23011,2566,6000,0.523689
4.3,23011,2566,6250,0.533286
4.3,23011,2566,6500,0.517388
4.3,23011,2566,6750,0.533695
4.3,23011,2566,7000,0.556514
4.3,23011,2566,7250,0.579833
4.3,23011,2566,7500,0.603193
4.3,23011,2566,7750,0.584895
4.3,23011,2566,8000,0.583020
4.3,23054,2573,50,0.394437
4.3,23054,2573,100,0.444298
4.3,23054,2573,150,0.377390
4.3,23054,2573,200,0.837038
4.3,23054,2573,250,0.640502
4.3,23054,2573,300,0.071513
4.3,23054,2573,350,0.103258
4.3,23054,2573,400,0.081221
4.3,23054,2573,450,0.214501
4.3,23054,2573,500,0.098452
4.3,23054,2573,600,0.197018
4.3,23054,2573,700,0.392682
4.3,23054,2573,800,0.557339
4.3,23054,2573,900,0.348983
4.3,23054,2573,1000,0.339715
4.3,23054,2573,1250,0.341906
4.3,23054,2573,1500,0.610019
4.3,23054,2573,1750,0.417602
4.3,23054,2573,2000,0.500439
4.3,23054,2573,2250,0.395855
4.3,23054,2573,2500,0.269534
4.3,23054,2573,2750,0.286560
4.3,23054,2573,3000,0.254775
4.3,23054,2573,3250,0.322381
4.3,23054,2573,3500,0.283695
4.3,23054,2573,3750,0.259179
4.3,23054,2573,4000,0.154542
4.3,23054,2573,4250,0.067212
4.3,23054,2573,4500,0.066034
4.3,23054,2573,4750,0.039126
4.3,23054,2573,5000,0.078576
4.3,23054,2573,5250,0.019722
4.3,23054,2573,5500,0.033440
4.3,23054,2573,5750,0.024134
4.3,23054,2573,6000,0.010306
4.3,23054,2573,6250,0.059207
4.3,23054,2573,6500,0.055311
4.3,23054,2573,6750,0.097351
4.3,23054,2573,7000,0.144881
4.3,23054,2573,7250,0.198540
4.3,23054,2573,7500,0.202642
4.3,23054,2573,7750,0.223816
4.3,23054,2573,8000,0.214605
4.3,23477,2612,50,1.338707
4.3,23477,2612,100,0.762793
4.3,23477,2612,150,0.285895
4.3,23477,2612,200,0.309558
4.3,23477,2612,250,0.157796
4.3,23477,2612,300,0.527028
4.3,23477,2612,350,1.070235
4.3,23477,2612,400,0.803838
4.3,23477,2612,450,0.874925
4.3,23477,2612,500,0.853076
4.3,23477,2612,600,1.010176
4.3,23477,2612,700,1.031739
4.3,23477,2612,800,0.577155
4.3,23477,2612,900,0.656143
4.3,23477,2612,1000,0.484140
4.3,23477,2612,1250,0.404616
4.3,23477,2612,1500,0.261788
4.3,23477,2612,1750,0.186453
4.3,23477,2612,2000,0.432794
4.3,23477,2612,2250,0.437211
4.3,23477,2612,2500,0.327113
4.3,23477,2612,2750,0.368580
4.3,23477,2612,3000,0.278872
4.3,23477,2612,3250,0.275913
4.3,23477,2612,3500,0.362361
4.3,23477,2612,3750,0.351572
4.3,23477,2612,4000,0.193024
4.3,23477,2612,4250,0.127158
4.3,23477,2612,4500,0.058204
4.3,23477,2612,4750,0.215076
4.3,23477,2612,5000,0.164437
4.3,23477,2612,5250,0.201504
4.3,23477,2612,5500,0.231003
4.3,23477,2612,5750,0.169633
4.3,23477,2612,6000,0.293233
4.3,23477,2612,6250,0.197704
4.3,23477,2612,6500,0.071308
4.3,23477,2612,6750,0.155252
4.3,23477,2612,7000,0.165867
4.3,23477,2612,7250,0.102918
4.3,23477,2612,7500,0.086932
4.3,23477,2612,7750,0.087318
4.3,23477,2612,8000,0.106080
4.3,23810,2647,50,0.828376
4.3,23810,2647,100,0.673534
4.3,23810,2647,150,0.935578
4.3,23810,2647,200,1.046477
4.3,23810,2647,250,1.390120
4.3,23810,2647,300,0.889995
4.3,23810,2647,350,0.648062
4.3,23810,2647,400,0.398999
4.3,23810,2647,450,0.464459
4.3,23810,2647,500,0.510224
4.3,23810,2647,600,0.564900
4.3,23810,2647,700,0.907709
4.3,23810,2647,800,0.544253
4.3,23810,2647,900,0.808812
4.3,23810,2647,1000,1.089093
4.3,23810,2647,1250,1.016347
4.3,23810,2647,1500,0.736318
4.3,23810,2647,1750,0.337191
4.3,23810,2647,2000,0.380507
4.3,23810,2647,2250,0.409773
4.3,23810,2647,2500,0.255179
4.3,23810,2647,2750,0.131132
4.3,23810,2647,3000,0.202560
4.3,23810,2647,3250,0.185008
4.3,23810,2647,3500,0.148145
4.3,23810,2647,3750,0.086494
4.3,23810,2647,4000,0.242880
4.3,23810,2647,4250,0.143566
4.3,23810,2647,4500,0.181028
4.3,23810,2647,4750,0.256099
4.3,23810,2647,5000,0.330148
4.3,23810,2647,5250,0.340061
4.3,23810,2647,5500,0.294338
4.3,23810,2647,5750,0.326494
4.3,23810,2647,6000,0.254181
4.3,23810,2647,6250,0.191676
4.3,23810,2647,6500,0.248933
4.3,23810,2647,6750,0.293544
4.3,23810,2647,7000,0.296302
4.3,23810,2647,7250,0.260118
4.3,23810,2647,7500,0.266099
4.3,23810,2647,7750,0.226622
4.3,23810,2647,8000,0.203022
4.3,23918,2662,50,2.109108
4.3,23918,2662,100,1.846811
4.3,23918,2662,150,1.875951
4.3,23918,2662,200,2.805407
4.3,23918,2662,250,2.864766
4.3,23918,2662,300,2.138469
4.3,23918,2662,350,1.753822
4.3,23918,2662,400,1.587582
4.3,23918,2662,450,1.696900
4.3,23918,2662,500,1.756504
4.3,23918,2662,600,1.644899
4.3,23918,2662,700,1.608928
4.3,23918,2662,800,1.646363
4.3,23918,2662,900,1.327423
4.3,23918,2662,1000,1.003640
4.3,23918,2662,1250,0.981088
4.3,23918,2662,1500,0.807846
4.3,23918,2662,1750,0.453247
4.3,23918,2662,2000,0.612915
4.3,23918,2662,2250,0.530724
4.3,23918,2662,2500,0.623854
4.3,23918,2662,2750,0.647071
4.3,23918,2662,3000,0.727715
4.3,23918,2662,3250,0.641185
4.3,23918,2662,3500,0.499285
4.3,23918,2662,3750,0.572488
4.3,23918,2662,4000,0.551245
4.3,23918,2662,4250,0.534257
4.3,23918,2662,4500,0.563821
4.3,23918,2662,4750,0.562062
4.3,23918,2662,5000,0.482488
4.3,23918,2662,5250,0.499372
4.3,23918,2662,5500,0.536959
4.3,23918,2662,5750,0.582064
4.3,23918,2662,6000,0.531879
4.3,23918,2662,6250,0.583442
4.3,23918,2662,6500,0.523234
4.3,23918,2662,6750,0.483627
4.3,23918,2662,7000,0.394822
4.3,23918,2662,7250,0.347079
4.3,23918,2662,7500,0.351016
4.3,23918,2662,7750,0.292362
4.3,23918,2662,8000,0.277201
4.3,24212,2694,50,2.171689
4.3,24212,2694,100,1.301710
4.3,24212,2694,150,0.994245
4.3,24212,2694,200,0.543709
4.3,24212,2694,250,0.381901
4.3,24212,2694,300,0.251980
4.3,24212,2694,350,0.354650
4.3,24212,2694,400,0.442393
4.3,24212,2694,450,0.400220
4.3,24212,2694,500,0.485831
4.3,24212,2694,600,0.345525
4.3,24212,2694,700,0.326694
4.3,24212,2694,800,0.060913
4.3,24212,2694,900,0.146368
4.3,24212,2694,1000,0.245065
4.3,24212,2694,1250,0.044133
4.3,24212,2694,1500,0.177056
4.3,24212,2694,1750,0.040636
4.3,24212,2694,2000,0.222584
4.3,24212,2694,2250,0.144354
4.3,24212,2694,2500,0.156310
4.3,24212,2694,2750,0.162389
4.3,24212,2694,3000,0.153578
4.3,24212,2694,3250,0.039936
4.3,24212,2694,3500,0.057471
4.3,24212,2694,3750,0.120803
4.3,24212,2694,4000,0.051842
4.3,24212,2694,4250,0.051180
4.3,24212,2694,4500,0.066609
4.3,24212,2694,4750,0.005591
4.3,24212,2694,5000,0.096097
4.3,24212,2694,5250,0.116797
4.3,24212,2694,5500,0.019299
4.3,24212,2694,5750,0.018203
4.3,24212,2694,6000,0.003690
4.3,24212,2694,6250,0.079606
4.3,24212,2694,6500,0.089262
4.3,24212,2694,6750,0.037185
4.3,24212,2694,7000,0.059038
4.3,24212,2694,7250,0.025361
4.3,24212,2694,7500,0.037925
4.3,24212,2694,7750,0.001527
4.3,24212,2694,8000,0.033927
4.3,24467,2714,50,1.512879
4.3,24467,2714,100,0.903673
4.3,24467,2714,150,0.461761
4.3,24467,2714,200,0.594579
4.3,24467,2714,250,0.534470
4.3,24467,2714,300,0.963210
4.3,24467,2714,350,1.071611
4.3,24467,2714,400,1.192882
4.3,24467,2714,450,1.314228
4.3,24467,2714,500,1.359131
4.3,24467,2714,600,1.466799
4.3,24467,2714,700,1.012664
4.3,24467,2714,800,0.946657
4.3,24467,2714,900,0.829825
4.3,24467,2714,1000,1.130818
4.3,24467,2714,1250,0.845939
4.3,24467,2714,1500,1.008635
4.3,24467,2714,1750,0.975376
4.3,24467,2714,2000,0.863453
4.3,24467,2714,2250,0.846859
4.3,24467,2714,2500,0.717806
4.3,24467,2714,2750,0.558497
4.3,24467,2714,3000,0.644280
4.3,24467,2714,3250,0.728850
4.3,24467,2714,3500,0.693131
4.3,24467,2714,3750,0.641757
4.3,24467,2714,4000,0.593231
4.3,24467,2714,4250,0.501477
4.3,24467,2714,4500,0.438666
4.3,24467,2714,4750,0.419067
4.3,24467,2714,5000,0.324675
4.3,24467,2714,5250,0.286787
4.3,24467,2714,5500,0.239259
4.3,24467,2714,5750,0.205827
4.3,24467,2714,6000,0.156404
4.3,24467,2714,6250,0.213717
4.3,24467,2714,6500,0.173717
4.3,24467,2714,6750,0.259254
4.3,24467,2714,7000,0.298972
4.3,24467,2714,7250,0.353237
4.3,24467,2714,7500,0.310551
4.3,24467,2714,7750,0.231188
4.3,24467,2714,8000,0.206985
4.3,24664,2730,50,1.727755
4.3,24664,2730,100,0.725705
4.3,24664,2730,150,1.132122
4.3,24664,2730,200,1.246451
4.3,24664,2730,250,1.300593
4.3,24664,2730,300,0.617827
4.3,24664,2730,350,0.785958
4.3,24664,2730,400,0.739694
4.3,24664,2730,450,0.736015
4.3,24664,2730,500,0.787009
4.3,24664,2730,600,0.772477
4.3,24664,2730,700,0.634004
4.3,24664,2730,800,0.612162
4.3,24664,2730,900,0.595583
4.3,24664,2730,1000,0.686493
4.3,24664,2730,1250,0.543317
4.3,24664,2730,1500,0.284860
4.3,24664,2730,1750,0.068096
4.3,24664,2730,2000,0.126992
4.3,24664,2730,2250,0.055558
4.3,24664,2730,2500,0.037996
4.3,24664,2730,2750,0.184001
4.3,24664,2730,3000,0.083119
4.3,24664,2730,3250,0.159047
4.3,24664,2730,3500,0.220718
4.3,24664,2730,3750,0.158251
4.3,24664,2730,4000,0.109649
4.3,24664,2730,4250,0.164259
4.3,24664,2730,4500,0.140423
4.3,24664,2730,4750,0.178765
4.3,24664,2730,5000,0.160583
4.3,24664,2730,5250,0.182042
4.3,24664,2730,5500,0.070672
4.3,24664,2730,5750,0.082462
4.3,24664,2730,6000,0.168557
4.3,24664,2730,6250,0.150722
4.3,24664,2730,6500,0.142717
4.3,24664,2730,6750,0.113478
4.3,24664,2730,7000,0.095646
4.3,24664,2730,7250,0.128712
4.3,24664,2730,7500,0.134536
4.3,24664,2730,7750,0.199688
4.3,24664,2730,8000,0.241677
4.3,24708,2735,50,0.306829
4.3,24708,2735,100,0.504379
4.3,24708,2735,150,0.025094
4.3,24708,2735,200,0.357278
4.3,24708,2735,250,0.462682
4.3,24708,2735,300,0.912259
4.3,24708,2735,350,0.735587
4.3,24708,2735,400,0.602485
4.3,24708,2735,450,0.418465
4.3,24708,2735,500,0.570219
4.3,24708,2735,600,0.726546
4.3,24708,2735,700,0.238790
4.3,24708,2735,800,0.112382
4.3,24708,2735,900,0.116949
4.3,24708,2735,1000,0.010812
4.3,24708,2735,1250,0.000372
4.3,24708,2735,1500,0.208472
4.3,24708,2735,1750,0.326300
4.3,24708,2735,2000,0.322633
4.3,24708,2735,2250,0.327133
4.3,24708,2735,2500,0.520597
4.3,24708,2735,2750,0.335895
4.3,24708,2735,3000,0.454378
4.3,24708,2735,3250,0.411536
4.3,24708,2735,3500,0.368637
4.3,24708,2735,3750,0.491526
4.3,24708,2735,4000,0.537403
4.3,24708,2735,4250,0.506901
4.3,24708,2735,4500,0.531328
4.3,24708,2735,4750,0.576669
4.3,24708,2735,5000,0.563825
4.3,24708,2735,5250,0.542765
4.3,24708,2735,5500,0.509136
4.3,24708,2735,5750,0.562714
4.3,24708,2735,6000,0.508696
4.3,24708,2735,6250,0.532992
4.3,24708,2735,6500,0.512735
4.3,24708,2735,6750,0.535466
4.3,24708,2735,7000,0.560141
4.3,24708,2735,7250,0.493133
4.3,24708,2735,7500,0.465755
4.3,24708,2735,7750,0.428734
4.3,24708,2735,8000,0.489491
4.3,25146,2774,50,0.611186
4.3,25146,2774,100,1.033079
4.3,25146,2774,150,1.046107
4.3,25146,2774,200,0.873052
4.3,25146,2774,250,0.541017
4.3,25146,2774,300,1.083968
4.3,25146,2774,350,1.053255
4.3,25146,2774,400,0.811165
4.3,25146,2774,450,0.936723
4.3,25146,2774,500,0.725295
4.3,25146,2774,600,0.877283
4.3,25146,2774,700,1.014700
4.3,25146,2774,800,0.957779
4.3,25146,2774,900,0.862771
4.3,25146,2774,1000,1.048360
4.3,25146,2774,1250,1.061063
4.3,25146,2774,1500,0.945638
4.3,25146,2774,1750,0.776400
4.3,25146,2774,2000,0.688039
4.3,25146,2774,2250,0.482235
4.3,25146,2774,2500,0.778371
4.3,25146,2774,2750,0.711891
4.3,25146,2774,3000,0.644264
4.3,25146,2774,3250,0.622521
4.3,25146,2774,3500,0.666522
4.3,25146,2774,3750,0.546342
4.3,25146,2774,4000,0.536946
4.3,25146,2774,4250,0.465681
4.3,25146,2774,4500,0.501619
4.3,25146,2774,4750,0.405773
4.3,25146,2774,5000,0.324651
4.3,25146,2774,5250,0.313252
4.3,25146,2774,5500,0.393671
4.3,25146,2774,5750,0.416931
4.3,25146,2774,6000,0.442297
4.3,25146,2774,6250,0.429552
4.3,25146,2774,6500,0.383016
4.3,25146,2774,6750,0.370398
4.3,25146,2774,7000,0.436460
4.3,25146,2774,7250,0.443725
4.3,25146,2774,7500,0.493488
4.3,25146,2774,7750,0.471419
4.3,25146,2774,8000,0.406529
4.3,26258,2885,50,0.633492
4.3,26258,2885,100,0.524073
4.3,26258,2885,150,0.471599
4.3,26258,2885,200,0.366354
4.3,26258,2885,250,0.036605
4.3,26258,2885,300,0.136309
4.3,26258,2885,350,0.133401
4.3,26258,2885,400,0.524354
4.3,26258,2885,450,0.350290
4.3,26258,2885,500,0.697077
4.3,26258,2885,600,0.261085
4.3,26258,2885,700,0.408749
4.3,26258,2885,800,0.339675
4.3,26258,2885,900,0.154131
4.3,26258,2885,1000,0.267296
4.3,26258,2885,1250,0.307279
4.3,26258,2885,1500,0.149316
4.3,26258,2885,1750,0.254019
4.3,26258,2885,2000,0.358685
4.3,26258,2885,2250,0.617717
4.3,26258,2885,2500,0.488295
4.3,26258,2885,2750,0.472556
4.3,26258,2885,3000,0.610151
4.3,26258,2885,3250,0.618797
4.3,26258,2885,3500,0.561605
4.3,26258,2885,3750,0.491095
4.3,26258,2885,4000,0.464139
4.3,26258,2885,4250,0.500670
4.3,26258,2885,4500,0.551955
4.3,26258,2885,4750,0.505174
4.3,26258,2885,5000,0.462063
4.3,26258,2885,5250,0.338919
4.3,26258,2885,5500,0.396332
4.3,26258,2885,5750,0.312631
4.3,26258,2885,6000,0.220337
4.3,26258,2885,6250,0.221062
4.3,26258,2885,6500,0.150631
4.3,26258,2885,6750,0.257460
4.3,26258,2885,7000,0.275931
4.3,26258,2885,7250,0.263727
4.3,26258,2885,7500,0.357331
4.3,26258,2885,7750,0.319319
4.3,26258,2885,8000,0.289033
4.3,26362,2896,50,0.878854
4.3,26362,2896,100,0.184886
4.3,26362,2896,150,0.009281
4.3,26362,2896,200,0.003566
4.3,26362,2896,250,0.409671
4.3,26362,2896,300,0.513444
4.3,26362,2896,350,0.407393
4.3,26362,2896,400,0.310047
4.3,26362,2896,450,0.072555
4.3,26362,2896,500,0.427846
4.3,26362,2896,600,0.057758
4.3,26362,2896,700,0.233554
4.3,26362,2896,800,0.282994
4.3,26362,2896,900,0.392998
4.3,26362,2896,1000,0.345500
4.3,26362,2896,1250,0.400645
4.3,26362,2896,1500,0.467669
4.3,26362,2896,1750,0.073296
4.3,26362,2896,2000,0.167055
4.3,26362,2896,2250,0.377031
4.3,26362,2896,2500,0.396260
4.3,26362,2896,2750,0.430315
4.3,26362,2896,3000,0.238765
4.3,26362,2896,3250,0.158965
4.3,26362,2896,3500,0.099988
4.3,26362,2896,3750,0.041577
4.3,26362,2896,4000,0.074139
4.3,26362,2896,4250,0.084967
4.3,26362,2896,4500,0.031201
4.3,26362,2896,4750,0.078646
4.3,26362,2896,5000,0.022303
4.3,26362,2896,5250,0.099552
4.3,26362,2896,5500,0.035653
4.3,26362,2896,5750,0.042351
4.3,26362,2896,6000,0.119667
4.3,26362,2896,6250,0.145804
4.3,26362,2896,6500,0.145992
4.3,26362,2896,6750,0.217765
4.3,26362,2896,7000,0.236345
4.3,26362,2896,7250,0.215542
4.3,26362,2896,7500,0.209536
4.3,26362,2896,7750,0.226032
4.3,26362,2896,8000,0.262507
4.3,26823,2942,50,0.543677
4.3,26823,2942,100,0.374139
4.3,26823,2942,150,0.025029
4.3,26823,2942,200,0.078072
4.3,26823,2942,250,0.236545
4.3,26823,2942,300,0.446276
4.3,26823,2942,350,0.493706
4.3,26823,2942,400,0.507457
4.3,26823,2942,450,0.740702
4.3,26823,2942,500,0.418938
4.3,26823,2942,600,0.106130
4.3,26823,2942,700,0.196554
4.3,26823,2942,800,0.413980
4.3,26823,2942,900,0.563167
4.3,26823,2942,1000,0.580681
4.3,26823,2942,1250,0.684181
4.3,26823,2942,1500,0.433996
4.3,26823,2942,1750,0.221202
4.3,26823,2942,2000,0.363932
4.3,26823,2942,2250,0.333554
4.3,26823,2942,2500,0.451284
4.3,26823,2942,2750,0.545418
4.3,26823,2942,3000,0.632339
4.3,26823,2942,3250,0.564243
4.3,26823,2942,3500,0.427427
4.3,26823,2942,3750,0.414329
4.3,26823,2942,4000,0.532133
4.3,26823,2942,4250,0.399842
4.3,26823,2942,4500,0.346052
4.3,26823,2942,4750,0.322361
4.3,26823,2942,5000,0.376295
4.3,26823,2942,5250,0.425855
4.3,26823,2942,5500,0.497691
4.3,26823,2942,5750,0.359861
4.3,26823,2942,6000,0.359217
4.3,26823,2942,6250,0.407027
4.3,26823,2942,6500,0.443205
4.3,26823,2942,6750,0.411551
4.3,26823,2942,7000,0.501262
4.3,26823,2942,7250,0.503118
4.3,26823,2942,7500,0.449043
4.3,26823,2942,7750,0.407130
4.3,26823,2942,8000,0.347772
4.3,27242,2982,50,0.285665
4.3,27242,2982,100,0.910552
4.3,27242,2982,150,0.501165
4.3,27242,2982,200,0.377843
4.3,27242,2982,250,0.408147
4.3,27242,2982,300,0.389116
4.3,27242,2982,350,0.371186
4.3,27242,2982,400,0.626537
4.3,27242,2982,450,0.523543
4.3,27242,2982,500,0.173566
4.3,27242,2982,600,0.181081
4.3,27242,2982,700,0.177762
4.3,27242,2982,800,0.330432
4.3,27242,2982,900,0.374336
4.3,27242,2982,1000,0.364390
4.3,27242,2982,1250,0.305993
4.3,27242,2982,1500,0.512235
4.3,27242,2982,1750,0.771542
4.3,27242,2982,2000,0.900654
4.3,27242,2982,2250,0.935609
4.3,27242,2982,2500,0.876360
4.3,27242,2982,2750,0.946101
4.3,27242,2982,3000,0.820518
4.3,27242,2982,3250,0.859085
4.3,27242,2982,3500,0.826066
4.3,27242,2982,3750,0.703038
4.3,27242,2982,4000,0.748062
4.3,27242,2982,4250,0.961689
4.3,27242,2982,4500,0.857678
4.3,27242,2982,4750,0.858009
4.3,27242,2982,5000,0.776021
4.3,27242,2982,5250,0.722983
4.3,27242,2982,5500,0.880559
4.3,27242,2982,5750,0.876168
4.3,27242,2982,6000,0.897674
4.3,27242,2982,6250,0.916524
4.3,27242,2982,6500,0.950039
4.3,27242,2982,6750,0.881854
4.3,27242,2982,7000,0.850263
4.3,27242,2982,7250,0.898522
4.3,27242,2982,7500,0.812972
4.3,27242,2982,7750,0.739059
4.3,27242,2982,8000,0.690809
4.3,27759,3028,50,1.096221
4.3,27759,3028,100,1.242855
4.3,27759,3028,150,0.162743
4.3,27759,3028,200,0.386481
4.3,27759,3028,250,0.114475
4.3,27759,3028,300,0.195571
4.3,27759,3028,350,0.405454
4.3,27759,3028,400,0.287925
4.3,27759,3028,450,0.221166
4.3,27759,3028,500,0.235450
4.3,27759,3028,600,0.313149
4.3,27759,3028,700,0.289189
4.3,27759,3028,800,0.183601
4.3,27759,3028,900,0.092580
4.3,27759,3028,1000,0.270808
4.3,27759,3028,1250,0.212931
4.3,27759,3028,1500,0.104173
4.3,27759,3028,1750,0.266865
4.3,27759,3028,2000,0.183730
4.3,27759,3028,2250,0.014876
4.3,27759,3028,2500,0.051737
4.3,27759,3028,2750,0.194332
4.3,27759,3028,3000,0.501782
4.3,27759,3028,3250,0.537539
4.3,27759,3028,3500,0.536676
4.3,27759,3028,3750,0.571165
4.3,27759,3028,4000,0.538668
4.3,27759,3028,4250,0.350686
4.3,27759,3028,4500,0.295652
4.3,27759,3028,4750,0.376310
4.3,27759,3028,5000,0.413310
4.3,27759,3028,5250,0.319692
4.3,27759,3028,5500,0.261345
4.3,27759,3028,5750,0.108279
4.3,27759,3028,6000,0.161877
4.3,27759,3028,6250,0.200566
4.3,27759,3028,6500,0.076797
4.3,27759,3028,6750,0.087597
4.3,27759,3028,7000,0.126930
4.3,27759,3028,7250,0.118938
4.3,27759,3028,7500,0.145231
4.3,27759,3028,7750,0.060695
4.3,27759,3028,8000,0.027359
4.3,28501,3100,50,3.364466
4.3,28501,3100,100,1.398314
4.3,28501,3100,150,0.464563
4.3,28501,3100,200,0.002902
4.3,28501,3100,250,0.299393
4.3,28501,3100,300,0.008315
4.3,28501,3100,350,0.196070
4.3,28501,3100,400,0.445054
4.3,28501,3100,450,0.723114
4.3,28501,3100,500,0.430879
4.3,28501,3100,600,0.595668
4.3,28501,3100,700,0.286421
4.3,28501,3100,800,0.206333
4.3,28501,3100,900,0.259531
4.3,28501,3100,1000,0.250932
4.3,28501,3100,1250,0.693546
4.3,28501,3100,1500,0.638602
4.3,28501,3100,1750,0.626278
4.3,28501,3100,2000,0.568254
4.3,28501,3100,2250,0.493758
4.3,28501,3100,2500,0.486127
4.3,28501,3100,2750,0.607295
4.3,28501,3100,3000,0.467433
4.3,28501,3100,3250,0.503104
4.3,28501,3100,3500,0.467253
4.3,28501,3100,3750,0.281930
4.3,28501,3100,4000,0.362482
4.3,28501,3100,4250,0.519490
4.3,28501,3100,4500,0.593651
4.3,28501,3100,4750,0.570108
4.3,28501,3100,5000,0.572252
4.3,28501,3100,5250,0.653246
4.3,28501,3100,5500,0.694889
4.3,28501,3100,5750,0.717265
4.3,28501,3100,6000,0.659704
4.3,28501,3100,6250,0.635144
4.3,28501,3100,6500,0.551128
4.3,28501,3100,6750,0.529100
4.3,28501,3100,7000,0.546037
4.3,28501,3100,7250,0.468874
4.3,28501,3100,7500,0.502242
4.3,28501,3100,7750,0.502388
4.3,28501,3100,8000,0.501804
4.3,28546,3104,50,3.982463
4.3,28546,3104,100,2.445670
4.3,28546,3104,150,1.890293
4.3,28546,3104,200,1.343753
4.3,28546,3104,250,1.183170
4.3,28546,3104,300,1.478590
4.3,28546,3104,350,1.202121
4.3,28546,3104,400,0.847823
4.3,28546,3104,450,0.603273
4.3,28546,3104,500,0.719841
4.3,28546,3104,600,0.439327
4.3,28546,3104,700,0.594172
4.3,28546,3104,800,0.382629
4.3,28546,3104,900,0.224541
4.3,28546,3104,1000,0.143497
4.3,28546,3104,1250,0.382436
4.3,28546,3104,1500,0.417275
4.3,28546,3104,1750,0.445231
4.3,28546,3104,2000,0.406711
4.3,28546,3104,2250,0.350075
4.3,28546,3104,2500,0.412804
4.3,28546,3104,2750,0.248851
4.3,28546,3104,3000,0.167269
4.3,28546,3104,3250,0.151066
4.3,28546,3104,3500,0.177308
4.3,28546,3104,3750,0.368504
4.3,28546,3104,4000,0.282335
4.3,28546,3104,4250,0.220546
4.3,28546,3104,4500,0.373844
4.3,28546,3104,4750,0.303126
4.3,28546,3104,5000,0.230290
4.3,28546,3104,5250,0.354117
4.3,28546,3104,5500,0.426796
4.3,28546,3104,5750,0.461054
4.3,28546,3104,6000,0.413143
4.3,28546,3104,6250,0.455516
4.3,28546,3104,6500,0.487717
4.3,28546,3104,6750,0.549671
4.3,28546,3104,7000,0.505133
4.3,28546,3104,7250,0.560475
4.3,28546,3104,7500,0.517434
4.3,28546,3104,7750,0.510123
4.3,28546,3104,8000,0.519599
4.3,28809,3137,50,2.092782
4.3,28809,3137,100,0.799912
4.3,28809,3137,150,0.230298
4.3,28809,3137,200,0.804264
4.3,28809,3137,250,0.620861
4.3,28809,3137,300,0.659792
4.3,28809,3137,350,0.396270
4.3,28809,3137,400,0.092923
4.3,28809,3137,450,0.105689
4.3,28809,3137,500,0.203458
4.3,28809,3137,600,0.021167
4.3,28809,3137,700,0.198339
4.3,28809,3137,800,0.026213
4.3,28809,3137,900,0.117445
4.3,28809,3137,1000,0.109447
4.3,28809,3137,1250,0.148865
4.3,28809,3137,1500,0.117971
4.3,28809,3137,1750,0.065690
4.3,28809,3137,2000,0.027163
4.3,28809,3137,2250,0.125964
4.3,28809,3137,2500,0.005524
4.3,28809,3137,2750,0.140317
4.3,28809,3137,3000,0.016043
4.3,28809,3137,3250,0.018006
4.3,28809,3137,3500,0.022254
4.3,28809,3137,3750,0.087071
4.3,28809,3137,4000,0.141701
4.3,28809,3137,4250,0.009310
4.3,28809,3137,4500,0.160156
4.3,28809,3137,4750,0.208605
4.3,28809,3137,5000,0.158142
4.3,28809,3137,5250,0.214230
4.3,28809,3137,5500,0.141005
4.3,28809,3137,5750,0.037667
4.3,28809,3137,6000,0.014312
4.3,28809,3137,6250,0.017099
4.3,28809,3137,6500,0.139811
4.3,28809,3137,6750,0.105735
4.3,28809,3137,7000,0.055778
4.3,28809,3137,7250,0.077853
4.3,28809,3137,7500,0.160674
4.3,28809,3137,7750,0.151243
4.3,28809,3137,8000,0.233291
4.3,29383,3191,50,0.593768
4.3,29383,3191,100,0.382087
4.3,29383,3191,150,1.043860
4.3,29383,3191,200,1.204108
4.3,29383,3191,250,1.081747
4.3,29383,3191,300,1.026168
4.3,29383,3191,350,1.121821
4.3,29383,3191,400,0.850770
4.3,29383,3191,450,1.146237
4.3,29383,3191,500,1.176914
4.3,29383,3191,600,0.820680
4.3,29383,3191,700,0.895082
4.3,29383,3191,800,0.796923
4.3,29383,3191,900,0.871204
4.3,29383,3191,1000,0.744929
4.3,29383,3191,1250,0.512511
4.3,29383,3191,1500,0.444940
4.3,29383,3191,1750,0.300457
4.3,29383,3191,2000,0.199558
4.3,29383,3191,2250,0.270062
4.3,29383,3191,2500,0.242925
4.3,29383,3191,2750,0.116719
4.3,29383,3191,3000,0.016138
4.3,29383,3191,3250,0.157795
4.3,29383,3191,3500,0.074101
4.3,29383,3191,3750,0.212872
4.3,29383,3191,4000,0.139915
4.3,29383,3191,4250,0.178374
4.3,29383,3191,4500,0.111168
4.3,29383,3191,4750,0.194632
4.3,29383,3191,5000,0.206855
4.3,29383,3191,5250,0.181436
4.3,29383,3191,5500,0.085379
4.3,29383,3191,5750,0.199723
4.3,29383,3191,6000,0.294649
4.3,29383,3191,6250,0.248127
4.3,29383,3191,6500,0.328126
4.3,29383,3191,6750,0.347610
4.3,29383,3191,7000,0.332576
4.3,29383,3191,7250,0.299962
4.3,29383,3191,7500,0.308361
4.3,29383,3191,7750,0.317495
4.3,29383,3191,8000,0.344760
4.3,29615,3214,50,1.040727
4.3,29615,3214,100,0.671403
4.3,29615,3214,150,0.378502
4.3,29615,3214,200,0.527184
4.3,29615,3214,250,0.510598
4.3,29615,3214,300,0.738293
4.3,29615,3214,350,0.362132
4.3,29615,3214,400,0.399352
4.3,29615,3214,450,0.499571
4.3,29615,3214,500,0.463297
4.3,29615,3214,600,0.663869
4.3,29615,3214,700,0.307559
4.3,29615,3214,800,0.262544
4.3,29615,3214,900,0.260492
4.3,29615,3214,1000,0.029397
4.3,29615,3214,1250,0.180858
4.3,29615,3214,1500,0.246613
4.3,29615,3214,1750,0.190069
4.3,29615,3214,2000,0.290462
4.3,29615,3214,2250,0.084273
4.3,29615,3214,2500,0.034270
4.3,29615,3214,2750,0.201461
4.3,29615,3214,3000,0.094001
4.3,29615,3214,3250,0.242971
4.3,29615,3214,3500,0.518513
4.3,29615,3214,3750,0.527021
4.3,29615,3214,4000,0.676146
4.3,29615,3214,4250,0.660308
4.3,29615,3214,4500,0.554481
4.3,29615,3214,4750,0.439243
4.3,29615,3214,5000,0.392215
4.3,29615,3214,5250,0.364057
4.3,29615,3214,5500,0.404114
4.3,29615,3214,5750,0.334415
4.3,29615,3214,6000,0.373341
4.3,29615,3214,6250,0.291922
4.3,29615,3214,6500,0.301280
4.3,29615,3214,6750,0.247900
4.3,29615,3214,7000,0.201573
4.3,29615,3214,7250,0.152179
4.3,29615,3214,7500,0.186700
4.3,29615,3214,7750,0.222625
4.3,29615,3214,8000,0.265199
4.3,29721,3222,50,0.413048
4.3,29721,3222,100,0.480651
4.3,29721,3222,150,0.072669
4.3,29721,3222,200,0.654428
4.3,29721,3222,250,0.211881
4.3,29721,3222,300,0.112613
4.3,29721,3222,350,0.128787
4.3,29721,3222,400,0.038339
4.3,29721,3222,450,0.395679
4.3,29721,3222,500,0.481001
4.3,29721,3222,600,0.665653
4.3,29721,3222,700,0.400428
4.3,29721,3222,800,0.493010
4.3,29721,3222,900,0.220086
4.3,29721,3222,1000,0.404123
4.3,29721,3222,1250,0.256624
4.3,29721,3222,1500,0.278941
4.3,29721,3222,1750,0.017273
4.3,29721,3222,2000,0.133017
4.3,29721,3222,2250,0.062655
4.3,29721,3222,2500,0.183371
4.3,29721,3222,2750,0.188235
4.3,29721,3222,3000,0.037346
4.3,29721,3222,3250,0.169318
4.3,29721,3222,3500,0.279573
4.3,29721,3222,3750,0.126291
4.3,29721,3222,4000,0.047779
4.3,29721,3222,4250,0.108729
4.3,29721,3222,4500,0.157197
4.3,29721,3222,4750,0.179621
4.3,29721,3222,5000,0.233669
4.3,29721,3222,5250,0.195377
4.3,29721,3222,5500,0.105845
4.3,29721,3222,5750,0.039432
4.3,29721,3222,6000,0.104769
4.3,29721,3222,6250,0.037650
4.3,29721,3222,6500,0.039576
4.3,29721,3222,6750,0.003752
4.3,29721,3222,7000,0.079456
4.3,29721,3222,7250,0.018058
4.3,29721,3222,7500,0.072286
4.3,29721,3222,7750,0.110360
4.3,29721,3222,8000,0.151465
4.4,25383,2799,50,0.529335
4.4,25383,2799,100,1.087727
4.4,25383,2799,150,0.609192
4.4,25383,2799,200,0.343141
4.4,25383,2799,250,0.211037
4.4,25383,2799,300,0.010655
4.4,25383,2799,350,0.006843
4.4,25383,2799,400,0.408454
4.4,25383,2799,450,0.226331
4.4,25383,2799,500,0.209031
4.4,25383,2799,600,0.414581
4.4,25383,2799,700,0.529101
4.4,25383,2799,800,0.502749
4.4,25383,2799,900,0.428758
4.4,25383,2799,1000,0.338004
4.4,25383,2799,1250,0.094170
4.4,25383,2799,1500,0.012841
4.4,25383,2799,1750,0.031543
4.4,25383,2799,2000,0.021374
4.4,25383,2799,2250,0.012223
4.4,25383,2799,2500,0.069873
4.4,25383,2799,2750,0.032227
4.4,25383,2799,3000,0.025498
4.4,25383,2799,3250,0.016822
4.4,25383,2799,3500,0.000081
4.4,25383,2799,3750,0.056412
4.4,25383,2799,4000,0.083463
4.4,25383,2799,4250,0.057871
4.4,25383,2799,4500,0.195247
4.4,25383,2799,4750,0.258184
4.4,25383,2799,5000,0.203607
4.4,25383,2799,5250,0.229507
4.4,25383,2799,5500,0.161135
4.4,25383,2799,5750,0.119547
4.4,25383,2799,6000,0.119887
4.4,25383,2799,6250,0.115402
4.4,25383,2799,6500,0.061793
4.4,25383,2799,6750,0.195046
4.4,25383,2799,7000,0.108717
4.4,25383,2799,7250,0.026042
4.4,25383,2799,7500,0.059721
4.4,25383,2799,7750,0.049266
4.4,25383,2799,8000,0.077729
4.4,26136,2872,50,0.006322
4.4,26136,2872,100,0.953324
4.4,26136,2872,150,0.607637
4.4,26136,2872,200,0.578089
4.4,26136,2872,250,0.496805
4.4,26136,2872,300,0.589905
4.4,26136,2872,350,0.581237
4.4,26136,2872,400,0.041148
4.4,26136,2872,450,0.121975
4.4,26136,2872,500,0.122763
4.4,26136,2872,600,0.070690
4.4,26136,2872,700,0.120095
4.4,26136,2872,800,0.033250
4.4,26136,2872,900,0.045155
4.4,26136,2872,1000,0.000387
4.4,26136,2872,1250,0.063890
4.4,26136,2872,1500,0.308261
4.4,26136,2872,1750,0.363131
4.4,26136,2872,2000,0.341703
4.4,26136,2872,2250,0.598342
4.4,26136,2872,2500,0.554086
4.4,26136,2872,2750,0.445704
4.4,26136,2872,3000,0.356431
4.4,26136,2872,3250,0.429349
4.4,26136,2872,3500,0.427766
4.4,26136,2872,3750,0.363891
4.4,26136,2872,4000,0.333760
4.4,26136,2872,4250,0.267923
4.4,26136,2872,4500,0.206796
4.4,26136,2872,4750,0.164426
4.4,26136,2872,5000,0.151475
4.4,26136,2872,5250,0.000202
4.4,26136,2872,5500,0.031043
4.4,26136,2872,5750,0.000225
4.4,26136,2872,6000,0.108536
4.4,26136,2872,6250,0.077782
4.4,26136,2872,6500,0.019238
4.4,26136,2872,6750,0.088536
4.4,26136,2872,7000,0.078747
4.4,26136,2872,7250,0.112784
4.4,26136,2872,7500,0.080068
4.4,26136,2872,7750,0.031418
4.4,26136,2872,8000,0.016595
4.4,26467,2907,50,0.909697
4.4,26467,2907,100,1.248413
4.4,26467,2907,150,1.195481
4.4,26467,2907,200,1.020869
4.4,26467,2907,250,0.830473
4.4,26467,2907,300,0.607683
4.4,26467,2907,350,0.539449
4.4,26467,2907,400,0.028756
4.4,26467,2907,450,0.186467
4.4,26467,2907,500,0.151271
4.4,26467,2907,600,0.303661
4.4,26467,2907,700,0.104944
4.4,26467,2907,800,0.009064
4.4,26467,2907,900,0.279372
4.4,26467,2907,1000,0.284973
4.4,26467,2907,1250,0.151881
4.4,26467,2907,1500,0.132742
4.4,26467,2907,1750,0.345841
4.4,26467,2907,2000,0.291863
4.4,26467,2907,2250,0.298447
4.4,26467,2907,2500,0.242774
4.4,26467,2907,2750,0.284172
4.4,26467,2907,3000,0.182202
4.4,26467,2907,3250,0.112649
4.4,26467,2907,3500,0.159685
4.4,26467,2907,3750,0.200720
4.4,26467,2907,4000,0.123563
4.4,26467,2907,4250,0.118423
4.4,26467,2907,4500,0.062980
4.4,26467,2907,4750,0.013353
4.4,26467,2907,5000,0.001938
4.4,26467,2907,5250,0.109867
4.4,26467,2907,5500,0.053566
4.4,26467,2907,5750,0.001865
4.4,26467,2907,6000,0.054970
4.4,26467,2907,6250,0.086303
4.4,26467,2907,6500,0.008479
4.4,26467,2907,6750,0.003615
4.4,26467,2907,7000,0.009683
4.4,26467,2907,7250,0.005355
4.4,26467,2907,7500,0.048055
4.4,26467,2907,7750,0.029767
4.4,26467,2907,8000,0.048087
4.4,26766,2937,50,0.115833
4.4,26766,2937,100,1.664361
4.4,26766,2937,150,1.497124
4.4,26766,2937,200,1.643035
4.4,26766,2937,250,1.175462
4.4,26766,2937,300,1.064695
4.4,26766,2937,350,1.032001
4.4,26766,2937,400,0.356098
4.4,26766,2937,450,0.393506
4.4,26766,2937,500,0.525271
4.4,26766,2937,600,0.169493
4.4,26766,2937,700,0.269470
4.4,26766,2937,800,0.399344
4.4,26766,2937,900,0.341506
4.4,26766,2937,1000,0.363212
4.4,26766,2937,1250,0.475686
4.4,26766,2937,1500,0.210256
4.4,26766,2937,1750,0.013494
4.4,26766,2937,2000,0.113970
4.4,26766,2937,2250,0.026427
4.4,26766,2937,2500,0.041464
4.4,26766,2937,2750,0.097277
4.4,26766,2937,3000,0.100387
4.4,26766,2937,3250,0.264530
4.4,26766,2937,3500,0.293128
4.4,26766,2937,3750,0.314805
4.4,26766,2937,4000,0.198790
4.4,26766,2937,4250,0.292070
4.4,26766,2937,4500,0.341567
4.4,26766,2937,4750,0.236146
4.4,26766,2937,5000,0.173919
4.4,26766,2937,5250,0.251502
4.4,26766,2937,5500,0.352632
4.4,26766,2937,5750,0.200850
4.4,26766,2937,6000,0.193343
4.4,26766,2937,6250,0.205696
4.4,26766,2937,6500,0.168274
4.4,26766,2937,6750,0.168294
4.4,26766,2937,7000,0.065542
4.4,26766,2937,7250,0.067908
4.4,26766,2937,7500,0.114146
4.4,26766,2937,7750,0.071564
4.4,26766,2937,8000,0.089008
4.4,27007,2961,50,0.789897
4.4,27007,2961,100,0.928841
4.4,27007,2961,150,0.817634
4.4,27007,2961,200,0.904101
4.4,27007,2961,250,0.592622
4.4,27007,2961,300,0.378545
4.4,27007,2961,350,0.319495
4.4,27007,2961,400,0.963040
4.4,27007,2961,450,0.883434
4.4,27007,2961,500,0.588695
4.4,27007,2961,600,0.180739
4.4,27007,2961,700,0.209070
4.4,27007,2961,800,0.186590
4.4,27007,2961,900,0.281050
4.4,27007,2961,1000,0.280932
4.4,27007,2961,1250,0.270007
4.4,27007,2961,1500,0.547725
4.4,27007,2961,1750,0.298037
4.4,27007,2961,2000,0.497138
4.4,27007,2961,2250,0.373152
4.4,27007,2961,2500,0.427047
4.4,27007,2961,2750,0.478412
4.4,27007,2961,3000,0.486289
4.4,27007,2961,3250,0.483356
4.4,27007,2961,3500,0.403618
4.4,27007,2961,3750,0.412045
4.4,27007,2961,4000,0.415741
4.4,27007,2961,4250,0.565152
4.4,27007,2961,4500,0.534934
4.4,27007,2961,4750,0.501411
4.4,27007,2961,5000,0.392452
4.4,27007,2961,5250,0.361969
4.4,27007,2961,5500,0.221474
4.4,27007,2961,5750,0.164394
4.4,27007,2961,6000,0.181521
4.4,27007,2961,6250,0.147403
4.4,27007,2961,6500,0.191150
4.4,27007,2961,6750,0.108258
4.4,27007,2961,7000,0.149067
4.4,27007,2961,7250,0.131660
4.4,27007,2961,7500,0.067929
4.4,27007,2961,7750,0.012203
4.4,27007,2961,8000,0.037444
4.4,27037,2964,50,0.990968
4.4,27037,2964,100,1.013480
4.4,27037,2964,150,0.718344
4.4,27037,2964,200,0.729049
4.4,27037,2964,250,0.611612
4.4,27037,2964,300,0.507104
4.4,27037,2964,350,0.471695
4.4,27037,2964,400,1.135722
4.4,27037,2964,450,1.196710
4.4,27037,2964,500,0.844860
4.4,27037,2964,600,0.330991
4.4,27037,2964,700,0.153313
4.4,27037,2964,800,0.122305
4.4,27037,2964,900,0.139607
4.4,27037,2964,1000,0.048826
4.4,27037,2964,1250,0.074395
4.4,27037,2964,1500,0.209694
4.4,27037,2964,1750,0.001904
4.4,27037,2964,2000,0.243652
4.4,27037,2964,2250,0.087498
4.4,27037,2964,2500,0.141096
4.4,27037,2964,2750,0.216639
4.4,27037,2964,3000,0.170118
4.4,27037,2964,3250,0.278013
4.4,27037,2964,3500,0.167082
4.4,27037,2964,3750,0.068490
4.4,27037,2964,4000,0.026751
4.4,27037,2964,4250,0.180076
4.4,27037,2964,4500,0.231248
4.4,27037,2964,4750,0.206220
4.4,27037,2964,5000,0.104906
4.4,27037,2964,5250,0.088281
4.4,27037,2964,5500,0.039444
4.4,27037,2964,5750,0.064635
4.4,27037,2964,6000,0.052913
4.4,27037,2964,6250,0.038090
4.4,27037,2964,6500,0.014717
4.4,27037,2964,6750,0.016540
4.4,27037,2964,7000,0.033249
4.4,27037,2964,7250,0.039836
4.4,27037,2964,7500,0.037569
4.4,27037,2964,7750,0.055153
4.4,27037,2964,8000,0.047094
4.4,27911,3045,50,1.220357
4.4,27911,3045,100,1.234622
4.4,27911,3045,150,0.936808
4.4,27911,3045,200,1.091296
4.4,27911,3045,250,1.393282
4.4,27911,3045,300,1.507086
4.4,27911,3045,350,1.308937
4.4,27911,3045,400,1.278626
4.4,27911,3045,450,1.330356
4.4,27911,3045,500,1.041974
4.4,27911,3045,600,0.999627
4.4,27911,3045,700,0.628827
4.4,27911,3045,800,0.447161
4.4,27911,3045,900,0.241160
4.4,27911,3045,1000,0.112935
4.4,27911,3045,1250,0.056189
4.4,27911,3045,1500,0.047396
4.4,27911,3045,1750,0.007313
4.4,27911,3045,2000,0.151593
4.4,27911,3045,2250,0.374827
4.4,27911,3045,2500,0.223976
4.4,27911,3045,2750,0.237712
4.4,27911,3045,3000,0.539117
4.4,27911,3045,3250,0.518270
4.4,27911,3045,3500,0.536572
4.4,27911,3045,3750,0.580548
4.4,27911,3045,4000,0.637650
4.4,27911,3045,4250,0.489007
4.4,27911,3045,4500,0.443409
4.4,27911,3045,4750,0.347343
4.4,27911,3045,5000,0.295676
4.4,27911,3045,5250,0.300506
4.4,27911,3045,5500,0.223587
4.4,27911,3045,5750,0.207097
4.4,27911,3045,6000,0.136269
4.4,27911,3045,6250,0.125418
4.4,27911,3045,6500,0.083419
4.4,27911,3045,6750,0.078192
4.4,27911,3045,7000,0.007984
4.4,27911,3045,7250,0.023983
4.4,27911,3045,7500,0.046772
4.4,27911,3045,7750,0.125774
4.4,27911,3045,8000,0.171866
4.4,28237,3077,50,0.627866
4.4,28237,3077,100,1.186445
4.4,28237,3077,150,0.922821
4.4,28237,3077,200,0.568340
4.4,28237,3077,250,0.341216
4.4,28237,3077,300,0.107447
4.4,28237,3077,350,0.369488
4.4,28237,3077,400,0.748856
4.4,28237,3077,450,0.908253
4.4,28237,3077,500,0.710818
4.4,28237,3077,600,0.520576
4.4,28237,3077,700,0.889598
4.4,28237,3077,800,1.038909
4.4,28237,3077,900,1.133008
4.4,28237,3077,1000,1.096182
4.4,28237,3077,1250,0.864154
4.4,28237,3077,1500,0.570582
4.4,28237,3077,1750,0.466001
4.4,28237,3077,2000,0.590917
4.4,28237,3077,2250,0.234177
4.4,28237,3077,2500,0.116795
4.4,28237,3077,2750,0.053183
4.4,28237,3077,3000,0.074918
4.4,28237,3077,3250,0.035120
4.4,28237,3077,3500,0.075756
4.4,28237,3077,3750,0.010994
4.4,28237,3077,4000,0.085411
4.4,28237,3077,4250,0.112764
4.4,28237,3077,4500,0.004598
4.4,28237,3077,4750,0.017153
4.4,28237,3077,5000,0.022954
4.4,28237,3077,5250,0.170681
4.4,28237,3077,5500,0.151958
4.4,28237,3077,5750,0.118066
4.4,28237,3077,6000,0.094264
4.4,28237,3077,6250,0.150486
4.4,28237,3077,6500,0.124955
4.4,28237,3077,6750,0.014658
4.4,28237,3077,7000,0.007787
4.4,28237,3077,7250,0.059068
4.4,28237,3077,7500,0.050051
4.4,28237,3077,7750,0.101121
4.4,28237,3077,8000,0.087104
4.4,28730,3130,50,3.156980
4.4,28730,3130,100,2.435428
4.4,28730,3130,150,1.387039
4.4,28730,3130,200,0.885645
4.4,28730,3130,250,0.683942
4.4,28730,3130,300,0.920479
4.4,28730,3130,350,0.710769
4.4,28730,3130,400,0.539483
4.4,28730,3130,450,0.679881
4.4,28730,3130,500,0.343158
4.4,28730,3130,600,0.784388
4.4,28730,3130,700,0.709627
4.4,28730,3130,800,0.886513
4.4,28730,3130,900,0.769188
4.4,28730,3130,1000,0.727789
4.4,28730,3130,1250,0.935205
4.4,28730,3130,1500,0.873681
4.4,28730,3130,1750,0.843680
4.4,28730,3130,2000,0.836920
4.4,28730,3130,2250,0.816465
4.4,28730,3130,2500,0.780931
4.4,28730,3130,2750,0.855972
4.4,28730,3130,3000,0.719962
4.4,28730,3130,3250,0.712877
4.4,28730,3130,3500,0.712366
4.4,28730,3130,3750,0.741435
4.4,28730,3130,4000,0.652122
4.4,28730,3130,4250,0.802847
4.4,28730,3130,4500,0.665783
4.4,28730,3130,4750,0.736410
4.4,28730,3130,5000,0.632869
4.4,28730,3130,5250,0.674817
4.4,28730,3130,5500,0.586174
4.4,28730,3130,5750,0.451381
4.4,28730,3130,6000,0.339735
4.4,28730,3130,6250,0.407209
4.4,28730,3130,6500,0.496332
4.4,28730,3130,6750,0.461300
4.4,28730,3130,7000,0.405911
4.4,28730,3130,7250,0.443627
4.4,28730,3130,7500,0.440835
4.4,28730,3130,7750,0.431728
4.4,28730,3130,8000,0.350120
4.4,29099,3162,50,2.099409
4.4,29099,3162,100,2.240496
4.4,29099,3162,150,1.251740
4.4,29099,3162,200,0.793769
4.4,29099,3162,250,1.183927
4.4,29099,3162,300,1.227261
4.4,29099,3162,350,1.116367
4.4,29099,3162,400,0.817102
4.4,29099,3162,450,0.791454
4.4,29099,3162,500,0.489712
4.4,29099,3162,600,0.566060
4.4,29099,3162,700,0.598230
4.4,29099,3162,800,0.782028
4.4,29099,3162,900,0.674043
4.4,29099,3162,1000,0.691454
4.4,29099,3162,1250,0.664773
4.4,29099,3162,1500,0.254382
4.4,29099,3162,1750,0.071150
4.4,29099,3162,2000,0.033034
4.4,29099,3162,2250,0.194859
4.4,29099,3162,2500,0.275072
4.4,29099,3162,2750,0.304441
4.4,29099,3162,3000,0.511315
4.4,29099,3162,3250,0.468318
4.4,29099,3162,3500,0.326854
4.4,29099,3162,3750,0.321659
4.4,29099,3162,4000,0.339847
4.4,29099,3162,4250,0.345382
4.4,29099,3162,4500,0.327831
4.4,29099,3162,4750,0.393879
4.4,29099,3162,5000,0.429726
4.4,29099,3162,5250,0.399936
4.4,29099,3162,5500,0.436353
4.4,29099,3162,5750,0.437250
4.4,29099,3162,6000,0.404414
4.4,29099,3162,6250,0.424149
4.4,29099,3162,6500,0.464456
4.4,29099,3162,6750,0.448730
4.4,29099,3162,7000,0.381156
4.4,29099,3162,7250,0.377494
4.4,29099,3162,7500,0.327487
4.4,29099,3162,7750,0.296485
4.4,29099,3162,8000,0.255791
4.4,29558,3207,50,0.801771
4.4,29558,3207,100,1.163243
4.4,29558,3207,150,1.808100
4.4,29558,3207,200,1.315990
4.4,29558,3207,250,1.651528
4.4,29558,3207,300,1.675989
4.4,29558,3207,350,1.697167
4.4,29558,3207,400,1.923386
4.4,29558,3207,450,1.387012
4.4,29558,3207,500,1.092981
4.4,29558,3207,600,0.768339
4.4,29558,3207,700,0.805454
4.4,29558,3207,800,0.852064
4.4,29558,3207,900,0.667227
4.4,29558,3207,1000,0.490501
4.4,29558,3207,1250,0.730301
4.4,29558,3207,1500,0.778179
4.4,29558,3207,1750,0.509196
4.4,29558,3207,2000,0.511988
4.4,29558,3207,2250,0.470487
4.4,29558,3207,2500,0.511622
4.4,29558,3207,2750,0.357763
4.4,29558,3207,3000,0.460836
4.4,29558,3207,3250,0.331995
4.4,29558,3207,3500,0.294011
4.4,29558,3207,3750,0.112139
4.4,29558,3207,4000,0.153185
4.4,29558,3207,4250,0.183790
4.4,29558,3207,4500,0.087993
4.4,29558,3207,4750,0.004920
4.4,29558,3207,5000,0.031892
4.4,29558,3207,5250,0.121452
4.4,29558,3207,5500,0.239630
4.4,29558,3207,5750,0.239333
4.4,29558,3207,6000,0.306295
4.4,29558,3207,6250,0.226402
4.4,29558,3207,6500,0.258880
4.4,29558,3207,6750,0.223891
4.4,29558,3207,7000,0.278139
4.4,29558,3207,7250,0.222203
4.4,29558,3207,7500,0.238099
4.4,29558,3207,7750,0.207253
4.4,29558,3207,8000,0.186734
4.4,29627,3214,50,0.038061
4.4,29627,3214,100,0.392908
4.4,29627,3214,150,0.602705
4.4,29627,3214,200,0.546741
4.4,29627,3214,250,0.486182
4.4,29627,3214,300,0.222089
4.4,29627,3214,350,0.629300
4.4,29627,3214,400,0.535180
4.4,29627,3214,450,0.583311
4.4,29627,3214,500,0.714884
4.4,29627,3214,600,0.640896
4.4,29627,3214,700,0.909955
4.4,29627,3214,800,0.891656
4.4,29627,3214,900,1.031055
4.4,29627,3214,1000,1.221170
4.4,29627,3214,1250,1.053252
4.4,29627,3214,1500,0.985638
4.4,29627,3214,1750,0.771972
4.4,29627,3214,2000,0.714848
4.4,29627,3214,2250,0.729139
4.4,29627,3214,2500,0.792680
4.4,29627,3214,2750,0.700753
4.4,29627,3214,3000,0.673429
4.4,29627,3214,3250,0.652374
4.4,29627,3214,3500,0.598265
4.4,29627,3214,3750,0.786714
4.4,29627,3214,4000,0.866616
4.4,29627,3214,4250,0.759361
4.4,29627,3214,4500,0.665688
4.4,29627,3214,4750,0.667184
4.4,29627,3214,5000,0.612430
4.4,29627,3214,5250,0.528862
4.4,29627,3214,5500,0.460833
4.4,29627,3214,5750,0.372629
4.4,29627,3214,6000,0.369298
4.4,29627,3214,6250,0.320809
4.4,29627,3214,6500,0.361708
4.4,29627,3214,6750,0.305980
4.4,29627,3214,7000,0.277982
4.4,29627,3214,7250,0.221974
4.4,29627,3214,7500,0.272119
4.4,29627,3214,7750,0.318028
4.4,29627,3214,8000,0.353367
4.4,30431,3287,50,1.403984
4.4,30431,3287,100,0.025488
4.4,30431,3287,150,0.271744
4.4,30431,3287,200,0.497857
4.4,30431,3287,250,0.046379
4.4,30431,3287,300,0.491410
4.4,30431,3287,350,0.730480
4.4,30431,3287,400,0.723550
4.4,30431,3287,450,0.563138
4.4,30431,3287,500,0.490659
4.4,30431,3287,600,0.696248
4.4,30431,3287,700,1.124463
4.4,30431,3287,800,1.269590
4.4,30431,3287,900,1.165127
4.4,30431,3287,1000,0.826243
4.4,30431,3287,1250,1.031198
4.4,30431,3287,1500,1.013244
4.4,30431,3287,1750,0.932414
4.4,30431,3287,2000,0.849617
4.4,30431,3287,2250,0.562636
4.4,30431,3287,2500,0.730189
4.4,30431,3287,2750,0.871624
4.4,30431,3287,3000,0.852340
4.4,30431,3287,3250,0.906697
4.4,30431,3287,3500,0.960188
4.4,30431,3287,3750,0.939623
4.4,30431,3287,4000,0.986597
4.4,30431,3287,4250,0.999291
4.4,30431,3287,4500,0.939004
4.4,30431,3287,4750,0.968474
4.4,30431,3287,5000,0.857692
4.4,30431,3287,5250,0.815179
4.4,30431,3287,5500,0.815738
4.4,30431,3287,5750,0.761062
4.4,30431,3287,6000,0.809873
4.4,30431,3287,6250,0.855248
4.4,30431,3287,6500,0.887833
4.4,30431,3287,6750,0.859335
4.4,30431,3287,7000,0.829699
4.4,30431,3287,7250,0.772902
4.4,30431,3287,7500,0.776727
4.4,30431,3287,7750,0.826217
4.4,30431,3287,8000,0.836261
4.4,30566,3300,50,1.503078
4.4,30566,3300,100,0.835574
4.4,30566,3300,150,1.389201
4.4,30566,3300,200,1.851647
4.4,30566,3300,250,2.265164
4.4,30566,3300,300,1.543272
4.4,30566,3300,350,1.370130
4.4,30566,3300,400,1.387942
4.4,30566,3300,450,1.537963
4.4,30566,3300,500,1.496037
4.4,30566,3300,600,1.464326
4.4,30566,3300,700,1.167470
4.4,30566,3300,800,0.826503
4.4,30566,3300,900,0.806862
4.4,30566,3300,1000,0.523405
4.4,30566,3300,1250,0.547890
4.4,30566,3300,1500,0.329505
4.4,30566,3300,1750,0.466248
4.4,30566,3300,2000,0.452850
4.4,30566,3300,2250,0.292394
4.4,30566,3300,2500,0.426819
4.4,30566,3300,2750,0.526296
4.4,30566,3300,3000,0.478571
4.4,30566,3300,3250,0.417527
4.4,30566,3300,3500,0.424025
4.4,30566,3300,3750,0.376377
4.4,30566,3300,4000,0.407817
4.4,30566,3300,4250,0.212928
4.4,30566,3300,4500,0.224764
4.4,30566,3300,4750,0.218321
4.4,30566,3300,5000,0.225674
4.4,30566,3300,5250,0.183979
4.4,30566,3300,5500,0.155428
4.4,30566,3300,5750,0.121428
4.4,30566,3300,6000,0.079666
4.4,30566,3300,6250,0.042579
4.4,30566,3300,6500,0.064867
4.4,30566,3300,6750,0.021098
4.4,30566,3300,7000,0.001563
4.4,30566,3300,7250,0.056147
4.4,30566,3300,7500,0.078255
4.4,30566,3300,7750,0.026557
4.4,30566,3300,8000,0.029583
4.4,30611,3302,50,0.878290
4.4,30611,3302,100,1.117028
4.4,30611,3302,150,0.601348
4.4,30611,3302,200,0.370191
4.4,30611,3302,250,0.176815
4.4,30611,3302,300,0.413327
4.4,30611,3302,350,0.705430
4.4,30611,3302,400,0.878328
4.4,30611,3302,450,0.393844
4.4,30611,3302,500,0.713433
4.4,30611,3302,600,0.509906
4.4,30611,3302,700,0.251039
4.4,30611,3302,800,0.066361
4.4,30611,3302,900,0.050758
4.4,30611,3302,1000,0.065002
4.4,30611,3302,1250,0.135438
4.4,30611,3302,1500,0.132551
4.4,30611,3302,1750,0.041558
4.4,30611,3302,2000,0.005531
4.4,30611,3302,2250,0.249185
4.4,30611,3302,2500,0.247759
4.4,30611,3302,2750,0.357060
4.4,30611,3302,3000,0.280407
4.4,30611,3302,3250,0.153884
4.4,30611,3302,3500,0.155023
4.4,30611,3302,3750,0.124689
4.4,30611,3302,4000,0.146893
4.4,30611,3302,4250,0.041234
4.4,30611,3302,4500,0.011697
4.4,30611,3302,4750,0.095832
4.4,30611,3302,5000,0.006348
4.4,30611,3302,5250,0.104342
4.4,30611,3302,5500,0.100778
4.4,30611,3302,5750,0.052596
4.4,30611,3302,6000,0.010070
4.4,30611,3302,6250,0.015703
4.4,30611,3302,6500,0.026819
4.4,30611,3302,6750,0.001078
4.4,30611,3302,7000,0.024375
4.4,30611,3302,7250,0.005747
4.4,30611,3302,7500,0.001317
4.4,30611,3302,7750,0.010267
4.4,30611,3302,8000,0.035511
4.4,30973,3338,50,0.909870
4.4,30973,3338,100,0.903788
4.4,30973,3338,150,0.426756
4.4,30973,3338,200,0.795623
4.4,30973,3338,250,0.887854
4.4,30973,3338,300,0.155861
4.4,30973,3338,350,0.057900
4.4,30973,3338,400,0.180760
4.4,30973,3338,450,0.280368
4.4,30973,3338,500,0.068253
4.4,30973,3338,600,0.112301
4.4,30973,3338,700,0.133038
4.4,30973,3338,800,0.374998
4.4,30973,3338,900,0.336324
4.4,30973,3338,1000,0.237370
4.4,30973,3338,1250,0.232917
4.4,30973,3338,1500,0.194694
4.4,30973,3338,1750,0.365775
4.4,30973,3338,2000,0.254365
4.4,30973,3338,2250,0.330212
4.4,30973,3338,2500,0.180417
4.4,30973,3338,2750,0.344460
4.4,30973,3338,3000,0.245966
4.4,30973,3338,3250,0.277758
4.4,30973,3338,3500,0.217462
4.4,30973,3338,3750,0.145366
4.4,30973,3338,4000,0.043611
4.4,30973,3338,4250,0.006926
4.4,30973,3338,4500,0.103440
4.4,30973,3338,4750,0.068302
4.4,30973,3338,5000,0.045442
4.4,30973,3338,5250,0.229653
4.4,30973,3338,5500,0.290345
4.4,30973,3338,5750,0.266534
4.4,30973,3338,6000,0.255227
4.4,30973,3338,6250,0.188539
4.4,30973,3338,6500,0.280736
4.4,30973,3338,6750,0.312208
4.4,30973,3338,7000,0.314643
4.4,30973,3338,7250,0.268208
4.4,30973,3338,7500,0.253506
4.4,30973,3338,7750,0.267398
4.4,30973,3338,8000,0.267921
4.4,31213,3362,50,0.522229
4.4,31213,3362,100,1.022289
4.4,31213,3362,150,0.874013
4.4,31213,3362,200,1.023530
4.4,31213,3362,250,1.179258
4.4,31213,3362,300,0.832607
4.4,31213,3362,350,0.830968
4.4,31213,3362,400,1.163354
4.4,31213,3362,450,0.940600
4.4,31213,3362,500,0.599923
4.4,31213,3362,600,0.680924
4.4,31213,3362,700,0.465491
4.4,31213,3362,800,1.014534
4.4,31213,3362,900,0.929760
4.4,31213,3362,1000,0.809362
4.4,31213,3362,1250,0.656907
4.4,31213,3362,1500,0.688509
4.4,31213,3362,1750,0.491786
4.4,31213,3362,2000,0.295709
4.4,31213,3362,2250,0.192594
4.4,31213,3362,2500,0.365242
4.4,31213,3362,2750,0.601426
4.4,31213,3362,3000,0.639235
4.4,31213,3362,3250,0.646170
4.4,31213,3362,3500,0.532295
4.4,31213,3362,3750,0.432762
4.4,31213,3362,4000,0.494168
4.4,31213,3362,4250,0.344034
4.4,31213,3362,4500,0.295310
4.4,31213,3362,4750,0.292738
4.4,31213,3362,5000,0.302007
4.4,31213,3362,5250,0.046607
4.4,31213,3362,5500,0.011183
4.4,31213,3362,5750,0.053950
4.4,31213,3362,6000,0.089536
4.4,31213,3362,6250,0.026817
4.4,31213,3362,6500,0.090501
4.4,31213,3362,6750,0.068159
4.4,31213,3362,7000,0.099236
4.4,31213,3362,7250,0.076396
4.4,31213,3362,7500,0.080543
4.4,31213,3362,7750,0.096353
4.4,31213,3362,8000,0.087202
4.4,32099,3445,50,0.066526
4.4,32099,3445,100,1.568247
4.4,32099,3445,150,2.037981
4.4,32099,3445,200,2.335603
4.4,32099,3445,250,2.462165
4.4,32099,3445,300,2.004598
4.4,32099,3445,350,1.960815
4.4,32099,3445,400,1.559271
4.4,32099,3445,450,1.600805
4.4,32099,3445,500,1.215873
4.4,32099,3445,600,1.199514
4.4,32099,3445,700,1.516279
4.4,32099,3445,800,1.082116
4.4,32099,3445,900,1.097144
4.4,32099,3445,1000,1.023035
4.4,32099,3445,1250,1.003506
4.4,32099,3445,1500,0.684795
4.4,32099,3445,1750,0.627435
4.4,32099,3445,2000,0.525646
4.4,32099,3445,2250,0.627992
4.4,32099,3445,2500,0.498982
4.4,32099,3445,2750,0.771214
4.4,32099,3445,3000,0.730521
4.4,32099,3445,3250,0.520938
4.4,32099,3445,3500,0.573573
4.4,32099,3445,3750,0.664209
4.4,32099,3445,4000,0.652244
4.4,32099,3445,4250,0.674628
4.4,32099,3445,4500,0.696614
4.4,32099,3445,4750,0.568219
4.4,32099,3445,5000,0.795104
4.4,32099,3445,5250,0.778917
4.4,32099,3445,5500,0.668457
4.4,32099,3445,5750,0.643223
4.4,32099,3445,6000,0.619968
4.4,32099,3445,6250,0.535059
4.4,32099,3445,6500,0.569055
4.4,32099,3445,6750,0.432982
4.4,32099,3445,7000,0.453481
4.4,32099,3445,7250,0.454260
4.4,32099,3445,7500,0.421283
4.4,32099,3445,7750,0.479312
4.4,32099,3445,8000,0.486918
4.4,32500,3487,50,1.649531
4.4,32500,3487,100,0.426784
4.4,32500,3487,150,0.076463
4.4,32500,3487,200,0.540876
4.4,32500,3487,250,0.139365
4.4,32500,3487,300,0.403687
4.4,32500,3487,350,0.614197
4.4,32500,3487,400,0.703116
4.4,32500,3487,450,0.852341
4.4,32500,3487,500,0.458460
4.4,32500,3487,600,0.258688
4.4,32500,3487,700,0.216473
4.4,32500,3487,800,0.267549
4.4,32500,3487,900,0.275969
4.4,32500,3487,1000,0.381697
4.4,32500,3487,1250,0.090001
4.4,32500,3487,1500,0.073169
4.4,32500,3487,1750,0.165148
4.4,32500,3487,2000,0.165019
4.4,32500,3487,2250,0.080749
4.4,32500,3487,2500,0.079078
4.4,32500,3487,2750,0.260943
4.4,32500,3487,3000,0.005066
4.4,32500,3487,3250,0.052338
4.4,32500,3487,3500,0.026060
4.4,32500,3487,3750,0.017747
4.4,32500,3487,4000,0.101933
4.4,32500,3487,4250,0.015851
4.4,32500,3487,4500,0.077437
4.4,32500,3487,4750,0.148667
4.4,32500,3487,5000,0.380525
4.4,32500,3487,5250,0.374760
4.4,32500,3487,5500,0.166713
4.4,32500,3487,5750,0.199328
4.4,32500,3487,6000,0.144309
4.4,32500,3487,6250,0.195203
4.4,32500,3487,6500,0.074815
4.4,32500,3487,6750,0.071327
4.4,32500,3487,7000,0.024731
4.4,32500,3487,7250,0.079755
4.4,32500,3487,7500,0.005640
4.4,32500,3487,7750,0.002447
4.4,32500,3487,8000,0.070602
4.4,33087,3547,50,0.647877
4.4,33087,3547,100,2.004171
4.4,33087,3547,150,1.397792
4.4,33087,3547,200,0.907193
4.4,33087,3547,250,0.758499
4.4,33087,3547,300,0.674676
4.4,33087,3547,350,0.790179
4.4,33087,3547,400,0.438160
4.4,33087,3547,450,0.235632
4.4,33087,3547,500,0.250786
4.4,33087,3547,600,0.065577
4.4,33087,3547,700,0.335912
4.4,33087,3547,800,0.408719
4.4,33087,3547,900,0.545369
4.4,33087,3547,1000,0.579910
4.4,33087,3547,1250,0.091911
4.4,33087,3547,1500,0.006060
4.4,33087,3547,1750,0.199103
4.4,33087,3547,2000,0.169978
4.4,33087,3547,2250,0.240595
4.4,33087,3547,2500,0.054365
4.4,33087,3547,2750,0.181459
4.4,33087,3547,3000,0.279007
4.4,33087,3547,3250,0.194611
4.4,33087,3547,3500,0.318046
4.4,33087,3547,3750,0.343448
4.4,33087,3547,4000,0.300825
4.4,33087,3547,4250,0.246898
4.4,33087,3547,4500,0.203060
4.4,33087,3547,4750,0.104940
4.4,33087,3547,5000,0.062272
4.4,33087,3547,5250,0.089111
4.4,33087,3547,5500,0.068068
4.4,33087,3547,5750,0.076512
4.4,33087,3547,6000,0.144435
4.4,33087,3547,6250,0.056320
4.4,33087,3547,6500,0.084639
4.4,33087,3547,6750,0.145075
4.4,33087,3547,7000,0.124055
4.4,33087,3547,7250,0.182098
4.4,33087,3547,7500,0.213183
4.4,33087,3547,7750,0.204085
4.4,33087,3547,8000,0.108564
4.4,33189,3556,50,0.664249
4.4,33189,3556,100,1.149058
4.4,33189,3556,150,0.356417
4.4,33189,3556,200,0.056005
4.4,33189,3556,250,0.287741
4.4,33189,3556,300,0.069443
4.4,33189,3556,350,0.330913
4.4,33189,3556,400,0.030434
4.4,33189,3556,450,0.039786
4.4,33189,3556,500,0.156894
4.4,33189,3556,600,0.125399
4.4,33189,3556,700,0.412623
4.4,33189,3556,800,0.519393
4.4,33189,3556,900,0.650978
4.4,33189,3556,1000,0.739157
4.4,33189,3556,1250,0.374284
4.4,33189,3556,1500,0.487586
4.4,33189,3556,1750,0.330212
4.4,33189,3556,2000,0.273900
4.4,33189,3556,2250,0.455939
4.4,33189,3556,2500,0.208669
4.4,33189,3556,2750,0.260520
4.4,33189,3556,3000,0.253666
4.4,33189,3556,3250,0.421895
4.4,33189,3556,3500,0.248136
4.4,33189,3556,3750,0.222690
4.4,33189,3556,4000,0.213901
4.4,33189,3556,4250,0.089643
4.4,33189,3556,4500,0.060439
4.4,33189,3556,4750,0.055049
4.4,33189,3556,5000,0.017777
4.4,33189,3556,5250,0.019636
4.4,33189,3556,5500,0.002615
4.4,33189,3556,5750,0.085598
4.4,33189,3556,6000,0.176009
4.4,33189,3556,6250,0.184203
4.4,33189,3556,6500,0.315307
4.4,33189,3556,6750,0.201699
4.4,33189,3556,7000,0.230188
4.4,33189,3556,7250,0.174274
4.4,33189,3556,7500,0.289777
4.4,33189,3556,7750,0.285357
4.4,33189,3556,8000,0.225117
4.4,34615,3698,50,1.474995
4.4,34615,3698,100,1.539281
4.4,34615,3698,150,0.019300
4.4,34615,3698,200,0.697802
4.4,34615,3698,250,0.691035
4.4,34615,3698,300,1.188373
4.4,34615,3698,350,1.354596
4.4,34615,3698,400,1.088451
4.4,34615,3698,450,1.034342
4.4,34615,3698,500,1.161576
4.4,34615,3698,600,0.630509
4.4,34615,3698,700,1.190617
4.4,34615,3698,800,1.244027
4.4,34615,3698,900,1.348461
4.4,34615,3698,1000,1.303069
4.4,34615,3698,1250,1.355973
4.4,34615,3698,1500,1.389814
4.4,34615,3698,1750,1.463339
4.4,34615,3698,2000,1.162121
4.4,34615,3698,2250,0.995341
4.4,34615,3698,2500,0.811303
4.4,34615,3698,2750,0.734573
4.4,34615,3698,3000,0.774248
4.4,34615,3698,3250,0.661653
4.4,34615,3698,3500,0.569697
4.4,34615,3698,3750,0.627717
4.4,34615,3698,4000,0.513296
4.4,34615,3698,4250,0.477288
4.4,34615,3698,4500,0.493843
4.4,34615,3698,4750,0.480631
4.4,34615,3698,5000,0.512860
4.4,34615,3698,5250,0.474631
4.4,34615,3698,5500,0.541262
4.4,34615,3698,5750,0.624869
4.4,34615,3698,6000,0.562852
4.4,34615,3698,6250,0.510037
4.4,34615,3698,6500,0.535505
4.4,34615,3698,6750,0.579542
4.4,34615,3698,7000,0.496789
4.4,34615,3698,7250,0.399135
4.4,34615,3698,7500,0.440557
4.4,34615,3698,7750,0.459472
4.4,34615,3698,8000,0.509913
4.4,34736,3709,50,0.885804
4.4,34736,3709,100,0.266478
4.4,34736,3709,150,0.739739
4.4,34736,3709,200,0.163765
4.4,34736,3709,250,0.229452
4.4,34736,3709,300,0.250738
4.4,34736,3709,350,0.589774
4.4,34736,3709,400,0.319340
4.4,34736,3709,450,0.170532
4.4,34736,3709,500,0.327864
4.4,34736,3709,600,0.200431
4.4,34736,3709,700,0.356755
4.4,34736,3709,800,0.793256
4.4,34736,3709,900,0.894630
4.4,34736,3709,1000,0.751542
4.4,34736,3709,1250,0.698958
4.4,34736,3709,1500,0.825200
4.4,34736,3709,1750,0.703171
4.4,34736,3709,2000,0.428487
4.4,34736,3709,2250,0.274220
4.4,34736,3709,2500,0.079873
4.4,34736,3709,2750,0.005701
4.4,34736,3709,3000,0.067415
4.4,34736,3709,3250,0.101105
4.4,34736,3709,3500,0.004826
4.4,34736,3709,3750,0.053056
4.4,34736,3709,4000,0.101644
4.4,34736,3709,4250,0.057752
4.4,34736,3709,4500,0.110714
4.4,34736,3709,4750,0.004531
4.4,34736,3709,5000,0.010803
4.4,34736,3709,5250,0.032882
4.4,34736,3709,5500,0.097839
4.4,34736,3709,5750,0.217686
4.4,34736,3709,6000,0.161739
4.4,34736,3709,6250,0.031985
4.4,34736,3709,6500,0.057997
4.4,34736,3709,6750,0.004882
4.4,34736,3709,7000,0.074797
4.4,34736,3709,7250,0.207904
4.4,34736,3709,7500,0.249601
4.4,34736,3709,7750,0.240711
4.4,34736,3709,8000,0.302586
4.4,35157,3749,50,1.443096
4.4,35157,3749,100,1.635852
4.4,35157,3749,150,2.237304
4.4,35157,3749,200,2.374822
4.4,35157,3749,250,2.545550
4.4,35157,3749,300,2.034465
4.4,35157,3749,350,1.727445
4.4,35157,3749,400,1.783004
4.4,35157,3749,450,1.571547
4.4,35157,3749,500,1.701100
4.4,35157,3749,600,1.314733
4.4,35157,3749,700,0.806227
4.4,35157,3749,800,0.371152
4.4,35157,3749,900,0.485092
4.4,35157,3749,1000,0.368786
4.4,35157,3749,1250,0.112162
4.4,35157,3749,1500,0.414924
4.4,35157,3749,1750,0.321730
4.4,35157,3749,2000,0.060320
4.4,35157,3749,2250,0.284225
4.4,35157,3749,2500,0.038868
4.4,35157,3749,2750,0.257761
4.4,35157,3749,3000,0.137706
4.4,35157,3749,3250,0.028797
4.4,35157,3749,3500,0.024846
4.4,35157,3749,3750,0.072705
4.4,35157,3749,4000,0.102882
4.4,35157,3749,4250,0.114292
4.4,35157,3749,4500,0.157615
4.4,35157,3749,4750,0.010105
4.4,35157,3749,5000,0.050002
4.4,35157,3749,5250,0.069311
4.4,35157,3749,5500,0.026748
4.4,35157,3749,5750,0.101127
4.4,35157,3749,6000,0.126420
4.4,35157,3749,6250,0.051105
4.4,35157,3749,6500,0.061250
4.4,35157,3749,6750,0.083839
4.4,35157,3749,7000,0.072364
4.4,35157,3749,7250,0.081063
4.4,35157,3749,7500,0.002586
4.4,35157,3749,7750,0.013502
4.4,35157,3749,8000,0.025838
4.4,35442,3774,50,0.592589
4.4,35442,3774,100,1.057716
4.4,35442,3774,150,0.493364
4.4,35442,3774,200,0.321559
4.4,35442,3774,250,0.645811
4.4,35442,3774,300,0.021744
4.4,35442,3774,350,0.135795
4.4,35442,3774,400,0.551598
4.4,35442,3774,450,0.247740
4.4,35442,3774,500,0.437647
4.4,35442,3774,600,0.514645
4.4,35442,3774,700,0.257208
4.4,35442,3774,800,0.585195
4.4,35442,3774,900,0.429436
4.4,35442,3774,1000,0.359115
4.4,35442,3774,1250,0.003502
4.4,35442,3774,1500,0.287257
4.4,35442,3774,1750,0.223633
4.4,35442,3774,2000,0.466983
4.4,35442,3774,2250,0.724184
4.4,35442,3774,2500,0.704051
4.4,35442,3774,2750,0.430142
4.4,35442,3774,3000,0.385350
4.4,35442,3774,3250,0.285873
4.4,35442,3774,3500,0.186055
4.4,35442,3774,3750,0.293474
4.4,35442,3774,4000,0.313208
4.4,35442,3774,4250,0.315640
4.4,35442,3774,4500,0.267377
4.4,35442,3774,4750,0.121824
4.4,35442,3774,5000,0.094637
4.4,35442,3774,5250,0.113268
4.4,35442,3774,5500,0.002364
4.4,35442,3774,5750,0.027016
4.4,35442,3774,6000,0.048406
4.4,35442,3774,6250,0.063776
4.4,35442,3774,6500,0.116369
4.4,35442,3774,6750,0.077298
4.4,35442,3774,7000,0.062817
4.4,35442,3774,7250,0.074480
4.4,35442,3774,7500,0.033322
4.4,35442,3774,7750,0.000330
4.4,35442,3774,8000,0.091349
4.4,35623,3793,50,3.463529
4.4,35623,3793,100,3.341793
4.4,35623,3793,150,3.832353
4.4,35623,3793,200,3.158083
4.4,35623,3793,250,3.054483
4.4,35623,3793,300,2.491568
4.4,35623,3793,350,2.146603
4.4,35623,3793,400,1.793725
4.4,35623,3793,450,2.049768
4.4,35623,3793,500,1.996721
4.4,35623,3793,600,1.528715
4.4,35623,3793,700,0.915864
4.4,35623,3793,800,1.101257
4.4,35623,3793,900,0.895337
4.4,35623,3793,1000,0.828535
4.4,35623,3793,1250,0.664641
4.4,35623,3793,1500,0.823074
4.4,35623,3793,1750,0.857914
4.4,35623,3793,2000,0.740164
4.4,35623,3793,2250,0.614420
4.4,35623,3793,2500,0.359687
4.4,35623,3793,2750,0.130353
4.4,35623,3793,3000,0.108737
4.4,35623,3793,3250,0.051421
4.4,35623,3793,3500,0.042477
4.4,35623,3793,3750,0.050092
4.4,35623,3793,4000,0.064635
4.4,35623,3793,4250,0.033108
4.4,35623,3793,4500,0.109732
4.4,35623,3793,4750,0.132659
4.4,35623,3793,5000,0.172010
4.4,35623,3793,5250,0.165549
4.4,35623,3793,5500,0.169507
4.4,35623,3793,5750,0.109618
4.4,35623,3793,6000,0.058296
4.4,35623,3793,6250,0.194913
4.4,35623,3793,6500,0.267949
4.4,35623,3793,6750,0.253338
4.4,35623,3793,7000,0.280421
4.4,35623,3793,7250,0.254716
4.4,35623,3793,7500,0.346704
4.4,35623,3793,7750,0.368704
4.4,35623,3793,8000,0.263162
4.4,35935,3817,50,0.272986
4.4,35935,3817,100,0.502937
4.4,35935,3817,150,0.015052
4.4,35935,3817,200,0.589061
4.4,35935,3817,250,0.440490
4.4,35935,3817,300,0.811600
4.4,35935,3817,350,0.354707
4.4,35935,3817,400,0.171477
4.4,35935,3817,450,0.134235
4.4,35935,3817,500,0.166851
4.4,35935,3817,600,0.237190
4.4,35935,3817,700,0.658814
4.4,35935,3817,800,0.483426
4.4,35935,3817,900,0.666505
4.4,35935,3817,1000,0.713197
4.4,35935,3817,1250,0.823936
4.4,35935,3817,1500,1.020613
4.4,35935,3817,1750,0.922624
4.4,35935,3817,2000,0.715436
4.4,35935,3817,2250,0.673287
4.4,35935,3817,2500,0.374726
4.4,35935,3817,2750,0.591004
4.4,35935,3817,3000,0.501868
4.4,35935,3817,3250,0.538737
4.4,35935,3817,3500,0.559333
4.4,35935,3817,3750,0.549091
4.4,35935,3817,4000,0.586034
4.4,35935,3817,4250,0.625606
4.4,35935,3817,4500,0.573469
4.4,35935,3817,4750,0.540533
4.4,35935,3817,5000,0.439595
4.4,35935,3817,5250,0.410356
4.4,35935,3817,5500,0.421604
4.4,35935,3817,5750,0.406636
4.4,35935,3817,6000,0.481988
4.4,35935,3817,6250,0.530039
4.4,35935,3817,6500,0.548164
4.4,35935,3817,6750,0.519147
4.4,35935,3817,7000,0.509154
4.4,35935,3817,7250,0.496774
4.4,35935,3817,7500,0.417151
4.4,35935,3817,7750,0.418711
4.4,35935,3817,8000,0.314955
4.4,36590,3880,50,0.637205
4.4,36590,3880,100,0.081633
4.4,36590,3880,150,1.355004
4.4,36590,3880,200,1.943451
4.4,36590,3880,250,1.387981
4.4,36590,3880,300,1.016509
4.4,36590,3880,350,1.717680
4.4,36590,3880,400,1.043788
4.4,36590,3880,450,1.224462
4.4,36590,3880,500,1.354734
4.4,36590,3880,600,0.913571
4.4,36590,3880,700,0.900417
4.4,36590,3880,800,0.669130
4.4,36590,3880,900,0.611197
4.4,36590,3880,1000,0.751152
4.4,36590,3880,1250,0.934482
4.4,36590,3880,1500,0.799184
4.4,36590,3880,1750,0.545899
4.4,36590,3880,2000,0.351461
4.4,36590,3880,2250,0.315849
4.4,36590,3880,2500,0.480429
4.4,36590,3880,2750,0.401726
4.4,36590,3880,3000,0.353512
4.4,36590,3880,3250,0.354217
4.4,36590,3880,3500,0.411107
4.4,36590,3880,3750,0.382839
4.4,36590,3880,4000,0.274228
4.4,36590,3880,4250,0.276623
4.4,36590,3880,4500,0.240055
4.4,36590,3880,4750,0.281842
4.4,36590,3880,5000,0.274757
4.4,36590,3880,5250,0.380474
4.4,36590,3880,5500,0.359877
4.4,36590,3880,5750,0.417816
4.4,36590,3880,6000,0.535948
4.4,36590,3880,6250,0.636931
4.4,36590,3880,6500,0.585621
4.4,36590,3880,6750,0.560678
4.4,36590,3880,7000,0.618879
4.4,36590,3880,7250,0.647808
4.4,36590,3880,7500,0.556593
4.4,36590,3880,7750,0.613390
4.4,36590,3880,8000,0.496513
4.4,36674,3887,50,0.886483
4.4,36674,3887,100,1.689488
4.4,36674,3887,150,0.945736
4.4,36674,3887,200,0.409819
4.4,36674,3887,250,0.743571
4.4,36674,3887,300,0.583687
4.4,36674,3887,350,0.601522
4.4,36674,3887,400,0.788179
4.4,36674,3887,450,1.163782
4.4,36674,3887,500,1.109767
4.4,36674,3887,600,0.936414
4.4,36674,3887,700,0.611687
4.4,36674,3887,800,0.394359
4.4,36674,3887,900,0.242092
4.4,36674,3887,1000,0.373706
4.4,36674,3887,1250,0.518747
4.4,36674,3887,1500,0.571528
4.4,36674,3887,1750,0.300140
4.4,36674,3887,2000,0.399598
4.4,36674,3887,2250,0.441478
4.4,36674,3887,2500,0.177183
4.4,36674,3887,2750,0.113156
4.4,36674,3887,3000,0.188928
4.4,36674,3887,3250,0.172939
4.4,36674,3887,3500,0.266089
4.4,36674,3887,3750,0.244508
4.4,36674,3887,4000,0.136989
4.4,36674,3887,4250,0.113856
4.4,36674,3887,4500,0.022131
4.4,36674,3887,4750,0.020442
4.4,36674,3887,5000,0.070966
4.4,36674,3887,5250,0.031162
4.4,36674,3887,5500,0.003388
4.4,36674,3887,5750,0.026610
4.4,36674,3887,6000,0.110603
4.4,36674,3887,6250,0.062158
4.4,36674,3887,6500,0.097340
4.4,36674,3887,6750,0.133136
4.4,36674,3887,7000,0.090054
4.4,36674,3887,7250,0.176347
4.4,36674,3887,7500,0.136277
4.4,36674,3887,7750,0.218600
4.4,36674,3887,8000,0.138273
4.4,37102,3933,50,1.033298
4.4,37102,3933,100,1.417557
4.4,37102,3933,150,1.100693
4.4,37102,3933,200,0.996244
4.4,37102,3933,250,0.407204
4.4,37102,3933,300,0.413322
4.4,37102,3933,350,0.024389
4.4,37102,3933,400,0.630737
4.4,37102,3933,450,0.669781
4.4,37102,3933,500,0.565318
4.4,37102,3933,600,0.032957
4.4,37102,3933,700,0.178653
4.4,37102,3933,800,0.505578
4.4,37102,3933,900,0.347783
4.4,37102,3933,1000,0.501438
4.4,37102,3933,1250,0.041798
4.4,37102,3933,1500,0.021275
4.4,37102,3933,1750,0.332027
4.4,37102,3933,2000,0.323160
4.4,37102,3933,2250,0.333747
4.4,37102,3933,2500,0.279424
4.4,37102,3933,2750,0.308601
4.4,37102,3933,3000,0.344742
4.4,37102,3933,3250,0.524710
4.4,37102,3933,3500,0.551018
4.4,37102,3933,3750,0.463835
4.4,37102,3933,4000,0.479174
4.4,37102,3933,4250,0.438463
4.4,37102,3933,4500,0.583939
4.4,37102,3933,4750,0.548792
4.4,37102,3933,5000,0.501068
4.4,37102,3933,5250,0.508593
4.4,37102,3933,5500,0.460509
4.4,37102,3933,5750,0.421180
4.4,37102,3933,6000,0.295821
4.4,37102,3933,6250,0.283008
4.4,37102,3933,6500,0.234478
4.4,37102,3933,6750,0.294248
4.4,37102,3933,7000,0.310851
4.4,37102,3933,7250,0.248819
4.4,37102,3933,7500,0.180265
4.4,37102,3933,7750,0.092192
4.4,37102,3933,8000,0.169408
4.5,32059,3439,50,2.082860
4.5,32059,3439,100,0.490348
4.5,32059,3439,150,0.050394
4.5,32059,3439,200,0.080315
4.5,32059,3439,250,0.491630
4.5,32059,3439,300,0.277656
4.5,32059,3439,350,0.240949
4.5,32059,3439,400,0.118622
4.5,32059,3439,450,0.199284
4.5,32059,3439,500,0.118288
4.5,32059,3439,600,0.195430
4.5,32059,3439,700,0.277695
4.5,32059,3439,800,0.121970
4.5,32059,3439,900,0.111338
4.5,32059,3439,1000,0.043001
4.5,32059,3439,1250,0.047661
4.5,32059,3439,1500,0.385873
4.5,32059,3439,1750,0.423351
4.5,32059,3439,2000,0.527284
4.5,32059,3439,2250,0.443249
4.5,32059,3439,2500,0.601384
4.5,32059,3439,2750,0.373947
4.5,32059,3439,3000,0.684121
4.5,32059,3439,3250,0.720694
4.5,32059,3439,3500,0.681819
4.5,32059,3439,3750,0.710019
4.5,32059,3439,4000,0.686743
4.5,32059,3439,4250,0.736175
4.5,32059,3439,4500,0.751465
4.5,32059,3439,4750,0.649562
4.5,32059,3439,5000,0.854167
4.5,32059,3439,5250,0.883914
4.5,32059,3439,5500,0.806039
4.5,32059,3439,5750,0.844351
4.5,32059,3439,6000,0.741299
4.5,32059,3439,6250,0.861827
4.5,32059,3439,6500,0.732862
4.5,32059,3439,6750,0.770800
4.5,32059,3439,7000,0.763781
4.5,32059,3439,7250,0.770265
4.5,32059,3439,7500,0.816543
4.5,32059,3439,7750,0.783197
4.5,32059,3439,8000,0.787947
4.5,32218,3456,50,0.598307
4.5,32218,3456,100,0.288908
4.5,32218,3456,150,0.529846
4.5,32218,3456,200,0.972280
4.5,32218,3456,250,0.427110
4.5,32218,3456,300,0.306654
4.5,32218,3456,350,0.412178
4.5,32218,3456,400,0.595705
4.5,32218,3456,450,0.520433
4.5,32218,3456,500,0.878721
4.5,32218,3456,600,0.882561
4.5,32218,3456,700,0.559963
4.5,32218,3456,800,0.696857
4.5,32218,3456,900,0.506782
4.5,32218,3456,1000,0.547371
4.5,32218,3456,1250,0.401642
4.5,32218,3456,1500,0.086846
4.5,32218,3456,1750,0.183257
4.5,32218,3456,2000,0.339449
4.5,32218,3456,2250,0.270712
4.5,32218,3456,2500,0.312033
4.5,32218,3456,2750,0.483187
4.5,32218,3456,3000,0.471681
4.5,32218,3456,3250,0.339167
4.5,32218,3456,3500,0.272735
4.5,32218,3456,3750,0.186881
4.5,32218,3456,4000,0.231776
4.5,32218,3456,4250,0.226793
4.5,32218,3456,4500,0.254893
4.5,32218,3456,4750,0.159879
4.5,32218,3456,5000,0.342214
4.5,32218,3456,5250,0.236383
4.5,32218,3456,5500,0.396946
4.5,32218,3456,5750,0.461743
4.5,32218,3456,6000,0.375743
4.5,32218,3456,6250,0.392784
4.5,32218,3456,6500,0.371864
4.5,32218,3456,6750,0.290207
4.5,32218,3456,7000,0.305154
4.5,32218,3456,7250,0.338315
4.5,32218,3456,7500,0.347642
4.5,32218,3456,7750,0.294871
4.5,32218,3456,8000,0.315808
4.5,32363,3472,50,0.784482
4.5,32363,3472,100,0.532321
4.5,32363,3472,150,0.174789
4.5,32363,3472,200,0.090188
4.5,32363,3472,250,0.204857
4.5,32363,3472,300,0.688865
4.5,32363,3472,350,0.716558
4.5,32363,3472,400,0.617123
4.5,32363,3472,450,0.762087
4.5,32363,3472,500,0.352953
4.5,32363,3472,600,0.231256
4.5,32363,3472,700,0.118374
4.5,32363,3472,800,0.509312
4.5,32363,3472,900,0.330271
4.5,32363,3472,1000,0.381033
4.5,32363,3472,1250,0.129193
4.5,32363,3472,1500,0.313219
4.5,32363,3472,1750,0.212802
4.5,32363,3472,2000,0.211093
4.5,32363,3472,2250,0.109562
4.5,32363,3472,2500,0.087466
4.5,32363,3472,2750,0.370157
4.5,32363,3472,3000,0.460297
4.5,32363,3472,3250,0.475555
4.5,32363,3472,3500,0.522338
4.5,32363,3472,3750,0.493532
4.5,32363,3472,4000,0.554839
4.5,32363,3472,4250,0.499221
4.5,32363,3472,4500,0.498327
4.5,32363,3472,4750,0.579823
4.5,32363,3472,5000,0.790598
4.5,32363,3472,5250,0.654956
4.5,32363,3472,5500,0.796669
4.5,32363,3472,5750,0.811228
4.5,32363,3472,6000,0.850614
4.5,32363,3472,6250,0.931341
4.5,32363,3472,6500,0.795381
4.5,32363,3472,6750,0.694587
4.5,32363,3472,7000,0.705826
4.5,32363,3472,7250,0.646835
4.5,32363,3472,7500,0.655812
4.5,32363,3472,7750,0.692966
4.5,32363,3472,8000,0.660192
4.5,32834,3521,50,0.712694
4.5,32834,3521,100,0.099637
4.5,32834,3521,150,0.556400
4.5,32834,3521,200,1.003271
4.5,32834,3521,250,1.146264
4.5,32834,3521,300,1.305695
4.5,32834,3521,350,1.156991
4.5,32834,3521,400,1.334038
4.5,32834,3521,450,1.194787
4.5,32834,3521,500,1.127177
4.5,32834,3521,600,1.010458
4.5,32834,3521,700,0.601477
4.5,32834,3521,800,0.372556
4.5,32834,3521,900,0.310434
4.5,32834,3521,1000,0.345650
4.5,32834,3521,1250,0.196470
4.5,32834,3521,1500,0.047374
4.5,32834,3521,1750,0.183805
4.5,32834,3521,2000,0.125884
4.5,32834,3521,2250,0.013353
4.5,32834,3521,2500,0.231417
4.5,32834,3521,2750,0.306310
4.5,32834,3521,3000,0.451981
4.5,32834,3521,3250,0.435958
4.5,32834,3521,3500,0.383592
4.5,32834,3521,3750,0.390940
4.5,32834,3521,4000,0.420508
4.5,32834,3521,4250,0.568731
4.5,32834,3521,4500,0.497420
4.5,32834,3521,4750,0.463964
4.5,32834,3521,5000,0.551023
4.5,32834,3521,5250,0.519476
4.5,32834,3521,5500,0.395565
4.5,32834,3521,5750,0.550796
4.5,32834,3521,6000,0.576536
4.5,32834,3521,6250,0.673499
4.5,32834,3521,6500,0.794857
4.5,32834,3521,6750,0.785297
4.5,32834,3521,7000,0.716752
4.5,32834,3521,7250,0.649688
4.5,32834,3521,7500,0.536183
4.5,32834,3521,7750,0.527974
4.5,32834,3521,8000,0.616210
4.5,33121,3551,50,1.197794
4.5,33121,3551,100,2.758279
4.5,33121,3551,150,2.024573
4.5,33121,3551,200,1.495446
4.5,33121,3551,250,1.256784
4.5,33121,3551,300,1.275875
4.5,33121,3551,350,1.247756
4.5,33121,3551,400,1.143736
4.5,33121,3551,450,0.919065
4.5,33121,3551,500,0.698942
4.5,33121,3551,600,0.385391
4.5,33121,3551,700,0.942407
4.5,33121,3551,800,1.186731
4.5,33121,3551,900,1.305376
4.5,33121,3551,1000,1.403804
4.5,33121,3551,1250,1.068146
4.5,33121,3551,1500,1.153119
4.5,33121,3551,1750,0.797857
4.5,33121,3551,2000,0.890494
4.5,33121,3551,2250,0.786926
4.5,33121,3551,2500,0.993346
4.5,33121,3551,2750,0.885553
4.5,33121,3551,3000,0.801185
4.5,33121,3551,3250,0.808584
4.5,33121,3551,3500,0.835167
4.5,33121,3551,3750,0.856544
4.5,33121,3551,4000,0.827190
4.5,33121,3551,4250,0.681614
4.5,33121,3551,4500,0.693683
4.5,33121,3551,4750,0.624876
4.5,33121,3551,5000,0.517181
4.5,33121,3551,5250,0.526814
4.5,33121,3551,5500,0.519237
4.5,33121,3551,5750,0.396922
4.5,33121,3551,6000,0.322586
4.5,33121,3551,6250,0.384184
4.5,33121,3551,6500,0.267572
4.5,33121,3551,6750,0.291211
4.5,33121,3551,7000,0.231511
4.5,33121,3551,7250,0.170964
4.5,33121,3551,7500,0.295864
4.5,33121,3551,7750,0.281599
4.5,33121,3551,8000,0.309123
4.5,33523,3588,50,1.790549
4.5,33523,3588,100,1.895761
4.5,33523,3588,150,0.917217
4.5,33523,3588,200,0.524537
4.5,33523,3588,250,0.667902
4.5,33523,3588,300,0.986708
4.5,33523,3588,350,1.070026
4.5,33523,3588,400,0.671934
4.5,33523,3588,450,0.476618
4.5,33523,3588,500,0.287212
4.5,33523,3588,600,0.016649
4.5,33523,3588,700,0.487944
4.5,33523,3588,800,0.867771
4.5,33523,3588,900,0.736034
4.5,33523,3588,1000,0.619965
4.5,33523,3588,1250,0.047837
4.5,33523,3588,1500,0.032453
4.5,33523,3588,1750,0.149168
4.5,33523,3588,2000,0.209295
4.5,33523,3588,2250,0.194295
4.5,33523,3588,2500,0.166122
4.5,33523,3588,2750,0.064792
4.5,33523,3588,3000,0.050173
4.5,33523,3588,3250,0.049354
4.5,33523,3588,3500,0.059404
4.5,33523,3588,3750,0.074560
4.5,33523,3588,4000,0.002549
4.5,33523,3588,4250,0.063495
4.5,33523,3588,4500,0.082953
4.5,33523,3588,4750,0.124199
4.5,33523,3588,5000,0.155550
4.5,33523,3588,5250,0.193419
4.5,33523,3588,5500,0.293236
4.5,33523,3588,5750,0.350373
4.5,33523,3588,6000,0.265778
4.5,33523,3588,6250,0.258570
4.5,33523,3588,6500,0.234030
4.5,33523,3588,6750,0.318067
4.5,33523,3588,7000,0.425392
4.5,33523,3588,7250,0.385593
4.5,33523,3588,7500,0.327231
4.5,33523,3588,7750,0.368524
4.5,33523,3588,8000,0.300769
4.5,33583,3595,50,0.679489
4.5,33583,3595,100,1.378491
4.5,33583,3595,150,0.518884
4.5,33583,3595,200,0.515776
4.5,33583,3595,250,0.749344
4.5,33583,3595,300,0.809308
4.5,33583,3595,350,0.998234
4.5,33583,3595,400,0.862709
4.5,33583,3595,450,0.715093
4.5,33583,3595,500,0.555044
4.5,33583,3595,600,0.753879
4.5,33583,3595,700,0.600314
4.5,33583,3595,800,0.867977
4.5,33583,3595,900,0.721771
4.5,33583,3595,1000,0.638900
4.5,33583,3595,1250,0.217145
4.5,33583,3595,1500,0.222427
4.5,33583,3595,1750,0.356303
4.5,33583,3595,2000,0.438012
4.5,33583,3595,2250,0.369826
4.5,33583,3595,2500,0.220088
4.5,33583,3595,2750,0.311707
4.5,33583,3595,3000,0.321928
4.5,33583,3595,3250,0.277237
4.5,33583,3595,3500,0.181147
4.5,33583,3595,3750,0.257688
4.5,33583,3595,4000,0.259277
4.5,33583,3595,4250,0.153742
4.5,33583,3595,4500,0.197918
4.5,33583,3595,4750,0.167251
4.5,33583,3595,5000,0.122771
4.5,33583,3595,5250,0.098196
4.5,33583,3595,5500,0.080249
4.5,33583,3595,5750,0.013068
4.5,33583,3595,6000,0.096648
4.5,33583,3595,6250,0.003917
4.5,33583,3595,6500,0.063057
4.5,33583,3595,6750,0.140764
4.5,33583,3595,7000,0.238817
4.5,33583,3595,7250,0.201071
4.5,33583,3595,7500,0.191233
4.5,33583,3595,7750,0.215548
4.5,33583,3595,8000,0.284908
4.5,33660,3607,50,3.772612
4.5,33660,3607,100,2.438014
4.5,33660,3607,150,2.792912
4.5,33660,3607,200,2.294796
4.5,33660,3607,250,2.159684
4.5,33660,3607,300,2.485819
4.5,33660,3607,350,2.451870
4.5,33660,3607,400,2.119992
4.5,33660,3607,450,1.928020
4.5,33660,3607,500,1.726885
4.5,33660,3607,600,1.525309
4.5,33660,3607,700,0.997702
4.5,33660,3607,800,1.080299
4.5,33660,3607,900,0.922646
4.5,33660,3607,1000,0.837666
4.5,33660,3607,1250,0.207732
4.5,33660,3607,1500,0.145371
4.5,33660,3607,1750,0.006749
4.5,33660,3607,2000,0.122336
4.5,33660,3607,2250,0.030172
4.5,33660,3607,2500,0.014089
4.5,33660,3607,2750,0.124189
4.5,33660,3607,3000,0.023738
4.5,33660,3607,3250,0.136272
4.5,33660,3607,3500,0.108556
4.5,33660,3607,3750,0.182253
4.5,33660,3607,4000,0.115177
4.5,33660,3607,4250,0.006291
4.5,33660,3607,4500,0.106301
4.5,33660,3607,4750,0.094612
4.5,33660,3607,5000,0.073907
4.5,33660,3607,5250,0.054681
4.5,33660,3607,5500,0.119326
4.5,33660,3607,5750,0.108226
4.5,33660,3607,6000,0.000774
4.5,33660,3607,6250,0.119496
4.5,33660,3607,6500,0.028302
4.5,33660,3607,6750,0.039208
4.5,33660,3607,7000,0.072732
4.5,33660,3607,7250,0.074933
4.5,33660,3607,7500,0.109791
4.5,33660,3607,7750,0.052567
4.5,33660,3607,8000,0.013750
4.5,34019,3639,50,0.577190
4.5,34019,3639,100,0.001013
4.5,34019,3639,150,0.537653
4.5,34019,3639,200,0.185729
4.5,34019,3639,250,0.024824
4.5,34019,3639,300,0.025005
4.5,34019,3639,350,0.266309
4.5,34019,3639,400,0.506550
4.5,34019,3639,450,0.622395
4.5,34019,3639,500,0.601476
4.5,34019,3639,600,0.221514
4.5,34019,3639,700,0.223904
4.5,34019,3639,800,0.523302
4.5,34019,3639,900,0.697170
4.5,34019,3639,1000,0.787177
4.5,34019,3639,1250,0.495730
4.5,34019,3639,1500,0.231619
4.5,34019,3639,1750,0.150424
4.5,34019,3639,2000,0.398413
4.5,34019,3639,2250,0.512993
4.5,34019,3639,2500,0.436757
4.5,34019,3639,2750,0.377670
4.5,34019,3639,3000,0.342598
4.5,34019,3639,3250,0.385866
4.5,34019,3639,3500,0.471353
4.5,34019,3639,3750,0.430934
4.5,34019,3639,4000,0.390390
4.5,34019,3639,4250,0.524239
4.5,34019,3639,4500,0.581695
4.5,34019,3639,4750,0.489486
4.5,34019,3639,5000,0.478935
4.5,34019,3639,5250,0.499918
4.5,34019,3639,5500,0.498295
4.5,34019,3639,5750,0.470811
4.5,34019,3639,6000,0.568604
4.5,34019,3639,6250,0.681930
4.5,34019,3639,6500,0.749737
4.5,34019,3639,6750,0.778086
4.5,34019,3639,7000,0.820871
4.5,34019,3639,7250,0.814582
4.5,34019,3639,7500,0.838616
4.5,34019,3639,7750,0.844244
4.5,34019,3639,8000,0.834646
4.5,34710,3707,50,1.367553
4.5,34710,3707,100,0.865493
4.5,34710,3707,150,0.370919
4.5,34710,3707,200,0.317831
4.5,34710,3707,250,0.677085
4.5,34710,3707,300,0.375103
4.5,34710,3707,350,0.120888
4.5,34710,3707,400,0.270541
4.5,34710,3707,450,0.465084
4.5,34710,3707,500,0.330205
4.5,34710,3707,600,0.625786
4.5,34710,3707,700,0.170256
4.5,34710,3707,800,0.152162
4.5,34710,3707,900,0.030100
4.5,34710,3707,1000,0.156025
4.5,34710,3707,1250,0.164612
4.5,34710,3707,1500,0.619317
4.5,34710,3707,1750,0.573152
4.5,34710,3707,2000,0.311498
4.5,34710,3707,2250,0.116973
4.5,34710,3707,2500,0.112443
4.5,34710,3707,2750,0.123573
4.5,34710,3707,3000,0.081356
4.5,34710,3707,3250,0.267096
4.5,34710,3707,3500,0.130800
4.5,34710,3707,3750,0.071699
4.5,34710,3707,4000,0.032669
4.5,34710,3707,4250,0.026294
4.5,34710,3707,4500,0.002276
4.5,34710,3707,4750,0.150011
4.5,34710,3707,5000,0.160854
4.5,34710,3707,5250,0.203674
4.5,34710,3707,5500,0.158969
4.5,34710,3707,5750,0.148553
4.5,34710,3707,6000,0.190239
4.5,34710,3707,6250,0.236011
4.5,34710,3707,6500,0.254308
4.5,34710,3707,6750,0.285244
4.5,34710,3707,7000,0.273760
4.5,34710,3707,7250,0.200890
4.5,34710,3707,7500,0.140311
4.5,34710,3707,7750,0.144850
4.5,34710,3707,8000,0.085070
4.5,35206,3752,50,0.049626
4.5,35206,3752,100,0.328949
4.5,35206,3752,150,0.270091
4.5,35206,3752,200,0.734826
4.5,35206,3752,250,1.117673
4.5,35206,3752,300,0.395122
4.5,35206,3752,350,0.121609
4.5,35206,3752,400,0.146079
4.5,35206,3752,450,0.184270
4.5,35206,3752,500,0.182724
4.5,35206,3752,600,0.080067
4.5,35206,3752,700,0.320872
4.5,35206,3752,800,0.223898
4.5,35206,3752,900,0.120814
4.5,35206,3752,1000,0.002409
4.5,35206,3752,1250,0.149623
4.5,35206,3752,1500,0.166460
4.5,35206,3752,1750,0.062229
4.5,35206,3752,2000,0.216349
4.5,35206,3752,2250,0.096083
4.5,35206,3752,2500,0.161913
4.5,35206,3752,2750,0.162787
4.5,35206,3752,3000,0.231135
4.5,35206,3752,3250,0.263527
4.5,35206,3752,3500,0.340147
4.5,35206,3752,3750,0.447031
4.5,35206,3752,4000,0.470586
4.5,35206,3752,4250,0.468337
4.5,35206,3752,4500,0.513297
4.5,35206,3752,4750,0.417324
4.5,35206,3752,5000,0.435324
4.5,35206,3752,5250,0.351824
4.5,35206,3752,5500,0.424900
4.5,35206,3752,5750,0.380193
4.5,35206,3752,6000,0.371945
4.5,35206,3752,6250,0.482518
4.5,35206,3752,6500,0.490207
4.5,35206,3752,6750,0.523829
4.5,35206,3752,7000,0.519334
4.5,35206,3752,7250,0.393288
4.5,35206,3752,7500,0.374933
4.5,35206,3752,7750,0.320673
4.5,35206,3752,8000,0.246081
4.5,37686,3990,50,2.062978
4.5,37686,3990,100,1.818085
4.5,37686,3990,150,1.077970
4.5,37686,3990,200,0.688553
4.5,37686,3990,250,0.053036
4.5,37686,3990,300,0.443729
4.5,37686,3990,350,0.409170
4.5,37686,3990,400,0.303454
4.5,37686,3990,450,0.555699
4.5,37686,3990,500,0.705907
4.5,37686,3990,600,0.889045
4.5,37686,3990,700,0.850350
4.5,37686,3990,800,0.810776
4.5,37686,3990,900,0.768700
4.5,37686,3990,1000,0.819746
4.5,37686,3990,1250,0.967571
4.5,37686,3990,1500,0.846236
4.5,37686,3990,1750,1.004448
4.5,37686,3990,2000,1.076140
4.5,37686,3990,2250,0.961696
4.5,37686,3990,2500,1.002882
4.5,37686,3990,2750,0.993510
4.5,37686,3990,3000,0.858596
4.5,37686,3990,3250,0.740702
4.5,37686,3990,3500,0.719864
4.5,37686,3990,3750,0.698718
4.5,37686,3990,4000,0.715048
4.5,37686,3990,4250,0.629423
4.5,37686,3990,4500,0.485001
4.5,37686,3990,4750,0.523500
4.5,37686,3990,5000,0.547094
4.5,37686,3990,5250,0.425339
4.5,37686,3990,5500,0.304849
4.5,37686,3990,5750,0.359668
4.5,37686,3990,6000,0.240460
4.5,37686,3990,6250,0.241657
4.5,37686,3990,6500,0.247140
4.5,37686,3990,6750,0.298170
4.5,37686,3990,7000,0.280009
4.5,37686,3990,7250,0.234507
4.5,37686,3990,7500,0.291188
4.5,37686,3990,7750,0.180098
4.5,37686,3990,8000,0.087626
4.5,38031,4018,50,0.195204
4.5,38031,4018,100,0.438711
4.5,38031,4018,150,0.206298
4.5,38031,4018,200,0.521104
4.5,38031,4018,250,1.209916
4.5,38031,4018,300,1.307700
4.5,38031,4018,350,0.734964
4.5,38031,4018,400,0.023241
4.5,38031,4018,450,0.098677
4.5,38031,4018,500,0.372931
4.5,38031,4018,600,0.119439
4.5,38031,4018,700,0.047814
4.5,38031,4018,800,0.298754
4.5,38031,4018,900,0.246225
4.5,38031,4018,1000,0.272233
4.5,38031,4018,1250,0.778074
4.5,38031,4018,1500,0.616401
4.5,38031,4018,1750,0.735571
4.5,38031,4018,2000,0.640042
4.5,38031,4018,2250,0.599713
4.5,38031,4018,2500,0.360520
4.5,38031,4018,2750,0.459213
4.5,38031,4018,3000,0.312459
4.5,38031,4018,3250,0.286696
4.5,38031,4018,3500,0.253979
4.5,38031,4018,3750,0.181979
4.5,38031,4018,4000,0.258764
4.5,38031,4018,4250,0.297249
4.5,38031,4018,4500,0.161988
4.5,38031,4018,4750,0.071674
4.5,38031,4018,5000,0.065294
4.5,38031,4018,5250,0.010773
4.5,38031,4018,5500,0.000736
4.5,38031,4018,5750,0.056798
4.5,38031,4018,6000,0.154489
4.5,38031,4018,6250,0.249574
4.5,38031,4018,6500,0.265799
4.5,38031,4018,6750,0.205384
4.5,38031,4018,7000,0.158978
4.5,38031,4018,7250,0.187324
4.5,38031,4018,7500,0.150665
4.5,38031,4018,7750,0.009829
4.5,38031,4018,8000,0.038592
4.5,40374,4235,50,0.244144
4.5,40374,4235,100,0.382960
4.5,40374,4235,150,0.446182
4.5,40374,4235,200,0.463047
4.5,40374,4235,250,0.042962
4.5,40374,4235,300,0.267724
4.5,40374,4235,350,0.236346
4.5,40374,4235,400,0.091747
4.5,40374,4235,450,0.577238
4.5,40374,4235,500,0.863827
4.5,40374,4235,600,1.040308
4.5,40374,4235,700,0.979599
4.5,40374,4235,800,0.805646
4.5,40374,4235,900,0.846762
4.5,40374,4235,1000,0.889546
4.5,40374,4235,1250,0.686750
4.5,40374,4235,1500,0.789922
4.5,40374,4235,1750,0.512268
4.5,40374,4235,2000,0.636606
4.5,40374,4235,2250,0.622224
4.5,40374,4235,2500,0.447474
4.5,40374,4235,2750,0.283765
4.5,40374,4235,3000,0.225068
4.5,40374,4235,3250,0.025578
4.5,40374,4235,3500,0.221690
4.5,40374,4235,3750,0.193799
4.5,40374,4235,4000,0.370614
4.5,40374,4235,4250,0.483959
4.5,40374,4235,4500,0.289072
4.5,40374,4235,4750,0.133868
4.5,40374,4235,5000,0.124487
4.5,40374,4235,5250,0.026756
4.5,40374,4235,5500,0.076923
4.5,40374,4235,5750,0.038617
4.5,40374,4235,6000,0.070827
4.5,40374,4235,6250,0.056287
4.5,40374,4235,6500,0.033033
4.5,40374,4235,6750,0.026849
4.5,40374,4235,7000,0.082614
4.5,40374,4235,7250,0.099983
4.5,40374,4235,7500,0.052809
4.5,40374,4235,7750,0.053409
4.5,40374,4235,8000,0.102580
4.5,41024,4294,50,0.431884
4.5,41024,4294,100,0.641379
4.5,41024,4294,150,0.183161
4.5,41024,4294,200,0.053502
4.5,41024,4294,250,0.398273
4.5,41024,4294,300,0.530732
4.5,41024,4294,350,0.570268
4.5,41024,4294,400,0.520508
4.5,41024,4294,450,0.329344
4.5,41024,4294,500,0.503597
4.5,41024,4294,600,0.595465
4.5,41024,4294,700,0.828272
4.5,41024,4294,800,0.630633
4.5,41024,4294,900,0.348346
4.5,41024,4294,1000,0.370940
4.5,41024,4294,1250,0.534758
4.5,41024,4294,1500,0.629010
4.5,41024,4294,1750,0.592565
4.5,41024,4294,2000,0.840064
4.5,41024,4294,2250,0.909676
4.5,41024,4294,2500,1.109032
4.5,41024,4294,2750,1.017629
4.5,41024,4294,3000,1.027371
4.5,41024,4294,3250,1.201138
4.5,41024,4294,3500,0.953160
4.5,41024,4294,3750,0.944436
4.5,41024,4294,4000,0.910524
4.5,41024,4294,4250,0.868052
4.5,41024,4294,4500,0.782687
4.5,41024,4294,4750,0.893245
4.5,41024,4294,5000,0.939134
4.5,41024,4294,5250,0.944470
4.5,41024,4294,5500,0.967473
4.5,41024,4294,5750,0.914001
4.5,41024,4294,6000,0.775193
4.5,41024,4294,6250,0.770240
4.5,41024,4294,6500,0.847430
4.5,41024,4294,6750,0.775412
4.5,41024,4294,7000,0.828610
4.5,41024,4294,7250,0.709269
4.5,41024,4294,7500,0.770126
4.5,41024,4294,7750,0.642198
4.5,41024,4294,8000,0.623883
4.5,41058,4298,50,1.252174
4.5,41058,4298,100,1.277602
4.5,41058,4298,150,0.751658
4.5,41058,4298,200,0.691523
4.5,41058,4298,250,0.857648
4.5,41058,4298,300,1.041462
4.5,41058,4298,350,1.009674
4.5,41058,4298,400,1.220816
4.5,41058,4298,450,1.469002
4.5,41058,4298,500,1.831259
4.5,41058,4298,600,1.810658
4.5,41058,4298,700,2.242025
4.5,41058,4298,800,2.045109
4.5,41058,4298,900,1.650916
4.5,41058,4298,1000,1.389979
4.5,41058,4298,1250,1.314203
4.5,41058,4298,1500,1.332046
4.5,41058,4298,1750,1.160985
4.5,41058,4298,2000,1.110266
4.5,41058,4298,2250,0.927741
4.5,41058,4298,2500,0.798189
4.5,41058,4298,2750,0.822273
4.5,41058,4298,3000,0.833448
4.5,41058,4298,3250,0.666246
4.5,41058,4298,3500,0.920834
4.5,41058,4298,3750,0.962741
4.5,41058,4298,4000,0.901407
4.5,41058,4298,4250,0.955041
4.5,41058,4298,4500,1.064976
4.5,41058,4298,4750,0.969292
4.5,41058,4298,5000,0.921751
4.5,41058,4298,5250,0.986187
4.5,41058,4298,5500,0.915486
4.5,41058,4298,5750,0.919227
4.5,41058,4298,6000,0.918273
4.5,41058,4298,6250,0.910399
4.5,41058,4298,6500,0.929680
4.5,41058,4298,6750,0.830871
4.5,41058,4298,7000,0.848083
4.5,41058,4298,7250,0.737059
4.5,41058,4298,7500,0.790354
4.5,41058,4298,7750,0.661283
4.5,41058,4298,8000,0.650253
4.5,41487,4338,50,0.434784
4.5,41487,4338,100,2.012250
4.5,41487,4338,150,1.622623
4.5,41487,4338,200,1.730987
4.5,41487,4338,250,1.257129
4.5,41487,4338,300,1.346189
4.5,41487,4338,350,1.285852
4.5,41487,4338,400,0.744338
4.5,41487,4338,450,0.044567
4.5,41487,4338,500,0.135487
4.5,41487,4338,600,0.251749
4.5,41487,4338,700,0.144289
4.5,41487,4338,800,0.165417
4.5,41487,4338,900,0.477322
4.5,41487,4338,1000,0.631670
4.5,41487,4338,1250,0.444110
4.5,41487,4338,1500,0.314745
4.5,41487,4338,1750,0.017552
4.5,41487,4338,2000,0.038884
4.5,41487,4338,2250,0.161456
4.5,41487,4338,2500,0.188578
4.5,41487,4338,2750,0.232373
4.5,41487,4338,3000,0.250485
4.5,41487,4338,3250,0.098670
4.5,41487,4338,3500,0.077133
4.5,41487,4338,3750,0.062732
4.5,41487,4338,4000,0.202012
4.5,41487,4338,4250,0.069316
4.5,41487,4338,4500,0.041580
4.5,41487,4338,4750,0.072964
4.5,41487,4338,5000,0.039469
4.5,41487,4338,5250,0.015196
4.5,41487,4338,5500,0.099176
4.5,41487,4338,5750,0.100183
4.5,41487,4338,6000,0.054083
4.5,41487,4338,6250,0.020672
4.5,41487,4338,6500,0.052272
4.5,41487,4338,6750,0.155591
4.5,41487,4338,7000,0.016220
4.5,41487,4338,7250,0.021506
4.5,41487,4338,7500,0.047043
4.5,41487,4338,7750,0.206758
4.5,41487,4338,8000,0.193850
4.5,41542,4344,50,0.008632
4.5,41542,4344,100,1.452896
4.5,41542,4344,150,0.900163
4.5,41542,4344,200,1.007087
4.5,41542,4344,250,0.478560
4.5,41542,4344,300,0.493835
4.5,41542,4344,350,0.527025
4.5,41542,4344,400,0.018051
4.5,41542,4344,450,0.500347
4.5,41542,4344,500,0.284716
4.5,41542,4344,600,0.346682
4.5,41542,4344,700,0.578125
4.5,41542,4344,800,0.334734
4.5,41542,4344,900,0.564726
4.5,41542,4344,1000,0.867501
4.5,41542,4344,1250,0.853280
4.5,41542,4344,1500,0.446375
4.5,41542,4344,1750,0.091732
4.5,41542,4344,2000,0.038358
4.5,41542,4344,2250,0.095866
4.5,41542,4344,2500,0.121572
4.5,41542,4344,2750,0.217250
4.5,41542,4344,3000,0.342945
4.5,41542,4344,3250,0.473464
4.5,41542,4344,3500,0.565618
4.5,41542,4344,3750,0.601661
4.5,41542,4344,4000,0.675369
4.5,41542,4344,4250,0.541255
4.5,41542,4344,4500,0.534904
4.5,41542,4344,4750,0.414599
4.5,41542,4344,5000,0.421098
4.5,41542,4344,5250,0.431931
4.5,41542,4344,5500,0.449487
4.5,41542,4344,5750,0.424051
4.5,41542,4344,6000,0.232275
4.5,41542,4344,6250,0.340173
4.5,41542,4344,6500,0.393356
4.5,41542,4344,6750,0.491491
4.5,41542,4344,7000,0.344845
4.5,41542,4344,7250,0.325122
4.5,41542,4344,7500,0.292333
4.5,41542,4344,7750,0.145188
4.5,41542,4344,8000,0.138471
4.5,41556,4346,50,0.587025
4.5,41556,4346,100,0.829902
4.5,41556,4346,150,0.243758
4.5,41556,4346,200,0.343428
4.5,41556,4346,250,0.172181
4.5,41556,4346,300,0.175510
4.5,41556,4346,350,0.120554
4.5,41556,4346,400,0.552379
4.5,41556,4346,450,0.913955
4.5,41556,4346,500,0.643846
4.5,41556,4346,600,0.669337
4.5,41556,4346,700,1.040455
4.5,41556,4346,800,0.805722
4.5,41556,4346,900,1.128036
4.5,41556,4346,1000,1.444951
4.5,41556,4346,1250,1.322040
4.5,41556,4346,1500,1.156132
4.5,41556,4346,1750,0.994297
4.5,41556,4346,2000,0.934799
4.5,41556,4346,2250,0.836105
4.5,41556,4346,2500,0.820697
4.5,41556,4346,2750,0.749767
4.5,41556,4346,3000,0.680052
4.5,41556,4346,3250,0.524987
4.5,41556,4346,3500,0.364669
4.5,41556,4346,3750,0.441809
4.5,41556,4346,4000,0.308168
4.5,41556,4346,4250,0.395132
4.5,41556,4346,4500,0.359804
4.5,41556,4346,4750,0.314510
4.5,41556,4346,5000,0.339178
4.5,41556,4346,5250,0.373470
4.5,41556,4346,5500,0.293211
4.5,41556,4346,5750,0.281401
4.5,41556,4346,6000,0.258416
4.5,41556,4346,6250,0.357352
4.5,41556,4346,6500,0.344870
4.5,41556,4346,6750,0.395122
4.5,41556,4346,7000,0.276977
4.5,41556,4346,7250,0.230871
4.5,41556,4346,7500,0.213007
4.5,41556,4346,7750,0.040376
4.5,41556,4346,8000,0.040146
4.5,42012,4392,50,0.921505
4.5,42012,4392,100,0.687726
4.5,42012,4392,150,0.158756
4.5,42012,4392,200,0.126790
4.5,42012,4392,250,0.183055
4.5,42012,4392,300,0.028020
4.5,42012,4392,350,0.056227
4.5,42012,4392,400,0.068367
4.5,42012,4392,450,0.758312
4.5,42012,4392,500,0.794899
4.5,42012,4392,600,0.644387
4.5,42012,4392,700,1.080859
4.5,42012,4392,800,1.396084
4.5,42012,4392,900,1.145714
4.5,42012,4392,1000,1.308710
4.5,42012,4392,1250,1.329163
4.5,42012,4392,1500,0.941877
4.5,42012,4392,1750,1.108422
4.5,42012,4392,2000,1.280960
4.5,42012,4392,2250,1.364137
4.5,42012,4392,2500,1.399706
4.5,42012,4392,2750,1.265953
4.5,42012,4392,3000,1.376311
4.5,42012,4392,3250,1.237194
4.5,42012,4392,3500,1.205827
4.5,42012,4392,3750,1.187754
4.5,42012,4392,4000,1.016497
4.5,42012,4392,4250,1.050175
4.5,42012,4392,4500,0.961533
4.5,42012,4392,4750,0.873536
4.5,42012,4392,5000,0.979302
4.5,42012,4392,5250,0.974019
4.5,42012,4392,5500,1.056072
4.5,42012,4392,5750,1.033061
4.5,42012,4392,6000,0.895914
4.5,42012,4392,6250,0.833538
4.5,42012,4392,6500,0.855017
4.5,42012,4392,6750,0.812908
4.5,42012,4392,7000,0.789112
4.5,42012,4392,7250,0.774739
4.5,42012,4392,7500,0.761454
4.5,42012,4392,7750,0.647970
4.5,42012,4392,8000,0.685211
4.5,42025,4396,50,1.704211
4.5,42025,4396,100,3.376359
4.5,42025,4396,150,2.796048
4.5,42025,4396,200,2.744552
4.5,42025,4396,250,2.872469
4.5,42025,4396,300,2.708001
4.5,42025,4396,350,2.604555
4.5,42025,4396,400,2.454712
4.5,42025,4396,450,1.704912
4.5,42025,4396,500,1.725179
4.5,42025,4396,600,1.935820
4.5,42025,4396,700,1.619502
4.5,42025,4396,800,1.265252
4.5,42025,4396,900,1.431910
4.5,42025,4396,1000,1.196444
4.5,42025,4396,1250,1.112173
4.5,42025,4396,1500,1.546160
4.5,42025,4396,1750,1.481244
4.5,42025,4396,2000,1.419911
4.5,42025,4396,2250,1.412174
4.5,42025,4396,2500,1.380882
4.5,42025,4396,2750,1.481346
4.5,42025,4396,3000,1.367815
4.5,42025,4396,3250,1.395660
4.5,42025,4396,3500,1.339098
4.5,42025,4396,3750,1.191861
4.5,42025,4396,4000,1.191429
4.5,42025,4396,4250,0.976192
4.5,42025,4396,4500,0.906654
4.5,42025,4396,4750,0.804801
4.5,42025,4396,5000,0.844977
4.5,42025,4396,5250,0.931635
4.5,42025,4396,5500,0.992397
4.5,42025,4396,5750,1.067445
4.5,42025,4396,6000,0.925722
4.5,42025,4396,6250,0.809573
4.5,42025,4396,6500,0.780179
4.5,42025,4396,6750,0.794215
4.5,42025,4396,7000,0.869526
4.5,42025,4396,7250,0.849280
4.5,42025,4396,7500,0.795073
4.5,42025,4396,7750,0.685354
4.5,42025,4396,8000,0.716616
4.5,42772,4472,50,1.347820
4.5,42772,4472,100,0.412981
4.5,42772,4472,150,0.236157
4.5,42772,4472,200,0.092606
4.5,42772,4472,250,0.389894
4.5,42772,4472,300,0.601386
4.5,42772,4472,350,0.651550
4.5,42772,4472,400,1.172848
4.5,42772,4472,450,0.533205
4.5,42772,4472,500,0.642899
4.5,42772,4472,600,0.343241
4.5,42772,4472,700,0.098540
4.5,42772,4472,800,0.460306
4.5,42772,4472,900,0.582044
4.5,42772,4472,1000,0.436257
4.5,42772,4472,1250,0.336971
4.5,42772,4472,1500,0.564674
4.5,42772,4472,1750,0.206963
4.5,42772,4472,2000,0.283109
4.5,42772,4472,2250,0.092775
4.5,42772,4472,2500,0.406159
4.5,42772,4472,2750,0.422688
4.5,42772,4472,3000,0.303899
4.5,42772,4472,3250,0.284127
4.5,42772,4472,3500,0.229515
4.5,42772,4472,3750,0.162102
4.5,42772,4472,4000,0.191760
4.5,42772,4472,4250,0.290722
4.5,42772,4472,4500,0.068570
4.5,42772,4472,4750,0.102029
4.5,42772,4472,5000,0.068643
4.5,42772,4472,5250,0.099638
4.5,42772,4472,5500,0.053530
4.5,42772,4472,5750,0.000196
4.5,42772,4472,6000,0.018491
4.5,42772,4472,6250,0.069415
4.5,42772,4472,6500,0.048454
4.5,42772,4472,6750,0.034525
4.5,42772,4472,7000,0.039002
4.5,42772,4472,7250,0.044325
4.5,42772,4472,7500,0.080767
4.5,42772,4472,7750,0.152787
4.5,42772,4472,8000,0.071425
4.5,43052,4500,50,3.440069
4.5,43052,4500,100,2.108561
4.5,43052,4500,150,1.431341
4.5,43052,4500,200,1.644887
4.5,43052,4500,250,1.104434
4.5,43052,4500,300,0.843078
4.5,43052,4500,350,0.835927
4.5,43052,4500,400,1.229335
4.5,43052,4500,450,1.344269
4.5,43052,4500,500,1.307229
4.5,43052,4500,600,1.143340
4.5,43052,4500,700,0.763146
4.5,43052,4500,800,0.679679
4.5,43052,4500,900,0.837388
4.5,43052,4500,1000,0.649227
4.5,43052,4500,1250,0.765513
4.5,43052,4500,1500,0.442450
4.5,43052,4500,1750,0.752798
4.5,43052,4500,2000,0.842534
4.5,43052,4500,2250,0.996923
4.5,43052,4500,2500,0.588935
4.5,43052,4500,2750,0.618325
4.5,43052,4500,3000,0.638219
4.5,43052,4500,3250,0.663728
4.5,43052,4500,3500,0.618803
4.5,43052,4500,3750,0.713495
4.5,43052,4500,4000,0.675297
4.5,43052,4500,4250,0.577654
4.5,43052,4500,4500,0.727826
4.5,43052,4500,4750,0.772610
4.5,43052,4500,5000,0.718119
4.5,43052,4500,5250,0.748190
4.5,43052,4500,5500,0.769588
4.5,43052,4500,5750,0.742161
4.5,43052,4500,6000,0.814183
4.5,43052,4500,6250,0.916544
4.5,43052,4500,6500,0.926119
4.5,43052,4500,6750,0.889237
4.5,43052,4500,7000,0.970167
4.5,43052,4500,7250,0.937475
4.5,43052,4500,7500,0.847962
4.5,43052,4500,7750,0.891391
4.5,43052,4500,8000,0.870676
4.5,44452,4620,50,1.241200
4.5,44452,4620,100,2.199266
4.5,44452,4620,150,1.804918
4.5,44452,4620,200,1.936311
4.5,44452,4620,250,1.874577
4.5,44452,4620,300,1.292122
4.5,44452,4620,350,1.090181
4.5,44452,4620,400,0.741197
4.5,44452,4620,450,0.571565
4.5,44452,4620,500,0.623529
4.5,44452,4620,600,0.496203
4.5,44452,4620,700,0.326208
4.5,44452,4620,800,0.030293
4.5,44452,4620,900,0.043885
4.5,44452,4620,1000,0.019111
4.5,44452,4620,1250,0.139627
4.5,44452,4620,1500,0.076403
4.5,44452,4620,1750,0.053130
4.5,44452,4620,2000,0.175498
4.5,44452,4620,2250,0.148313
4.5,44452,4620,2500,0.288211
4.5,44452,4620,2750,0.335884
4.5,44452,4620,3000,0.111115
4.5,44452,4620,3250,0.128269
4.5,44452,4620,3500,0.188780
4.5,44452,4620,3750,0.115418
4.5,44452,4620,4000,0.122292
4.5,44452,4620,4250,0.055927
4.5,44452,4620,4500,0.029030
4.5,44452,4620,4750,0.020388
4.5,44452,4620,5000,0.089546
4.5,44452,4620,5250,0.098190
4.5,44452,4620,5500,0.085647
4.5,44452,4620,5750,0.138473
4.5,44452,4620,6000,0.143301
4.5,44452,4620,6250,0.194375
4.5,44452,4620,6500,0.119338
4.5,44452,4620,6750,0.170537
4.5,44452,4620,7000,0.009973
4.5,44452,4620,7250,0.060738
4.5,44452,4620,7500,0.100562
4.5,44452,4620,7750,0.099737
4.5,44452,4620,8000,0.041496
4.5,45009,4676,50,1.750773
4.5,45009,4676,100,1.805727
4.5,45009,4676,150,1.592801
4.5,45009,4676,200,1.399501
4.5,45009,4676,250,1.103087
4.5,45009,4676,300,1.682124
4.5,45009,4676,350,2.005850
4.5,45009,4676,400,1.353314
4.5,45009,4676,450,1.260804
4.5,45009,4676,500,1.238907
4.5,45009,4676,600,0.808443
4.5,45009,4676,700,1.107743
4.5,45009,4676,800,1.195577
4.5,45009,4676,900,1.016640
4.5,45009,4676,1000,0.967814
4.5,45009,4676,1250,0.494703
4.5,45009,4676,1500,0.080119
4.5,45009,4676,1750,0.540381
4.5,45009,4676,2000,0.286518
4.5,45009,4676,2250,0.192114
4.5,45009,4676,2500,0.194516
4.5,45009,4676,2750,0.012464
4.5,45009,4676,3000,0.067451
4.5,45009,4676,3250,0.187533
4.5,45009,4676,3500,0.074653
4.5,45009,4676,3750,0.110632
4.5,45009,4676,4000,0.089876
4.5,45009,4676,4250,0.152925
4.5,45009,4676,4500,0.113998
4.5,45009,4676,4750,0.049211
4.5,45009,4676,5000,0.114479
4.5,45009,4676,5250,0.140920
4.5,45009,4676,5500,0.107994
4.5,45009,4676,5750,0.125129
4.5,45009,4676,6000,0.090207
4.5,45009,4676,6250,0.100667
4.5,45009,4676,6500,0.006007
4.5,45009,4676,6750,0.045640
4.5,45009,4676,7000,0.042252
4.5,45009,4676,7250,0.027265
4.5,45009,4676,7500,0.015194
4.5,45009,4676,7750,0.048339
4.5,45009,4676,8000,0.066809
4.5,45222,4692,50,1.698865
4.5,45222,4692,100,1.374533
4.5,45222,4692,150,0.751228
4.5,45222,4692,200,0.838063
4.5,45222,4692,250,0.188716
4.5,45222,4692,300,0.381108
4.5,45222,4692,350,0.720323
4.5,45222,4692,400,0.134537
4.5,45222,4692,450,0.059243
4.5,45222,4692,500,0.032298
4.5,45222,4692,600,0.012224
4.5,45222,4692,700,0.129286
4.5,45222,4692,800,0.292794
4.5,45222,4692,900,0.057180
4.5,45222,4692,1000,0.203570
4.5,45222,4692,1250,0.189815
4.5,45222,4692,1500,0.001519
4.5,45222,4692,1750,0.202742
4.5,45222,4692,2000,0.105248
4.5,45222,4692,2250,0.298070
4.5,45222,4692,2500,0.218917
4.5,45222,4692,2750,0.014161
4.5,45222,4692,3000,0.062459
4.5,45222,4692,3250,0.108782
4.5,45222,4692,3500,0.187259
4.5,45222,4692,3750,0.336781
4.5,45222,4692,4000,0.322747
4.5,45222,4692,4250,0.346572
4.5,45222,4692,4500,0.174688
4.5,45222,4692,4750,0.222728
4.5,45222,4692,5000,0.060630
4.5,45222,4692,5250,0.048197
4.5,45222,4692,5500,0.129111
4.5,45222,4692,5750,0.126328
4.5,45222,4692,6000,0.101466
4.5,45222,4692,6250,0.125615
4.5,45222,4692,6500,0.055921
4.5,45222,4692,6750,0.072144
4.5,45222,4692,7000,0.015592
4.5,45222,4692,7250,0.023749
4.5,45222,4692,7500,0.028541
4.5,45222,4692,7750,0.043062
4.5,45222,4692,8000,0.086018
4.5,45283,4697,50,2.146906
4.5,45283,4697,100,1.721786
4.5,45283,4697,150,0.967573
4.5,45283,4697,200,0.961295
4.5,45283,4697,250,0.436490
4.5,45283,4697,300,0.964455
4.5,45283,4697,350,1.281002
4.5,45283,4697,400,0.817735
4.5,45283,4697,450,0.814084
4.5,45283,4697,500,0.764948
4.5,45283,4697,600,1.123005
4.5,45283,4697,700,0.771930
4.5,45283,4697,800,0.814059
4.5,45283,4697,900,0.587760
4.5,45283,4697,1000,0.494056
4.5,45283,4697,1250,0.093452
4.5,45283,4697,1500,0.022368
4.5,45283,4697,1750,0.237044
4.5,45283,4697,2000,0.145897
4.5,45283,4697,2250,0.389313
4.5,45283,4697,2500,0.240721
4.5,45283,4697,2750,0.288622
4.5,45283,4697,3000,0.260004
4.5,45283,4697,3250,0.131300
4.5,45283,4697,3500,0.062601
4.5,45283,4697,3750,0.138617
4.5,45283,4697,4000,0.128538
4.5,45283,4697,4250,0.159610
4.5,45283,4697,4500,0.038044
4.5,45283,4697,4750,0.027657
4.5,45283,4697,5000,0.007433
4.5,45283,4697,5250,0.037662
4.5,45283,4697,5500,0.035330
4.5,45283,4697,5750,0.124908
4.5,45283,4697,6000,0.075874
4.5,45283,4697,6250,0.052782
4.5,45283,4697,6500,0.139550
4.5,45283,4697,6750,0.112635
4.5,45283,4697,7000,0.144904
4.5,45283,4697,7250,0.129557
4.5,45283,4697,7500,0.159429
4.5,45283,4697,7750,0.116623
4.5,45283,4697,8000,0.089807
4.5,45635,4729,50,0.702000
4.5,45635,4729,100,0.286708
4.5,45635,4729,150,0.247642
4.5,45635,4729,200,0.225061
4.5,45635,4729,250,0.659480
4.5,45635,4729,300,0.144433
4.5,45635,4729,350,0.220279
4.5,45635,4729,400,0.272228
4.5,45635,4729,450,0.347112
4.5,45635,4729,500,0.397518
4.5,45635,4729,600,0.036077
4.5,45635,4729,700,0.227359
4.5,45635,4729,800,0.040715
4.5,45635,4729,900,0.317300
4.5,45635,4729,1000,0.619935
4.5,45635,4729,1250,0.206627
4.5,45635,4729,1500,0.038511
4.5,45635,4729,1750,0.316365
4.5,45635,4729,2000,0.068348
4.5,45635,4729,2250,0.087218
4.5,45635,4729,2500,0.275178
4.5,45635,4729,2750,0.256647
4.5,45635,4729,3000,0.355603
4.5,45635,4729,3250,0.453319
4.5,45635,4729,3500,0.371548
4.5,45635,4729,3750,0.160776
4.5,45635,4729,4000,0.125516
4.5,45635,4729,4250,0.004579
4.5,45635,4729,4500,0.113866
4.5,45635,4729,4750,0.194626
4.5,45635,4729,5000,0.281279
4.5,45635,4729,5250,0.300822
4.5,45635,4729,5500,0.306885
4.5,45635,4729,5750,0.229843
4.5,45635,4729,6000,0.178503
4.5,45635,4729,6250,0.251205
4.5,45635,4729,6500,0.187981
4.5,45635,4729,6750,0.276986
4.5,45635,4729,7000,0.174029
4.5,45635,4729,7250,0.129503
4.5,45635,4729,7500,0.158704
4.5,45635,4729,7750,0.152080
4.5,45635,4729,8000,0.075077
4.5,46531,4809,50,1.211416
4.5,46531,4809,100,0.260540
4.5,46531,4809,150,0.169716
4.5,46531,4809,200,0.007657
4.5,46531,4809,250,0.667203
4.5,46531,4809,300,0.562634
4.5,46531,4809,350,0.942781
4.5,46531,4809,400,1.325018
4.5,46531,4809,450,1.195815
4.5,46531,4809,500,1.037557
4.5,46531,4809,600,0.744320
4.5,46531,4809,700,0.481991
4.5,46531,4809,800,0.782115
4.5,46531,4809,900,0.907027
4.5,46531,4809,1000,0.745108
4.5,46531,4809,1250,0.421273
4.5,46531,4809,1500,0.273349
4.5,46531,4809,1750,0.363205
4.5,46531,4809,2000,0.438551
4.5,46531,4809,2250,0.394818
4.5,46531,4809,2500,0.551194
4.5,46531,4809,2750,0.616512
4.5,46531,4809,3000,0.560557
4.5,46531,4809,3250,0.448082
4.5,46531,4809,3500,0.452355
4.5,46531,4809,3750,0.345149
4.5,46531,4809,4000,0.506570
4.5,46531,4809,4250,0.373212
4.5,46531,4809,4500,0.151154
4.5,46531,4809,4750,0.045095
4.5,46531,4809,5000,0.105331
4.5,46531,4809,5250,0.103098
4.5,46531,4809,5500,0.205510
4.5,46531,4809,5750,0.170568
4.5,46531,4809,6000,0.257062
4.5,46531,4809,6250,0.427336
4.5,46531,4809,6500,0.377331
4.5,46531,4809,6750,0.241879
4.5,46531,4809,7000,0.168575
4.5,46531,4809,7250,0.200983
4.5,46531,4809,7500,0.169297
4.5,46531,4809,7750,0.111476
4.5,46531,4809,8000,0.088243
4.5,46965,4849,50,0.764966
4.5,46965,4849,100,1.434193
4.5,46965,4849,150,0.535594
4.5,46965,4849,200,0.336972
4.5,46965,4849,250,0.088407
4.5,46965,4849,300,0.036709
4.5,46965,4849,350,0.218761
4.5,46965,4849,400,0.504187
4.5,46965,4849,450,0.316451
4.5,46965,4849,500,0.268914
4.5,46965,4849,600,0.346137
4.5,46965,4849,700,0.738820
4.5,46965,4849,800,0.389824
4.5,46965,4849,900,0.445489
4.5,46965,4849,1000,0.298109
4.5,46965,4849,1250,0.182068
4.5,46965,4849,1500,0.255486
4.5,46965,4849,1750,0.575415
4.5,46965,4849,2000,0.467211
4.5,46965,4849,2250,0.373840
4.5,46965,4849,2500,0.392956
4.5,46965,4849,2750,0.177300
4.5,46965,4849,3000,0.153224
4.5,46965,4849,3250,0.384889
4.5,46965,4849,3500,0.556700
4.5,46965,4849,3750,0.526915
4.5,46965,4849,4000,0.427074
4.5,46965,4849,4250,0.346373
4.5,46965,4849,4500,0.336591
4.5,46965,4849,4750,0.423515
4.5,46965,4849,5000,0.450145
4.5,46965,4849,5250,0.536621
4.5,46965,4849,5500,0.452740
4.5,46965,4849,5750,0.390205
4.5,46965,4849,6000,0.370784
4.5,46965,4849,6250,0.254838
4.5,46965,4849,6500,0.159524
4.5,46965,4849,6750,0.195845
4.5,46965,4849,7000,0.178774
4.5,46965,4849,7250,0.292863
4.5,46965,4849,7500,0.211623
4.5,46965,4849,7750,0.270720
4.5,46965,4849,8000,0.312446
4.6,40518,4247,50,0.894768
4.6,40518,4247,100,0.504622
4.6,40518,4247,150,0.033755
4.6,40518,4247,200,0.348986
4.6,40518,4247,250,0.015475
4.6,40518,4247,300,0.207656
4.6,40518,4247,350,0.271576
4.6,40518,4247,400,0.078313
4.6,40518,4247,450,0.119980
4.6,40518,4247,500,0.197498
4.6,40518,4247,600,0.379061
4.6,40518,4247,700,0.190060
4.6,40518,4247,800,0.314362
4.6,40518,4247,900,0.018983
4.6,40518,4247,1000,0.219800
4.6,40518,4247,1250,0.240562
4.6,40518,4247,1500,0.167204
4.6,40518,4247,1750,0.449614
4.6,40518,4247,2000,0.541555
4.6,40518,4247,2250,0.499680
4.6,40518,4247,2500,0.497540
4.6,40518,4247,2750,0.550044
4.6,40518,4247,3000,0.603686
4.6,40518,4247,3250,0.816784
4.6,40518,4247,3500,0.997676
4.6,40518,4247,3750,0.881810
4.6,40518,4247,4000,0.687271
4.6,40518,4247,4250,0.534178
4.6,40518,4247,4500,0.530124
4.6,40518,4247,4750,0.390921
4.6,40518,4247,5000,0.393801
4.6,40518,4247,5250,0.338063
4.6,40518,4247,5500,0.357804
4.6,40518,4247,5750,0.427552
4.6,40518,4247,6000,0.371770
4.6,40518,4247,6250,0.467678
4.6,40518,4247,6500,0.601381
4.6,40518,4247,6750,0.538782
4.6,40518,4247,7000,0.471421
4.6,40518,4247,7250,0.361434
4.6,40518,4247,7500,0.272788
4.6,40518,4247,7750,0.246212
4.6,40518,4247,8000,0.277121
4.6,40556,4251,50,0.245957
4.6,40556,4251,100,0.280640
4.6,40556,4251,150,0.910147
4.6,40556,4251,200,1.239444
4.6,40556,4251,250,0.687826
4.6,40556,4251,300,0.988937
4.6,40556,4251,350,1.012079
4.6,40556,4251,400,0.738251
4.6,40556,4251,450,0.164926
4.6,40556,4251,500,0.184953
4.6,40556,4251,600,0.477361
4.6,40556,4251,700,0.178770
4.6,40556,4251,800,0.510300
4.6,40556,4251,900,0.218328
4.6,40556,4251,1000,0.229832
4.6,40556,4251,1250,0.396076
4.6,40556,4251,1500,0.329940
4.6,40556,4251,1750,0.082654
4.6,40556,4251,2000,0.162347
4.6,40556,4251,2250,0.192435
4.6,40556,4251,2500,0.286619
4.6,40556,4251,2750,0.284830
4.6,40556,4251,3000,0.231384
4.6,40556,4251,3250,0.063311
4.6,40556,4251,3500,0.032793
4.6,40556,4251,3750,0.070608
4.6,40556,4251,4000,0.057736
4.6,40556,4251,4250,0.094265
4.6,40556,4251,4500,0.266509
4.6,40556,4251,4750,0.342506
4.6,40556,4251,5000,0.339328
4.6,40556,4251,5250,0.237452
4.6,40556,4251,5500,0.266526
4.6,40556,4251,5750,0.335382
4.6,40556,4251,6000,0.279236
4.6,40556,4251,6250,0.353359
4.6,40556,4251,6500,0.494144
4.6,40556,4251,6750,0.417306
4.6,40556,4251,7000,0.340011
4.6,40556,4251,7250,0.228949
4.6,40556,4251,7500,0.154742
4.6,40556,4251,7750,0.159090
4.6,40556,4251,8000,0.143178
4.6,41100,4300,50,0.699606
4.6,41100,4300,100,0.914669
4.6,41100,4300,150,1.490935
4.6,41100,4300,200,1.468335
4.6,41100,4300,250,1.539614
4.6,41100,4300,300,1.335925
4.6,41100,4300,350,1.450399
4.6,41100,4300,400,1.007386
4.6,41100,4300,450,0.342472
4.6,41100,4300,500,0.058548
4.6,41100,4300,600,0.063969
4.6,41100,4300,700,0.221938
4.6,41100,4300,800,0.210461
4.6,41100,4300,900,0.171655
4.6,41100,4300,1000,0.016109
4.6,41100,4300,1250,0.218230
4.6,41100,4300,1500,0.370245
4.6,41100,4300,1750,0.166036
4.6,41100,4300,2000,0.282773
4.6,41100,4300,2250,0.103789
4.6,41100,4300,2500,0.010243
4.6,41100,4300,2750,0.030119
4.6,41100,4300,3000,0.026421
4.6,41100,4300,3250,0.177835
4.6,41100,4300,3500,0.017687
4.6,41100,4300,3750,0.144014
4.6,41100,4300,4000,0.064071
4.6,41100,4300,4250,0.092966
4.6,41100,4300,4500,0.129374
4.6,41100,4300,4750,0.032114
4.6,41100,4300,5000,0.035075
4.6,41100,4300,5250,0.016941
4.6,41100,4300,5500,0.064788
4.6,41100,4300,5750,0.055507
4.6,41100,4300,6000,0.080567
4.6,41100,4300,6250,0.093254
4.6,41100,4300,6500,0.025604
4.6,41100,4300,6750,0.082196
4.6,41100,4300,7000,0.006635
4.6,41100,4300,7250,0.047956
4.6,41100,4300,7500,0.001375
4.6,41100,4300,7750,0.033034
4.6,41100,4300,8000,0.056339
4.6,41810,4371,50,0.647626
4.6,41810,4371,100,0.456217
4.6,41810,4371,150,0.072821
4.6,41810,4371,200,0.099622
4.6,41810,4371,250,0.447294
4.6,41810,4371,300,0.343723
4.6,41810,4371,350,0.215287
4.6,41810,4371,400,0.224671
4.6,41810,4371,450,0.309804
4.6,41810,4371,500,0.510807
4.6,41810,4371,600,0.604062
4.6,41810,4371,700,0.927581
4.6,41810,4371,800,0.627584
4.6,41810,4371,900,0.853097
4.6,41810,4371,1000,0.726379
4.6,41810,4371,1250,0.859604
4.6,41810,4371,1500,0.329248
4.6,41810,4371,1750,0.413504
4.6,41810,4371,2000,0.408737
4.6,41810,4371,2250,0.397843
4.6,41810,4371,2500,0.367703
4.6,41810,4371,2750,0.267070
4.6,41810,4371,3000,0.352939
4.6,41810,4371,3250,0.419233
4.6,41810,4371,3500,0.372576
4.6,41810,4371,3750,0.500483
4.6,41810,4371,4000,0.476333
4.6,41810,4371,4250,0.401807
4.6,41810,4371,4500,0.362855
4.6,41810,4371,4750,0.376279
4.6,41810,4371,5000,0.322313
4.6,41810,4371,5250,0.249538
4.6,41810,4371,5500,0.298076
4.6,41810,4371,5750,0.332821
4.6,41810,4371,6000,0.245311
4.6,41810,4371,6250,0.290676
4.6,41810,4371,6500,0.298061
4.6,41810,4371,6750,0.221498
4.6,41810,4371,7000,0.162332
4.6,41810,4371,7250,0.147885
4.6,41810,4371,7500,0.112294
4.6,41810,4371,7750,0.247666
4.6,41810,4371,8000,0.246755
4.6,41811,4371,50,0.752306
4.6,41811,4371,100,0.552901
4.6,41811,4371,150,0.173292
4.6,41811,4371,200,0.000666
4.6,41811,4371,250,0.549396
4.6,41811,4371,300,0.446641
4.6,41811,4371,350,0.317274
4.6,41811,4371,400,0.315970
4.6,41811,4371,450,0.227750
4.6,41811,4371,500,0.424564
4.6,41811,4371,600,0.514371
4.6,41811,4371,700,0.848770
4.6,41811,4371,800,0.553123
4.6,41811,4371,900,0.770610
4.6,41811,4371,1000,0.635995
4.6,41811,4371,1250,0.771096
4.6,41811,4371,1500,0.239929
4.6,41811,4371,1750,0.337060
4.6,41811,4371,2000,0.341368
4.6,41811,4371,2250,0.328681
4.6,41811,4371,2500,0.295488
4.6,41811,4371,2750,0.199790
4.6,41811,4371,3000,0.291353
4.6,41811,4371,3250,0.343303
4.6,41811,4371,3500,0.288303
4.6,41811,4371,3750,0.414171
4.6,41811,4371,4000,0.406006
4.6,41811,4371,4250,0.353037
4.6,41811,4371,4500,0.308006
4.6,41811,4371,4750,0.305442
4.6,41811,4371,5000,0.248320
4.6,41811,4371,5250,0.174781
4.6,41811,4371,5500,0.211909
4.6,41811,4371,5750,0.237984
4.6,41811,4371,6000,0.125284
4.6,41811,4371,6250,0.150445
4.6,41811,4371,6500,0.148464
4.6,41811,4371,6750,0.077890
4.6,41811,4371,7000,0.002794
4.6,41811,4371,7250,0.013669
4.6,41811,4371,7500,0.049038
4.6,41811,4371,7750,0.071267
4.6,41811,4371,8000,0.066495
4.6,42103,4403,50,0.459164
4.6,42103,4403,100,2.395136
4.6,42103,4403,150,1.585173
4.6,42103,4403,200,1.447590
4.6,42103,4403,250,1.913633
4.6,42103,4403,300,1.762188
4.6,42103,4403,350,1.620522
4.6,42103,4403,400,0.958063
4.6,42103,4403,450,0.582263
4.6,42103,4403,500,0.799511
4.6,42103,4403,600,0.984541
4.6,42103,4403,700,1.487048
4.6,42103,4403,800,1.627720
4.6,42103,4403,900,1.338635
4.6,42103,4403,1000,1.421309
4.6,42103,4403,1250,1.520602
4.6,42103,4403,1500,1.198692
4.6,42103,4403,1750,1.026615
4.6,42103,4403,2000,0.861859
4.6,42103,4403,2250,0.705850
4.6,42103,4403,2500,0.691672
4.6,42103,4403,2750,0.817981
4.6,42103,4403,3000,0.692908
4.6,42103,4403,3250,0.654083
4.6,42103,4403,3500,0.554051
4.6,42103,4403,3750,0.463475
4.6,42103,4403,4000,0.291714
4.6,42103,4403,4250,0.455422
4.6,42103,4403,4500,0.493290
4.6,42103,4403,4750,0.593618
4.6,42103,4403,5000,0.495453
4.6,42103,4403,5250,0.455451
4.6,42103,4403,5500,0.371740
4.6,42103,4403,5750,0.435751
4.6,42103,4403,6000,0.446421
4.6,42103,4403,6250,0.365329
4.6,42103,4403,6500,0.326393
4.6,42103,4403,6750,0.326693
4.6,42103,4403,7000,0.336143
4.6,42103,4403,7250,0.317353
4.6,42103,4403,7500,0.342448
4.6,42103,4403,7750,0.331789
4.6,42103,4403,8000,0.328843
4.6,42168,4406,50,3.400596
4.6,42168,4406,100,1.410375
4.6,42168,4406,150,2.279840
4.6,42168,4406,200,2.425410
4.6,42168,4406,250,1.889242
4.6,42168,4406,300,1.935032
4.6,42168,4406,350,2.006731
4.6,42168,4406,400,2.387746
4.6,42168,4406,450,1.974176
4.6,42168,4406,500,1.904278
4.6,42168,4406,600,2.099365
4.6,42168,4406,700,1.918548
4.6,42168,4406,800,1.559431
4.6,42168,4406,900,1.418701
4.6,42168,4406,1000,1.263052
4.6,42168,4406,1250,1.305213
4.6,42168,4406,1500,1.009193
4.6,42168,4406,1750,0.758525
4.6,42168,4406,2000,0.571453
4.6,42168,4406,2250,0.485138
4.6,42168,4406,2500,0.436177
4.6,42168,4406,2750,0.385910
4.6,42168,4406,3000,0.493260
4.6,42168,4406,3250,0.469220
4.6,42168,4406,3500,0.568519
4.6,42168,4406,3750,0.643916
4.6,42168,4406,4000,0.780348
4.6,42168,4406,4250,0.573693
4.6,42168,4406,4500,0.425192
4.6,42168,4406,4750,0.339023
4.6,42168,4406,5000,0.386745
4.6,42168,4406,5250,0.296276
4.6,42168,4406,5500,0.206574
4.6,42168,4406,5750,0.262164
4.6,42168,4406,6000,0.255481
4.6,42168,4406,6250,0.166033
4.6,42168,4406,6500,0.155301
4.6,42168,4406,6750,0.117454
4.6,42168,4406,7000,0.036989
4.6,42168,4406,7250,0.056239
4.6,42168,4406,7500,0.104395
4.6,42168,4406,7750,0.163291
4.6,42168,4406,8000,0.158597
4.6,43116,4504,50,1.740088
4.6,43116,4504,100,0.836155
4.6,43116,4504,150,0.047800
4.6,43116,4504,200,0.405024
4.6,43116,4504,250,0.065762
4.6,43116,4504,300,0.569115
4.6,43116,4504,350,0.531304
4.6,43116,4504,400,0.287303
4.6,43116,4504,450,0.130672
4.6,43116,4504,500,0.029515
4.6,43116,4504,600,0.541020
4.6,43116,4504,700,0.584743
4.6,43116,4504,800,0.285281
4.6,43116,4504,900,0.254245
4.6,43116,4504,1000,0.194381
4.6,43116,4504,1250,0.407946
4.6,43116,4504,1500,0.052312
4.6,43116,4504,1750,0.321001
4.6,43116,4504,2000,0.299696
4.6,43116,4504,2250,0.473858
4.6,43116,4504,2500,0.193566
4.6,43116,4504,2750,0.277997
4.6,43116,4504,3000,0.304318
4.6,43116,4504,3250,0.305806
4.6,43116,4504,3500,0.253216
4.6,43116,4504,3750,0.135786
4.6,43116,4504,4000,0.163635
4.6,43116,4504,4250,0.211705
4.6,43116,4504,4500,0.248395
4.6,43116,4504,4750,0.248794
4.6,43116,4504,5000,0.304577
4.6,43116,4504,5250,0.344892
4.6,43116,4504,5500,0.364038
4.6,43116,4504,5750,0.338830
4.6,43116,4504,6000,0.429766
4.6,43116,4504,6250,0.570737
4.6,43116,4504,6500,0.538589
4.6,43116,4504,6750,0.517641
4.6,43116,4504,7000,0.427581
4.6,43116,4504,7250,0.359938
4.6,43116,4504,7500,0.505863
4.6,43116,4504,7750,0.397892
4.6,43116,4504,8000,0.476023
4.6,43135,4506,50,2.061291
4.6,43135,4506,100,1.297468
4.6,43135,4506,150,0.503803
4.6,43135,4506,200,0.886655
4.6,43135,4506,250,0.476751
4.6,43135,4506,300,0.052658
4.6,43135,4506,350,0.009789
4.6,43135,4506,400,0.800824
4.6,43135,4506,450,0.297509
4.6,43135,4506,500,0.423270
4.6,43135,4506,600,0.045156
4.6,43135,4506,700,0.070235
4.6,43135,4506,800,0.363239
4.6,43135,4506,900,0.296983
4.6,43135,4506,1000,0.454044
4.6,43135,4506,1250,0.223802
4.6,43135,4506,1500,0.457074
4.6,43135,4506,1750,0.482756
4.6,43135,4506,2000,0.742366
4.6,43135,4506,2250,0.687518
4.6,43135,4506,2500,0.442033
4.6,43135,4506,2750,0.463127
4.6,43135,4506,3000,0.548116
4.6,43135,4506,3250,0.566546
4.6,43135,4506,3500,0.369638
4.6,43135,4506,3750,0.316449
4.6,43135,4506,4000,0.438907
4.6,43135,4506,4250,0.530713
4.6,43135,4506,4500,0.387951
4.6,43135,4506,4750,0.366833
4.6,43135,4506,5000,0.435609
4.6,43135,4506,5250,0.448468
4.6,43135,4506,5500,0.467556
4.6,43135,4506,5750,0.441561
4.6,43135,4506,6000,0.571182
4.6,43135,4506,6250,0.666978
4.6,43135,4506,6500,0.650316
4.6,43135,4506,6750,0.628323
4.6,43135,4506,7000,0.536453
4.6,43135,4506,7250,0.472906
4.6,43135,4506,7500,0.619902
4.6,43135,4506,7750,0.528887
4.6,43135,4506,8000,0.573536
4.6,43869,4566,50,1.338639
4.6,43869,4566,100,0.726505
4.6,43869,4566,150,0.874259
4.6,43869,4566,200,0.502918
4.6,43869,4566,250,0.271633
4.6,43869,4566,300,0.133457
4.6,43869,4566,350,0.034291
4.6,43869,4566,400,0.252753
4.6,43869,4566,450,0.001552
4.6,43869,4566,500,0.086485
4.6,43869,4566,600,0.563010
4.6,43869,4566,700,0.407519
4.6,43869,4566,800,0.467725
4.6,43869,4566,900,0.267192
4.6,43869,4566,1000,0.078049
4.6,43869,4566,1250,0.075892
4.6,43869,4566,1500,0.206595
4.6,43869,4566,1750,0.327748
4.6,43869,4566,2000,0.479457
4.6,43869,4566,2250,0.548597
4.6,43869,4566,2500,0.803432
4.6,43869,4566,2750,0.619943
4.6,43869,4566,3000,0.821530
4.6,43869,4566,3250,0.882831
4.6,43869,4566,3500,0.744081
4.6,43869,4566,3750,0.609310
4.6,43869,4566,4000,0.600317
4.6,43869,4566,4250,0.515616
4.6,43869,4566,4500,0.606160
4.6,43869,4566,4750,0.569857
4.6,43869,4566,5000,0.510102
4.6,43869,4566,5250,0.537411
4.6,43869,4566,5500,0.617415
4.6,43869,4566,5750,0.585488
4.6,43869,4566,6000,0.577563
4.6,43869,4566,6250,0.594113
4.6,43869,4566,6500,0.637442
4.6,43869,4566,6750,0.636343
4.6,43869,4566,7000,0.642857
4.6,43869,4566,7250,0.545768
4.6,43869,4566,7500,0.556455
4.6,43869,4566,7750,0.526022
4.6,43869,4566,8000,0.457220
4.6,45718,4737,50,0.234416
4.6,45718,4737,100,1.222835
4.6,45718,4737,150,0.313889
4.6,45718,4737,200,0.268765
4.6,45718,4737,250,0.374642
4.6,45718,4737,300,0.577546
4.6,45718,4737,350,0.224367
4.6,45718,4737,400,0.645429
4.6,45718,4737,450,0.582500
4.6,45718,4737,500,0.532433
4.6,45718,4737,600,0.664606
4.6,45718,4737,700,0.286372
4.6,45718,4737,800,0.647048
4.6,45718,4737,900,0.605537
4.6,45718,4737,1000,0.861940
4.6,45718,4737,1250,0.637093
4.6,45718,4737,1500,0.307340
4.6,45718,4737,1750,0.002410
4.6,45718,4737,2000,0.074819
4.6,45718,4737,2250,0.379820
4.6,45718,4737,2500,0.435279
4.6,45718,4737,2750,0.269399
4.6,45718,4737,3000,0.369822
4.6,45718,4737,3250,0.480794
4.6,45718,4737,3500,0.475885
4.6,45718,4737,3750,0.433156
4.6,45718,4737,4000,0.314557
4.6,45718,4737,4250,0.220305
4.6,45718,4737,4500,0.191290
4.6,45718,4737,4750,0.122779
4.6,45718,4737,5000,0.024811
4.6,45718,4737,5250,0.035630
4.6,45718,4737,5500,0.066172
4.6,45718,4737,5750,0.078837
4.6,45718,4737,6000,0.121896
4.6,45718,4737,6250,0.151990
4.6,45718,4737,6500,0.106893
4.6,45718,4737,6750,0.208627
4.6,45718,4737,7000,0.105837
4.6,45718,4737,7250,0.044763
4.6,45718,4737,7500,0.000204
4.6,45718,4737,7750,0.048913
4.6,45718,4737,8000,0.011226
4.6,45871,4752,50,2.235622
4.6,45871,4752,100,2.953077
4.6,45871,4752,150,2.003990
4.6,45871,4752,200,1.911149
4.6,45871,4752,250,2.616448
4.6,45871,4752,300,2.201890
4.6,45871,4752,350,2.203905
4.6,45871,4752,400,1.713742
4.6,45871,4752,450,1.760265
4.6,45871,4752,500,1.718924
4.6,45871,4752,600,1.621940
4.6,45871,4752,700,2.009366
4.6,45871,4752,800,1.630711
4.6,45871,4752,900,1.365560
4.6,45871,4752,1000,1.113526
4.6,45871,4752,1250,1.342216
4.6,45871,4752,1500,0.927629
4.6,45871,4752,1750,0.897468
4.6,45871,4752,2000,0.691367
4.6,45871,4752,2250,0.461377
4.6,45871,4752,2500,0.359638
4.6,45871,4752,2750,0.183140
4.6,45871,4752,3000,0.140999
4.6,45871,4752,3250,0.193858
4.6,45871,4752,3500,0.251813
4.6,45871,4752,3750,0.438917
4.6,45871,4752,4000,0.582869
4.6,45871,4752,4250,0.733316
4.6,45871,4752,4500,0.752501
4.6,45871,4752,4750,0.832176
4.6,45871,4752,5000,0.866041
4.6,45871,4752,5250,0.905031
4.6,45871,4752,5500,0.945575
4.6,45871,4752,5750,0.890070
4.6,45871,4752,6000,0.810490
4.6,45871,4752,6250,0.811469
4.6,45871,4752,6500,0.873378
4.6,45871,4752,6750,0.853865
4.6,45871,4752,7000,0.697170
4.6,45871,4752,7250,0.624420
4.6,45871,4752,7500,0.573708
4.6,45871,4752,7750,0.565807
4.6,45871,4752,8000,0.615181
4.6,46186,4778,50,1.113237
4.6,46186,4778,100,0.407360
4.6,46186,4778,150,1.376514
4.6,46186,4778,200,1.309933
4.6,46186,4778,250,0.628419
4.6,46186,4778,300,0.962455
4.6,46186,4778,350,0.698669
4.6,46186,4778,400,0.885919
4.6,46186,4778,450,0.751337
4.6,46186,4778,500,0.697099
4.6,46186,4778,600,0.556782
4.6,46186,4778,700,0.754108
4.6,46186,4778,800,0.640113
4.6,46186,4778,900,0.576726
4.6,46186,4778,1000,0.950761
4.6,46186,4778,1250,0.707670
4.6,46186,4778,1500,0.257567
4.6,46186,4778,1750,0.451364
4.6,46186,4778,2000,0.548547
4.6,46186,4778,2250,0.515202
4.6,46186,4778,2500,0.274363
4.6,46186,4778,2750,0.387016
4.6,46186,4778,3000,0.312282
4.6,46186,4778,3250,0.304965
4.6,46186,4778,3500,0.348294
4.6,46186,4778,3750,0.181786
4.6,46186,4778,4000,0.089959
4.6,46186,4778,4250,0.237123
4.6,46186,4778,4500,0.324080
4.6,46186,4778,4750,0.228819
4.6,46186,4778,5000,0.242146
4.6,46186,4778,5250,0.305634
4.6,46186,4778,5500,0.362705
4.6,46186,4778,5750,0.394902
4.6,46186,4778,6000,0.332508
4.6,46186,4778,6250,0.262664
4.6,46186,4778,6500,0.234274
4.6,46186,4778,6750,0.206966
4.6,46186,4778,7000,0.265336
4.6,46186,4778,7250,0.170265
4.6,46186,4778,7500,0.131215
4.6,46186,4778,7750,0.133489
4.6,46186,4778,8000,0.188936
4.6,46342,4792,50,1.315705
4.6,46342,4792,100,0.017542
4.6,46342,4792,150,1.188776
4.6,46342,4792,200,1.187284
4.6,46342,4792,250,1.144215
4.6,46342,4792,300,0.998933
4.6,46342,4792,350,0.816544
4.6,46342,4792,400,0.391852
4.6,46342,4792,450,0.551467
4.6,46342,4792,500,0.683877
4.6,46342,4792,600,0.797855
4.6,46342,4792,700,0.739102
4.6,46342,4792,800,0.714090
4.6,46342,4792,900,0.557723
4.6,46342,4792,1000,0.793960
4.6,46342,4792,1250,0.404665
4.6,46342,4792,1500,0.010611
4.6,46342,4792,1750,0.154256
4.6,46342,4792,2000,0.212489
4.6,46342,4792,2250,0.249197
4.6,46342,4792,2500,0.029823
4.6,46342,4792,2750,0.098077
4.6,46342,4792,3000,0.013561
4.6,46342,4792,3250,0.018942
4.6,46342,4792,3500,0.031802
4.6,46342,4792,3750,0.078451
4.6,46342,4792,4000,0.129607
4.6,46342,4792,4250,0.027456
4.6,46342,4792,4500,0.208088
4.6,46342,4792,4750,0.167358
4.6,46342,4792,5000,0.210233
4.6,46342,4792,5250,0.134224
4.6,46342,4792,5500,0.127081
4.6,46342,4792,5750,0.157287
4.6,46342,4792,6000,0.112118
4.6,46342,4792,6250,0.067794
4.6,46342,4792,6500,0.043969
4.6,46342,4792,6750,0.106409
4.6,46342,4792,7000,0.315967
4.6,46342,4792,7250,0.219937
4.6,46342,4792,7500,0.190974
4.6,46342,4792,7750,0.136157
4.6,46342,4792,8000,0.155023
4.6,46710,4827,50,2.669003
4.6,46710,4827,100,1.819008
4.6,46710,4827,150,0.594874
4.6,46710,4827,200,0.780231
4.6,46710,4827,250,0.542249
4.6,46710,4827,300,0.689171
4.6,46710,4827,350,0.423619
4.6,46710,4827,400,0.230646
4.6,46710,4827,450,0.370510
4.6,46710,4827,500,0.491727
4.6,46710,4827,600,0.872321
4.6,46710,4827,700,1.177108
4.6,46710,4827,800,0.958509
4.6,46710,4827,900,1.002224
4.6,46710,4827,1000,0.512224
4.6,46710,4827,1250,0.337637
4.6,46710,4827,1500,0.328282
4.6,46710,4827,1750,0.464442
4.6,46710,4827,2000,0.335349
4.6,46710,4827,2250,0.319870
4.6,46710,4827,2500,0.281355
4.6,46710,4827,2750,0.364010
4.6,46710,4827,3000,0.278372
4.6,46710,4827,3250,0.431205
4.6,46710,4827,3500,0.377399
4.6,46710,4827,3750,0.474307
4.6,46710,4827,4000,0.320915
4.6,46710,4827,4250,0.247404
4.6,46710,4827,4500,0.022104
4.6,46710,4827,4750,0.129068
4.6,46710,4827,5000,0.114077
4.6,46710,4827,5250,0.055758
4.6,46710,4827,5500,0.156309
4.6,46710,4827,5750,0.122413
4.6,46710,4827,6000,0.074155
4.6,46710,4827,6250,0.059655
4.6,46710,4827,6500,0.040800
4.6,46710,4827,6750,0.053234
4.6,46710,4827,7000,0.194385
4.6,46710,4827,7250,0.150279
4.6,46710,4827,7500,0.201896
4.6,46710,4827,7750,0.207718
4.6,46710,4827,8000,0.220599
4.6,47046,4853,50,2.849631
4.6,47046,4853,100,1.767119
4.6,47046,4853,150,2.028350
4.6,47046,4853,200,2.275551
4.6,47046,4853,250,2.025259
4.6,47046,4853,300,1.983708
4.6,47046,4853,350,1.626035
4.6,47046,4853,400,1.371029
4.6,47046,4853,450,1.387424
4.6,47046,4853,500,1.249439
4.6,47046,4853,600,0.842005
4.6,47046,4853,700,0.845433
4.6,47046,4853,800,0.641486
4.6,47046,4853,900,0.510672
4.6,47046,4853,1000,0.061416
4.6,47046,4853,1250,0.027827
4.6,47046,4853,1500,0.076804
4.6,47046,4853,1750,0.233441
4.6,47046,4853,2000,0.350468
4.6,47046,4853,2250,0.418466
4.6,47046,4853,2500,0.425461
4.6,47046,4853,2750,0.667964
4.6,47046,4853,3000,0.663820
4.6,47046,4853,3250,0.433569
4.6,47046,4853,3500,0.302399
4.6,47046,4853,3750,0.201436
4.6,47046,4853,4000,0.305751
4.6,47046,4853,4250,0.297288
4.6,47046,4853,4500,0.058710
4.6,47046,4853,4750,0.096811
4.6,47046,4853,5000,0.113569
4.6,47046,4853,5250,0.185326
4.6,47046,4853,5500,0.153373
4.6,47046,4853,5750,0.092894
4.6,47046,4853,6000,0.025721
4.6,47046,4853,6250,0.026870
4.6,47046,4853,6500,0.051502
4.6,47046,4853,6750,0.050083
4.6,47046,4853,7000,0.052489
4.6,47046,4853,7250,0.060991
4.6,47046,4853,7500,0.019099
4.6,47046,4853,7750,0.018605
4.6,47046,4853,8000,0.030600
4.6,48327,4972,50,0.640930
4.6,48327,4972,100,1.351374
4.6,48327,4972,150,0.548382
4.6,48327,4972,200,0.197035
4.6,48327,4972,250,0.187713
4.6,48327,4972,300,0.329931
4.6,48327,4972,350,0.006079
4.6,48327,4972,400,0.051931
4.6,48327,4972,450,0.159241
4.6,48327,4972,500,0.189101
4.6,48327,4972,600,0.590807
4.6,48327,4972,700,0.108211
4.6,48327,4972,800,0.060868
4.6,48327,4972,900,0.062477
4.6,48327,4972,1000,0.029019
4.6,48327,4972,1250,0.015321
4.6,48327,4972,1500,0.036163
4.6,48327,4972,1750,0.043115
4.6,48327,4972,2000,0.171719
4.6,48327,4972,2250,0.132198
4.6,48327,4972,2500,0.092819
4.6,48327,4972,2750,0.089012
4.6,48327,4972,3000,0.221194
4.6,48327,4972,3250,0.100470
4.6,48327,4972,3500,0.049802
4.6,48327,4972,3750,0.124776
4.6,48327,4972,4000,0.014338
4.6,48327,4972,4250,0.067441
4.6,48327,4972,4500,0.055143
4.6,48327,4972,4750,0.005862
4.6,48327,4972,5000,0.108536
4.6,48327,4972,5250,0.032825
4.6,48327,4972,5500,0.024735
4.6,48327,4972,5750,0.013725
4.6,48327,4972,6000,0.016058
4.6,48327,4972,6250,0.039697
4.6,48327,4972,6500,0.030900
4.6,48327,4972,6750,0.021376
4.6,48327,4972,7000,0.070573
4.6,48327,4972,7250,0.138209
4.6,48327,4972,7500,0.123771
4.6,48327,4972,7750,0.094094
4.6,48327,4972,8000,0.088537
4.6,48334,4972,50,1.282675
4.6,48334,4972,100,1.980437
4.6,48334,4972,150,1.161524
4.6,48334,4972,200,0.820593
4.6,48334,4972,250,0.781588
4.6,48334,4972,300,0.286066
4.6,48334,4972,350,0.637489
4.6,48334,4972,400,0.569077
4.6,48334,4972,450,0.460048
4.6,48334,4972,500,0.444658
4.6,48334,4972,600,0.008770
4.6,48334,4972,700,0.418420
4.6,48334,4972,800,0.440897
4.6,48334,4972,900,0.639229
4.6,48334,4972,1000,0.524451
4.6,48334,4972,1250,0.520995
4.6,48334,4972,1500,0.631880
4.6,48334,4972,1750,0.557869
4.6,48334,4972,2000,0.391573
4.6,48334,4972,2250,0.680362
4.6,48334,4972,2500,0.510159
4.6,48334,4972,2750,0.576329
4.6,48334,4972,3000,0.713053
4.6,48334,4972,3250,0.595903
4.6,48334,4972,3500,0.551307
4.6,48334,4972,3750,0.753879
4.6,48334,4972,4000,0.771369
4.6,48334,4972,4250,0.664151
4.6,48334,4972,4500,0.668214
4.6,48334,4972,4750,0.667147
4.6,48334,4972,5000,0.661952
4.6,48334,4972,5250,0.559718
4.6,48334,4972,5500,0.628599
4.6,48334,4972,5750,0.631228
4.6,48334,4972,6000,0.676148
4.6,48334,4972,6250,0.532459
4.6,48334,4972,6500,0.444217
4.6,48334,4972,6750,0.471423
4.6,48334,4972,7000,0.495255
4.6,48334,4972,7250,0.632077
4.6,48334,4972,7500,0.645290
4.6,48334,4972,7750,0.596206
4.6,48334,4972,8000,0.546133
4.6,49675,5102,50,0.641030
4.6,49675,5102,100,0.295668
4.6,49675,5102,150,0.450491
4.6,49675,5102,200,0.446168
4.6,49675,5102,250,0.653057
4.6,49675,5102,300,0.334687
4.6,49675,5102,350,0.619013
4.6,49675,5102,400,0.522813
4.6,49675,5102,450,0.455344
4.6,49675,5102,500,0.455373
4.6,49675,5102,600,0.804794
4.6,49675,5102,700,1.116448
4.6,49675,5102,800,1.366127
4.6,49675,5102,900,1.224979
4.6,49675,5102,1000,1.029620
4.6,49675,5102,1250,0.963420
4.6,49675,5102,1500,0.962705
4.6,49675,5102,1750,0.751829
4.6,49675,5102,2000,0.723978
4.6,49675,5102,2250,0.666985
4.6,49675,5102,2500,0.574878
4.6,49675,5102,2750,0.543658
4.6,49675,5102,3000,0.386856
4.6,49675,5102,3250,0.421432
4.6,49675,5102,3500,0.468893
4.6,49675,5102,3750,0.556436
4.6,49675,5102,4000,0.537885
4.6,49675,5102,4250,0.365954
4.6,49675,5102,4500,0.381151
4.6,49675,5102,4750,0.309421
4.6,49675,5102,5000,0.332421
4.6,49675,5102,5250,0.295816
4.6,49675,5102,5500,0.368420
4.6,49675,5102,5750,0.441067
4.6,49675,5102,6000,0.431029
4.6,49675,5102,6250,0.487008
4.6,49675,5102,6500,0.473214
4.6,49675,5102,6750,0.470943
4.6,49675,5102,7000,0.498715
4.6,49675,5102,7250,0.414162
4.6,49675,5102,7500,0.376135
4.6,49675,5102,7750,0.332621
4.6,49675,5102,8000,0.374461
4.6,51288,5248,50,1.492993
4.6,51288,5248,100,0.389947
4.6,51288,5248,150,0.929065
4.6,51288,5248,200,0.782467
4.6,51288,5248,250,1.337070
4.6,51288,5248,300,1.516532
4.6,51288,5248,350,1.618159
4.6,51288,5248,400,1.630341
4.6,51288,5248,450,1.767153
4.6,51288,5248,500,1.995278
4.6,51288,5248,600,1.663643
4.6,51288,5248,700,1.400547
4.6,51288,5248,800,1.266284
4.6,51288,5248,900,1.126202
4.6,51288,5248,1000,1.055326
4.6,51288,5248,1250,0.775853
4.6,51288,5248,1500,0.713195
4.6,51288,5248,1750,0.981324
4.6,51288,5248,2000,1.018907
4.6,51288,5248,2250,1.124635
4.6,51288,5248,2500,1.260680
4.6,51288,5248,2750,1.001633
4.6,51288,5248,3000,1.116320
4.6,51288,5248,3250,1.203622
4.6,51288,5248,3500,1.087511
4.6,51288,5248,3750,0.899760
4.6,51288,5248,4000,0.736141
4.6,51288,5248,4250,0.547516
4.6,51288,5248,4500,0.596080
4.6,51288,5248,4750,0.579090
4.6,51288,5248,5000,0.627993
4.6,51288,5248,5250,0.675443
4.6,51288,5248,5500,0.736547
4.6,51288,5248,5750,0.712335
4.6,51288,5248,6000,0.777268
4.6,51288,5248,6250,0.780808
4.6,51288,5248,6500,0.820936
4.6,51288,5248,6750,0.809401
4.6,51288,5248,7000,0.862720
4.6,51288,5248,7250,0.867617
4.6,51288,5248,7500,1.016863
4.6,51288,5248,7750,0.941012
4.6,51288,5248,8000,0.913320
4.6,51559,5276,50,1.000968
4.6,51559,5276,100,0.986648
4.6,51559,5276,150,0.394727
4.6,51559,5276,200,0.781394
4.6,51559,5276,250,0.150110
4.6,51559,5276,300,0.101546
4.6,51559,5276,350,0.036399
4.6,51559,5276,400,0.056051
4.6,51559,5276,450,0.148915
4.6,51559,5276,500,0.303399
4.6,51559,5276,600,0.547330
4.6,51559,5276,700,0.607314
4.6,51559,5276,800,0.688150
4.6,51559,5276,900,0.770410
4.6,51559,5276,1000,0.843094
4.6,51559,5276,1250,0.439612
4.6,51559,5276,1500,0.408029
4.6,51559,5276,1750,0.387188
4.6,51559,5276,2000,0.278918
4.6,51559,5276,2250,0.221580
4.6,51559,5276,2500,0.295468
4.6,51559,5276,2750,0.238626
4.6,51559,5276,3000,0.331940
4.6,51559,5276,3250,0.181818
4.6,51559,5276,3500,0.245009
4.6,51559,5276,3750,0.048865
4.6,51559,5276,4000,0.040947
4.6,51559,5276,4250,0.017303
4.6,51559,5276,4500,0.042897
4.6,51559,5276,4750,0.091465
4.6,51559,5276,5000,0.084829
4.6,51559,5276,5250,0.106232
4.6,51559,5276,5500,0.051741
4.6,51559,5276,5750,0.086488
4.6,51559,5276,6000,0.047209
4.6,51559,5276,6250,0.044995
4.6,51559,5276,6500,0.008880
4.6,51559,5276,6750,0.102562
4.6,51559,5276,7000,0.150944
4.6,51559,5276,7250,0.078962
4.6,51559,5276,7500,0.009447
4.6,51559,5276,7750,0.043052
4.6,51559,5276,8000,0.022341
4.6,52631,5374,50,0.693158
4.6,52631,5374,100,0.669675
4.6,52631,5374,150,0.726633
4.6,52631,5374,200,0.955864
4.6,52631,5374,250,1.453808
4.6,52631,5374,300,0.920133
4.6,52631,5374,350,1.087566
4.6,52631,5374,400,0.928270
4.6,52631,5374,450,1.213684
4.6,52631,5374,500,1.309227
4.6,52631,5374,600,1.146428
4.6,52631,5374,700,0.866212
4.6,52631,5374,800,0.913497
4.6,52631,5374,900,0.839428
4.6,52631,5374,1000,0.865570
4.6,52631,5374,1250,0.796080
4.6,52631,5374,1500,0.666266
4.6,52631,5374,1750,0.729508
4.6,52631,5374,2000,0.811861
4.6,52631,5374,2250,0.787082
4.6,52631,5374,2500,0.494279
4.6,52631,5374,2750,0.713885
4.6,52631,5374,3000,0.792300
4.6,52631,5374,3250,0.653786
4.6,52631,5374,3500,0.735020
4.6,52631,5374,3750,0.775774
4.6,52631,5374,4000,0.788563
4.6,52631,5374,4250,0.821514
4.6,52631,5374,4500,0.905966
4.6,52631,5374,4750,0.976627
4.6,52631,5374,5000,0.884264
4.6,52631,5374,5250,0.860112
4.6,52631,5374,5500,0.865163
4.6,52631,5374,5750,0.755036
4.6,52631,5374,6000,0.803341
4.6,52631,5374,6250,0.756041
4.6,52631,5374,6500,0.752746
4.6,52631,5374,6750,0.675340
4.6,52631,5374,7000,0.625453
4.6,52631,5374,7250,0.703198
4.6,52631,5374,7500,0.612221
4.6,52631,5374,7750,0.639944
4.6,52631,5374,8000,0.644991
4.6,53756,5476,50,0.337365
4.6,53756,5476,100,0.829718
4.6,53756,5476,150,1.108720
4.6,53756,5476,200,0.933889
4.6,53756,5476,250,1.180659
4.6,53756,5476,300,0.869854
4.6,53756,5476,350,0.700636
4.6,53756,5476,400,0.623292
4.6,53756,5476,450,0.783024
4.6,53756,5476,500,0.638596
4.6,53756,5476,600,0.924185
4.6,53756,5476,700,0.989859
4.6,53756,5476,800,1.030786
4.6,53756,5476,900,1.140185
4.6,53756,5476,1000,0.958988
4.6,53756,5476,1250,0.855289
4.6,53756,5476,1500,0.718014
4.6,53756,5476,1750,0.560068
4.6,53756,5476,2000,0.803139
4.6,53756,5476,2250,0.692440
4.6,53756,5476,2500,0.765957
4.6,53756,5476,2750,0.774020
4.6,53756,5476,3000,0.673175
4.6,53756,5476,3250,0.672007
4.6,53756,5476,3500,0.700259
4.6,53756,5476,3750,0.570486
4.6,53756,5476,4000,0.537628
4.6,53756,5476,4250,0.426160
4.6,53756,5476,4500,0.409121
4.6,53756,5476,4750,0.387004
4.6,53756,5476,5000,0.347714
4.6,53756,5476,5250,0.312788
4.6,53756,5476,5500,0.247847
4.6,53756,5476,5750,0.158472
4.6,53756,5476,6000,0.121760
4.6,53756,5476,6250,0.167356
4.6,53756,5476,6500,0.127288
4.6,53756,5476,6750,0.178484
4.6,53756,5476,7000,0.231525
4.6,53756,5476,7250,0.102899
4.6,53756,5476,7500,0.064577
4.6,53756,5476,7750,0.079748
4.6,53756,5476,8000,0.088865
4.6,54099,5508,50,0.087801
4.6,54099,5508,100,0.606835
4.6,54099,5508,150,1.207053
4.6,54099,5508,200,0.771676
4.6,54099,5508,250,0.636687
4.6,54099,5508,300,0.376331
4.6,54099,5508,350,0.245867
4.6,54099,5508,400,0.038071
4.6,54099,5508,450,0.011741
4.6,54099,5508,500,0.317008
4.6,54099,5508,600,0.498430
4.6,54099,5508,700,0.657555
4.6,54099,5508,800,0.675821
4.6,54099,5508,900,0.515290
4.6,54099,5508,1000,0.248962
4.6,54099,5508,1250,0.171031
4.6,54099,5508,1500,0.030882
4.6,54099,5508,1750,0.047857
4.6,54099,5508,2000,0.084712
4.6,54099,5508,2250,0.238893
4.6,54099,5508,2500,0.140766
4.6,54099,5508,2750,0.277884
4.6,54099,5508,3000,0.266120
4.6,54099,5508,3250,0.197926
4.6,54099,5508,3500,0.104006
4.6,54099,5508,3750,0.098212
4.6,54099,5508,4000,0.097144
4.6,54099,5508,4250,0.069924
4.6,54099,5508,4500,0.016569
4.6,54099,5508,4750,0.008084
4.6,54099,5508,5000,0.035978
4.6,54099,5508,5250,0.036596
4.6,54099,5508,5500,0.004737
4.6,54099,5508,5750,0.037651
4.6,54099,5508,6000,0.095241
4.6,54099,5508,6250,0.097889
4.6,54099,5508,6500,0.154969
4.6,54099,5508,6750,0.108732
4.6,54099,5508,7000,0.099975
4.6,54099,5508,7250,0.037653
4.6,54099,5508,7500,0.151426
4.6,54099,5508,7750,0.098358
4.6,54099,5508,8000,0.002224
4.6,55116,5601,50,0.670102
4.6,55116,5601,100,0.016381
4.6,55116,5601,150,0.664932
4.6,55116,5601,200,0.012372
4.6,55116,5601,250,0.409239
4.6,55116,5601,300,0.546322
4.6,55116,5601,350,0.562331
4.6,55116,5601,400,0.363906
4.6,55116,5601,450,0.207813
4.6,55116,5601,500,0.284369
4.6,55116,5601,600,0.477458
4.6,55116,5601,700,0.289761
4.6,55116,5601,800,0.255304
4.6,55116,5601,900,0.089153
4.6,55116,5601,1000,0.140995
4.6,55116,5601,1250,0.361514
4.6,55116,5601,1500,0.226102
4.6,55116,5601,1750,0.262237
4.6,55116,5601,2000,0.098106
4.6,55116,5601,2250,0.291939
4.6,55116,5601,2500,0.566346
4.6,55116,5601,2750,0.512790
4.6,55116,5601,3000,0.504614
4.6,55116,5601,3250,0.255418
4.6,55116,5601,3500,0.205366
4.6,55116,5601,3750,0.138683
4.6,55116,5601,4000,0.142168
4.6,55116,5601,4250,0.134886
4.6,55116,5601,4500,0.004515
4.6,55116,5601,4750,0.069308
4.6,55116,5601,5000,0.082030
4.6,55116,5601,5250,0.054301
4.6,55116,5601,5500,0.024959
4.6,55116,5601,5750,0.005842
4.6,55116,5601,6000,0.116261
4.6,55116,5601,6250,0.139102
4.6,55116,5601,6500,0.074714
4.6,55116,5601,6750,0.043857
4.6,55116,5601,7000,0.175662
4.6,55116,5601,7250,0.364662
4.6,55116,5601,7500,0.270602
4.6,55116,5601,7750,0.307165
4.6,55116,5601,8000,0.308177
4.6,55218,5610,50,0.599569
4.6,55218,5610,100,0.144302
4.6,55218,5610,150,1.388114
4.6,55218,5610,200,0.904859
4.6,55218,5610,250,1.242322
4.6,55218,5610,300,0.316532
4.6,55218,5610,350,0.163644
4.6,55218,5610,400,0.070690
4.6,55218,5610,450,0.192517
4.6,55218,5610,500,0.056008
4.6,55218,5610,600,0.314493
4.6,55218,5610,700,0.473579
4.6,55218,5610,800,0.624549
4.6,55218,5610,900,0.947518
4.6,55218,5610,1000,0.518575
4.6,55218,5610,1250,0.366210
4.6,55218,5610,1500,0.569723
4.6,55218,5610,1750,0.398206
4.6,55218,5610,2000,0.375893
4.6,55218,5610,2250,0.275424
4.6,55218,5610,2500,0.281369
4.6,55218,5610,2750,0.380000
4.6,55218,5610,3000,0.374469
4.6,55218,5610,3250,0.678739
4.6,55218,5610,3500,0.727313
4.6,55218,5610,3750,0.785788
4.6,55218,5610,4000,0.787169
4.6,55218,5610,4250,0.845718
4.6,55218,5610,4500,0.723680
4.6,55218,5610,4750,0.645690
4.6,55218,5610,5000,0.606299
4.6,55218,5610,5250,0.624895
4.6,55218,5610,5500,0.584064
4.6,55218,5610,5750,0.648931
4.6,55218,5610,6000,0.686462
4.6,55218,5610,6250,0.697976
4.6,55218,5610,6500,0.762479
4.6,55218,5610,6750,0.769218
4.6,55218,5610,7000,0.617875
4.6,55218,5610,7250,0.472058
4.6,55218,5610,7500,0.447441
4.6,55218,5610,7750,0.401928
4.6,55218,5610,8000,0.428841
4.6,55513,5634,50,1.791042
4.6,55513,5634,100,1.369973
4.6,55513,5634,150,0.340320
4.6,55513,5634,200,0.254594
4.6,55513,5634,250,0.117323
4.6,55513,5634,300,0.392975
4.6,55513,5634,350,0.499642
4.6,55513,5634,400,0.652423
4.6,55513,5634,450,0.733425
4.6,55513,5634,500,0.589776
4.6,55513,5634,600,0.729639
4.6,55513,5634,700,0.608509
4.6,55513,5634,800,0.818471
4.6,55513,5634,900,1.234333
4.6,55513,5634,1000,1.174017
4.6,55513,5634,1250,0.972574
4.6,55513,5634,1500,0.711371
4.6,55513,5634,1750,0.645553
4.6,55513,5634,2000,0.551212
4.6,55513,5634,2250,0.463275
4.6,55513,5634,2500,0.462405
4.6,55513,5634,2750,0.259621
4.6,55513,5634,3000,0.355221
4.6,55513,5634,3250,0.639132
4.6,55513,5634,3500,0.692668
4.6,55513,5634,3750,0.622210
4.6,55513,5634,4000,0.602120
4.6,55513,5634,4250,0.714965
4.6,55513,5634,4500,0.672046
4.6,55513,5634,4750,0.734229
4.6,55513,5634,5000,0.809158
4.6,55513,5634,5250,0.845411
4.6,55513,5634,5500,0.829927
4.6,55513,5634,5750,0.834033
4.6,55513,5634,6000,0.691137
4.6,55513,5634,6250,0.615494
4.6,55513,5634,6500,0.659808
4.6,55513,5634,6750,0.702298
4.6,55513,5634,7000,0.579118
4.6,55513,5634,7250,0.738290
4.6,55513,5634,7500,0.765551
4.6,55513,5634,7750,0.729813
4.6,55513,5634,8000,0.725355
4.6,56313,5711,50,0.096620
4.6,56313,5711,100,0.140019
4.6,56313,5711,150,0.155969
4.6,56313,5711,200,0.015926
4.6,56313,5711,250,0.044819
4.6,56313,5711,300,1.004344
4.6,56313,5711,350,1.250068
4.6,56313,5711,400,1.011416
4.6,56313,5711,450,1.163983
4.6,56313,5711,500,1.068520
4.6,56313,5711,600,1.163440
4.6,56313,5711,700,1.131227
4.6,56313,5711,800,0.867318
4.6,56313,5711,900,1.112176
4.6,56313,5711,1000,1.151466
4.6,56313,5711,1250,0.710989
4.6,56313,5711,1500,0.729698
4.6,56313,5711,1750,0.582035
4.6,56313,5711,2000,0.679499
4.6,56313,5711,2250,0.788567
4.6,56313,5711,2500,0.677317
4.6,56313,5711,2750,0.739736
4.6,56313,5711,3000,0.743796
4.6,56313,5711,3250,0.404750
4.6,56313,5711,3500,0.468618
4.6,56313,5711,3750,0.545773
4.6,56313,5711,4000,0.614663
4.6,56313,5711,4250,0.509210
4.6,56313,5711,4500,0.599941
4.6,56313,5711,4750,0.588130
4.6,56313,5711,5000,0.668911
4.6,56313,5711,5250,0.651491
4.6,56313,5711,5500,0.593656
4.6,56313,5711,5750,0.614594
4.6,56313,5711,6000,0.646219
4.6,56313,5711,6250,0.738691
4.6,56313,5711,6500,0.685937
4.6,56313,5711,6750,0.700917
4.6,56313,5711,7000,0.715197
4.6,56313,5711,7250,0.745264
4.6,56313,5711,7500,0.717457
4.6,56313,5711,7750,0.661188
4.6,56313,5711,8000,0.658564
4.6,57643,5838,50,3.056862
4.6,57643,5838,100,3.157770
4.6,57643,5838,150,2.053760
4.6,57643,5838,200,1.632106
4.6,57643,5838,250,1.804991
4.6,57643,5838,300,1.146726
4.6,57643,5838,350,1.170772
4.6,57643,5838,400,0.958181
4.6,57643,5838,450,1.094974
4.6,57643,5838,500,0.725378
4.6,57643,5838,600,0.107940
4.6,57643,5838,700,0.382066
4.6,57643,5838,800,0.180309
4.6,57643,5838,900,0.037231
4.6,57643,5838,1000,0.133110
4.6,57643,5838,1250,0.092902
4.6,57643,5838,1500,0.113164
4.6,57643,5838,1750,0.004533
4.6,57643,5838,2000,0.166416
4.6,57643,5838,2250,0.186007
4.6,57643,5838,2500,0.336574
4.6,57643,5838,2750,0.179908
4.6,57643,5838,3000,0.212343
4.6,57643,5838,3250,0.211214
4.6,57643,5838,3500,0.233986
4.6,57643,5838,3750,0.183822
4.6,57643,5838,4000,0.187090
4.6,57643,5838,4250,0.312721
4.6,57643,5838,4500,0.232435
4.6,57643,5838,4750,0.226745
4.6,57643,5838,5000,0.273022
4.6,57643,5838,5250,0.475060
4.6,57643,5838,5500,0.574878
4.6,57643,5838,5750,0.614775
4.6,57643,5838,6000,0.530729
4.6,57643,5838,6250,0.590476
4.6,57643,5838,6500,0.546700
4.6,57643,5838,6750,0.512092
4.6,57643,5838,7000,0.507820
4.6,57643,5838,7250,0.452969
4.6,57643,5838,7500,0.530690
4.6,57643,5838,7750,0.559857
4.6,57643,5838,8000,0.601686
4.6,59355,5998,50,1.460722
4.6,59355,5998,100,1.668439
4.6,59355,5998,150,1.905219
4.6,59355,5998,200,2.033890
4.6,59355,5998,250,2.786134
4.6,59355,5998,300,3.377235
4.6,59355,5998,350,2.559921
4.6,59355,5998,400,2.371034
4.6,59355,5998,450,2.285668
4.6,59355,5998,500,2.379955
4.6,59355,5998,600,2.206661
4.6,59355,5998,700,2.084800
4.6,59355,5998,800,1.759107
4.6,59355,5998,900,1.524521
4.6,59355,5998,1000,1.591669
4.6,59355,5998,1250,0.950677
4.6,59355,5998,1500,0.660410
4.6,59355,5998,1750,0.215304
4.6,59355,5998,2000,0.153128
4.6,59355,5998,2250,0.099472
4.6,59355,5998,2500,0.146553
4.6,59355,5998,2750,0.051020
4.6,59355,5998,3000,0.185535
4.6,59355,5998,3250,0.202557
4.6,59355,5998,3500,0.104543
4.6,59355,5998,3750,0.081905
4.6,59355,5998,4000,0.115656
4.6,59355,5998,4250,0.019827
4.6,59355,5998,4500,0.003755
4.6,59355,5998,4750,0.048627
4.6,59355,5998,5000,0.022974
4.6,59355,5998,5250,0.097385
4.6,59355,5998,5500,0.123252
4.6,59355,5998,5750,0.191481
4.6,59355,5998,6000,0.101306
4.6,59355,5998,6250,0.270778
4.6,59355,5998,6500,0.356853
4.6,59355,5998,6750,0.473775
4.6,59355,5998,7000,0.454388
4.6,59355,5998,7250,0.389968
4.6,59355,5998,7500,0.315330
4.6,59355,5998,7750,0.303577
4.6,59355,5998,8000,0.312428
4.7,50550,5185,50,2.526957
4.7,50550,5185,100,1.301507
4.7,50550,5185,150,0.591871
4.7,50550,5185,200,0.760889
4.7,50550,5185,250,1.212987
4.7,50550,5185,300,1.209097
4.7,50550,5185,350,0.777859
4.7,50550,5185,400,0.766565
4.7,50550,5185,450,0.613720
4.7,50550,5185,500,0.618088
4.7,50550,5185,600,0.187101
4.7,50550,5185,700,0.420046
4.7,50550,5185,800,0.725783
4.7,50550,5185,900,0.852362
4.7,50550,5185,1000,1.011622
4.7,50550,5185,1250,0.894428
4.7,50550,5185,1500,1.020723
4.7,50550,5185,1750,1.024119
4.7,50550,5185,2000,1.002308
4.7,50550,5185,2250,0.877829
4.7,50550,5185,2500,0.980900
4.7,50550,5185,2750,0.782109
4.7,50550,5185,3000,0.957158
4.7,50550,5185,3250,0.910243
4.7,50550,5185,3500,0.845439
4.7,50550,5185,3750,0.706397
4.7,50550,5185,4000,0.692503
4.7,50550,5185,4250,0.761604
4.7,50550,5185,4500,0.735628
4.7,50550,5185,4750,0.623306
4.7,50550,5185,5000,0.529339
4.7,50550,5185,5250,0.544752
4.7,50550,5185,5500,0.439930
4.7,50550,5185,5750,0.462329
4.7,50550,5185,6000,0.345483
4.7,50550,5185,6250,0.385536
4.7,50550,5185,6500,0.358181
4.7,50550,5185,6750,0.321377
4.7,50550,5185,7000,0.291741
4.7,50550,5185,7250,0.310465
4.7,50550,5185,7500,0.188335
4.7,50550,5185,7750,0.123569
4.7,50550,5185,8000,0.126078
4.7,52020,5320,50,1.428397
4.7,52020,5320,100,0.504886
4.7,52020,5320,150,0.442935
4.7,52020,5320,200,0.791320
4.7,52020,5320,250,0.219864
4.7,52020,5320,300,0.458044
4.7,52020,5320,350,0.155031
4.7,52020,5320,400,0.197295
4.7,52020,5320,450,0.329685
4.7,52020,5320,500,0.269630
4.7,52020,5320,600,0.396842
4.7,52020,5320,700,0.578699
4.7,52020,5320,800,0.569952
4.7,52020,5320,900,0.782858
4.7,52020,5320,1000,0.844766
4.7,52020,5320,1250,0.347779
4.7,52020,5320,1500,0.445985
4.7,52020,5320,1750,0.478522
4.7,52020,5320,2000,0.693729
4.7,52020,5320,2250,0.478312
4.7,52020,5320,2500,0.318454
4.7,52020,5320,2750,0.185500
4.7,52020,5320,3000,0.443948
4.7,52020,5320,3250,0.500295
4.7,52020,5320,3500,0.407146
4.7,52020,5320,3750,0.407721
4.7,52020,5320,4000,0.471417
4.7,52020,5320,4250,0.417455
4.7,52020,5320,4500,0.350362
4.7,52020,5320,4750,0.354385
4.7,52020,5320,5000,0.486378
4.7,52020,5320,5250,0.499189
4.7,52020,5320,5500,0.483077
4.7,52020,5320,5750,0.460160
4.7,52020,5320,6000,0.458121
4.7,52020,5320,6250,0.452651
4.7,52020,5320,6500,0.515546
4.7,52020,5320,6750,0.556582
4.7,52020,5320,7000,0.506811
4.7,52020,5320,7250,0.481506
4.7,52020,5320,7500,0.460083
4.7,52020,5320,7750,0.471614
4.7,52020,5320,8000,0.472560
4.7,53958,5497,50,1.977118
4.7,53958,5497,100,2.272221
4.7,53958,5497,150,2.546709
4.7,53958,5497,200,2.261888
4.7,53958,5497,250,1.642896
4.7,53958,5497,300,0.536523
4.7,53958,5497,350,0.363297
4.7,53958,5497,400,0.509892
4.7,53958,5497,450,0.607761
4.7,53958,5497,500,0.548695
4.7,53958,5497,600,0.791325
4.7,53958,5497,700,0.750698
4.7,53958,5497,800,0.728375
4.7,53958,5497,900,0.590113
4.7,53958,5497,1000,0.170922
4.7,53958,5497,1250,0.129131
4.7,53958,5497,1500,0.146643
4.7,53958,5497,1750,0.002890
4.7,53958,5497,2000,0.154781
4.7,53958,5497,2250,0.125384
4.7,53958,5497,2500,0.025165
4.7,53958,5497,2750,0.042923
4.7,53958,5497,3000,0.074358
4.7,53958,5497,3250,0.196826
4.7,53958,5497,3500,0.238513
4.7,53958,5497,3750,0.149423
4.7,53958,5497,4000,0.036995
4.7,53958,5497,4250,0.067837
4.7,53958,5497,4500,0.024166
4.7,53958,5497,4750,0.015760
4.7,53958,5497,5000,0.054531
4.7,53958,5497,5250,0.000111
4.7,53958,5497,5500,0.036498
4.7,53958,5497,5750,0.097041
4.7,53958,5497,6000,0.133116
4.7,53958,5497,6250,0.258838
4.7,53958,5497,6500,0.236367
4.7,53958,5497,6750,0.261175
4.7,53958,5497,7000,0.272729
4.7,53958,5497,7250,0.355645
4.7,53958,5497,7500,0.400621
4.7,53958,5497,7750,0.328009
4.7,53958,5497,8000,0.441172
4.7,55145,5603,50,0.091724
4.7,55145,5603,100,0.538739
4.7,55145,5603,150,0.321904
4.7,55145,5603,200,0.308684
4.7,55145,5603,250,0.095898
4.7,55145,5603,300,0.100832
4.7,55145,5603,350,0.136202
4.7,55145,5603,400,0.383045
4.7,55145,5603,450,0.558592
4.7,55145,5603,500,0.394817
4.7,55145,5603,600,0.116999
4.7,55145,5603,700,0.221139
4.7,55145,5603,800,0.180105
4.7,55145,5603,900,0.365362
4.7,55145,5603,1000,0.484777
4.7,55145,5603,1250,0.041566
4.7,55145,5603,1500,0.243956
4.7,55145,5603,1750,0.065372
4.7,55145,5603,2000,0.032578
4.7,55145,5603,2250,0.002294
4.7,55145,5603,2500,0.270176
4.7,55145,5603,2750,0.279359
4.7,55145,5603,3000,0.463805
4.7,55145,5603,3250,0.437095
4.7,55145,5603,3500,0.439999
4.7,55145,5603,3750,0.430802
4.7,55145,5603,4000,0.431890
4.7,55145,5603,4250,0.397629
4.7,55145,5603,4500,0.523714
4.7,55145,5603,4750,0.625794
4.7,55145,5603,5000,0.619125
4.7,55145,5603,5250,0.598168
4.7,55145,5603,5500,0.562539
4.7,55145,5603,5750,0.534626
4.7,55145,5603,6000,0.400564
4.7,55145,5603,6250,0.386536
4.7,55145,5603,6500,0.416030
4.7,55145,5603,6750,0.405850
4.7,55145,5603,7000,0.262430
4.7,55145,5603,7250,0.069684
4.7,55145,5603,7500,0.101561
4.7,55145,5603,7750,0.029459
4.7,55145,5603,8000,0.080673
4.7,55302,5616,50,0.881283
4.7,55302,5616,100,1.092008
4.7,55302,5616,150,0.411011
4.7,55302,5616,200,0.225065
4.7,55302,5616,250,0.364687
4.7,55302,5616,300,0.883314
4.7,55302,5616,350,1.092054
4.7,55302,5616,400,1.116148
4.7,55302,5616,450,1.050344
4.7,55302,5616,500,0.970109
4.7,55302,5616,600,1.086502
4.7,55302,5616,700,0.898037
4.7,55302,5616,800,0.960760
4.7,55302,5616,900,0.961574
4.7,55302,5616,1000,0.595184
4.7,55302,5616,1250,0.757980
4.7,55302,5616,1500,0.868405
4.7,55302,5616,1750,0.670833
4.7,55302,5616,2000,0.441740
4.7,55302,5616,2250,0.277337
4.7,55302,5616,2500,0.059058
4.7,55302,5616,2750,0.017027
4.7,55302,5616,3000,0.151320
4.7,55302,5616,3250,0.408972
4.7,55302,5616,3500,0.425641
4.7,55302,5616,3750,0.498249
4.7,55302,5616,4000,0.507291
4.7,55302,5616,4250,0.501332
4.7,55302,5616,4500,0.449259
4.7,55302,5616,4750,0.508803
4.7,55302,5616,5000,0.458618
4.7,55302,5616,5250,0.435875
4.7,55302,5616,5500,0.445232
4.7,55302,5616,5750,0.371708
4.7,55302,5616,6000,0.356294
4.7,55302,5616,6250,0.323330
4.7,55302,5616,6500,0.317606
4.7,55302,5616,6750,0.393658
4.7,55302,5616,7000,0.384915
4.7,55302,5616,7250,0.212778
4.7,55302,5616,7500,0.260338
4.7,55302,5616,7750,0.199514
4.7,55302,5616,8000,0.221355
4.7,55424,5627,50,0.787520
4.7,55424,5627,100,0.617815
4.7,55424,5627,150,0.808876
4.7,55424,5627,200,1.130880
4.7,55424,5627,250,0.920056
4.7,55424,5627,300,0.435270
4.7,55424,5627,350,0.361696
4.7,55424,5627,400,0.607931
4.7,55424,5627,450,0.821175
4.7,55424,5627,500,0.590289
4.7,55424,5627,600,0.274528
4.7,55424,5627,700,0.107187
4.7,55424,5627,800,0.052374
4.7,55424,5627,900,0.091757
4.7,55424,5627,1000,0.413289
4.7,55424,5627,1250,0.451661
4.7,55424,5627,1500,0.142294
4.7,55424,5627,1750,0.165233
4.7,55424,5627,2000,0.394962
4.7,55424,5627,2250,0.257906
4.7,55424,5627,2500,0.043588
4.7,55424,5627,2750,0.075558
4.7,55424,5627,3000,0.043643
4.7,55424,5627,3250,0.204879
4.7,55424,5627,3500,0.238338
4.7,55424,5627,3750,0.149616
4.7,55424,5627,4000,0.138757
4.7,55424,5627,4250,0.202441
4.7,55424,5627,4500,0.158526
4.7,55424,5627,4750,0.084745
4.7,55424,5627,5000,0.007074
4.7,55424,5627,5250,0.034488
4.7,55424,5627,5500,0.010155
4.7,55424,5627,5750,0.040341
4.7,55424,5627,6000,0.102930
4.7,55424,5627,6250,0.111102
4.7,55424,5627,6500,0.161632
4.7,55424,5627,6750,0.112899
4.7,55424,5627,7000,0.122393
4.7,55424,5627,7250,0.322646
4.7,55424,5627,7500,0.364068
4.7,55424,5627,7750,0.334900
4.7,55424,5627,8000,0.346018
4.7,55669,5649,50,0.954346
4.7,55669,5649,100,0.239870
4.7,55669,5649,150,0.353902
4.7,55669,5649,200,0.245435
4.7,55669,5649,250,0.040956
4.7,55669,5649,300,1.147110
4.7,55669,5649,350,1.336252
4.7,55669,5649,400,1.068998
4.7,55669,5649,450,0.926702
4.7,55669,5649,500,1.177766
4.7,55669,5649,600,1.340981
4.7,55669,5649,700,1.454498
4.7,55669,5649,800,1.222068
4.7,55669,5649,900,0.858399
4.7,55669,5649,1000,0.684803
4.7,55669,5649,1250,0.318081
4.7,55669,5649,1500,0.362013
4.7,55669,5649,1750,0.301219
4.7,55669,5649,2000,0.001027
4.7,55669,5649,2250,0.098972
4.7,55669,5649,2500,0.321975
4.7,55669,5649,2750,0.579606
4.7,55669,5649,3000,0.526241
4.7,55669,5649,3250,0.515571
4.7,55669,5649,3500,0.492252
4.7,55669,5649,3750,0.456640
4.7,55669,5649,4000,0.439581
4.7,55669,5649,4250,0.538315
4.7,55669,5649,4500,0.534299
4.7,55669,5649,4750,0.602386
4.7,55669,5649,5000,0.574752
4.7,55669,5649,5250,0.527145
4.7,55669,5649,5500,0.578555
4.7,55669,5649,5750,0.630597
4.7,55669,5649,6000,0.574048
4.7,55669,5649,6250,0.526488
4.7,55669,5649,6500,0.592903
4.7,55669,5649,6750,0.572760
4.7,55669,5649,7000,0.603001
4.7,55669,5649,7250,0.644793
4.7,55669,5649,7500,0.645334
4.7,55669,5649,7750,0.688952
4.7,55669,5649,8000,0.722654
4.7,55846,5669,50,2.714086
4.7,55846,5669,100,3.449511
4.7,55846,5669,150,2.120731
4.7,55846,5669,200,2.056363
4.7,55846,5669,250,2.198681
4.7,55846,5669,300,1.821608
4.7,55846,5669,350,1.645863
4.7,55846,5669,400,1.664606
4.7,55846,5669,450,1.749592
4.7,55846,5669,500,1.592110
4.7,55846,5669,600,1.291670
4.7,55846,5669,700,1.177812
4.7,55846,5669,800,1.395135
4.7,55846,5669,900,1.501721
4.7,55846,5669,1000,1.823816
4.7,55846,5669,1250,1.755656
4.7,55846,5669,1500,1.882919
4.7,55846,5669,1750,1.713917
4.7,55846,5669,2000,1.257408
4.7,55846,5669,2250,1.229418
4.7,55846,5669,2500,1.032950
4.7,55846,5669,2750,0.797226
4.7,55846,5669,3000,0.711075
4.7,55846,5669,3250,0.368853
4.7,55846,5669,3500,0.289134
4.7,55846,5669,3750,0.215065
4.7,55846,5669,4000,0.253844
4.7,55846,5669,4250,0.146370
4.7,55846,5669,4500,0.134002
4.7,55846,5669,4750,0.065348
4.7,55846,5669,5000,0.190458
4.7,55846,5669,5250,0.154336
4.7,55846,5669,5500,0.176001
4.7,55846,5669,5750,0.228047
4.7,55846,5669,6000,0.133460
4.7,55846,5669,6250,0.001912
4.7,55846,5669,6500,0.044446
4.7,55846,5669,6750,0.022964
4.7,55846,5669,7000,0.102061
4.7,55846,5669,7250,0.043927
4.7,55846,5669,7500,0.083432
4.7,55846,5669,7750,0.139673
4.7,55846,5669,8000,0.193567
4.7,56783,5758,50,0.592818
4.7,56783,5758,100,0.175766
4.7,56783,5758,150,0.871485
4.7,56783,5758,200,1.195063
4.7,56783,5758,250,1.207069
4.7,56783,5758,300,0.776642
4.7,56783,5758,350,1.072910
4.7,56783,5758,400,0.792146
4.7,56783,5758,450,0.838057
4.7,56783,5758,500,0.664046
4.7,56783,5758,600,1.283037
4.7,56783,5758,700,1.526157
4.7,56783,5758,800,1.854161
4.7,56783,5758,900,1.496630
4.7,56783,5758,1000,1.435080
4.7,56783,5758,1250,1.124274
4.7,56783,5758,1500,0.904467
4.7,56783,5758,1750,0.975616
4.7,56783,5758,2000,1.142777
4.7,56783,5758,2250,1.078564
4.7,56783,5758,2500,1.080928
4.7,56783,5758,2750,1.294122
4.7,56783,5758,3000,1.345010
4.7,56783,5758,3250,1.400363
4.7,56783,5758,3500,1.613865
4.7,56783,5758,3750,1.561049
4.7,56783,5758,4000,1.567782
4.7,56783,5758,4250,1.515957
4.7,56783,5758,4500,1.320157
4.7,56783,5758,4750,1.430540
4.7,56783,5758,5000,1.423785
4.7,56783,5758,5250,1.448088
4.7,56783,5758,5500,1.499625
4.7,56783,5758,5750,1.494855
4.7,56783,5758,6000,1.406607
4.7,56783,5758,6250,1.377517
4.7,56783,5758,6500,1.345587
4.7,56783,5758,6750,1.288812
4.7,56783,5758,7000,1.337529
4.7,56783,5758,7250,1.301390
4.7,56783,5758,7500,1.261394
4.7,56783,5758,7750,1.190620
4.7,56783,5758,8000,1.132008
4.7,58332,5905,50,0.275094
4.7,58332,5905,100,0.536845
4.7,58332,5905,150,0.740723
4.7,58332,5905,200,0.974800
4.7,58332,5905,250,1.320156
4.7,58332,5905,300,0.758449
4.7,58332,5905,350,1.154448
4.7,58332,5905,400,0.838248
4.7,58332,5905,450,0.706123
4.7,58332,5905,500,1.258124
4.7,58332,5905,600,1.299141
4.7,58332,5905,700,1.494156
4.7,58332,5905,800,0.627625
4.7,58332,5905,900,0.629669
4.7,58332,5905,1000,0.365675
4.7,58332,5905,1250,0.272621
4.7,58332,5905,1500,0.144262
4.7,58332,5905,1750,0.671285
4.7,58332,5905,2000,0.573843
4.7,58332,5905,2250,0.690211
4.7,58332,5905,2500,0.602814
4.7,58332,5905,2750,0.377542
4.7,58332,5905,3000,0.626018
4.7,58332,5905,3250,0.545902
4.7,58332,5905,3500,0.548192
4.7,58332,5905,3750,0.411690
4.7,58332,5905,4000,0.330078
4.7,58332,5905,4250,0.328941
4.7,58332,5905,4500,0.159498
4.7,58332,5905,4750,0.173149
4.7,58332,5905,5000,0.154564
4.7,58332,5905,5250,0.023493
4.7,58332,5905,5500,0.095661
4.7,58332,5905,5750,0.078401
4.7,58332,5905,6000,0.045323
4.7,58332,5905,6250,0.035416
4.7,58332,5905,6500,0.012944
4.7,58332,5905,6750,0.139931
4.7,58332,5905,7000,0.118103
4.7,58332,5905,7250,0.140262
4.7,58332,5905,7500,0.190568
4.7,58332,5905,7750,0.134082
4.7,58332,5905,8000,0.168365
4.7,58340,5906,50,0.541723
4.7,58340,5906,100,0.818538
4.7,58340,5906,150,0.481109
4.7,58340,5906,200,0.709626
4.7,58340,5906,250,1.075664
4.7,58340,5906,300,0.504591
4.7,58340,5906,350,0.946653
4.7,58340,5906,400,0.644797
4.7,58340,5906,450,0.502991
4.7,58340,5906,500,1.016564
4.7,58340,5906,600,0.987602
4.7,58340,5906,700,1.214454
4.7,58340,5906,800,0.380699
4.7,58340,5906,900,0.369172
4.7,58340,5906,1000,0.086121
4.7,58340,5906,1250,0.094050
4.7,58340,5906,1500,0.528157
4.7,58340,5906,1750,1.146152
4.7,58340,5906,2000,1.070453
4.7,58340,5906,2250,1.089637
4.7,58340,5906,2500,0.997657
4.7,58340,5906,2750,0.751823
4.7,58340,5906,3000,0.950908
4.7,58340,5906,3250,0.869273
4.7,58340,5906,3500,0.817245
4.7,58340,5906,3750,0.723469
4.7,58340,5906,4000,0.653096
4.7,58340,5906,4250,0.733176
4.7,58340,5906,4500,0.659819
4.7,58340,5906,4750,0.626108
4.7,58340,5906,5000,0.588553
4.7,58340,5906,5250,0.576872
4.7,58340,5906,5500,0.623041
4.7,58340,5906,5750,0.603318
4.7,58340,5906,6000,0.547294
4.7,58340,5906,6250,0.509616
4.7,58340,5906,6500,0.514274
4.7,58340,5906,6750,0.424133
4.7,58340,5906,7000,0.473473
4.7,58340,5906,7250,0.489996
4.7,58340,5906,7500,0.430781
4.7,58340,5906,7750,0.524701
4.7,58340,5906,8000,0.434548
4.7,60323,6086,50,0.753052
4.7,60323,6086,100,0.761309
4.7,60323,6086,150,0.945198
4.7,60323,6086,200,1.246764
4.7,60323,6086,250,0.633805
4.7,60323,6086,300,0.968067
4.7,60323,6086,350,0.041113
4.7,60323,6086,400,0.479303
4.7,60323,6086,450,0.547474
4.7,60323,6086,500,0.635414
4.7,60323,6086,600,0.843799
4.7,60323,6086,700,0.830944
4.7,60323,6086,800,0.537783
4.7,60323,6086,900,0.305667
4.7,60323,6086,1000,0.337939
4.7,60323,6086,1250,0.055299
4.7,60323,6086,1500,0.243383
4.7,60323,6086,1750,0.381335
4.7,60323,6086,2000,0.715475
4.7,60323,6086,2250,0.402233
4.7,60323,6086,2500,0.301779
4.7,60323,6086,2750,0.402975
4.7,60323,6086,3000,0.283573
4.7,60323,6086,3250,0.422953
4.7,60323,6086,3500,0.325360
4.7,60323,6086,3750,0.197991
4.7,60323,6086,4000,0.063244
4.7,60323,6086,4250,0.065356
4.7,60323,6086,4500,0.104687
4.7,60323,6086,4750,0.003693
4.7,60323,6086,5000,0.070669
4.7,60323,6086,5250,0.117272
4.7,60323,6086,5500,0.125133
4.7,60323,6086,5750,0.062668
4.7,60323,6086,6000,0.133547
4.7,60323,6086,6250,0.197721
4.7,60323,6086,6500,0.188987
4.7,60323,6086,6750,0.209913
4.7,60323,6086,7000,0.193374
4.7,60323,6086,7250,0.272478
4.7,60323,6086,7500,0.186290
4.7,60323,6086,7750,0.232008
4.7,60323,6086,8000,0.196617
4.7,61334,6170,50,2.513228
4.7,61334,6170,100,2.525480
4.7,61334,6170,150,2.459050
4.7,61334,6170,200,1.634075
4.7,61334,6170,250,1.408863
4.7,61334,6170,300,1.212759
4.7,61334,6170,350,0.179550
4.7,61334,6170,400,0.195967
4.7,61334,6170,450,0.138728
4.7,61334,6170,500,0.324237
4.7,61334,6170,600,0.036656
4.7,61334,6170,700,0.010645
4.7,61334,6170,800,0.110303
4.7,61334,6170,900,0.330961
4.7,61334,6170,1000,0.108104
4.7,61334,6170,1250,0.072439
4.7,61334,6170,1500,0.009322
4.7,61334,6170,1750,0.333046
4.7,61334,6170,2000,0.093631
4.7,61334,6170,2250,0.045778
4.7,61334,6170,2500,0.219227
4.7,61334,6170,2750,0.151225
4.7,61334,6170,3000,0.210782
4.7,61334,6170,3250,0.415914
4.7,61334,6170,3500,0.373418
4.7,61334,6170,3750,0.443038
4.7,61334,6170,4000,0.324884
4.7,61334,6170,4250,0.200524
4.7,61334,6170,4500,0.205101
4.7,61334,6170,4750,0.227302
4.7,61334,6170,5000,0.170907
4.7,61334,6170,5250,0.335235
4.7,61334,6170,5500,0.410111
4.7,61334,6170,5750,0.574146
4.7,61334,6170,6000,0.553108
4.7,61334,6170,6250,0.581165
4.7,61334,6170,6500,0.657359
4.7,61334,6170,6750,0.611623
4.7,61334,6170,7000,0.641899
4.7,61334,6170,7250,0.669911
4.7,61334,6170,7500,0.716080
4.7,61334,6170,7750,0.710798
4.7,61334,6170,8000,0.741015
4.7,61821,6217,50,2.342238
4.7,61821,6217,100,0.103440
4.7,61821,6217,150,1.448240
4.7,61821,6217,200,0.313531
4.7,61821,6217,250,0.116108
4.7,61821,6217,300,0.216931
4.7,61821,6217,350,0.259637
4.7,61821,6217,400,0.343554
4.7,61821,6217,450,0.314970
4.7,61821,6217,500,0.366453
4.7,61821,6217,600,0.234208
4.7,61821,6217,700,0.016177
4.7,61821,6217,800,0.030533
4.7,61821,6217,900,0.205110
4.7,61821,6217,1000,0.197695
4.7,61821,6217,1250,0.284709
4.7,61821,6217,1500,0.195201
4.7,61821,6217,1750,0.260913
4.7,61821,6217,2000,0.524385
4.7,61821,6217,2250,0.407247
4.7,61821,6217,2500,0.351657
4.7,61821,6217,2750,0.632881
4.7,61821,6217,3000,0.734746
4.7,61821,6217,3250,0.664968
4.7,61821,6217,3500,0.743324
4.7,61821,6217,3750,0.872339
4.7,61821,6217,4000,0.977635
4.7,61821,6217,4250,0.744139
4.7,61821,6217,4500,0.682183
4.7,61821,6217,4750,0.723767
4.7,61821,6217,5000,0.849736
4.7,61821,6217,5250,1.050825
4.7,61821,6217,5500,0.895089
4.7,61821,6217,5750,0.787505
4.7,61821,6217,6000,0.722450
4.7,61821,6217,6250,0.785985
4.7,61821,6217,6500,0.700533
4.7,61821,6217,6750,0.771094
4.7,61821,6217,7000,0.818311
4.7,61821,6217,7250,0.793140
4.7,61821,6217,7500,0.756286
4.7,61821,6217,7750,0.800181
4.7,61821,6217,8000,0.762439
4.7,62853,6305,50,2.257449
4.7,62853,6305,100,0.628823
4.7,62853,6305,150,0.986776
4.7,62853,6305,200,0.225736
4.7,62853,6305,250,1.037724
4.7,62853,6305,300,0.888929
4.7,62853,6305,350,0.586396
4.7,62853,6305,400,1.036925
4.7,62853,6305,450,0.958204
4.7,62853,6305,500,0.720821
4.7,62853,6305,600,0.395966
4.7,62853,6305,700,0.001539
4.7,62853,6305,800,0.051206
4.7,62853,6305,900,0.039295
4.7,62853,6305,1000,0.159088
4.7,62853,6305,1250,0.162956
4.7,62853,6305,1500,0.038201
4.7,62853,6305,1750,0.088496
4.7,62853,6305,2000,0.338146
4.7,62853,6305,2250,0.090860
4.7,62853,6305,2500,0.036562
4.7,62853,6305,2750,0.202160
4.7,62853,6305,3000,0.020827
4.7,62853,6305,3250,0.014358
4.7,62853,6305,3500,0.126652
4.7,62853,6305,3750,0.218910
4.7,62853,6305,4000,0.156302
4.7,62853,6305,4250,0.089188
4.7,62853,6305,4500,0.154405
4.7,62853,6305,4750,0.007808
4.7,62853,6305,5000,0.085109
4.7,62853,6305,5250,0.055875
4.7,62853,6305,5500,0.082794
4.7,62853,6305,5750,0.035532
4.7,62853,6305,6000,0.026516
4.7,62853,6305,6250,0.103926
4.7,62853,6305,6500,0.074768
4.7,62853,6305,6750,0.209895
4.7,62853,6305,7000,0.389704
4.7,62853,6305,7250,0.392242
4.7,62853,6305,7500,0.499995
4.7,62853,6305,7750,0.423275
4.7,62853,6305,8000,0.378085
4.7,63549,6369,50,0.565520
4.7,63549,6369,100,1.279332
4.7,63549,6369,150,1.233305
4.7,63549,6369,200,0.681126
4.7,63549,6369,250,0.417491
4.7,63549,6369,300,0.214761
4.7,63549,6369,350,0.057461
4.7,63549,6369,400,0.012171
4.7,63549,6369,450,0.001307
4.7,63549,6369,500,0.109040
4.7,63549,6369,600,0.002359
4.7,63549,6369,700,0.003940
4.7,63549,6369,800,0.006658
4.7,63549,6369,900,0.192835
4.7,63549,6369,1000,0.191015
4.7,63549,6369,1250,0.451051
4.7,63549,6369,1500,0.785140
4.7,63549,6369,1750,0.638365
4.7,63549,6369,2000,0.717840
4.7,63549,6369,2250,0.504836
4.7,63549,6369,2500,0.389245
4.7,63549,6369,2750,0.592193
4.7,63549,6369,3000,0.780991
4.7,63549,6369,3250,0.753323
4.7,63549,6369,3500,0.704495
4.7,63549,6369,3750,0.610484
4.7,63549,6369,4000,0.663089
4.7,63549,6369,4250,0.737866
4.7,63549,6369,4500,0.638317
4.7,63549,6369,4750,0.450215
4.7,63549,6369,5000,0.462490
4.7,63549,6369,5250,0.576931
4.7,63549,6369,5500,0.434410
4.7,63549,6369,5750,0.353240
4.7,63549,6369,6000,0.301891
4.7,63549,6369,6250,0.244868
4.7,63549,6369,6500,0.134485
4.7,63549,6369,6750,0.203062
4.7,63549,6369,7000,0.082018
4.7,63549,6369,7250,0.103072
4.7,63549,6369,7500,0.021216
4.7,63549,6369,7750,0.017368
4.7,63549,6369,8000,0.013441
4.7,64611,6461,50,2.352008
4.7,64611,6461,100,1.071128
4.7,64611,6461,150,0.350788
4.7,64611,6461,200,0.011398
4.7,64611,6461,250,0.019770
4.7,64611,6461,300,0.070874
4.7,64611,6461,350,0.065596
4.7,64611,6461,400,0.300208
4.7,64611,6461,450,0.204091
4.7,64611,6461,500,0.280882
4.7,64611,6461,600,0.197350
4.7,64611,6461,700,0.009155
4.7,64611,6461,800,0.014435
4.7,64611,6461,900,0.030509
4.7,64611,6461,1000,0.139164
4.7,64611,6461,1250,0.062108
4.7,64611,6461,1500,0.261824
4.7,64611,6461,1750,0.300515
4.7,64611,6461,2000,0.236662
4.7,64611,6461,2250,0.454761
4.7,64611,6461,2500,0.062296
4.7,64611,6461,2750,0.311432
4.7,64611,6461,3000,0.303147
4.7,64611,6461,3250,0.207331
4.7,64611,6461,3500,0.101787
4.7,64611,6461,3750,0.070888
4.7,64611,6461,4000,0.112356
4.7,64611,6461,4250,0.234960
4.7,64611,6461,4500,0.286261
4.7,64611,6461,4750,0.104653
4.7,64611,6461,5000,0.071970
4.7,64611,6461,5250,0.166844
4.7,64611,6461,5500,0.181173
4.7,64611,6461,5750,0.184012
4.7,64611,6461,6000,0.185471
4.7,64611,6461,6250,0.223308
4.7,64611,6461,6500,0.061893
4.7,64611,6461,6750,0.025793
4.7,64611,6461,7000,0.058917
4.7,64611,6461,7250,0.021449
4.7,64611,6461,7500,0.053291
4.7,64611,6461,7750,0.060653
4.7,64611,6461,8000,0.052656
4.7,65572,6548,50,0.118838
4.7,65572,6548,100,0.708835
4.7,65572,6548,150,1.406100
4.7,65572,6548,200,1.216444
4.7,65572,6548,250,1.014093
4.7,65572,6548,300,0.949316
4.7,65572,6548,350,0.356458
4.7,65572,6548,400,0.285725
4.7,65572,6548,450,0.268552
4.7,65572,6548,500,0.209717
4.7,65572,6548,600,0.075098
4.7,65572,6548,700,0.095183
4.7,65572,6548,800,0.086161
4.7,65572,6548,900,0.016958
4.7,65572,6548,1000,0.080543
4.7,65572,6548,1250,0.544193
4.7,65572,6548,1500,0.576098
4.7,65572,6548,1750,0.422100
4.7,65572,6548,2000,0.213039
4.7,65572,6548,2250,0.125281
4.7,65572,6548,2500,0.009436
4.7,65572,6548,2750,0.186374
4.7,65572,6548,3000,0.111023
4.7,65572,6548,3250,0.090134
4.7,65572,6548,3500,0.095364
4.7,65572,6548,3750,0.136985
4.7,65572,6548,4000,0.100322
4.7,65572,6548,4250,0.303334
4.7,65572,6548,4500,0.223795
4.7,65572,6548,4750,0.193955
4.7,65572,6548,5000,0.264365
4.7,65572,6548,5250,0.382360
4.7,65572,6548,5500,0.392887
4.7,65572,6548,5750,0.446527
4.7,65572,6548,6000,0.358609
4.7,65572,6548,6250,0.236121
4.7,65572,6548,6500,0.276742
4.7,65572,6548,6750,0.268831
4.7,65572,6548,7000,0.127881
4.7,65572,6548,7250,0.247544
4.7,65572,6548,7500,0.223961
4.7,65572,6548,7750,0.247972
4.7,65572,6548,8000,0.212273
4.7,66783,6655,50,2.100290
4.7,66783,6655,100,0.344169
4.7,66783,6655,150,0.627410
4.7,66783,6655,200,0.186023
4.7,66783,6655,250,0.197270
4.7,66783,6655,300,0.016009
4.7,66783,6655,350,0.033003
4.7,66783,6655,400,0.277617
4.7,66783,6655,450,0.245694
4.7,66783,6655,500,0.367276
4.7,66783,6655,600,0.094605
4.7,66783,6655,700,0.008032
4.7,66783,6655,800,0.060118
4.7,66783,6655,900,0.039836
4.7,66783,6655,1000,0.152104
4.7,66783,6655,1250,0.254809
4.7,66783,6655,1500,0.038011
4.7,66783,6655,1750,0.166685
4.7,66783,6655,2000,0.337801
4.7,66783,6655,2250,0.346193
4.7,66783,6655,2500,0.390349
4.7,66783,6655,2750,0.595284
4.7,66783,6655,3000,0.343931
4.7,66783,6655,3250,0.373270
4.7,66783,6655,3500,0.348263
4.7,66783,6655,3750,0.412211
4.7,66783,6655,4000,0.575038
4.7,66783,6655,4250,0.601519
4.7,66783,6655,4500,0.416605
4.7,66783,6655,4750,0.515382
4.7,66783,6655,5000,0.408323
4.7,66783,6655,5250,0.388774
4.7,66783,6655,5500,0.455745
4.7,66783,6655,5750,0.261855
4.7,66783,6655,6000,0.297436
4.7,66783,6655,6250,0.231517
4.7,66783,6655,6500,0.264875
4.7,66783,6655,6750,0.276950
4.7,66783,6655,7000,0.276732
4.7,66783,6655,7250,0.245898
4.7,66783,6655,7500,0.242435
4.7,66783,6655,7750,0.188437
4.7,66783,6655,8000,0.153037
4.7,67467,6720,50,0.499893
4.7,67467,6720,100,0.204098
4.7,67467,6720,150,1.424513
4.7,67467,6720,200,0.555537
4.7,67467,6720,250,0.119880
4.7,67467,6720,300,0.074972
4.7,67467,6720,350,0.243355
4.7,67467,6720,400,0.668571
4.7,67467,6720,450,0.623121
4.7,67467,6720,500,0.525156
4.7,67467,6720,600,0.494422
4.7,67467,6720,700,0.386200
4.7,67467,6720,800,0.071515
4.7,67467,6720,900,0.214147
4.7,67467,6720,1000,0.191820
4.7,67467,6720,1250,0.075974
4.7,67467,6720,1500,0.205781
4.7,67467,6720,1750,0.239199
4.7,67467,6720,2000,0.193629
4.7,67467,6720,2250,0.407477
4.7,67467,6720,2500,0.300249
4.7,67467,6720,2750,0.382422
4.7,67467,6720,3000,0.478950
4.7,67467,6720,3250,0.433435
4.7,67467,6720,3500,0.239751
4.7,67467,6720,3750,0.409590
4.7,67467,6720,4000,0.476199
4.7,67467,6720,4250,0.395232
4.7,67467,6720,4500,0.225229
4.7,67467,6720,4750,0.314196
4.7,67467,6720,5000,0.315510
4.7,67467,6720,5250,0.301060
4.7,67467,6720,5500,0.223619
4.7,67467,6720,5750,0.093706
4.7,67467,6720,6000,0.018194
4.7,67467,6720,6250,0.019451
4.7,67467,6720,6500,0.023692
4.7,67467,6720,6750,0.104500
4.7,67467,6720,7000,0.025135
4.7,67467,6720,7250,0.006433
4.7,67467,6720,7500,0.102991
4.7,67467,6720,7750,0.035877
4.7,67467,6720,8000,0.116044
4.7,68766,6834,50,1.101430
4.7,68766,6834,100,0.152311
4.7,68766,6834,150,0.293319
4.7,68766,6834,200,0.729639
4.7,68766,6834,250,0.768699
4.7,68766,6834,300,0.378530
4.7,68766,6834,350,0.149444
4.7,68766,6834,400,0.413191
4.7,68766,6834,450,0.429576
4.7,68766,6834,500,0.502240
4.7,68766,6834,600,0.112350
4.7,68766,6834,700,0.009710
4.7,68766,6834,800,0.500040
4.7,68766,6834,900,0.117620
4.7,68766,6834,1000,0.427719
4.7,68766,6834,1250,0.363049
4.7,68766,6834,1500,0.475299
4.7,68766,6834,1750,0.629696
4.7,68766,6834,2000,0.714265
4.7,68766,6834,2250,1.031789
4.7,68766,6834,2500,1.064313
4.7,68766,6834,2750,1.042713
4.7,68766,6834,3000,1.221280
4.7,68766,6834,3250,0.969467
4.7,68766,6834,3500,0.738228
4.7,68766,6834,3750,0.713350
4.7,68766,6834,4000,0.664709
4.7,68766,6834,4250,0.614421
4.7,68766,6834,4500,0.672452
4.7,68766,6834,4750,0.696947
4.7,68766,6834,5000,0.708947
4.7,68766,6834,5250,0.794169
4.7,68766,6834,5500,0.820507
4.7,68766,6834,5750,0.928377
4.7,68766,6834,6000,0.786735
4.7,68766,6834,6250,0.886814
4.7,68766,6834,6500,0.936816
4.7,68766,6834,6750,1.050952
4.7,68766,6834,7000,0.966666
4.7,68766,6834,7250,0.945007
4.7,68766,6834,7500,0.856626
4.7,68766,6834,7750,0.864823
4.7,68766,6834,8000,0.936118
4.7,68788,6837,50,0.069062
4.7,68788,6837,100,1.377050
4.7,68788,6837,150,0.809838
4.7,68788,6837,200,1.757279
4.7,68788,6837,250,1.749531
4.7,68788,6837,300,1.428865
4.7,68788,6837,350,1.189802
4.7,68788,6837,400,0.558102
4.7,68788,6837,450,0.552124
4.7,68788,6837,500,0.473828
4.7,68788,6837,600,0.859121
4.7,68788,6837,700,0.979332
4.7,68788,6837,800,0.623585
4.7,68788,6837,900,1.050202
4.7,68788,6837,1000,1.188375
4.7,68788,6837,1250,1.222496
4.7,68788,6837,1500,0.433745
4.7,68788,6837,1750,0.360200
4.7,68788,6837,2000,0.483123
4.7,68788,6837,2250,0.284502
4.7,68788,6837,2500,0.062066
4.7,68788,6837,2750,0.118349
4.7,68788,6837,3000,0.323650
4.7,68788,6837,3250,0.420824
4.7,68788,6837,3500,0.258489
4.7,68788,6837,3750,0.183423
4.7,68788,6837,4000,0.119411
4.7,68788,6837,4250,0.021513
4.7,68788,6837,4500,0.105467
4.7,68788,6837,4750,0.135419
4.7,68788,6837,5000,0.081978
4.7,68788,6837,5250,0.046813
4.7,68788,6837,5500,0.158902
4.7,68788,6837,5750,0.164244
4.7,68788,6837,6000,0.045833
4.7,68788,6837,6250,0.167640
4.7,68788,6837,6500,0.176169
4.7,68788,6837,6750,0.207130
4.7,68788,6837,7000,0.048760
4.7,68788,6837,7250,0.061524
4.7,68788,6837,7500,0.053931
4.7,68788,6837,7750,0.008934
4.7,68788,6837,8000,0.055881
4.7,69673,6908,50,2.118444
4.7,69673,6908,100,3.002308
4.7,69673,6908,150,2.133180
4.7,69673,6908,200,1.449870
4.7,69673,6908,250,1.243113
4.7,69673,6908,300,1.581622
4.7,69673,6908,350,1.651397
4.7,69673,6908,400,1.654499
4.7,69673,6908,450,1.596746
4.7,69673,6908,500,1.565651
4.7,69673,6908,600,1.317339
4.7,69673,6908,700,1.388338
4.7,69673,6908,800,0.619876
4.7,69673,6908,900,0.793157
4.7,69673,6908,1000,0.436084
4.7,69673,6908,1250,0.098719
4.7,69673,6908,1500,0.128944
4.7,69673,6908,1750,0.123598
4.7,69673,6908,2000,0.047502
4.7,69673,6908,2250,0.120575
4.7,69673,6908,2500,0.187059
4.7,69673,6908,2750,0.147354
4.7,69673,6908,3000,0.177238
4.7,69673,6908,3250,0.141335
4.7,69673,6908,3500,0.019206
4.7,69673,6908,3750,0.038532
4.7,69673,6908,4000,0.024074
4.7,69673,6908,4250,0.090627
4.7,69673,6908,4500,0.203153
4.7,69673,6908,4750,0.267604
4.7,69673,6908,5000,0.371387
4.7,69673,6908,5250,0.276399
4.7,69673,6908,5500,0.121906
4.7,69673,6908,5750,0.009249
4.7,69673,6908,6000,0.029056
4.7,69673,6908,6250,0.035811
4.7,69673,6908,6500,0.083472
4.7,69673,6908,6750,0.088078
4.7,69673,6908,7000,0.257562
4.7,69673,6908,7250,0.181565
4.7,69673,6908,7500,0.099150
4.7,69673,6908,7750,0.045844
4.7,69673,6908,8000,0.081834
4.7,71382,7068,50,0.325637
4.7,71382,7068,100,0.339278
4.7,71382,7068,150,0.723756
4.7,71382,7068,200,0.817900
4.7,71382,7068,250,0.530706
4.7,71382,7068,300,0.449940
4.7,71382,7068,350,0.718961
4.7,71382,7068,400,0.557673
4.7,71382,7068,450,0.297646
4.7,71382,7068,500,0.401302
4.7,71382,7068,600,0.152014
4.7,71382,7068,700,0.014863
4.7,71382,7068,800,0.336465
4.7,71382,7068,900,0.452853
4.7,71382,7068,1000,0.595966
4.7,71382,7068,1250,0.321976
4.7,71382,7068,1500,0.161243
4.7,71382,7068,1750,0.071094
4.7,71382,7068,2000,0.414315
4.7,71382,7068,2250,0.712208
4.7,71382,7068,2500,0.617872
4.7,71382,7068,2750,0.475566
4.7,71382,7068,3000,0.286970
4.7,71382,7068,3250,0.479507
4.7,71382,7068,3500,0.517902
4.7,71382,7068,3750,0.646187
4.7,71382,7068,4000,0.802488
4.7,71382,7068,4250,0.954477
4.7,71382,7068,4500,0.969282
4.7,71382,7068,4750,1.042850
4.7,71382,7068,5000,0.945032
4.7,71382,7068,5250,0.819403
4.7,71382,7068,5500,0.701977
4.7,71382,7068,5750,0.587323
4.7,71382,7068,6000,0.605911
4.7,71382,7068,6250,0.539896
4.7,71382,7068,6500,0.556678
4.7,71382,7068,6750,0.450438
4.7,71382,7068,7000,0.441142
4.7,71382,7068,7250,0.366286
4.7,71382,7068,7500,0.378177
4.7,71382,7068,7750,0.430677
4.7,71382,7068,8000,0.504309
4.7,71666,7094,50,0.821321
4.7,71666,7094,100,1.513129
4.7,71666,7094,150,0.693397
4.7,71666,7094,200,1.462403
4.7,71666,7094,250,1.682260
4.7,71666,7094,300,0.559679
4.7,71666,7094,350,0.489995
4.7,71666,7094,400,1.020385
4.7,71666,7094,450,1.214429
4.7,71666,7094,500,1.109657
4.7,71666,7094,600,1.144726
4.7,71666,7094,700,0.924250
4.7,71666,7094,800,0.094694
4.7,71666,7094,900,0.468748
4.7,71666,7094,1000,0.510496
4.7,71666,7094,1250,0.303531
4.7,71666,7094,1500,0.298921
4.7,71666,7094,1750,0.534676
4.7,71666,7094,2000,0.182402
4.7,71666,7094,2250,0.037358
4.7,71666,7094,2500,0.079580
4.7,71666,7094,2750,0.186913
4.7,71666,7094,3000,0.425157
4.7,71666,7094,3250,0.527132
4.7,71666,7094,3500,0.605411
4.7,71666,7094,3750,0.730512
4.7,71666,7094,4000,0.640057
4.7,71666,7094,4250,0.569224
4.7,71666,7094,4500,0.634272
4.7,71666,7094,4750,0.689063
4.7,71666,7094,5000,0.686307
4.7,71666,7094,5250,0.523469
4.7,71666,7094,5500,0.482831
4.7,71666,7094,5750,0.463884
4.7,71666,7094,6000,0.422691
4.7,71666,7094,6250,0.531606
4.7,71666,7094,6500,0.567941
4.7,71666,7094,6750,0.465541
4.7,71666,7094,7000,0.406629
4.7,71666,7094,7250,0.418411
4.7,71666,7094,7500,0.400054
4.7,71666,7094,7750,0.337086
4.7,71666,7094,8000,0.201451
4.7,71928,7119,50,0.434651
4.7,71928,7119,100,1.285353
4.7,71928,7119,150,0.769523
4.7,71928,7119,200,1.103887
4.7,71928,7119,250,0.711410
4.7,71928,7119,300,0.315970
4.7,71928,7119,350,0.212212
4.7,71928,7119,400,0.579677
4.7,71928,7119,450,0.615551
4.7,71928,7119,500,0.559009
4.7,71928,7119,600,0.595048
4.7,71928,7119,700,0.255591
4.7,71928,7119,800,0.142911
4.7,71928,7119,900,0.217708
4.7,71928,7119,1000,0.007631
4.7,71928,7119,1250,0.140568
4.7,71928,7119,1500,0.148937
4.7,71928,7119,1750,0.072320
4.7,71928,7119,2000,0.215823
4.7,71928,7119,2250,0.411762
4.7,71928,7119,2500,0.459471
4.7,71928,7119,2750,0.504233
4.7,71928,7119,3000,0.199268
4.7,71928,7119,3250,0.005023
4.7,71928,7119,3500,0.045752
4.7,71928,7119,3750,0.216169
4.7,71928,7119,4000,0.123412
4.7,71928,7119,4250,0.060910
4.7,71928,7119,4500,0.249802
4.7,71928,7119,4750,0.259304
4.7,71928,7119,5000,0.291191
4.7,71928,7119,5250,0.389841
4.7,71928,7119,5500,0.184071
4.7,71928,7119,5750,0.143183
4.7,71928,7119,6000,0.153236
4.7,71928,7119,6250,0.157840
4.7,71928,7119,6500,0.084382
4.7,71928,7119,6750,0.200096
4.7,71928,7119,7000,0.350192
4.7,71928,7119,7250,0.350031
4.7,71928,7119,7500,0.344301
4.7,71928,7119,7750,0.321998
4.7,71928,7119,8000,0.199839
4.7,72159,7141,50,0.295156
4.7,72159,7141,100,0.298106
4.7,72159,7141,150,0.351603
4.7,72159,7141,200,0.082561
4.7,72159,7141,250,0.412837
4.7,72159,7141,300,0.860593
4.7,72159,7141,350,1.100633
4.7,72159,7141,400,1.577231
4.7,72159,7141,450,1.392573
4.7,72159,7141,500,1.487319
4.7,72159,7141,600,1.869458
4.7,72159,7141,700,1.535707
4.7,72159,7141,800,1.451036
4.7,72159,7141,900,1.027397
4.7,72159,7141,1000,0.947848
4.7,72159,7141,1250,1.148093
4.7,72159,7141,1500,1.078948
4.7,72159,7141,1750,1.039325
4.7,72159,7141,2000,1.412480
4.7,72159,7141,2250,1.147030
4.7,72159,7141,2500,1.116521
4.7,72159,7141,2750,1.129993
4.7,72159,7141,3000,1.195699
4.7,72159,7141,3250,1.114247
4.7,72159,7141,3500,1.119817
4.7,72159,7141,3750,1.282539
4.7,72159,7141,4000,1.177307
4.7,72159,7141,4250,1.150699
4.7,72159,7141,4500,0.951926
4.7,72159,7141,4750,0.975474
4.7,72159,7141,5000,0.945270
4.7,72159,7141,5250,1.142310
4.7,72159,7141,5500,0.922256
4.7,72159,7141,5750,0.925896
4.7,72159,7141,6000,0.959735
4.7,72159,7141,6250,0.898909
4.7,72159,7141,6500,0.986759
4.7,72159,7141,6750,0.892767
4.7,72159,7141,7000,0.799280
4.7,72159,7141,7250,0.780425
4.7,72159,7141,7500,0.766153
4.7,72159,7141,7750,0.760567
4.7,72159,7141,8000,0.718217
4.7,72275,7154,50,2.770368
4.7,72275,7154,100,2.382441
4.7,72275,7154,150,2.040719
4.7,72275,7154,200,2.674035
4.7,72275,7154,250,2.669834
4.7,72275,7154,300,1.539408
4.7,72275,7154,350,1.394882
4.7,72275,7154,400,0.562646
4.7,72275,7154,450,0.393137
4.7,72275,7154,500,0.566858
4.7,72275,7154,600,1.134812
4.7,72275,7154,700,1.332118
4.7,72275,7154,800,0.649837
4.7,72275,7154,900,0.682745
4.7,72275,7154,1000,0.801321
4.7,72275,7154,1250,0.935991
4.7,72275,7154,1500,0.788237
4.7,72275,7154,1750,0.591688
4.7,72275,7154,2000,0.847252
4.7,72275,7154,2250,0.721491
4.7,72275,7154,2500,0.638328
4.7,72275,7154,2750,0.675618
4.7,72275,7154,3000,0.332373
4.7,72275,7154,3250,0.346429
4.7,72275,7154,3500,0.336379
4.7,72275,7154,3750,0.180189
4.7,72275,7154,4000,0.222489
4.7,72275,7154,4250,0.161973
4.7,72275,7154,4500,0.079999
4.7,72275,7154,4750,0.032425
4.7,72275,7154,5000,0.016616
4.7,72275,7154,5250,0.191630
4.7,72275,7154,5500,0.041149
4.7,72275,7154,5750,0.020195
4.7,72275,7154,6000,0.020887
4.7,72275,7154,6250,0.018179
4.7,72275,7154,6500,0.119775
4.7,72275,7154,6750,0.240572
4.7,72275,7154,7000,0.440171
4.7,72275,7154,7250,0.478892
4.7,72275,7154,7500,0.512835
4.7,72275,7154,7750,0.504112
4.7,72275,7154,8000,0.490534
4.7,72442,7166,50,0.210752
4.7,72442,7166,100,0.303833
4.7,72442,7166,150,0.979050
4.7,72442,7166,200,0.420384
4.7,72442,7166,250,0.920247
4.7,72442,7166,300,0.741961
4.7,72442,7166,350,0.487530
4.7,72442,7166,400,0.538103
4.7,72442,7166,450,0.821577
4.7,72442,7166,500,0.718023
4.7,72442,7166,600,0.481395
4.7,72442,7166,700,0.875364
4.7,72442,7166,800,0.365948
4.7,72442,7166,900,0.482291
4.7,72442,7166,1000,0.598437
4.7,72442,7166,1250,0.767912
4.7,72442,7166,1500,0.818406
4.7,72442,7166,1750,0.296325
4.7,72442,7166,2000,0.081200
4.7,72442,7166,2250,0.012968
4.7,72442,7166,2500,0.067872
4.7,72442,7166,2750,0.047669
4.7,72442,7166,3000,0.129935
4.7,72442,7166,3250,0.231569
4.7,72442,7166,3500,0.182109
4.7,72442,7166,3750,0.327867
4.7,72442,7166,4000,0.357807
4.7,72442,7166,4250,0.493028
4.7,72442,7166,4500,0.659128
4.7,72442,7166,4750,0.642270
4.7,72442,7166,5000,0.649505
4.7,72442,7166,5250,0.837241
4.7,72442,7166,5500,0.643944
4.7,72442,7166,5750,0.731848
4.7,72442,7166,6000,0.744027
4.7,72442,7166,6250,0.777985
4.7,72442,7166,6500,0.647188
4.7,72442,7166,6750,0.507851
4.7,72442,7166,7000,0.364354
4.7,72442,7166,7250,0.378509
4.7,72442,7166,7500,0.442819
4.7,72442,7166,7750,0.431258
4.7,72442,7166,8000,0.468398
4.7,72980,7217,50,3.522052
4.7,72980,7217,100,3.613056
4.7,72980,7217,150,3.040534
4.7,72980,7217,200,2.596817
4.7,72980,7217,250,3.252015
4.7,72980,7217,300,2.371725
4.7,72980,7217,350,1.924765
4.7,72980,7217,400,1.217002
4.7,72980,7217,450,0.844024
4.7,72980,7217,500,1.081591
4.7,72980,7217,600,1.168326
4.7,72980,7217,700,1.011492
4.7,72980,7217,800,1.126552
4.7,72980,7217,900,1.360394
4.7,72980,7217,1000,1.256085
4.7,72980,7217,1250,1.420764
4.7,72980,7217,1500,1.177471
4.7,72980,7217,1750,0.751398
4.7,72980,7217,2000,0.735375
4.7,72980,7217,2250,0.780617
4.7,72980,7217,2500,0.811593
4.7,72980,7217,2750,0.757610
4.7,72980,7217,3000,0.927915
4.7,72980,7217,3250,0.894245
4.7,72980,7217,3500,0.968798
4.7,72980,7217,3750,1.066699
4.7,72980,7217,4000,1.102962
4.7,72980,7217,4250,0.943143
4.7,72980,7217,4500,0.982784
4.7,72980,7217,4750,1.024895
4.7,72980,7217,5000,1.080551
4.7,72980,7217,5250,0.897415
4.7,72980,7217,5500,0.723407
4.7,72980,7217,5750,0.803095
4.7,72980,7217,6000,0.749590
4.7,72980,7217,6250,0.768558
4.7,72980,7217,6500,0.659917
4.7,72980,7217,6750,0.605559
4.7,72980,7217,7000,0.817590
4.7,72980,7217,7250,0.756730
4.7,72980,7217,7500,0.870149
4.7,72980,7217,7750,0.825373
4.7,72980,7217,8000,0.755885
4.8,63502,6365,50,0.389826
4.8,63502,6365,100,0.648790
4.8,63502,6365,150,0.373931
4.8,63502,6365,200,0.414335
4.8,63502,6365,250,0.851166
4.8,63502,6365,300,1.077868
4.8,63502,6365,350,1.714741
4.8,63502,6365,400,1.454558
4.8,63502,6365,450,1.489824
4.8,63502,6365,500,1.820323
4.8,63502,6365,600,1.488503
4.8,63502,6365,700,1.194594
4.8,63502,6365,800,0.920565
4.8,63502,6365,900,0.976972
4.8,63502,6365,1000,0.761054
4.8,63502,6365,1250,0.937125
4.8,63502,6365,1500,1.177234
4.8,63502,6365,1750,1.066407
4.8,63502,6365,2000,0.904696
4.8,63502,6365,2250,1.040869
4.8,63502,6365,2500,1.061661
4.8,63502,6365,2750,0.904475
4.8,63502,6365,3000,0.763538
4.8,63502,6365,3250,0.752360
4.8,63502,6365,3500,0.724014
4.8,63502,6365,3750,0.807908
4.8,63502,6365,4000,0.741613
4.8,63502,6365,4250,0.682302
4.8,63502,6365,4500,0.796628
4.8,63502,6365,4750,0.957495
4.8,63502,6365,5000,0.928678
4.8,63502,6365,5250,0.833178
4.8,63502,6365,5500,0.860285
4.8,63502,6365,5750,1.004887
4.8,63502,6365,6000,1.008224
4.8,63502,6365,6250,0.935984
4.8,63502,6365,6500,0.834696
4.8,63502,6365,6750,0.820532
4.8,63502,6365,7000,0.820830
4.8,63502,6365,7250,0.905702
4.8,63502,6365,7500,0.727885
4.8,63502,6365,7750,0.685920
4.8,63502,6365,8000,0.725149
4.8,64592,6459,50,2.676859
4.8,64592,6459,100,1.581347
4.8,64592,6459,150,0.885023
4.8,64592,6459,200,0.462202
4.8,64592,6459,250,0.455338
4.8,64592,6459,300,0.370220
4.8,64592,6459,350,0.651355
4.8,64592,6459,400,0.846214
4.8,64592,6459,450,0.737328
4.8,64592,6459,500,0.747292
4.8,64592,6459,600,0.166978
4.8,64592,6459,700,0.296043
4.8,64592,6459,800,0.317224
4.8,64592,6459,900,0.285378
4.8,64592,6459,1000,0.353116
4.8,64592,6459,1250,0.048652
4.8,64592,6459,1500,0.253295
4.8,64592,6459,1750,0.387442
4.8,64592,6459,2000,0.288034
4.8,64592,6459,2250,0.737326
4.8,64592,6459,2500,0.608208
4.8,64592,6459,2750,0.711725
4.8,64592,6459,3000,0.627235
4.8,64592,6459,3250,0.647461
4.8,64592,6459,3500,0.646716
4.8,64592,6459,3750,0.580338
4.8,64592,6459,4000,0.632920
4.8,64592,6459,4250,0.501475
4.8,64592,6459,4500,0.581359
4.8,64592,6459,4750,0.640349
4.8,64592,6459,5000,0.631604
4.8,64592,6459,5250,0.626046
4.8,64592,6459,5500,0.507555
4.8,64592,6459,5750,0.496608
4.8,64592,6459,6000,0.545264
4.8,64592,6459,6250,0.577726
4.8,64592,6459,6500,0.504257
4.8,64592,6459,6750,0.460924
4.8,64592,6459,7000,0.515134
4.8,64592,6459,7250,0.642641
4.8,64592,6459,7500,0.735605
4.8,64592,6459,7750,0.737420
4.8,64592,6459,8000,0.790511
4.8,65686,6560,50,1.794932
4.8,65686,6560,100,0.165102
4.8,65686,6560,150,0.586816
4.8,65686,6560,200,0.629107
4.8,65686,6560,250,0.533585
4.8,65686,6560,300,0.574094
4.8,65686,6560,350,0.574837
4.8,65686,6560,400,0.373557
4.8,65686,6560,450,0.259209
4.8,65686,6560,500,0.404640
4.8,65686,6560,600,1.309098
4.8,65686,6560,700,1.317196
4.8,65686,6560,800,1.274545
4.8,65686,6560,900,1.211623
4.8,65686,6560,1000,1.149965
4.8,65686,6560,1250,1.530205
4.8,65686,6560,1500,1.605720
4.8,65686,6560,1750,1.411331
4.8,65686,6560,2000,1.393073
4.8,65686,6560,2250,1.226285
4.8,65686,6560,2500,1.047084
4.8,65686,6560,2750,0.973912
4.8,65686,6560,3000,0.875240
4.8,65686,6560,3250,0.661257
4.8,65686,6560,3500,0.644973
4.8,65686,6560,3750,0.689064
4.8,65686,6560,4000,0.538108
4.8,65686,6560,4250,0.440333
4.8,65686,6560,4500,0.441215
4.8,65686,6560,4750,0.456177
4.8,65686,6560,5000,0.396284
4.8,65686,6560,5250,0.295438
4.8,65686,6560,5500,0.274606
4.8,65686,6560,5750,0.155404
4.8,65686,6560,6000,0.045180
4.8,65686,6560,6250,0.000348
4.8,65686,6560,6500,0.122792
4.8,65686,6560,6750,0.096023
4.8,65686,6560,7000,0.016717
4.8,65686,6560,7250,0.084386
4.8,65686,6560,7500,0.034796
4.8,65686,6560,7750,0.037073
4.8,65686,6560,8000,0.111895
4.8,67431,6717,50,0.167751
4.8,67431,6717,100,0.372262
4.8,67431,6717,150,0.806606
4.8,67431,6717,200,0.017310
4.8,67431,6717,250,0.396659
4.8,67431,6717,300,0.503008
4.8,67431,6717,350,0.216911
4.8,67431,6717,400,0.148281
4.8,67431,6717,450,0.111278
4.8,67431,6717,500,0.030402
4.8,67431,6717,600,0.321135
4.8,67431,6717,700,0.278024
4.8,67431,6717,800,0.653765
4.8,67431,6717,900,0.903847
4.8,67431,6717,1000,1.223487
4.8,67431,6717,1250,1.350194
4.8,67431,6717,1500,1.662116
4.8,67431,6717,1750,1.359375
4.8,67431,6717,2000,1.065350
4.8,67431,6717,2250,1.091602
4.8,67431,6717,2500,1.178304
4.8,67431,6717,2750,1.017430
4.8,67431,6717,3000,1.125605
4.8,67431,6717,3250,0.950894
4.8,67431,6717,3500,0.835837
4.8,67431,6717,3750,1.049096
4.8,67431,6717,4000,1.036414
4.8,67431,6717,4250,0.883688
4.8,67431,6717,4500,0.719080
4.8,67431,6717,4750,0.785185
4.8,67431,6717,5000,0.758047
4.8,67431,6717,5250,0.724712
4.8,67431,6717,5500,0.650349
4.8,67431,6717,5750,0.532290
4.8,67431,6717,6000,0.459267
4.8,67431,6717,6250,0.402559
4.8,67431,6717,6500,0.391680
4.8,67431,6717,6750,0.313594
4.8,67431,6717,7000,0.358789
4.8,67431,6717,7250,0.355017
4.8,67431,6717,7500,0.310109
4.8,67431,6717,7750,0.405212
4.8,67431,6717,8000,0.365857
4.8,67513,6726,50,1.248095
4.8,67513,6726,100,1.232427
4.8,67513,6726,150,0.008092
4.8,67513,6726,200,0.868503
4.8,67513,6726,250,1.345329
4.8,67513,6726,300,1.302106
4.8,67513,6726,350,1.300319
4.8,67513,6726,400,0.870189
4.8,67513,6726,450,0.917344
4.8,67513,6726,500,1.016846
4.8,67513,6726,600,0.653658
4.8,67513,6726,700,0.897900
4.8,67513,6726,800,0.958026
4.8,67513,6726,900,0.407108
4.8,67513,6726,1000,0.644942
4.8,67513,6726,1250,0.171518
4.8,67513,6726,1500,0.139110
4.8,67513,6726,1750,0.442559
4.8,67513,6726,2000,0.673188
4.8,67513,6726,2250,0.640049
4.8,67513,6726,2500,0.514536
4.8,67513,6726,2750,0.706188
4.8,67513,6726,3000,0.705087
4.8,67513,6726,3250,0.751869
4.8,67513,6726,3500,0.579561
4.8,67513,6726,3750,0.694372
4.8,67513,6726,4000,0.790797
4.8,67513,6726,4250,0.690526
4.8,67513,6726,4500,0.522136
4.8,67513,6726,4750,0.608417
4.8,67513,6726,5000,0.562416
4.8,67513,6726,5250,0.513175
4.8,67513,6726,5500,0.388431
4.8,67513,6726,5750,0.236627
4.8,67513,6726,6000,0.232704
4.8,67513,6726,6250,0.268121
4.8,67513,6726,6500,0.295690
4.8,67513,6726,6750,0.321295
4.8,67513,6726,7000,0.320218
4.8,67513,6726,7250,0.347062
4.8,67513,6726,7500,0.366093
4.8,67513,6726,7750,0.262296
4.8,67513,6726,8000,0.329611
4.8,70963,7027,50,0.290063
4.8,70963,7027,100,0.755354
4.8,70963,7027,150,0.231441
4.8,70963,7027,200,0.514539
4.8,70963,7027,250,0.730377
4.8,70963,7027,300,1.501353
4.8,70963,7027,350,1.735050
4.8,70963,7027,400,1.134039
4.8,70963,7027,450,1.137730
4.8,70963,7027,500,1.017662
4.8,70963,7027,600,0.542968
4.8,70963,7027,700,0.520933
4.8,70963,7027,800,0.506437
4.8,70963,7027,900,0.166355
4.8,70963,7027,1000,0.385671
4.8,70963,7027,1250,0.094778
4.8,70963,7027,1500,0.190321
4.8,70963,7027,1750,0.280164
4.8,70963,7027,2000,0.324160
4.8,70963,7027,2250,0.012905
4.8,70963,7027,2500,0.131084
4.8,70963,7027,2750,0.071440
4.8,70963,7027,3000,0.175622
4.8,70963,7027,3250,0.285082
4.8,70963,7027,3500,0.346607
4.8,70963,7027,3750,0.304876
4.8,70963,7027,4000,0.141354
4.8,70963,7027,4250,0.202088
4.8,70963,7027,4500,0.219904
4.8,70963,7027,4750,0.348636
4.8,70963,7027,5000,0.461836
4.8,70963,7027,5250,0.391626
4.8,70963,7027,5500,0.388995
4.8,70963,7027,5750,0.350450
4.8,70963,7027,6000,0.429398
4.8,70963,7027,6250,0.420326
4.8,70963,7027,6500,0.460535
4.8,70963,7027,6750,0.370712
4.8,70963,7027,7000,0.441659
4.8,70963,7027,7250,0.517141
4.8,70963,7027,7500,0.448289
4.8,70963,7027,7750,0.354745
4.8,70963,7027,8000,0.407031
4.8,72298,7156,50,2.695496
4.8,72298,7156,100,2.349946
4.8,72298,7156,150,1.955290
4.8,72298,7156,200,2.603615
4.8,72298,7156,250,2.522911
4.8,72298,7156,300,1.515818
4.8,72298,7156,350,1.416427
4.8,72298,7156,400,0.610776
4.8,72298,7156,450,0.379061
4.8,72298,7156,500,0.585797
4.8,72298,7156,600,1.266287
4.8,72298,7156,700,1.347197
4.8,72298,7156,800,0.721994
4.8,72298,7156,900,0.558375
4.8,72298,7156,1000,0.575183
4.8,72298,7156,1250,0.751787
4.8,72298,7156,1500,0.691315
4.8,72298,7156,1750,0.187077
4.8,72298,7156,2000,0.218839
4.8,72298,7156,2250,0.275044
4.8,72298,7156,2500,0.227479
4.8,72298,7156,2750,0.232414
4.8,72298,7156,3000,0.198781
4.8,72298,7156,3250,0.331054
4.8,72298,7156,3500,0.253599
4.8,72298,7156,3750,0.314335
4.8,72298,7156,4000,0.203347
4.8,72298,7156,4250,0.103264
4.8,72298,7156,4500,0.100242
4.8,72298,7156,4750,0.098600
4.8,72298,7156,5000,0.104414
4.8,72298,7156,5250,0.055981
4.8,72298,7156,5500,0.033597
4.8,72298,7156,5750,0.056036
4.8,72298,7156,6000,0.049229
4.8,72298,7156,6250,0.105858
4.8,72298,7156,6500,0.012775
4.8,72298,7156,6750,0.025868
4.8,72298,7156,7000,0.150254
4.8,72298,7156,7250,0.197235
4.8,72298,7156,7500,0.247373
4.8,72298,7156,7750,0.257646
4.8,72298,7156,8000,0.335163
4.8,72528,7173,50,0.854709
4.8,72528,7173,100,0.823944
4.8,72528,7173,150,1.614152
4.8,72528,7173,200,1.231561
4.8,72528,7173,250,1.839789
4.8,72528,7173,300,0.956294
4.8,72528,7173,350,0.561684
4.8,72528,7173,400,0.054538
4.8,72528,7173,450,0.084500
4.8,72528,7173,500,0.196481
4.8,72528,7173,600,0.655053
4.8,72528,7173,700,0.763564
4.8,72528,7173,800,0.318773
4.8,72528,7173,900,0.193200
4.8,72528,7173,1000,0.433079
4.8,72528,7173,1250,0.410561
4.8,72528,7173,1500,0.337569
4.8,72528,7173,1750,0.265522
4.8,72528,7173,2000,0.582135
4.8,72528,7173,2250,0.495750
4.8,72528,7173,2500,0.421615
4.8,72528,7173,2750,0.445612
4.8,72528,7173,3000,0.826270
4.8,72528,7173,3250,0.793054
4.8,72528,7173,3500,0.840676
4.8,72528,7173,3750,0.720118
4.8,72528,7173,4000,0.828365
4.8,72528,7173,4250,0.725317
4.8,72528,7173,4500,0.532446
4.8,72528,7173,4750,0.540931
4.8,72528,7173,5000,0.535032
4.8,72528,7173,5250,0.342943
4.8,72528,7173,5500,0.420293
4.8,72528,7173,5750,0.338472
4.8,72528,7173,6000,0.365508
4.8,72528,7173,6250,0.414474
4.8,72528,7173,6500,0.344754
4.8,72528,7173,6750,0.289747
4.8,72528,7173,7000,0.071116
4.8,72528,7173,7250,0.059512
4.8,72528,7173,7500,0.124450
4.8,72528,7173,7750,0.108128
4.8,72528,7173,8000,0.123022
4.8,73262,7237,50,1.003251
4.8,73262,7237,100,1.197501
4.8,73262,7237,150,1.021029
4.8,73262,7237,200,1.124071
4.8,73262,7237,250,0.834720
4.8,73262,7237,300,1.423062
4.8,73262,7237,350,1.246937
4.8,73262,7237,400,0.663653
4.8,73262,7237,450,0.393198
4.8,73262,7237,500,0.660442
4.8,73262,7237,600,0.722803
4.8,73262,7237,700,0.721490
4.8,73262,7237,800,0.540450
4.8,73262,7237,900,0.071752
4.8,73262,7237,1000,0.237466
4.8,73262,7237,1250,0.533551
4.8,73262,7237,1500,0.329333
4.8,73262,7237,1750,0.641193
4.8,73262,7237,2000,0.701436
4.8,73262,7237,2250,0.681208
4.8,73262,7237,2500,0.677793
4.8,73262,7237,2750,0.653856
4.8,73262,7237,3000,0.902695
4.8,73262,7237,3250,0.908003
4.8,73262,7237,3500,0.805377
4.8,73262,7237,3750,0.732744
4.8,73262,7237,4000,0.602669
4.8,73262,7237,4250,0.605814
4.8,73262,7237,4500,0.619050
4.8,73262,7237,4750,0.644006
4.8,73262,7237,5000,0.549592
4.8,73262,7237,5250,0.710047
4.8,73262,7237,5500,0.851419
4.8,73262,7237,5750,0.787140
4.8,73262,7237,6000,0.761603
4.8,73262,7237,6250,0.767535
4.8,73262,7237,6500,0.653886
4.8,73262,7237,6750,0.814004
4.8,73262,7237,7000,0.612692
4.8,73262,7237,7250,0.659489
4.8,73262,7237,7500,0.548132
4.8,73262,7237,7750,0.434712
4.8,73262,7237,8000,0.313703
4.8,74102,7311,50,1.011247
4.8,74102,7311,100,0.287650
4.8,74102,7311,150,0.046291
4.8,74102,7311,200,0.055135
4.8,74102,7311,250,0.785991
4.8,74102,7311,300,0.244344
4.8,74102,7311,350,0.238242
4.8,74102,7311,400,0.766097
4.8,74102,7311,450,0.976595
4.8,74102,7311,500,1.302134
4.8,74102,7311,600,1.081112
4.8,74102,7311,700,1.217363
4.8,74102,7311,800,1.098288
4.8,74102,7311,900,1.231157
4.8,74102,7311,1000,1.106628
4.8,74102,7311,1250,1.567208
4.8,74102,7311,1500,1.812859
4.8,74102,7311,1750,1.844385
4.8,74102,7311,2000,1.922189
4.8,74102,7311,2250,1.883557
4.8,74102,7311,2500,1.540184
4.8,74102,7311,2750,1.784756
4.8,74102,7311,3000,1.819660
4.8,74102,7311,3250,1.800666
4.8,74102,7311,3500,1.627184
4.8,74102,7311,3750,1.552531
4.8,74102,7311,4000,1.372908
4.8,74102,7311,4250,1.332895
4.8,74102,7311,4500,1.322772
4.8,74102,7311,4750,1.329627
4.8,74102,7311,5000,1.433939
4.8,74102,7311,5250,1.567517
4.8,74102,7311,5500,1.600542
4.8,74102,7311,5750,1.549663
4.8,74102,7311,6000,1.577972
4.8,74102,7311,6250,1.511670
4.8,74102,7311,6500,1.376074
4.8,74102,7311,6750,1.248323
4.8,74102,7311,7000,1.173021
4.8,74102,7311,7250,1.160351
4.8,74102,7311,7500,1.085194
4.8,74102,7311,7750,1.057466
4.8,74102,7311,8000,1.091509
4.8,74636,7361,50,0.961799
4.8,74636,7361,100,2.052557
4.8,74636,7361,150,0.790403
4.8,74636,7361,200,0.778536
4.8,74636,7361,250,0.129338
4.8,74636,7361,300,0.449824
4.8,74636,7361,350,0.006123
4.8,74636,7361,400,0.235839
4.8,74636,7361,450,0.678844
4.8,74636,7361,500,0.907873
4.8,74636,7361,600,0.952769
4.8,74636,7361,700,1.274205
4.8,74636,7361,800,1.596152
4.8,74636,7361,900,1.152683
4.8,74636,7361,1000,1.183395
4.8,74636,7361,1250,0.976359
4.8,74636,7361,1500,0.980926
4.8,74636,7361,1750,0.921183
4.8,74636,7361,2000,0.749585
4.8,74636,7361,2250,0.956465
4.8,74636,7361,2500,1.136046
4.8,74636,7361,2750,0.681200
4.8,74636,7361,3000,0.450185
4.8,74636,7361,3250,0.411229
4.8,74636,7361,3500,0.582561
4.8,74636,7361,3750,0.431049
4.8,74636,7361,4000,0.230159
4.8,74636,7361,4250,0.108921
4.8,74636,7361,4500,0.072661
4.8,74636,7361,4750,0.116999
4.8,74636,7361,5000,0.160725
4.8,74636,7361,5250,0.027369
4.8,74636,7361,5500,0.067457
4.8,74636,7361,5750,0.165508
4.8,74636,7361,6000,0.089185
4.8,74636,7361,6250,0.062700
4.8,74636,7361,6500,0.137291
4.8,74636,7361,6750,0.054550
4.8,74636,7361,7000,0.002268
4.8,74636,7361,7250,0.035977
4.8,74636,7361,7500,0.124549
4.8,74636,7361,7750,0.091378
4.8,74636,7361,8000,0.086185
4.8,74865,7382,50,1.308047
4.8,74865,7382,100,1.791613
4.8,74865,7382,150,0.944750
4.8,74865,7382,200,0.982538
4.8,74865,7382,250,0.854762
4.8,74865,7382,300,0.023976
4.8,74865,7382,350,0.283870
4.8,74865,7382,400,0.560553
4.8,74865,7382,450,0.310129
4.8,74865,7382,500,0.283760
4.8,74865,7382,600,0.175410
4.8,74865,7382,700,0.172854
4.8,74865,7382,800,0.628460
4.8,74865,7382,900,0.551700
4.8,74865,7382,1000,0.419032
4.8,74865,7382,1250,0.555781
4.8,74865,7382,1500,0.508723
4.8,74865,7382,1750,0.480093
4.8,74865,7382,2000,0.340447
4.8,74865,7382,2250,0.136336
4.8,74865,7382,2500,0.057591
4.8,74865,7382,2750,0.436877
4.8,74865,7382,3000,0.421289
4.8,74865,7382,3250,0.376845
4.8,74865,7382,3500,0.455033
4.8,74865,7382,3750,0.309261
4.8,74865,7382,4000,0.182083
4.8,74865,7382,4250,0.191524
4.8,74865,7382,4500,0.175879
4.8,74865,7382,4750,0.131681
4.8,74865,7382,5000,0.131199
4.8,74865,7382,5250,0.165290
4.8,74865,7382,5500,0.017250
4.8,74865,7382,5750,0.077068
4.8,74865,7382,6000,0.040519
4.8,74865,7382,6250,0.063638
4.8,74865,7382,6500,0.026503
4.8,74865,7382,6750,0.026498
4.8,74865,7382,7000,0.070065
4.8,74865,7382,7250,0.145048
4.8,74865,7382,7500,0.129051
4.8,74865,7382,7750,0.035671
4.8,74865,7382,8000,0.069462
4.8,78101,7670,50,2.193524
4.8,78101,7670,100,0.114580
4.8,78101,7670,150,1.188102
4.8,78101,7670,200,1.056787
4.8,78101,7670,250,0.955213
4.8,78101,7670,300,0.851735
4.8,78101,7670,350,0.630663
4.8,78101,7670,400,0.823678
4.8,78101,7670,450,0.599616
4.8,78101,7670,500,0.683239
4.8,78101,7670,600,0.213984
4.8,78101,7670,700,0.286640
4.8,78101,7670,800,0.295410
4.8,78101,7670,900,0.132668
4.8,78101,7670,1000,0.037153
4.8,78101,7670,1250,0.479006
4.8,78101,7670,1500,0.007015
4.8,78101,7670,1750,0.208403
4.8,78101,7670,2000,0.506640
4.8,78101,7670,2250,0.502046
4.8,78101,7670,2500,0.610036
4.8,78101,7670,2750,0.723048
4.8,78101,7670,3000,0.792053
4.8,78101,7670,3250,0.734101
4.8,78101,7670,3500,0.838462
4.8,78101,7670,3750,0.593560
4.8,78101,7670,4000,0.760067
4.8,78101,7670,4250,0.661079
4.8,78101,7670,4500,0.558028
4.8,78101,7670,4750,0.710669
4.8,78101,7670,5000,0.708918
4.8,78101,7670,5250,0.539365
4.8,78101,7670,5500,0.657263
4.8,78101,7670,5750,0.589304
4.8,78101,7670,6000,0.628967
4.8,78101,7670,6250,0.582428
4.8,78101,7670,6500,0.612282
4.8,78101,7670,6750,0.589215
4.8,78101,7670,7000,0.542440
4.8,78101,7670,7250,0.592066
4.8,78101,7670,7500,0.693129
4.8,78101,7670,7750,0.724205
4.8,78101,7670,8000,0.789473
4.8,78883,7736,50,0.345075
4.8,78883,7736,100,0.670482
4.8,78883,7736,150,1.434144
4.8,78883,7736,200,1.318655
4.8,78883,7736,250,0.231467
4.8,78883,7736,300,0.377664
4.8,78883,7736,350,0.683213
4.8,78883,7736,400,0.520926
4.8,78883,7736,450,0.480898
4.8,78883,7736,500,0.423384
4.8,78883,7736,600,0.174556
4.8,78883,7736,700,0.478196
4.8,78883,7736,800,0.305138
4.8,78883,7736,900,0.283805
4.8,78883,7736,1000,0.508544
4.8,78883,7736,1250,0.506452
4.8,78883,7736,1500,1.379170
4.8,78883,7736,1750,1.110601
4.8,78883,7736,2000,0.826976
4.8,78883,7736,2250,0.871109
4.8,78883,7736,2500,1.090350
4.8,78883,7736,2750,0.938041
4.8,78883,7736,3000,1.062620
4.8,78883,7736,3250,1.248731
4.8,78883,7736,3500,1.021502
4.8,78883,7736,3750,0.795678
4.8,78883,7736,4000,0.755403
4.8,78883,7736,4250,0.696144
4.8,78883,7736,4500,0.714491
4.8,78883,7736,4750,0.600472
4.8,78883,7736,5000,0.705215
4.8,78883,7736,5250,0.686581
4.8,78883,7736,5500,0.673965
4.8,78883,7736,5750,0.645619
4.8,78883,7736,6000,0.577028
4.8,78883,7736,6250,0.640457
4.8,78883,7736,6500,0.732952
4.8,78883,7736,6750,0.702072
4.8,78883,7736,7000,0.817086
4.8,78883,7736,7250,0.802623
4.8,78883,7736,7500,0.637431
4.8,78883,7736,7750,0.712433
4.8,78883,7736,8000,0.664296
4.8,80931,7921,50,1.531459
4.8,80931,7921,100,0.933645
4.8,80931,7921,150,0.609196
4.8,80931,7921,200,0.548435
4.8,80931,7921,250,0.200245
4.8,80931,7921,300,0.640081
4.8,80931,7921,350,0.392014
4.8,80931,7921,400,0.347304
4.8,80931,7921,450,0.482122
4.8,80931,7921,500,0.287065
4.8,80931,7921,600,0.202823
4.8,80931,7921,700,0.142184
4.8,80931,7921,800,0.218383
4.8,80931,7921,900,0.420106
4.8,80931,7921,1000,0.704797
4.8,80931,7921,1250,1.226242
4.8,80931,7921,1500,1.335762
4.8,80931,7921,1750,1.336954
4.8,80931,7921,2000,1.140108
4.8,80931,7921,2250,1.321190
4.8,80931,7921,2500,1.454242
4.8,80931,7921,2750,1.338125
4.8,80931,7921,3000,1.217324
4.8,80931,7921,3250,1.232394
4.8,80931,7921,3500,0.969609
4.8,80931,7921,3750,0.817610
4.8,80931,7921,4000,0.901927
4.8,80931,7921,4250,0.711892
4.8,80931,7921,4500,0.577510
4.8,80931,7921,4750,0.615811
4.8,80931,7921,5000,0.578500
4.8,80931,7921,5250,0.463601
4.8,80931,7921,5500,0.560245
4.8,80931,7921,5750,0.584471
4.8,80931,7921,6000,0.667368
4.8,80931,7921,6250,0.499568
4.8,80931,7921,6500,0.464992
4.8,80931,7921,6750,0.377664
4.8,80931,7921,7000,0.363261
4.8,80931,7921,7250,0.390426
4.8,80931,7921,7500,0.571334
4.8,80931,7921,7750,0.517236
4.8,80931,7921,8000,0.437712
4.8,81464,7970,50,0.472135
4.8,81464,7970,100,0.854577
4.8,81464,7970,150,0.469424
4.8,81464,7970,200,0.577685
4.8,81464,7970,250,0.709990
4.8,81464,7970,300,0.211622
4.8,81464,7970,350,0.758731
4.8,81464,7970,400,0.931651
4.8,81464,7970,450,0.885778
4.8,81464,7970,500,0.908098
4.8,81464,7970,600,0.899960
4.8,81464,7970,700,0.925832
4.8,81464,7970,800,1.640233
4.8,81464,7970,900,1.491516
4.8,81464,7970,1000,1.348038
4.8,81464,7970,1250,1.301903
4.8,81464,7970,1500,0.843991
4.8,81464,7970,1750,1.080305
4.8,81464,7970,2000,1.309170
4.8,81464,7970,2250,1.070939
4.8,81464,7970,2500,1.389295
4.8,81464,7970,2750,1.397408
4.8,81464,7970,3000,1.387058
4.8,81464,7970,3250,1.711551
4.8,81464,7970,3500,1.398308
4.8,81464,7970,3750,1.286333
4.8,81464,7970,4000,1.199154
4.8,81464,7970,4250,1.115681
4.8,81464,7970,4500,0.982345
4.8,81464,7970,4750,0.823107
4.8,81464,7970,5000,0.820276
4.8,81464,7970,5250,0.806381
4.8,81464,7970,5500,0.874710
4.8,81464,7970,5750,0.583764
4.8,81464,7970,6000,0.567472
4.8,81464,7970,6250,0.559043
4.8,81464,7970,6500,0.581422
4.8,81464,7970,6750,0.597645
4.8,81464,7970,7000,0.651316
4.8,81464,7970,7250,0.618139
4.8,81464,7970,7500,0.715705
4.8,81464,7970,7750,0.784296
4.8,81464,7970,8000,0.774886
4.8,82437,8057,50,1.639080
4.8,82437,8057,100,1.607065
4.8,82437,8057,150,1.645165
4.8,82437,8057,200,1.868393
4.8,82437,8057,250,2.345600
4.8,82437,8057,300,2.906622
4.8,82437,8057,350,2.212443
4.8,82437,8057,400,2.065089
4.8,82437,8057,450,1.862454
4.8,82437,8057,500,1.986227
4.8,82437,8057,600,1.650517
4.8,82437,8057,700,1.724412
4.8,82437,8057,800,1.226315
4.8,82437,8057,900,1.401066
4.8,82437,8057,1000,1.190352
4.8,82437,8057,1250,1.190456
4.8,82437,8057,1500,0.310827
4.8,82437,8057,1750,0.117917
4.8,82437,8057,2000,0.277455
4.8,82437,8057,2250,0.470864
4.8,82437,8057,2500,0.706584
4.8,82437,8057,2750,0.808078
4.8,82437,8057,3000,0.439030
4.8,82437,8057,3250,0.196580
4.8,82437,8057,3500,0.072519
4.8,82437,8057,3750,0.112902
4.8,82437,8057,4000,0.119650
4.8,82437,8057,4250,0.024073
4.8,82437,8057,4500,0.194415
4.8,82437,8057,4750,0.342323
4.8,82437,8057,5000,0.204440
4.8,82437,8057,5250,0.180419
4.8,82437,8057,5500,0.263473
4.8,82437,8057,5750,0.435481
4.8,82437,8057,6000,0.427095
4.8,82437,8057,6250,0.424010
4.8,82437,8057,6500,0.454967
4.8,82437,8057,6750,0.484338
4.8,82437,8057,7000,0.414752
4.8,82437,8057,7250,0.310334
4.8,82437,8057,7500,0.319285
4.8,82437,8057,7750,0.243654
4.8,82437,8057,8000,0.239054
4.8,83087,8114,50,0.877164
4.8,83087,8114,100,0.756877
4.8,83087,8114,150,1.187907
4.8,83087,8114,200,0.876838
4.8,83087,8114,250,0.763862
4.8,83087,8114,300,0.184599
4.8,83087,8114,350,0.076436
4.8,83087,8114,400,0.203830
4.8,83087,8114,450,0.359954
4.8,83087,8114,500,0.122652
4.8,83087,8114,600,0.550259
4.8,83087,8114,700,0.688688
4.8,83087,8114,800,0.322853
4.8,83087,8114,900,0.491775
4.8,83087,8114,1000,0.411090
4.8,83087,8114,1250,0.682476
4.8,83087,8114,1500,0.465588
4.8,83087,8114,1750,0.355052
4.8,83087,8114,2000,0.053330
4.8,83087,8114,2250,0.284073
4.8,83087,8114,2500,0.582573
4.8,83087,8114,2750,0.703719
4.8,83087,8114,3000,0.601850
4.8,83087,8114,3250,0.734346
4.8,83087,8114,3500,0.708622
4.8,83087,8114,3750,0.628612
4.8,83087,8114,4000,0.545949
4.8,83087,8114,4250,0.525331
4.8,83087,8114,4500,0.281887
4.8,83087,8114,4750,0.340623
4.8,83087,8114,5000,0.236039
4.8,83087,8114,5250,0.261630
4.8,83087,8114,5500,0.287656
4.8,83087,8114,5750,0.412885
4.8,83087,8114,6000,0.553712
4.8,83087,8114,6250,0.514778
4.8,83087,8114,6500,0.543891
4.8,83087,8114,6750,0.479790
4.8,83087,8114,7000,0.499444
4.8,83087,8114,7250,0.588097
4.8,83087,8114,7500,0.602730
4.8,83087,8114,7750,0.641139
4.8,83087,8114,8000,0.730933
4.8,83446,8147,50,1.897511
4.8,83446,8147,100,2.256306
4.8,83446,8147,150,2.666847
4.8,83446,8147,200,2.361727
4.8,83446,8147,250,2.179220
4.8,83446,8147,300,1.659725
4.8,83446,8147,350,1.853169
4.8,83446,8147,400,1.769386
4.8,83446,8147,450,1.634207
4.8,83446,8147,500,1.810598
4.8,83446,8147,600,1.414214
4.8,83446,8147,700,1.392432
4.8,83446,8147,800,1.299788
4.8,83446,8147,900,1.494306
4.8,83446,8147,1000,1.403910
4.8,83446,8147,1250,1.644143
4.8,83446,8147,1500,1.021983
4.8,83446,8147,1750,1.209450
4.8,83446,8147,2000,1.252902
4.8,83446,8147,2250,1.054379
4.8,83446,8147,2500,0.687832
4.8,83446,8147,2750,0.379458
4.8,83446,8147,3000,0.042471
4.8,83446,8147,3250,0.034785
4.8,83446,8147,3500,0.075978
4.8,83446,8147,3750,0.162312
4.8,83446,8147,4000,0.218447
4.8,83446,8147,4250,0.158803
4.8,83446,8147,4500,0.131000
4.8,83446,8147,4750,0.115590
4.8,83446,8147,5000,0.073882
4.8,83446,8147,5250,0.126258
4.8,83446,8147,5500,0.092104
4.8,83446,8147,5750,0.040590
4.8,83446,8147,6000,0.152222
4.8,83446,8147,6250,0.108446
4.8,83446,8147,6500,0.168355
4.8,83446,8147,6750,0.183323
4.8,83446,8147,7000,0.214307
4.8,83446,8147,7250,0.130455
4.8,83446,8147,7500,0.032659
4.8,83446,8147,7750,0.023062
4.8,83446,8147,8000,0.155844
4.8,83861,8179,50,0.853048
4.8,83861,8179,100,0.600908
4.8,83861,8179,150,0.260499
4.8,83861,8179,200,0.487638
4.8,83861,8179,250,0.382041
4.8,83861,8179,300,0.235019
4.8,83861,8179,350,0.681782
4.8,83861,8179,400,0.679580
4.8,83861,8179,450,0.420925
4.8,83861,8179,500,0.298132
4.8,83861,8179,600,0.388554
4.8,83861,8179,700,0.461130
4.8,83861,8179,800,0.455584
4.8,83861,8179,900,0.374331
4.8,83861,8179,1000,0.298652
4.8,83861,8179,1250,0.617845
4.8,83861,8179,1500,0.114287
4.8,83861,8179,1750,0.063375
4.8,83861,8179,2000,0.154458
4.8,83861,8179,2250,0.223203
4.8,83861,8179,2500,0.502600
4.8,83861,8179,2750,0.171840
4.8,83861,8179,3000,0.030266
4.8,83861,8179,3250,0.087045
4.8,83861,8179,3500,0.219981
4.8,83861,8179,3750,0.191123
4.8,83861,8179,4000,0.135009
4.8,83861,8179,4250,0.157210
4.8,83861,8179,4500,0.266961
4.8,83861,8179,4750,0.206582
4.8,83861,8179,5000,0.133151
4.8,83861,8179,5250,0.063403
4.8,83861,8179,5500,0.097025
4.8,83861,8179,5750,0.135951
4.8,83861,8179,6000,0.315490
4.8,83861,8179,6250,0.358840
4.8,83861,8179,6500,0.270578
4.8,83861,8179,6750,0.211744
4.8,83861,8179,7000,0.165918
4.8,83861,8179,7250,0.082049
4.8,83861,8179,7500,0.042791
4.8,83861,8179,7750,0.062471
4.8,83861,8179,8000,0.137039
4.8,85161,8293,50,1.444828
4.8,85161,8293,100,0.545391
4.8,85161,8293,150,1.364435
4.8,85161,8293,200,0.625769
4.8,85161,8293,250,0.261199
4.8,85161,8293,300,1.133287
4.8,85161,8293,350,1.880204
4.8,85161,8293,400,1.863309
4.8,85161,8293,450,1.620957
4.8,85161,8293,500,1.434848
4.8,85161,8293,600,0.918072
4.8,85161,8293,700,1.001532
4.8,85161,8293,800,0.930520
4.8,85161,8293,900,0.983445
4.8,85161,8293,1000,0.942677
4.8,85161,8293,1250,0.516710
4.8,85161,8293,1500,0.527940
4.8,85161,8293,1750,0.591369
4.8,85161,8293,2000,0.626422
4.8,85161,8293,2250,0.930231
4.8,85161,8293,2500,0.935713
4.8,85161,8293,2750,0.877951
4.8,85161,8293,3000,0.818821
4.8,85161,8293,3250,0.719820
4.8,85161,8293,3500,0.688135
4.8,85161,8293,3750,0.812253
4.8,85161,8293,4000,0.816789
4.8,85161,8293,4250,0.800320
4.8,85161,8293,4500,0.818485
4.8,85161,8293,4750,0.959551
4.8,85161,8293,5000,0.706046
4.8,85161,8293,5250,0.662756
4.8,85161,8293,5500,0.731009
4.8,85161,8293,5750,0.712680
4.8,85161,8293,6000,0.609105
4.8,85161,8293,6250,0.721712
4.8,85161,8293,6500,0.776003
4.8,85161,8293,6750,0.565321
4.8,85161,8293,7000,0.684300
4.8,85161,8293,7250,0.649414
4.8,85161,8293,7500,0.664561
4.8,85161,8293,7750,0.597273
4.8,85161,8293,8000,0.808682
4.8,85731,8343,50,1.144330
4.8,85731,8343,100,1.843614
4.8,85731,8343,150,1.493496
4.8,85731,8343,200,2.430675
4.8,85731,8343,250,2.654972
4.8,85731,8343,300,1.638914
4.8,85731,8343,350,1.368587
4.8,85731,8343,400,1.528888
4.8,85731,8343,450,1.160044
4.8,85731,8343,500,0.741983
4.8,85731,8343,600,0.591247
4.8,85731,8343,700,0.516421
4.8,85731,8343,800,0.143970
4.8,85731,8343,900,0.361825
4.8,85731,8343,1000,0.286025
4.8,85731,8343,1250,0.614202
4.8,85731,8343,1500,0.598617
4.8,85731,8343,1750,0.500763
4.8,85731,8343,2000,0.479694
4.8,85731,8343,2250,0.223318
4.8,85731,8343,2500,0.250102
4.8,85731,8343,2750,0.104187
4.8,85731,8343,3000,0.096697
4.8,85731,8343,3250,0.140893
4.8,85731,8343,3500,0.032161
4.8,85731,8343,3750,0.037615
4.8,85731,8343,4000,0.218658
4.8,85731,8343,4250,0.290234
4.8,85731,8343,4500,0.271580
4.8,85731,8343,4750,0.319978
4.8,85731,8343,5000,0.335475
4.8,85731,8343,5250,0.416580
4.8,85731,8343,5500,0.538074
4.8,85731,8343,5750,0.469095
4.8,85731,8343,6000,0.370808
4.8,85731,8343,6250,0.360095
4.8,85731,8343,6500,0.313184
4.8,85731,8343,6750,0.159239
4.8,85731,8343,7000,0.230028
4.8,85731,8343,7250,0.105622
4.8,85731,8343,7500,0.199921
4.8,85731,8343,7750,0.178271
4.8,85731,8343,8000,0.344570
4.8,86544,8416,50,3.129361
4.8,86544,8416,100,4.533882
4.8,86544,8416,150,4.574525
4.8,86544,8416,200,3.517107
4.8,86544,8416,250,2.475271
4.8,86544,8416,300,2.628625
4.8,86544,8416,350,1.892689
4.8,86544,8416,400,1.970289
4.8,86544,8416,450,1.561524
4.8,86544,8416,500,1.349968
4.8,86544,8416,600,0.480790
4.8,86544,8416,700,0.594401
4.8,86544,8416,800,0.743752
4.8,86544,8416,900,0.831743
4.8,86544,8416,1000,0.919753
4.8,86544,8416,1250,0.709016
4.8,86544,8416,1500,0.587811
4.8,86544,8416,1750,0.592380
4.8,86544,8416,2000,0.644576
4.8,86544,8416,2250,0.471133
4.8,86544,8416,2500,0.577695
4.8,86544,8416,2750,0.519190
4.8,86544,8416,3000,0.433201
4.8,86544,8416,3250,0.552649
4.8,86544,8416,3500,0.805384
4.8,86544,8416,3750,0.615684
4.8,86544,8416,4000,0.742672
4.8,86544,8416,4250,0.692860
4.8,86544,8416,4500,0.604035
4.8,86544,8416,4750,0.691755
4.8,86544,8416,5000,0.657641
4.8,86544,8416,5250,0.680351
4.8,86544,8416,5500,1.014335
4.8,86544,8416,5750,1.016779
4.8,86544,8416,6000,0.949791
4.8,86544,8416,6250,0.745647
4.8,86544,8416,6500,0.692053
4.8,86544,8416,6750,0.617394
4.8,86544,8416,7000,0.623578
4.8,86544,8416,7250,0.681333
4.8,86544,8416,7500,0.813923
4.8,86544,8416,7750,0.828568
4.8,86544,8416,8000,0.775631
4.8,87311,8477,50,1.208241
4.8,87311,8477,100,2.776069
4.8,87311,8477,150,1.893894
4.8,87311,8477,200,0.763050
4.8,87311,8477,250,0.478394
4.8,87311,8477,300,1.548779
4.8,87311,8477,350,0.997250
4.8,87311,8477,400,0.903946
4.8,87311,8477,450,0.450709
4.8,87311,8477,500,0.426156
4.8,87311,8477,600,0.654983
4.8,87311,8477,700,0.694722
4.8,87311,8477,800,0.737255
4.8,87311,8477,900,0.544693
4.8,87311,8477,1000,0.329835
4.8,87311,8477,1250,0.192575
4.8,87311,8477,1500,0.163607
4.8,87311,8477,1750,0.254892
4.8,87311,8477,2000,0.585955
4.8,87311,8477,2250,0.316688
4.8,87311,8477,2500,0.337755
4.8,87311,8477,2750,0.391660
4.8,87311,8477,3000,0.462577
4.8,87311,8477,3250,0.571373
4.8,87311,8477,3500,0.848864
4.8,87311,8477,3750,0.908531
4.8,87311,8477,4000,0.881413
4.8,87311,8477,4250,0.904668
4.8,87311,8477,4500,1.018284
4.8,87311,8477,4750,0.937185
4.8,87311,8477,5000,0.884660
4.8,87311,8477,5250,0.873954
4.8,87311,8477,5500,0.711968
4.8,87311,8477,5750,0.700743
4.8,87311,8477,6000,0.786499
4.8,87311,8477,6250,0.955071
4.8,87311,8477,6500,0.827739
4.8,87311,8477,6750,0.807798
4.8,87311,8477,7000,0.714123
4.8,87311,8477,7250,0.691266
4.8,87311,8477,7500,0.754534
4.8,87311,8477,7750,0.649979
4.8,87311,8477,8000,0.659759
4.8,87394,8483,50,2.217412
4.8,87394,8483,100,4.042401
4.8,87394,8483,150,3.533918
4.8,87394,8483,200,2.490715
4.8,87394,8483,250,1.591721
4.8,87394,8483,300,0.402859
4.8,87394,8483,350,1.154105
4.8,87394,8483,400,1.074218
4.8,87394,8483,450,1.478762
4.8,87394,8483,500,1.250920
4.8,87394,8483,600,0.452210
4.8,87394,8483,700,0.769190
4.8,87394,8483,800,0.456942
4.8,87394,8483,900,0.577698
4.8,87394,8483,1000,0.177480
4.8,87394,8483,1250,0.681236
4.8,87394,8483,1500,0.912871
4.8,87394,8483,1750,0.834482
4.8,87394,8483,2000,0.654157
4.8,87394,8483,2250,0.913045
4.8,87394,8483,2500,1.011590
4.8,87394,8483,2750,0.918165
4.8,87394,8483,3000,0.863888
4.8,87394,8483,3250,0.769424
4.8,87394,8483,3500,0.590980
4.8,87394,8483,3750,0.575936
4.8,87394,8483,4000,0.625771
4.8,87394,8483,4250,0.407172
4.8,87394,8483,4500,0.266076
4.8,87394,8483,4750,0.295525
4.8,87394,8483,5000,0.250299
4.8,87394,8483,5250,0.190053
4.8,87394,8483,5500,0.043419
4.8,87394,8483,5750,0.048233
4.8,87394,8483,6000,0.048600
4.8,87394,8483,6250,0.205405
4.8,87394,8483,6500,0.065944
4.8,87394,8483,6750,0.095821
4.8,87394,8483,7000,0.035181
4.8,87394,8483,7250,0.039983
4.8,87394,8483,7500,0.119390
4.8,87394,8483,7750,0.104230
4.8,87394,8483,8000,0.122218
4.8,88069,8549,50,6.649737
4.8,88069,8549,100,5.329167
4.8,88069,8549,150,3.801880
4.8,88069,8549,200,2.532923
4.8,88069,8549,250,1.751781
4.8,88069,8549,300,0.843605
4.8,88069,8549,350,1.218355
4.8,88069,8549,400,0.934719
4.8,88069,8549,450,0.518730
4.8,88069,8549,500,0.608351
4.8,88069,8549,600,1.388723
4.8,88069,8549,700,1.135016
4.8,88069,8549,800,1.038616
4.8,88069,8549,900,1.239067
4.8,88069,8549,1000,0.797626
4.8,88069,8549,1250,0.160651
4.8,88069,8549,1500,0.087470
4.8,88069,8549,1750,0.127181
4.8,88069,8549,2000,0.160168
4.8,88069,8549,2250,0.337965
4.8,88069,8549,2500,0.320662
4.8,88069,8549,2750,0.282057
4.8,88069,8549,3000,0.227920
4.8,88069,8549,3250,0.376987
4.8,88069,8549,3500,0.044164
4.8,88069,8549,3750,0.158392
4.8,88069,8549,4000,0.106501
4.8,88069,8549,4250,0.084443
4.8,88069,8549,4500,0.108825
4.8,88069,8549,4750,0.169567
4.8,88069,8549,5000,0.080096
4.8,88069,8549,5250,0.196269
4.8,88069,8549,5500,0.238749
4.8,88069,8549,5750,0.224496
4.8,88069,8549,6000,0.215084
4.8,88069,8549,6250,0.123795
4.8,88069,8549,6500,0.204360
4.8,88069,8549,6750,0.305031
4.8,88069,8549,7000,0.297142
4.8,88069,8549,7250,0.343771
4.8,88069,8549,7500,0.375762
4.8,88069,8549,7750,0.462122
4.8,88069,8549,8000,0.405405
4.8,91071,8805,50,3.436808
4.8,91071,8805,100,4.318098
4.8,91071,8805,150,3.607653
4.8,91071,8805,200,4.519303
4.8,91071,8805,250,2.896730
4.8,91071,8805,300,3.135121
4.8,91071,8805,350,2.837303
4.8,91071,8805,400,2.395873
4.8,91071,8805,450,2.470319
4.8,91071,8805,500,2.384990
4.8,91071,8805,600,2.092405
4.8,91071,8805,700,1.791295
4.8,91071,8805,800,1.705923
4.8,91071,8805,900,2.150729
4.8,91071,8805,1000,2.297460
4.8,91071,8805,1250,2.001875
4.8,91071,8805,1500,1.432035
4.8,91071,8805,1750,1.246668
4.8,91071,8805,2000,1.157013
4.8,91071,8805,2250,0.642633
4.8,91071,8805,2500,1.013829
4.8,91071,8805,2750,0.858139
4.8,91071,8805,3000,0.944829
4.8,91071,8805,3250,0.793933
4.8,91071,8805,3500,0.617147
4.8,91071,8805,3750,0.453266
4.8,91071,8805,4000,0.677452
4.8,91071,8805,4250,0.541723
4.8,91071,8805,4500,0.596986
4.8,91071,8805,4750,0.654811
4.8,91071,8805,5000,0.852760
4.8,91071,8805,5250,0.797848
4.8,91071,8805,5500,0.709060
4.8,91071,8805,5750,0.614528
4.8,91071,8805,6000,0.453840
4.8,91071,8805,6250,0.512621
4.8,91071,8805,6500,0.539661
4.8,91071,8805,6750,0.587169
4.8,91071,8805,7000,0.541254
4.8,91071,8805,7250,0.554780
4.8,91071,8805,7500,0.556760
4.8,91071,8805,7750,0.484917
4.8,91071,8805,8000,0.435525
4.8,92322,8915,50,4.258120
4.8,92322,8915,100,2.057517
4.8,92322,8915,150,2.036107
4.8,92322,8915,200,1.658320
4.8,92322,8915,250,0.366158
4.8,92322,8915,300,0.819981
4.8,92322,8915,350,0.811503
4.8,92322,8915,400,0.999205
4.8,92322,8915,450,0.861429
4.8,92322,8915,500,1.041349
4.8,92322,8915,600,0.851560
4.8,92322,8915,700,1.270689
4.8,92322,8915,800,1.253923
4.8,92322,8915,900,1.139107
4.8,92322,8915,1000,1.366204
4.8,92322,8915,1250,1.125236
4.8,92322,8915,1500,0.824828
4.8,92322,8915,1750,0.692880
4.8,92322,8915,2000,0.484220
4.8,92322,8915,2250,0.307549
4.8,92322,8915,2500,0.198227
4.8,92322,8915,2750,0.131559
4.8,92322,8915,3000,0.170780
4.8,92322,8915,3250,0.212065
4.8,92322,8915,3500,0.350044
4.8,92322,8915,3750,0.514191
4.8,92322,8915,4000,0.636270
4.8,92322,8915,4250,0.773076
4.8,92322,8915,4500,0.777121
4.8,92322,8915,4750,0.755830
4.8,92322,8915,5000,0.875781
4.8,92322,8915,5250,1.099769
4.8,92322,8915,5500,0.955635
4.8,92322,8915,5750,0.985085
4.8,92322,8915,6000,0.811479
4.8,92322,8915,6250,0.757025
4.8,92322,8915,6500,0.762515
4.8,92322,8915,6750,0.634196
4.8,92322,8915,7000,0.691299
4.8,92322,8915,7250,0.580588
4.8,92322,8915,7500,0.690084
4.8,92322,8915,7750,0.805312
4.8,92322,8915,8000,0.653386
4.8,94123,9082,50,0.882988
4.8,94123,9082,100,1.190635
4.8,94123,9082,150,2.434692
4.8,94123,9082,200,2.420340
4.8,94123,9082,250,2.449335
4.8,94123,9082,300,2.693373
4.8,94123,9082,350,3.170584
4.8,94123,9082,400,3.085150
4.8,94123,9082,450,3.262950
4.8,94123,9082,500,3.381653
4.8,94123,9082,600,2.848992
4.8,94123,9082,700,2.211260
4.8,94123,9082,800,2.172456
4.8,94123,9082,900,2.052640
4.8,94123,9082,1000,1.592903
4.8,94123,9082,1250,1.401742
4.8,94123,9082,1500,1.845939
4.8,94123,9082,1750,1.576210
4.8,94123,9082,2000,1.364586
4.8,94123,9082,2250,1.677370
4.8,94123,9082,2500,1.787875
4.8,94123,9082,2750,1.621944
4.8,94123,9082,3000,1.514153
4.8,94123,9082,3250,1.285693
4.8,94123,9082,3500,1.385866
4.8,94123,9082,3750,1.340980
4.8,94123,9082,4000,1.531683
4.8,94123,9082,4250,1.497403
4.8,94123,9082,4500,1.339468
4.8,94123,9082,4750,1.227652
4.8,94123,9082,5000,1.210115
4.8,94123,9082,5250,1.176964
4.8,94123,9082,5500,1.072299
4.8,94123,9082,5750,1.114329
4.8,94123,9082,6000,1.219588
4.8,94123,9082,6250,1.270841
4.8,94123,9082,6500,1.217737
4.8,94123,9082,6750,1.250910
4.8,94123,9082,7000,1.317706
4.8,94123,9082,7250,1.354686
4.8,94123,9082,7500,1.333682
4.8,94123,9082,7750,1.257202
4.8,94123,9082,8000,1.318468
4.8,94327,9097,50,2.620448
4.8,94327,9097,100,0.911601
4.8,94327,9097,150,0.221068
4.8,94327,9097,200,0.087501
4.8,94327,9097,250,0.775324
4.8,94327,9097,300,0.531518
4.8,94327,9097,350,0.181518
4.8,94327,9097,400,0.705036
4.8,94327,9097,450,0.771004
4.8,94327,9097,500,0.707297
4.8,94327,9097,600,0.496942
4.8,94327,9097,700,0.083029
4.8,94327,9097,800,0.022813
4.8,94327,9097,900,0.183707
4.8,94327,9097,1000,0.666301
4.8,94327,9097,1250,0.758543
4.8,94327,9097,1500,0.548418
4.8,94327,9097,1750,0.310685
4.8,94327,9097,2000,0.155950
4.8,94327,9097,2250,0.591155
4.8,94327,9097,2500,0.745117
4.8,94327,9097,2750,0.542939
4.8,94327,9097,3000,0.622595
4.8,94327,9097,3250,0.388265
4.8,94327,9097,3500,0.456680
4.8,94327,9097,3750,0.403274
4.8,94327,9097,4000,0.198107
4.8,94327,9097,4250,0.197065
4.8,94327,9097,4500,0.273663
4.8,94327,9097,4750,0.199247
4.8,94327,9097,5000,0.283466
4.8,94327,9097,5250,0.367236
4.8,94327,9097,5500,0.279102
4.8,94327,9097,5750,0.234993
4.8,94327,9097,6000,0.363268
4.8,94327,9097,6250,0.529270
4.8,94327,9097,6500,0.472409
4.8,94327,9097,6750,0.560875
4.8,94327,9097,7000,0.483032
4.8,94327,9097,7250,0.496357
4.8,94327,9097,7500,0.435465
4.8,94327,9097,7750,0.449273
4.8,94327,9097,8000,0.474437
4.9,79436,7786,50,1.596843
4.9,79436,7786,100,3.300093
4.9,79436,7786,150,2.507390
4.9,79436,7786,200,2.503327
4.9,79436,7786,250,3.658261
4.9,79436,7786,300,3.377367
4.9,79436,7786,350,2.982201
4.9,79436,7786,400,2.806321
4.9,79436,7786,450,3.061932
4.9,79436,7786,500,3.077665
4.9,79436,7786,600,2.679095
4.9,79436,7786,700,2.707497
4.9,79436,7786,800,2.252262
4.9,79436,7786,900,2.031668
4.9,79436,7786,1000,2.245288
4.9,79436,7786,1250,2.833945
4.9,79436,7786,1500,1.943009
4.9,79436,7786,1750,1.549751
4.9,79436,7786,2000,1.041636
4.9,79436,7786,2250,1.157995
4.9,79436,7786,2500,1.360522
4.9,79436,7786,2750,1.216816
4.9,79436,7786,3000,1.168981
4.9,79436,7786,3250,0.899880
4.9,79436,7786,3500,0.890099
4.9,79436,7786,3750,0.859602
4.9,79436,7786,4000,0.874123
4.9,79436,7786,4250,0.897078
4.9,79436,7786,4500,0.847411
4.9,79436,7786,4750,0.821332
4.9,79436,7786,5000,0.691466
4.9,79436,7786,5250,0.602715
4.9,79436,7786,5500,0.630817
4.9,79436,7786,5750,0.689040
4.9,79436,7786,6000,0.722341
4.9,79436,7786,6250,0.795858
4.9,79436,7786,6500,0.759034
4.9,79436,7786,6750,0.720244
4.9,79436,7786,7000,0.582930
4.9,79436,7786,7250,0.559673
4.9,79436,7786,7500,0.382504
4.9,79436,7786,7750,0.380817
4.9,79436,7786,8000,0.338457
4.9,79531,7790,50,2.697171
4.9,79531,7790,100,1.195466
4.9,79531,7790,150,2.100468
4.9,79531,7790,200,2.137491
4.9,79531,7790,250,1.089409
4.9,79531,7790,300,1.254437
4.9,79531,7790,350,1.501916
4.9,79531,7790,400,1.740065
4.9,79531,7790,450,1.643439
4.9,79531,7790,500,1.671678
4.9,79531,7790,600,1.918270
4.9,79531,7790,700,1.521528
4.9,79531,7790,800,1.870705
4.9,79531,7790,900,1.815186
4.9,79531,7790,1000,1.673609
4.9,79531,7790,1250,1.582177
4.9,79531,7790,1500,0.800154
4.9,79531,7790,1750,0.545249
4.9,79531,7790,2000,0.122275
4.9,79531,7790,2250,0.207195
4.9,79531,7790,2500,0.424867
4.9,79531,7790,2750,0.397939
4.9,79531,7790,3000,0.204619
4.9,79531,7790,3250,0.118824
4.9,79531,7790,3500,0.035678
4.9,79531,7790,3750,0.044351
4.9,79531,7790,4000,0.017690
4.9,79531,7790,4250,0.020395
4.9,79531,7790,4500,0.033328
4.9,79531,7790,4750,0.064214
4.9,79531,7790,5000,0.187660
4.9,79531,7790,5250,0.284634
4.9,79531,7790,5500,0.255714
4.9,79531,7790,5750,0.205028
4.9,79531,7790,6000,0.293282
4.9,79531,7790,6250,0.312977
4.9,79531,7790,6500,0.101049
4.9,79531,7790,6750,0.031080
4.9,79531,7790,7000,0.156936
4.9,79531,7790,7250,0.175064
4.9,79531,7790,7500,0.293386
4.9,79531,7790,7750,0.287133
4.9,79531,7790,8000,0.315329
4.9,81499,7970,50,2.808760
4.9,81499,7970,100,2.389619
4.9,81499,7970,150,2.682320
4.9,81499,7970,200,2.560577
4.9,81499,7970,250,2.273021
4.9,81499,7970,300,2.726657
4.9,81499,7970,350,2.154187
4.9,81499,7970,400,1.972188
4.9,81499,7970,450,1.974560
4.9,81499,7970,500,2.037574
4.9,81499,7970,600,2.082471
4.9,81499,7970,700,1.961529
4.9,81499,7970,800,1.213941
4.9,81499,7970,900,1.428717
4.9,81499,7970,1000,1.724156
4.9,81499,7970,1250,1.245996
4.9,81499,7970,1500,1.428470
4.9,81499,7970,1750,1.336157
4.9,81499,7970,2000,1.152270
4.9,81499,7970,2250,1.196197
4.9,81499,7970,2500,0.854132
4.9,81499,7970,2750,0.654444
4.9,81499,7970,3000,0.508664
4.9,81499,7970,3250,0.610521
4.9,81499,7970,3500,0.563526
4.9,81499,7970,3750,0.315395
4.9,81499,7970,4000,0.202267
4.9,81499,7970,4250,0.389821
4.9,81499,7970,4500,0.150327
4.9,81499,7970,4750,0.085208
4.9,81499,7970,5000,0.129639
4.9,81499,7970,5250,0.200849
4.9,81499,7970,5500,0.366791
4.9,81499,7970,5750,0.097995
4.9,81499,7970,6000,0.063132
4.9,81499,7970,6250,0.097291
4.9,81499,7970,6500,0.141360
4.9,81499,7970,6750,0.145450
4.9,81499,7970,7000,0.208083
4.9,81499,7970,7250,0.170480
4.9,81499,7970,7500,0.276836
4.9,81499,7970,7750,0.369385
4.9,81499,7970,8000,0.382635
4.9,82497,8064,50,0.058305
4.9,82497,8064,100,0.055286
4.9,82497,8064,150,0.151861
4.9,82497,8064,200,0.300856
4.9,82497,8064,250,0.649242
4.9,82497,8064,300,1.223999
4.9,82497,8064,350,0.712973
4.9,82497,8064,400,0.625890
4.9,82497,8064,450,0.449603
4.9,82497,8064,500,0.393093
4.9,82497,8064,600,0.070974
4.9,82497,8064,700,0.030504
4.9,82497,8064,800,0.109622
4.9,82497,8064,900,0.074718
4.9,82497,8064,1000,0.285052
4.9,82497,8064,1250,0.505426
4.9,82497,8064,1500,0.857211
4.9,82497,8064,1750,0.701864
4.9,82497,8064,2000,0.876863
4.9,82497,8064,2250,0.845743
4.9,82497,8064,2500,1.153548
4.9,82497,8064,2750,1.254701
4.9,82497,8064,3000,0.940451
4.9,82497,8064,3250,0.760444
4.9,82497,8064,3500,0.690735
4.9,82497,8064,3750,0.713962
4.9,82497,8064,4000,0.722157
4.9,82497,8064,4250,0.608318
4.9,82497,8064,4500,0.361869
4.9,82497,8064,4750,0.232334
4.9,82497,8064,5000,0.396860
4.9,82497,8064,5250,0.396125
4.9,82497,8064,5500,0.411283
4.9,82497,8064,5750,0.168854
4.9,82497,8064,6000,0.019653
4.9,82497,8064,6250,0.005799
4.9,82497,8064,6500,0.054179
4.9,82497,8064,6750,0.008484
4.9,82497,8064,7000,0.018479
4.9,82497,8064,7250,0.064092
4.9,82497,8064,7500,0.050657
4.9,82497,8064,7750,0.140061
4.9,82497,8064,8000,0.151335
4.9,83618,8161,50,1.498957
4.9,83618,8161,100,1.884173
4.9,83618,8161,150,2.460221
4.9,83618,8161,200,1.993754
4.9,83618,8161,250,1.950050
4.9,83618,8161,300,1.311691
4.9,83618,8161,350,0.618409
4.9,83618,8161,400,0.430999
4.9,83618,8161,450,0.181422
4.9,83618,8161,500,0.167377
4.9,83618,8161,600,0.297396
4.9,83618,8161,700,0.336049
4.9,83618,8161,800,0.256011
4.9,83618,8161,900,0.269274
4.9,83618,8161,1000,0.371150
4.9,83618,8161,1250,0.174289
4.9,83618,8161,1500,0.291423
4.9,83618,8161,1750,0.517451
4.9,83618,8161,2000,0.856896
4.9,83618,8161,2250,1.020270
4.9,83618,8161,2500,0.771703
4.9,83618,8161,2750,0.455169
4.9,83618,8161,3000,0.146981
4.9,83618,8161,3250,0.155166
4.9,83618,8161,3500,0.221026
4.9,83618,8161,3750,0.169976
4.9,83618,8161,4000,0.051165
4.9,83618,8161,4250,0.136752
4.9,83618,8161,4500,0.259800
4.9,83618,8161,4750,0.193716
4.9,83618,8161,5000,0.194560
4.9,83618,8161,5250,0.256772
4.9,83618,8161,5500,0.199745
4.9,83618,8161,5750,0.099722
4.9,83618,8161,6000,0.305358
4.9,83618,8161,6250,0.329418
4.9,83618,8161,6500,0.305400
4.9,83618,8161,6750,0.347376
4.9,83618,8161,7000,0.325036
4.9,83618,8161,7250,0.436855
4.9,83618,8161,7500,0.549267
4.9,83618,8161,7750,0.554042
4.9,83618,8161,8000,0.427867
4.9,84722,8256,50,2.815821
4.9,84722,8256,100,1.736439
4.9,84722,8256,150,1.533342
4.9,84722,8256,200,1.396743
4.9,84722,8256,250,1.777502
4.9,84722,8256,300,0.951301
4.9,84722,8256,350,0.297607
4.9,84722,8256,400,0.322302
4.9,84722,8256,450,0.700010
4.9,84722,8256,500,1.111462
4.9,84722,8256,600,0.720491
4.9,84722,8256,700,0.601325
4.9,84722,8256,800,0.493294
4.9,84722,8256,900,0.524172
4.9,84722,8256,1000,0.724454
4.9,84722,8256,1250,0.943985
4.9,84722,8256,1500,1.108559
4.9,84722,8256,1750,1.006970
4.9,84722,8256,2000,0.985270
4.9,84722,8256,2250,0.742707
4.9,84722,8256,2500,0.455450
4.9,84722,8256,2750,0.620633
4.9,84722,8256,3000,0.399837
4.9,84722,8256,3250,0.340099
4.9,84722,8256,3500,0.263287
4.9,84722,8256,3750,0.132389
4.9,84722,8256,4000,0.227841
4.9,84722,8256,4250,0.354614
4.9,84722,8256,4500,0.399927
4.9,84722,8256,4750,0.435942
4.9,84722,8256,5000,0.503466
4.9,84722,8256,5250,0.517740
4.9,84722,8256,5500,0.366646
4.9,84722,8256,5750,0.378070
4.9,84722,8256,6000,0.458691
4.9,84722,8256,6250,0.319932
4.9,84722,8256,6500,0.254823
4.9,84722,8256,6750,0.262436
4.9,84722,8256,7000,0.326593
4.9,84722,8256,7250,0.322709
4.9,84722,8256,7500,0.443198
4.9,84722,8256,7750,0.482710
4.9,84722,8256,8000,0.312676
4.9,89766,8690,50,1.403676
4.9,89766,8690,100,1.536186
4.9,89766,8690,150,2.664191
4.9,89766,8690,200,3.706685
4.9,89766,8690,250,1.949999
4.9,89766,8690,300,1.185070
4.9,89766,8690,350,0.937069
4.9,89766,8690,400,1.317282
4.9,89766,8690,450,1.547677
4.9,89766,8690,500,1.385472
4.9,89766,8690,600,1.476452
4.9,89766,8690,700,1.414105
4.9,89766,8690,800,1.400419
4.9,89766,8690,900,1.450637
4.9,89766,8690,1000,1.597930
4.9,89766,8690,1250,1.464293
4.9,89766,8690,1500,1.635555
4.9,89766,8690,1750,1.235774
4.9,89766,8690,2000,1.371070
4.9,89766,8690,2250,1.230402
4.9,89766,8690,2500,0.575189
4.9,89766,8690,2750,0.549424
4.9,89766,8690,3000,0.342784
4.9,89766,8690,3250,0.645279
4.9,89766,8690,3500,0.193651
4.9,89766,8690,3750,0.154268
4.9,89766,8690,4000,0.139099
4.9,89766,8690,4250,0.016446
4.9,89766,8690,4500,0.085111
4.9,89766,8690,4750,0.119476
4.9,89766,8690,5000,0.043218
4.9,89766,8690,5250,0.199608
4.9,89766,8690,5500,0.334309
4.9,89766,8690,5750,0.388024
4.9,89766,8690,6000,0.240934
4.9,89766,8690,6250,0.158513
4.9,89766,8690,6500,0.096001
4.9,89766,8690,6750,0.135121
4.9,89766,8690,7000,0.039095
4.9,89766,8690,7250,0.124702
4.9,89766,8690,7500,0.227100
4.9,89766,8690,7750,0.325264
4.9,89766,8690,8000,0.238950
4.9,89922,8706,50,0.564416
4.9,89922,8706,100,0.620190
4.9,89922,8706,150,1.873820
4.9,89922,8706,200,2.340718
4.9,89922,8706,250,0.970769
4.9,89922,8706,300,1.107945
4.9,89922,8706,350,0.704334
4.9,89922,8706,400,0.973855
4.9,89922,8706,450,0.784293
4.9,89922,8706,500,0.884543
4.9,89922,8706,600,0.417143
4.9,89922,8706,700,0.000512
4.9,89922,8706,800,0.084836
4.9,89922,8706,900,0.310664
4.9,89922,8706,1000,0.457492
4.9,89922,8706,1250,0.529754
4.9,89922,8706,1500,0.672700
4.9,89922,8706,1750,0.191669
4.9,89922,8706,2000,0.531880
4.9,89922,8706,2250,0.491466
4.9,89922,8706,2500,0.574875
4.9,89922,8706,2750,0.620156
4.9,89922,8706,3000,0.751084
4.9,89922,8706,3250,0.420727
4.9,89922,8706,3500,0.782330
4.9,89922,8706,3750,0.780459
4.9,89922,8706,4000,0.631760
4.9,89922,8706,4250,0.420344
4.9,89922,8706,4500,0.443980
4.9,89922,8706,4750,0.403632
4.9,89922,8706,5000,0.448124
4.9,89922,8706,5250,0.245668
4.9,89922,8706,5500,0.171608
4.9,89922,8706,5750,0.178898
4.9,89922,8706,6000,0.185954
4.9,89922,8706,6250,0.221268
4.9,89922,8706,6500,0.228375
4.9,89922,8706,6750,0.288664
4.9,89922,8706,7000,0.130601
4.9,89922,8706,7250,0.008823
4.9,89922,8706,7500,0.054542
4.9,89922,8706,7750,0.086886
4.9,89922,8706,8000,0.146602
4.9,90289,8745,50,6.541223
4.9,90289,8745,100,3.501415
4.9,90289,8745,150,3.007708
4.9,90289,8745,200,4.050527
4.9,90289,8745,250,2.700770
4.9,90289,8745,300,1.873371
4.9,90289,8745,350,1.616774
4.9,90289,8745,400,2.022960
4.9,90289,8745,450,1.896244
4.9,90289,8745,500,2.007312
4.9,90289,8745,600,1.605652
4.9,90289,8745,700,1.556272
4.9,90289,8745,800,1.528541
4.9,90289,8745,900,1.802079
4.9,90289,8745,1000,1.832275
4.9,90289,8745,1250,2.001785
4.9,90289,8745,1500,1.739679
4.9,90289,8745,1750,2.024577
4.9,90289,8745,2000,1.681076
4.9,90289,8745,2250,1.426996
4.9,90289,8745,2500,1.019203
4.9,90289,8745,2750,1.083327
4.9,90289,8745,3000,1.226720
4.9,90289,8745,3250,1.397974
4.9,90289,8745,3500,1.150484
4.9,90289,8745,3750,1.181849
4.9,90289,8745,4000,1.052984
4.9,90289,8745,4250,0.844884
4.9,90289,8745,4500,0.841855
4.9,90289,8745,4750,0.816931
4.9,90289,8745,5000,0.844597
4.9,90289,8745,5250,1.058724
4.9,90289,8745,5500,0.978954
4.9,90289,8745,5750,0.954683
4.9,90289,8745,6000,0.893063
4.9,90289,8745,6250,0.759668
4.9,90289,8745,6500,0.693897
4.9,90289,8745,6750,0.667294
4.9,90289,8745,7000,0.734794
4.9,90289,8745,7250,0.881003
4.9,90289,8745,7500,0.818745
4.9,90289,8745,7750,0.800215
4.9,90289,8745,8000,0.738688
4.9,92035,8890,50,3.837955
4.9,92035,8890,100,0.441494
4.9,92035,8890,150,0.561926
4.9,92035,8890,200,0.387040
4.9,92035,8890,250,0.004083
4.9,92035,8890,300,0.521821
4.9,92035,8890,350,0.875393
4.9,92035,8890,400,1.345763
4.9,92035,8890,450,1.095103
4.9,92035,8890,500,1.236599
4.9,92035,8890,600,0.837917
4.9,92035,8890,700,1.252159
4.9,92035,8890,800,1.153877
4.9,92035,8890,900,0.846853
4.9,92035,8890,1000,0.731442
4.9,92035,8890,1250,0.284739
4.9,92035,8890,1500,0.611763
4.9,92035,8890,1750,0.585492
4.9,92035,8890,2000,0.670874
4.9,92035,8890,2250,0.004322
4.9,92035,8890,2500,0.167241
4.9,92035,8890,2750,0.512444
4.9,92035,8890,3000,0.434170
4.9,92035,8890,3250,0.295097
4.9,92035,8890,3500,0.212468
4.9,92035,8890,3750,0.148255
4.9,92035,8890,4000,0.040713
4.9,92035,8890,4250,0.000574
4.9,92035,8890,4500,0.037924
4.9,92035,8890,4750,0.081124
4.9,92035,8890,5000,0.024513
4.9,92035,8890,5250,0.052511
4.9,92035,8890,5500,0.089889
4.9,92035,8890,5750,0.133622
4.9,92035,8890,6000,0.011467
4.9,92035,8890,6250,0.048778
4.9,92035,8890,6500,0.084297
4.9,92035,8890,6750,0.221846
4.9,92035,8890,7000,0.198184
4.9,92035,8890,7250,0.109865
4.9,92035,8890,7500,0.039591
4.9,92035,8890,7750,0.086145
4.9,92035,8890,8000,0.056360
4.9,94052,9074,50,0.675791
4.9,94052,9074,100,0.890896
4.9,94052,9074,150,0.285572
4.9,94052,9074,200,0.405239
4.9,94052,9074,250,0.730488
4.9,94052,9074,300,0.900165
4.9,94052,9074,350,1.260217
4.9,94052,9074,400,1.413454
4.9,94052,9074,450,1.607877
4.9,94052,9074,500,1.646087
4.9,94052,9074,600,1.202741
4.9,94052,9074,700,0.649106
4.9,94052,9074,800,0.574677
4.9,94052,9074,900,0.417277
4.9,94052,9074,1000,0.094053
4.9,94052,9074,1250,0.641776
4.9,94052,9074,1500,0.490885
4.9,94052,9074,1750,0.680152
4.9,94052,9074,2000,0.679315
4.9,94052,9074,2250,0.549691
4.9,94052,9074,2500,0.449488
4.9,94052,9074,2750,0.317616
4.9,94052,9074,3000,0.275119
4.9,94052,9074,3250,0.040243
4.9,94052,9074,3500,0.075187
4.9,94052,9074,3750,0.019341
4.9,94052,9074,4000,0.192275
4.9,94052,9074,4250,0.132466
4.9,94052,9074,4500,0.018557
4.9,94052,9074,4750,0.136453
4.9,94052,9074,5000,0.056471
4.9,94052,9074,5250,0.153308
4.9,94052,9074,5500,0.064785
4.9,94052,9074,5750,0.249730
4.9,94052,9074,6000,0.164150
4.9,94052,9074,6250,0.011140
4.9,94052,9074,6500,0.089414
4.9,94052,9074,6750,0.046460
4.9,94052,9074,7000,0.040460
4.9,94052,9074,7250,0.024639
4.9,94052,9074,7500,0.027390
4.9,94052,9074,7750,0.097874
4.9,94052,9074,8000,0.056048
4.9,95122,9170,50,1.341623
4.9,95122,9170,100,1.199392
4.9,95122,9170,150,0.384366
4.9,95122,9170,200,0.123758
4.9,95122,9170,250,0.535625
4.9,95122,9170,300,0.507173
4.9,95122,9170,350,0.951452
4.9,95122,9170,400,0.721628
4.9,95122,9170,450,0.710823
4.9,95122,9170,500,0.713050
4.9,95122,9170,600,0.999318
4.9,95122,9170,700,0.975049
4.9,95122,9170,800,0.995647
4.9,95122,9170,900,0.744982
4.9,95122,9170,1000,0.947860
4.9,95122,9170,1250,1.117690
4.9,95122,9170,1500,1.536214
4.9,95122,9170,1750,1.420187
4.9,95122,9170,2000,1.343691
4.9,95122,9170,2250,1.064240
4.9,95122,9170,2500,1.206636
4.9,95122,9170,2750,1.049821
4.9,95122,9170,3000,0.904815
4.9,95122,9170,3250,0.726396
4.9,95122,9170,3500,0.620383
4.9,95122,9170,3750,0.807487
4.9,95122,9170,4000,0.579685
4.9,95122,9170,4250,0.473885
4.9,95122,9170,4500,0.385929
4.9,95122,9170,4750,0.436249
4.9,95122,9170,5000,0.346548
4.9,95122,9170,5250,0.242657
4.9,95122,9170,5500,0.163932
4.9,95122,9170,5750,0.100538
4.9,95122,9170,6000,0.035839
4.9,95122,9170,6250,0.020103
4.9,95122,9170,6500,0.081405
4.9,95122,9170,6750,0.266014
4.9,95122,9170,7000,0.190975
4.9,95122,9170,7250,0.224700
4.9,95122,9170,7500,0.291090
4.9,95122,9170,7750,0.326257
4.9,95122,9170,8000,0.364639
4.9,96420,9285,50,0.197248
4.9,96420,9285,100,2.914632
4.9,96420,9285,150,1.025035
4.9,96420,9285,200,1.123097
4.9,96420,9285,250,0.992699
4.9,96420,9285,300,1.053093
4.9,96420,9285,350,0.622026
4.9,96420,9285,400,0.658142
4.9,96420,9285,450,0.625031
4.9,96420,9285,500,0.382142
4.9,96420,9285,600,0.571286
4.9,96420,9285,700,0.915572
4.9,96420,9285,800,1.078185
4.9,96420,9285,900,1.195446
4.9,96420,9285,1000,1.144095
4.9,96420,9285,1250,1.741437
4.9,96420,9285,1500,1.321503
4.9,96420,9285,1750,0.964438
4.9,96420,9285,2000,0.424347
4.9,96420,9285,2250,0.113616
4.9,96420,9285,2500,0.253659
4.9,96420,9285,2750,0.433714
4.9,96420,9285,3000,0.131535
4.9,96420,9285,3250,0.029762
4.9,96420,9285,3500,0.038425
4.9,96420,9285,3750,0.132256
4.9,96420,9285,4000,0.370007
4.9,96420,9285,4250,0.344201
4.9,96420,9285,4500,0.433989
4.9,96420,9285,4750,0.451336
4.9,96420,9285,5000,0.545122
4.9,96420,9285,5250,0.544266
4.9,96420,9285,5500,0.587100
4.9,96420,9285,5750,0.597250
4.9,96420,9285,6000,0.509728
4.9,96420,9285,6250,0.629855
4.9,96420,9285,6500,0.723870
4.9,96420,9285,6750,0.581586
4.9,96420,9285,7000,0.440251
4.9,96420,9285,7250,0.446613
4.9,96420,9285,7500,0.637967
4.9,96420,9285,7750,0.624978
4.9,96420,9285,8000,0.563072
4.9,101347,9706,50,2.492834
4.9,101347,9706,100,1.249377
4.9,101347,9706,150,0.894557
4.9,101347,9706,200,0.969997
4.9,101347,9706,250,1.150188
4.9,101347,9706,300,1.378648
4.9,101347,9706,350,1.013181
4.9,101347,9706,400,1.142625
4.9,101347,9706,450,0.974233
4.9,101347,9706,500,0.835864
4.9,101347,9706,600,0.112629
4.9,101347,9706,700,0.404275
4.9,101347,9706,800,0.130406
4.9,101347,9706,900,0.685341
4.9,101347,9706,1000,0.482012
4.9,101347,9706,1250,0.381348
4.9,101347,9706,1500,0.556939
4.9,101347,9706,1750,0.732679
4.9,101347,9706,2000,0.744168
4.9,101347,9706,2250,0.620420
4.9,101347,9706,2500,0.738668
4.9,101347,9706,2750,0.762303
4.9,101347,9706,3000,0.520058
4.9,101347,9706,3250,0.581445
4.9,101347,9706,3500,0.320535
4.9,101347,9706,3750,0.519015
4.9,101347,9706,4000,0.494107
4.9,101347,9706,4250,0.554930
4.9,101347,9706,4500,0.484334
4.9,101347,9706,4750,0.471295
4.9,101347,9706,5000,0.634569
4.9,101347,9706,5250,0.676033
4.9,101347,9706,5500,0.646587
4.9,101347,9706,5750,0.754310
4.9,101347,9706,6000,0.562370
4.9,101347,9706,6250,0.601385
4.9,101347,9706,6500,0.604664
4.9,101347,9706,6750,0.762344
4.9,101347,9706,7000,0.767413
4.9,101347,9706,7250,0.867072
4.9,101347,9706,7500,0.968787
4.9,101347,9706,7750,0.943552
4.9,101347,9706,8000,0.923729
4.9,104247,9957,50,0.448187
4.9,104247,9957,100,2.700167
4.9,104247,9957,150,2.757858
4.9,104247,9957,200,2.738585
4.9,104247,9957,250,2.571259
4.9,104247,9957,300,1.696389
4.9,104247,9957,350,2.259109
4.9,104247,9957,400,2.510542
4.9,104247,9957,450,2.324477
4.9,104247,9957,500,2.657252
4.9,104247,9957,600,1.738062
4.9,104247,9957,700,1.092935
4.9,104247,9957,800,0.745410
4.9,104247,9957,900,0.303744
4.9,104247,9957,1000,0.709986
4.9,104247,9957,1250,0.912290
4.9,104247,9957,1500,1.159722
4.9,104247,9957,1750,1.511796
4.9,104247,9957,2000,1.201718
4.9,104247,9957,2250,1.322706
4.9,104247,9957,2500,1.386697
4.9,104247,9957,2750,1.489375
4.9,104247,9957,3000,1.241623
4.9,104247,9957,3250,1.404579
4.9,104247,9957,3500,1.080693
4.9,104247,9957,3750,1.194345
4.9,104247,9957,4000,1.443792
4.9,104247,9957,4250,1.417049
4.9,104247,9957,4500,1.595634
4.9,104247,9957,4750,1.377690
4.9,104247,9957,5000,1.508951
4.9,104247,9957,5250,1.569515
4.9,104247,9957,5500,1.419969
4.9,104247,9957,5750,1.416174
4.9,104247,9957,6000,1.348928
4.9,104247,9957,6250,1.382502
4.9,104247,9957,6500,1.490144
4.9,104247,9957,6750,1.534086
4.9,104247,9957,7000,1.451196
4.9,104247,9957,7250,1.482724
4.9,104247,9957,7500,1.447999
4.9,104247,9957,7750,1.342177
4.9,104247,9957,8000,1.175929
4.9,104861,10012,50,3.449022
4.9,104861,10012,100,5.000340
4.9,104861,10012,150,1.838252
4.9,104861,10012,200,1.457160
4.9,104861,10012,250,2.140959
4.9,104861,10012,300,2.987995
4.9,104861,10012,350,2.363376
4.9,104861,10012,400,2.184625
4.9,104861,10012,450,2.381374
4.9,104861,10012,500,1.543656
4.9,104861,10012,600,0.897769
4.9,104861,10012,700,0.421519
4.9,104861,10012,800,0.079199
4.9,104861,10012,900,0.195212
4.9,104861,10012,1000,0.048229
4.9,104861,10012,1250,0.062767
4.9,104861,10012,1500,0.010970
4.9,104861,10012,1750,0.206353
4.9,104861,10012,2000,0.066711
4.9,104861,10012,2250,0.090299
4.9,104861,10012,2500,0.071202
4.9,104861,10012,2750,0.135083
4.9,104861,10012,3000,0.280642
4.9,104861,10012,3250,0.233586
4.9,104861,10012,3500,0.176084
4.9,104861,10012,3750,0.305658
4.9,104861,10012,4000,0.471354
4.9,104861,10012,4250,0.218233
4.9,104861,10012,4500,0.088008
4.9,104861,10012,4750,0.023525
4.9,104861,10012,5000,0.099050
4.9,104861,10012,5250,0.087505
4.9,104861,10012,5500,0.074498
4.9,104861,10012,5750,0.171970
4.9,104861,10012,6000,0.032032
4.9,104861,10012,6250,0.113712
4.9,104861,10012,6500,0.104938
4.9,104861,10012,6750,0.052156
4.9,104861,10012,7000,0.083010
4.9,104861,10012,7250,0.087459
4.9,104861,10012,7500,0.156256
4.9,104861,10012,7750,0.019419
4.9,104861,10012,8000,0.196080
4.9,105794,10090,50,1.350883
4.9,105794,10090,100,0.594422
4.9,105794,10090,150,1.943564
4.9,105794,10090,200,2.428501
4.9,105794,10090,250,2.226627
4.9,105794,10090,300,1.390694
4.9,105794,10090,350,1.299774
4.9,105794,10090,400,0.991949
4.9,105794,10090,450,1.228591
4.9,105794,10090,500,0.771381
4.9,105794,10090,600,0.250132
4.9,105794,10090,700,0.432528
4.9,105794,10090,800,0.657108
4.9,105794,10090,900,0.279331
4.9,105794,10090,1000,0.621049
4.9,105794,10090,1250,0.923239
4.9,105794,10090,1500,0.851189
4.9,105794,10090,1750,0.733816
4.9,105794,10090,2000,0.896058
4.9,105794,10090,2250,0.603717
4.9,105794,10090,2500,0.422563
4.9,105794,10090,2750,0.401674
4.9,105794,10090,3000,0.164280
4.9,105794,10090,3250,0.051986
4.9,105794,10090,3500,0.149273
4.9,105794,10090,3750,0.243066
4.9,105794,10090,4000,0.310127
4.9,105794,10090,4250,0.513356
4.9,105794,10090,4500,0.532128
4.9,105794,10090,4750,0.182673
4.9,105794,10090,5000,0.074095
4.9,105794,10090,5250,0.000696
4.9,105794,10090,5500,0.125098
4.9,105794,10090,5750,0.061526
4.9,105794,10090,6000,0.226980
4.9,105794,10090,6250,0.072415
4.9,105794,10090,6500,0.122713
4.9,105794,10090,6750,0.007558
4.9,105794,10090,7000,0.003653
4.9,105794,10090,7250,0.020453
4.9,105794,10090,7500,0.023673
4.9,105794,10090,7750,0.138597
4.9,105794,10090,8000,0.373001
4.9,106590,10156,50,1.480465
4.9,106590,10156,100,3.393742
4.9,106590,10156,150,2.844483
4.9,106590,10156,200,3.232809
4.9,106590,10156,250,3.226669
4.9,106590,10156,300,3.032907
4.9,106590,10156,350,2.396380
4.9,106590,10156,400,2.445571
4.9,106590,10156,450,2.263880
4.9,106590,10156,500,2.920611
4.9,106590,10156,600,3.002836
4.9,106590,10156,700,2.676281
4.9,106590,10156,800,2.848815
4.9,106590,10156,900,2.426391
4.9,106590,10156,1000,2.356264
4.9,106590,10156,1250,1.970332
4.9,106590,10156,1500,1.132501
4.9,106590,10156,1750,0.808247
4.9,106590,10156,2000,0.856923
4.9,106590,10156,2250,0.665988
4.9,106590,10156,2500,0.420879
4.9,106590,10156,2750,0.329004
4.9,106590,10156,3000,0.447405
4.9,106590,10156,3250,0.592316
4.9,106590,10156,3500,0.611130
4.9,106590,10156,3750,0.520380
4.9,106590,10156,4000,0.408286
4.9,106590,10156,4250,0.522037
4.9,106590,10156,4500,0.335599
4.9,106590,10156,4750,0.665824
4.9,106590,10156,5000,0.496423
4.9,106590,10156,5250,0.414753
4.9,106590,10156,5500,0.475890
4.9,106590,10156,5750,0.557451
4.9,106590,10156,6000,0.429104
4.9,106590,10156,6250,0.442783
4.9,106590,10156,6500,0.483820
4.9,106590,10156,6750,0.586040
4.9,106590,10156,7000,0.588441
4.9,106590,10156,7250,0.628911
4.9,106590,10156,7500,0.607570
4.9,106590,10156,7750,0.606954
4.9,106590,10156,8000,0.320081
4.9,106591,10157,50,0.566844
4.9,106591,10157,100,2.477222
4.9,106591,10157,150,1.935863
4.9,106591,10157,200,2.324816
4.9,106591,10157,250,2.321837
4.9,106591,10157,300,2.133732
4.9,106591,10157,350,1.495850
4.9,106591,10157,400,1.546907
4.9,106591,10157,450,1.363619
4.9,106591,10157,500,2.016065
4.9,106591,10157,600,2.092892
4.9,106591,10157,700,1.765775
4.9,106591,10157,800,1.939265
4.9,106591,10157,900,1.516985
4.9,106591,10157,1000,1.440868
4.9,106591,10157,1250,1.048143
4.9,106591,10157,1500,0.204826
4.9,106591,10157,1750,0.113190
4.9,106591,10157,2000,0.066556
4.9,106591,10157,2250,0.264879
4.9,106591,10157,2500,0.508274
4.9,106591,10157,2750,0.597341
4.9,106591,10157,3000,0.489258
4.9,106591,10157,3250,0.346241
4.9,106591,10157,3500,0.330072
4.9,106591,10157,3750,0.416638
4.9,106591,10157,4000,0.526205
4.9,106591,10157,4250,0.413126
4.9,106591,10157,4500,0.602801
4.9,106591,10157,4750,0.280726
4.9,106591,10157,5000,0.447787
4.9,106591,10157,5250,0.524291
4.9,106591,10157,5500,0.475975
4.9,106591,10157,5750,0.406788
4.9,106591,10157,6000,0.546876
4.9,106591,10157,6250,0.542949
4.9,106591,10157,6500,0.502286
4.9,106591,10157,6750,0.395942
4.9,106591,10157,7000,0.385626
4.9,106591,10157,7250,0.348490
4.9,106591,10157,7500,0.373701
4.9,106591,10157,7750,0.382536
4.9,106591,10157,8000,0.664464
4.9,106840,10182,50,2.948175
4.9,106840,10182,100,1.924484
4.9,106840,10182,150,0.577623
4.9,106840,10182,200,0.168693
4.9,106840,10182,250,0.478413
4.9,106840,10182,300,1.528223
4.9,106840,10182,350,1.150979
4.9,106840,10182,400,1.495935
4.9,106840,10182,450,1.220832
4.9,106840,10182,500,0.486190
4.9,106840,10182,600,0.093413
4.9,106840,10182,700,0.051023
4.9,106840,10182,800,0.015524
4.9,106840,10182,900,0.462428
4.9,106840,10182,1000,0.522299
4.9,106840,10182,1250,1.130086
4.9,106840,10182,1500,1.739248
4.9,106840,10182,1750,1.356869
4.9,106840,10182,2000,1.463336
4.9,106840,10182,2250,1.274692
4.9,106840,10182,2500,1.103122
4.9,106840,10182,2750,1.187561
4.9,106840,10182,3000,0.868961
4.9,106840,10182,3250,0.726938
4.9,106840,10182,3500,0.723567
4.9,106840,10182,3750,0.779369
4.9,106840,10182,4000,0.811006
4.9,106840,10182,4250,0.788789
4.9,106840,10182,4500,0.795358
4.9,106840,10182,4750,1.159247
4.9,106840,10182,5000,0.978364
4.9,106840,10182,5250,0.938312
4.9,106840,10182,5500,0.795830
4.9,106840,10182,5750,0.575314
4.9,106840,10182,6000,0.462816
4.9,106840,10182,6250,0.378850
4.9,106840,10182,6500,0.336872
4.9,106840,10182,6750,0.229181
4.9,106840,10182,7000,0.125334
4.9,106840,10182,7250,0.174868
4.9,106840,10182,7500,0.205669
4.9,106840,10182,7750,0.274343
4.9,106840,10182,8000,0.018475
4.9,108618,10328,50,2.738478
4.9,108618,10328,100,1.555626
4.9,108618,10328,150,0.209401
4.9,108618,10328,200,0.210193
4.9,108618,10328,250,0.812605
4.9,108618,10328,300,0.714790
4.9,108618,10328,350,1.208667
4.9,108618,10328,400,0.929115
4.9,108618,10328,450,0.494728
4.9,108618,10328,500,0.323824
4.9,108618,10328,600,0.050757
4.9,108618,10328,700,0.086257
4.9,108618,10328,800,0.187743
4.9,108618,10328,900,0.313440
4.9,108618,10328,1000,0.408166
4.9,108618,10328,1250,0.332937
4.9,108618,10328,1500,0.460258
4.9,108618,10328,1750,0.894635
4.9,108618,10328,2000,1.077829
4.9,108618,10328,2250,1.050259
4.9,108618,10328,2500,0.653501
4.9,108618,10328,2750,0.691444
4.9,108618,10328,3000,0.723131
4.9,108618,10328,3250,1.060284
4.9,108618,10328,3500,1.057765
4.9,108618,10328,3750,1.110004
4.9,108618,10328,4000,1.058230
4.9,108618,10328,4250,0.917508
4.9,108618,10328,4500,1.004268
4.9,108618,10328,4750,0.801097
4.9,108618,10328,5000,0.689777
4.9,108618,10328,5250,0.734629
4.9,108618,10328,5500,0.587833
4.9,108618,10328,5750,0.527863
4.9,108618,10328,6000,0.546384
4.9,108618,10328,6250,0.469017
4.9,108618,10328,6500,0.486460
4.9,108618,10328,6750,0.413008
4.9,108618,10328,7000,0.495391
4.9,108618,10328,7250,0.476840
4.9,108618,10328,7500,0.406264
4.9,108618,10328,7750,0.347449
4.9,108618,10328,8000,0.227190
4.9,108684,10333,50,3.335727
4.9,108684,10333,100,2.425606
4.9,108684,10333,150,0.902106
4.9,108684,10333,200,1.329837
4.9,108684,10333,250,1.805526
4.9,108684,10333,300,1.323937
4.9,108684,10333,350,1.606569
4.9,108684,10333,400,1.458583
4.9,108684,10333,450,0.934074
4.9,108684,10333,500,0.232023
4.9,108684,10333,600,0.492352
4.9,108684,10333,700,0.157199
4.9,108684,10333,800,0.089092
4.9,108684,10333,900,0.440375
4.9,108684,10333,1000,0.690345
4.9,108684,10333,1250,0.197380
4.9,108684,10333,1500,0.399082
4.9,108684,10333,1750,0.148155
4.9,108684,10333,2000,0.057499
4.9,108684,10333,2250,0.062104
4.9,108684,10333,2500,0.012393
4.9,108684,10333,2750,0.307663
4.9,108684,10333,3000,0.410817
4.9,108684,10333,3250,0.649097
4.9,108684,10333,3500,0.644743
4.9,108684,10333,3750,0.690555
4.9,108684,10333,4000,0.630281
4.9,108684,10333,4250,0.509952
4.9,108684,10333,4500,0.553183
4.9,108684,10333,4750,0.357073
4.9,108684,10333,5000,0.267380
4.9,108684,10333,5250,0.305187
4.9,108684,10333,5500,0.169827
4.9,108684,10333,5750,0.054932
4.9,108684,10333,6000,0.094181
4.9,108684,10333,6250,0.039421
4.9,108684,10333,6500,0.066612
4.9,108684,10333,6750,0.005955
4.9,108684,10333,7000,0.019114
4.9,108684,10333,7250,0.031648
4.9,108684,10333,7500,0.018519
4.9,108684,10333,7750,0.049461
4.9,108684,10333,8000,0.327889
4.9,108800,10343,50,3.175726
4.9,108800,10343,100,2.766430
4.9,108800,10343,150,1.768505
4.9,108800,10343,200,2.168786
4.9,108800,10343,250,2.346540
4.9,108800,10343,300,1.321302
4.9,108800,10343,350,1.175896
4.9,108800,10343,400,1.308589
4.9,108800,10343,450,0.855582
4.9,108800,10343,500,0.712645
4.9,108800,10343,600,0.591336
4.9,108800,10343,700,0.188924
4.9,108800,10343,800,0.227068
4.9,108800,10343,900,0.271674
4.9,108800,10343,1000,0.458267
4.9,108800,10343,1250,0.992436
4.9,108800,10343,1500,0.977281
4.9,108800,10343,1750,1.512422
4.9,108800,10343,2000,1.562129
4.9,108800,10343,2250,1.464874
4.9,108800,10343,2500,1.574312
4.9,108800,10343,2750,1.269850
4.9,108800,10343,3000,1.199417
4.9,108800,10343,3250,0.860060
4.9,108800,10343,3500,0.854545
4.9,108800,10343,3750,0.774187
4.9,108800,10343,4000,0.781462
4.9,108800,10343,4250,0.872590
4.9,108800,10343,4500,0.831180
4.9,108800,10343,4750,0.751927
4.9,108800,10343,5000,0.582924
4.9,108800,10343,5250,0.654216
4.9,108800,10343,5500,0.516992
4.9,108800,10343,5750,0.388431
4.9,108800,10343,6000,0.433638
4.9,108800,10343,6250,0.425952
4.9,108800,10343,6500,0.444810
4.9,108800,10343,6750,0.465092
4.9,108800,10343,7000,0.391987
4.9,108800,10343,7250,0.401257
4.9,108800,10343,7500,0.468349
4.9,108800,10343,7750,0.480930
4.9,108800,10343,8000,0.335750
4.9,111365,10565,50,0.837139
4.9,111365,10565,100,0.881167
4.9,111365,10565,150,0.586816
4.9,111365,10565,200,0.618621
4.9,111365,10565,250,0.007110
4.9,111365,10565,300,0.474295
4.9,111365,10565,350,0.898718
4.9,111365,10565,400,0.473010
4.9,111365,10565,450,0.165537
4.9,111365,10565,500,0.399369
4.9,111365,10565,600,0.895399
4.9,111365,10565,700,0.923242
4.9,111365,10565,800,0.792039
4.9,111365,10565,900,0.453834
4.9,111365,10565,1000,0.859831
4.9,111365,10565,1250,0.596551
4.9,111365,10565,1500,0.785598
4.9,111365,10565,1750,0.535857
4.9,111365,10565,2000,0.823513
4.9,111365,10565,2250,0.771693
4.9,111365,10565,2500,0.504039
4.9,111365,10565,2750,0.737143
4.9,111365,10565,3000,0.479700
4.9,111365,10565,3250,0.609196
4.9,111365,10565,3500,0.403601
4.9,111365,10565,3750,0.481317
4.9,111365,10565,4000,0.472892
4.9,111365,10565,4250,0.402139
4.9,111365,10565,4500,0.252900
4.9,111365,10565,4750,0.291709
4.9,111365,10565,5000,0.272079
4.9,111365,10565,5250,0.139133
4.9,111365,10565,5500,0.198305
4.9,111365,10565,5750,0.342165
4.9,111365,10565,6000,0.315729
4.9,111365,10565,6250,0.212317
4.9,111365,10565,6500,0.100427
4.9,111365,10565,6750,0.083892
4.9,111365,10565,7000,0.108408
4.9,111365,10565,7250,0.138986
4.9,111365,10565,7500,0.029721
4.9,111365,10565,7750,0.040626
4.9,111365,10565,8000,0.122062
4.9,114007,10790,50,0.844420
4.9,114007,10790,100,0.320863
4.9,114007,10790,150,0.729982
4.9,114007,10790,200,0.818055
4.9,114007,10790,250,0.102613
4.9,114007,10790,300,0.061617
4.9,114007,10790,350,0.598879
4.9,114007,10790,400,1.497295
4.9,114007,10790,450,0.786432
4.9,114007,10790,500,1.243106
4.9,114007,10790,600,0.436576
4.9,114007,10790,700,0.034671
4.9,114007,10790,800,0.282478
4.9,114007,10790,900,0.146757
4.9,114007,10790,1000,0.935205
4.9,114007,10790,1250,0.836658
4.9,114007,10790,1500,0.441730
4.9,114007,10790,1750,0.502813
4.9,114007,10790,2000,0.855277
4.9,114007,10790,2250,0.166772
4.9,114007,10790,2500,0.656313
4.9,114007,10790,2750,0.333890
4.9,114007,10790,3000,0.218582
4.9,114007,10790,3250,0.105467
4.9,114007,10790,3500,0.115379
4.9,114007,10790,3750,0.096557
4.9,114007,10790,4000,0.035488
4.9,114007,10790,4250,0.009211
4.9,114007,10790,4500,0.113248
4.9,114007,10790,4750,0.463202
4.9,114007,10790,5000,0.324105
4.9,114007,10790,5250,0.450423
4.9,114007,10790,5500,0.550374
4.9,114007,10790,5750,0.357243
4.9,114007,10790,6000,0.411864
4.9,114007,10790,6250,0.391132
4.9,114007,10790,6500,0.391247
4.9,114007,10790,6750,0.253185
4.9,114007,10790,7000,0.255961
4.9,114007,10790,7250,0.170140
4.9,114007,10790,7500,0.122433
4.9,114007,10790,7750,0.298885
4.9,114007,10790,8000,0.204363
4.9,116224,10981,50,2.526768
4.9,116224,10981,100,2.775495
4.9,116224,10981,150,1.367046
4.9,116224,10981,200,1.074477
4.9,116224,10981,250,0.213120
4.9,116224,10981,300,0.198330
4.9,116224,10981,350,0.801856
4.9,116224,10981,400,0.167111
4.9,116224,10981,450,0.899806
4.9,116224,10981,500,1.827555
4.9,116224,10981,600,0.968354
4.9,116224,10981,700,0.932913
4.9,116224,10981,800,0.603920
4.9,116224,10981,900,0.287206
4.9,116224,10981,1000,0.432926
4.9,116224,10981,1250,0.417767
4.9,116224,10981,1500,0.540730
4.9,116224,10981,1750,0.136101
4.9,116224,10981,2000,0.261602
4.9,116224,10981,2250,0.670292
4.9,116224,10981,2500,0.716564
4.9,116224,10981,2750,0.330180
4.9,116224,10981,3000,0.237337
4.9,116224,10981,3250,0.288341
4.9,116224,10981,3500,0.287056
4.9,116224,10981,3750,0.410887
4.9,116224,10981,4000,0.430334
4.9,116224,10981,4250,0.344707
4.9,116224,10981,4500,0.420271
4.9,116224,10981,4750,0.483250
4.9,116224,10981,5000,0.259594
4.9,116224,10981,5250,0.169589
4.9,116224,10981,5500,0.035427
4.9,116224,10981,5750,0.075235
4.9,116224,10981,6000,0.088844
4.9,116224,10981,6250,0.028112
4.9,116224,10981,6500,0.157447
4.9,116224,10981,6750,0.053716
4.9,116224,10981,7000,0.193489
4.9,116224,10981,7250,0.090491
4.9,116224,10981,7500,0.019828
4.9,116224,10981,7750,0.021385
4.9,116224,10981,8000,0.066673
4.9,116621,11012,50,0.648085
4.9,116621,11012,100,0.641980
4.9,116621,11012,150,1.325380
4.9,116621,11012,200,0.838603
4.9,116621,11012,250,1.135889
4.9,116621,11012,300,1.525208
4.9,116621,11012,350,0.605602
4.9,116621,11012,400,1.181637
4.9,116621,11012,450,0.074084
4.9,116621,11012,500,1.028604
4.9,116621,11012,600,0.138890
4.9,116621,11012,700,0.090164
4.9,116621,11012,800,0.276055
4.9,116621,11012,900,0.859756
4.9,116621,11012,1000,0.686462
4.9,116621,11012,1250,0.498936
4.9,116621,11012,1500,0.422930
4.9,116621,11012,1750,0.782706
4.9,116621,11012,2000,0.690485
4.9,116621,11012,2250,0.337853
4.9,116621,11012,2500,0.232851
4.9,116621,11012,2750,0.359826
4.9,116621,11012,3000,0.217201
4.9,116621,11012,3250,0.257791
4.9,116621,11012,3500,0.247693
4.9,116621,11012,3750,0.139221
4.9,116621,11012,4000,0.150005
4.9,116621,11012,4250,0.217311
4.9,116621,11012,4500,0.085535
4.9,116621,11012,4750,0.034264
4.9,116621,11012,5000,0.044610
4.9,116621,11012,5250,0.130055
4.9,116621,11012,5500,0.201884
4.9,116621,11012,5750,0.091160
4.9,116621,11012,6000,0.046111
4.9,116621,11012,6250,0.034619
4.9,116621,11012,6500,0.094640
4.9,116621,11012,6750,0.067014
4.9,116621,11012,7000,0.162856
4.9,116621,11012,7250,0.074592
4.9,116621,11012,7500,0.069082
4.9,116621,11012,7750,0.183976
4.9,116621,11012,8000,0.165776
4.9,116666,11015,50,1.516014
4.9,116666,11015,100,1.536777
4.9,116666,11015,150,2.072336
4.9,116666,11015,200,1.517915
4.9,116666,11015,250,1.677432
4.9,116666,11015,300,1.955075
4.9,116666,11015,350,0.988454
4.9,116666,11015,400,1.737809
4.9,116666,11015,450,0.564781
4.9,116666,11015,500,0.418146
4.9,116666,11015,600,0.419055
4.9,116666,11015,700,0.436997
4.9,116666,11015,800,0.753140
4.9,116666,11015,900,1.280721
4.9,116666,11015,1000,0.786810
4.9,116666,11015,1250,0.532803
4.9,116666,11015,1500,0.546852
4.9,116666,11015,1750,0.722694
4.9,116666,11015,2000,0.414714
4.9,116666,11015,2250,0.152184
4.9,116666,11015,2500,0.160887
4.9,116666,11015,2750,0.088273
4.9,116666,11015,3000,0.199673
4.9,116666,11015,3250,0.154270
4.9,116666,11015,3500,0.205734
4.9,116666,11015,3750,0.227674
4.9,116666,11015,4000,0.326999
4.9,116666,11015,4250,0.445363
4.9,116666,11015,4500,0.378588
4.9,116666,11015,4750,0.326771
4.9,116666,11015,5000,0.500632
4.9,116666,11015,5250,0.556446
4.9,116666,11015,5500,0.431143
4.9,116666,11015,5750,0.576190
4.9,116666,11015,6000,0.701552
4.9,116666,11015,6250,0.796160
4.9,116666,11015,6500,0.693001
4.9,116666,11015,6750,0.883244
4.9,116666,11015,7000,0.921679
4.9,116666,11015,7250,0.847694
4.9,116666,11015,7500,0.706764
4.9,116666,11015,7750,0.591376
4.9,116666,11015,8000,0.611782
4.9,118398,11164,50,0.189594
4.9,118398,11164,100,0.404668
4.9,118398,11164,150,1.588276
4.9,118398,11164,200,1.589981
4.9,118398,11164,250,1.428315
4.9,118398,11164,300,1.093972
4.9,118398,11164,350,1.578821
4.9,118398,11164,400,0.779693
4.9,118398,11164,450,1.229781
4.9,118398,11164,500,0.231423
4.9,118398,11164,600,0.950539
4.9,118398,11164,700,0.599628
4.9,118398,11164,800,0.524609
4.9,118398,11164,900,0.758286
4.9,118398,11164,1000,0.158982
4.9,118398,11164,1250,1.155648
4.9,118398,11164,1500,0.973224
4.9,118398,11164,1750,0.932854
4.9,118398,11164,2000,0.927888
4.9,118398,11164,2250,1.140990
4.9,118398,11164,2500,1.088599
4.9,118398,11164,2750,0.824569
4.9,118398,11164,3000,0.474994
4.9,118398,11164,3250,0.299587
4.9,118398,11164,3500,0.213069
4.9,118398,11164,3750,0.200655
4.9,118398,11164,4000,0.298110
4.9,118398,11164,4250,0.219782
4.9,118398,11164,4500,0.130047
4.9,118398,11164,4750,0.156859
4.9,118398,11164,5000,0.190569
4.9,118398,11164,5250,0.241489
4.9,118398,11164,5500,0.209924
4.9,118398,11164,5750,0.004086
4.9,118398,11164,6000,0.075115
4.9,118398,11164,6250,0.192336
4.9,118398,11164,6500,0.222480
4.9,118398,11164,6750,0.242508
4.9,118398,11164,7000,0.392185
4.9,118398,11164,7250,0.494671
4.9,118398,11164,7500,0.557441
4.9,118398,11164,7750,0.592435
4.9,118398,11164,8000,0.584683
4.9,119014,11214,50,1.774412
4.9,119014,11214,100,1.667034
4.9,119014,11214,150,2.435994
4.9,119014,11214,200,1.363692
4.9,119014,11214,250,0.944701
4.9,119014,11214,300,1.192700
4.9,119014,11214,350,0.884911
4.9,119014,11214,400,1.712534
4.9,119014,11214,450,1.803635
4.9,119014,11214,500,2.761185
4.9,119014,11214,600,2.774944
4.9,119014,11214,700,2.233059
4.9,119014,11214,800,2.115917
4.9,119014,11214,900,2.292506
4.9,119014,11214,1000,1.767032
4.9,119014,11214,1250,1.391596
4.9,119014,11214,1500,1.605828
4.9,119014,11214,1750,1.468168
4.9,119014,11214,2000,1.305378
4.9,119014,11214,2250,1.517236
4.9,119014,11214,2500,1.306149
4.9,119014,11214,2750,1.382724
4.9,119014,11214,3000,1.035304
4.9,119014,11214,3250,0.851046
4.9,119014,11214,3500,0.680836
4.9,119014,11214,3750,0.809879
4.9,119014,11214,4000,0.546314
4.9,119014,11214,4250,0.368626
4.9,119014,11214,4500,0.243006
4.9,119014,11214,4750,0.294638
4.9,119014,11214,5000,0.302387
4.9,119014,11214,5250,0.273327
4.9,119014,11214,5500,0.169502
4.9,119014,11214,5750,0.061658
4.9,119014,11214,6000,0.064946
4.9,119014,11214,6250,0.180939
4.9,119014,11214,6500,0.168052
4.9,119014,11214,6750,0.060148
4.9,119014,11214,7000,0.021822
4.9,119014,11214,7250,0.065176
4.9,119014,11214,7500,0.116538
4.9,119014,11214,7750,0.035681
4.9,119014,11214,8000,0.131012
