anchor_log10,x_anchor,k_label,H,k,C_H,w_label,w,x,pi_H,HL,residual,abs_residual,log_x,sqrt_HL
6,1000000,k2_twin,"(0, 2)",2,1.320337,narrow,190,1001287,2,1.314067,0.685933,0.685933,13.816797,1.146328
6,1000000,k2_twin,"(0, 2)",2,1.320337,narrow,190,1006416,1,1.313096,-0.313096,0.313096,13.821906,1.145904
6,1000000,k2_twin,"(0, 2)",2,1.320337,narrow,190,1010336,0,1.312358,-1.312358,1.312358,13.825794,1.145582
6,1000000,k2_twin,"(0, 2)",2,1.320337,narrow,190,1013796,2,1.311709,0.688291,0.688291,13.829212,1.145299
6,1000000,k2_twin,"(0, 2)",2,1.320337,narrow,190,1017031,1,1.311105,-0.311105,0.311105,13.832398,1.145035
6,1000000,k2_twin,"(0, 2)",2,1.320337,narrow,190,1022645,0,1.310062,-1.310062,1.310062,13.837903,1.144579
6,1000000,k2_twin,"(0, 2)",2,1.320337,narrow,190,1026916,2,1.309273,0.690727,0.690727,13.842071,1.144235
6,1000000,k2_twin,"(0, 2)",2,1.320337,narrow,190,1028652,2,1.308954,0.691046,0.691046,13.843760,1.144095
6,1000000,k2_twin,"(0, 2)",2,1.320337,narrow,190,1032738,2,1.308205,0.691795,0.691795,13.847724,1.143768
6,1000000,k2_twin,"(0, 2)",2,1.320337,narrow,190,1038539,3,1.307147,1.692853,1.692853,13.853325,1.143305
6,1000000,k2_twin,"(0, 2)",2,1.320337,narrow,190,1042000,1,1.306519,-0.306519,0.306519,13.856653,1.143031
6,1000000,k2_twin,"(0, 2)",2,1.320337,narrow,190,1044937,1,1.305989,-0.305989,0.305989,13.859467,1.142799
6,1000000,k2_twin,"(0, 2)",2,1.320337,narrow,190,1049003,3,1.305257,1.694743,1.694743,13.863351,1.142479
6,1000000,k2_twin,"(0, 2)",2,1.320337,narrow,190,1053452,2,1.304461,0.695539,0.695539,13.867583,1.142130
6,1000000,k2_twin,"(0, 2)",2,1.320337,narrow,190,1057431,2,1.303752,0.696248,0.696248,13.871353,1.141820
6,1000000,k2_twin,"(0, 2)",2,1.320337,narrow,190,1059645,1,1.303359,-0.303359,0.303359,13.873445,1.141647
6,1000000,k2_twin,"(0, 2)",2,1.320337,narrow,190,1065031,2,1.302407,0.697593,0.697593,13.878514,1.141230
6,1000000,k2_twin,"(0, 2)",2,1.320337,narrow,190,1066906,1,1.302077,-0.302077,0.302077,13.880273,1.141086
6,1000000,k2_twin,"(0, 2)",2,1.320337,narrow,190,1072882,2,1.301030,0.698970,0.698970,13.885859,1.140627
6,1000000,k2_twin,"(0, 2)",2,1.320337,narrow,190,1075932,1,1.300498,-0.300498,0.300498,13.888698,1.140394
6,1000000,k2_twin,"(0, 2)",2,1.320337,narrow,190,1079656,2,1.299851,0.700149,0.700149,13.892153,1.140110
6,1000000,k2_twin,"(0, 2)",2,1.320337,narrow,190,1084976,2,1.298932,0.701068,0.701068,13.897068,1.139707
6,1000000,k2_twin,"(0, 2)",2,1.320337,narrow,190,1087010,0,1.298582,-1.298582,1.298582,13.898941,1.139553
6,1000000,k2_twin,"(0, 2)",2,1.320337,narrow,190,1091572,1,1.297800,-0.297800,0.297800,13.903129,1.139210
6,1000000,k2_twin,"(0, 2)",2,1.320337,narrow,190,1095067,1,1.297203,-0.297203,0.297203,13.906326,1.138948
6,1000000,k2_twin,"(0, 2)",2,1.320337,narrow,190,1098612,1,1.296601,-0.296601,0.296601,13.909558,1.138684
6,1000000,k2_twin,"(0, 2)",2,1.320337,narrow,190,1103953,2,1.295697,0.704303,0.704303,13.914408,1.138287
6,1000000,k2_twin,"(0, 2)",2,1.320337,narrow,190,1105094,0,1.295505,-1.295505,1.295505,13.915441,1.138202
6,1000000,k2_twin,"(0, 2)",2,1.320337,narrow,190,1112402,1,1.294278,-0.294278,0.294278,13.922032,1.137664
6,1000000,k2_twin,"(0, 2)",2,1.320337,narrow,190,1115731,1,1.293723,-0.293723,0.293723,13.925020,1.137419
6,1000000,k2_twin,"(0, 2)",2,1.320337,narrow,190,1119938,1,1.293024,-0.293024,0.293024,13.928784,1.137112
6,1000000,k2_twin,"(0, 2)",2,1.320337,narrow,190,1122746,0,1.292559,-1.292559,1.292559,13.931288,1.136908
6,1000000,k2_twin,"(0, 2)",2,1.320337,narrow,190,1125320,2,1.292134,0.707866,0.707866,13.933578,1.136721
6,1000000,k2_twin,"(0, 2)",2,1.320337,narrow,190,1129202,1,1.291496,-0.291496,0.291496,13.937022,1.136440
6,1000000,k2_twin,"(0, 2)",2,1.320337,narrow,190,1133255,2,1.290832,0.709168,0.709168,13.940605,1.136148
6,1000000,k2_twin,"(0, 2)",2,1.320337,narrow,190,1138331,4,1.290005,2.709995,2.709995,13.945074,1.135784
6,1000000,k2_twin,"(0, 2)",2,1.320337,narrow,190,1140293,0,1.289687,-1.289687,1.289687,13.946796,1.135644
6,1000000,k2_twin,"(0, 2)",2,1.320337,narrow,190,1147664,2,1.288496,0.711504,0.711504,13.953239,1.135119
6,1000000,k2_twin,"(0, 2)",2,1.320337,narrow,190,1148869,1,1.288302,-0.288302,0.288302,13.954289,1.135034
6,1000000,k2_twin,"(0, 2)",2,1.320337,narrow,190,1153243,1,1.287601,-0.287601,0.287601,13.958089,1.134725
6,1000000,k2_twin,"(0, 2)",2,1.320337,narrow,190,1156258,2,1.287119,0.712881,0.712881,13.960699,1.134513
6,1000000,k2_twin,"(0, 2)",2,1.320337,narrow,190,1160622,0,1.286425,-1.286425,1.286425,13.964467,1.134207
6,1000000,k2_twin,"(0, 2)",2,1.320337,narrow,190,1166473,2,1.285499,0.714501,0.714501,13.969495,1.133799
6,1000000,k2_twin,"(0, 2)",2,1.320337,narrow,190,1168966,2,1.285106,0.714894,0.714894,13.971630,1.133625
6,1000000,k2_twin,"(0, 2)",2,1.320337,narrow,190,1174451,2,1.284246,0.715754,0.715754,13.976311,1.133246
6,1000000,k2_twin,"(0, 2)",2,1.320337,narrow,190,1177941,1,1.283701,-0.283701,0.283701,13.979279,1.133005
6,1000000,k2_twin,"(0, 2)",2,1.320337,narrow,190,1180641,2,1.283280,0.716720,0.716720,13.981568,1.132820
6,1000000,k2_twin,"(0, 2)",2,1.320337,narrow,190,1183274,2,1.282871,0.717129,0.717129,13.983796,1.132639
6,1000000,k2_twin,"(0, 2)",2,1.320337,narrow,190,1189357,2,1.281931,0.718069,0.718069,13.988923,1.132224
6,1000000,k2_twin,"(0, 2)",2,1.320337,narrow,190,1191128,0,1.281659,-1.281659,1.281659,13.990411,1.132104
6,1000000,k2_twin,"(0, 2)",2,1.320337,narrow,190,1198036,2,1.280600,0.719400,0.719400,13.996194,1.131636
6,1000000,k2_twin,"(0, 2)",2,1.320337,narrow,190,1200036,0,1.280295,-1.280295,1.280295,13.997862,1.131501
6,1000000,k2_twin,"(0, 2)",2,1.320337,narrow,190,1205003,1,1.279539,-0.279539,0.279539,14.001993,1.131167
6,1000000,k2_twin,"(0, 2)",2,1.320337,narrow,190,1208682,1,1.278983,-0.278983,0.278983,14.005041,1.130921
6,1000000,k2_twin,"(0, 2)",2,1.320337,narrow,190,1212701,1,1.278376,-0.278376,0.278376,14.008361,1.130653
6,1000000,k2_twin,"(0, 2)",2,1.320337,narrow,190,1216208,2,1.277850,0.722150,0.722150,14.011248,1.130420
6,1000000,k2_twin,"(0, 2)",2,1.320337,narrow,190,1219444,1,1.277365,-0.277365,0.277365,14.013906,1.130206
6,1000000,k2_twin,"(0, 2)",2,1.320337,narrow,190,1222292,1,1.276940,-0.276940,0.276940,14.016238,1.130018
6,1000000,k2_twin,"(0, 2)",2,1.320337,narrow,190,1226222,2,1.276355,0.723645,0.723645,14.019448,1.129759
6,1000000,k2_twin,"(0, 2)",2,1.320337,narrow,190,1232459,0,1.275432,-1.275432,1.275432,14.024522,1.129350
6,1000000,k2_twin,"(0, 2)",2,1.320337,narrow,190,1234953,1,1.275065,-0.275065,0.275065,14.026543,1.129188
6,1000000,k2_twin,"(0, 2)",2,1.320337,narrow,190,1239821,2,1.274350,0.725650,0.725650,14.030478,1.128871
6,1000000,k2_twin,"(0, 2)",2,1.320337,narrow,190,1243102,1,1.273870,-0.273870,0.273870,14.033120,1.128658
6,1000000,k2_twin,"(0, 2)",2,1.320337,narrow,190,1248455,1,1.273090,-0.273090,0.273090,14.037417,1.128313
6,1000000,k2_twin,"(0, 2)",2,1.320337,narrow,190,1251821,1,1.272602,-0.272602,0.272602,14.040110,1.128097
6,1000000,k2_twin,"(0, 2)",2,1.320337,narrow,190,1253148,1,1.272410,-0.272410,0.272410,14.041169,1.128011
6,1000000,k2_twin,"(0, 2)",2,1.320337,narrow,190,1259826,0,1.271447,-1.271447,1.271447,14.046484,1.127585
6,1000000,k2_twin,"(0, 2)",2,1.320337,narrow,190,1263011,4,1.270990,2.729010,2.729010,14.049009,1.127382
6,1000000,k2_twin,"(0, 2)",2,1.320337,narrow,190,1267823,0,1.270303,-1.270303,1.270303,14.052812,1.127077
6,1000000,k2_twin,"(0, 2)",2,1.320337,narrow,190,1271829,2,1.269732,0.730268,0.730268,14.055967,1.126824
6,1000000,k2_twin,"(0, 2)",2,1.320337,narrow,190,1273233,4,1.269533,2.730467,2.730467,14.057070,1.126736
6,1000000,k2_twin,"(0, 2)",2,1.320337,narrow,190,1277577,1,1.268918,-0.268918,0.268918,14.060476,1.126463
6,1000000,k2_twin,"(0, 2)",2,1.320337,narrow,190,1281197,1,1.268408,-0.268408,0.268408,14.063305,1.126236
6,1000000,k2_twin,"(0, 2)",2,1.320337,narrow,190,1286812,4,1.267619,2.732381,2.732381,14.067678,1.125886
6,1000000,k2_twin,"(0, 2)",2,1.320337,narrow,190,1289455,2,1.267250,0.732750,0.732750,14.069730,1.125722
6,1000000,k2_twin,"(0, 2)",2,1.320337,narrow,190,1294686,2,1.266521,0.733479,0.733479,14.073779,1.125398
6,1000000,k2_twin,"(0, 2)",2,1.320337,narrow,190,1297695,0,1.266103,-1.266103,1.266103,14.076100,1.125212
6,1000000,k2_twin,"(0, 2)",2,1.320337,narrow,190,1301966,1,1.265512,-0.265512,0.265512,14.079386,1.124950
6,1000000,k2_twin,"(0, 2)",2,1.320337,narrow,190,1304560,0,1.265154,-1.265154,1.265154,14.081376,1.124791
6,1000000,k2_twin,"(0, 2)",2,1.320337,narrow,190,1309053,1,1.264537,-0.264537,0.264537,14.084815,1.124516
6,1000000,k2_twin,"(0, 2)",2,1.320337,narrow,190,1312641,1,1.264046,-0.264046,0.264046,14.087552,1.124298
6,1000000,k2_twin,"(0, 2)",2,1.320337,narrow,190,1317649,1,1.263363,-0.263363,0.263363,14.091360,1.123994
6,1000000,k2_twin,"(0, 2)",2,1.320337,narrow,190,1321141,3,1.262888,1.737112,1.737112,14.094006,1.123783
6,1000000,k2_twin,"(0, 2)",2,1.320337,narrow,190,1326322,1,1.262187,-0.262187,0.262187,14.097920,1.123471
6,1000000,k2_twin,"(0, 2)",2,1.320337,narrow,190,1329868,1,1.261709,-0.261709,0.261709,14.100590,1.123258
6,1000000,k2_twin,"(0, 2)",2,1.320337,narrow,190,1331832,2,1.261445,0.738555,0.738555,14.102066,1.123141
6,1000000,k2_twin,"(0, 2)",2,1.320337,narrow,190,1334825,0,1.261044,-1.261044,1.261044,14.104311,1.122962
6,1000000,k2_twin,"(0, 2)",2,1.320337,narrow,190,1339465,0,1.260423,-1.260423,1.260423,14.107781,1.122686
6,1000000,k2_twin,"(0, 2)",2,1.320337,narrow,190,1343305,2,1.259912,0.740088,0.740088,14.110644,1.122458
6,1000000,k2_twin,"(0, 2)",2,1.320337,narrow,190,1346754,0,1.259454,-1.259454,1.259454,14.113208,1.122254
6,1000000,k2_twin,"(0, 2)",2,1.320337,narrow,190,1351012,3,1.258891,1.741109,1.741109,14.116364,1.122003
6,1000000,k2_twin,"(0, 2)",2,1.320337,narrow,190,1355652,2,1.258280,0.741720,0.741720,14.119793,1.121731
6,1000000,k2_twin,"(0, 2)",2,1.320337,narrow,190,1361202,1,1.257552,-0.257552,0.257552,14.123879,1.121406
6,1000000,k2_twin,"(0, 2)",2,1.320337,narrow,190,1362446,3,1.257390,1.742610,1.742610,14.124792,1.121334
6,1000000,k2_twin,"(0, 2)",2,1.320337,narrow,190,1368030,3,1.256662,1.743338,1.743338,14.128882,1.121009
6,1000000,k2_twin,"(0, 2)",2,1.320337,narrow,190,1371551,1,1.256205,-0.256205,0.256205,14.131453,1.120805
6,1000000,k2_twin,"(0, 2)",2,1.320337,narrow,190,1373706,1,1.255926,-0.255926,0.255926,14.133023,1.120681
6,1000000,k2_twin,"(0, 2)",2,1.320337,narrow,190,1378063,2,1.255363,0.744637,0.744637,14.136189,1.120430
6,1000000,k2_twin,"(0, 2)",2,1.320337,narrow,190,1383179,0,1.254705,-1.254705,1.254705,14.139895,1.120136
6,1000000,k2_twin,"(0, 2)",2,1.320337,narrow,190,1385860,1,1.254362,-0.254362,0.254362,14.141831,1.119983
6,1000000,k2_twin,"(0, 2)",2,1.320337,narrow,190,1390192,0,1.253808,-1.253808,1.253808,14.144952,1.119736
6,1000000,k2_twin,"(0, 2)",2,1.320337,narrow,190,1394857,1,1.253214,-0.253214,0.253214,14.148302,1.119471
6,1000000,k2_twin,"(0, 2)",2,1.320337,narrow,190,1400370,0,1.252516,-1.252516,1.252516,14.152247,1.119159
6,1000000,k2_twin,"(0, 2)",2,1.320337,narrow,190,1401196,1,1.252412,-0.252412,0.252412,14.152837,1.119112
6,1000000,k2_twin,"(0, 2)",2,1.320337,narrow,190,1407725,1,1.251589,-0.251589,0.251589,14.157485,1.118745
6,1000000,k2_twin,"(0, 2)",2,1.320337,narrow,190,1411550,1,1.251110,-0.251110,0.251110,14.160199,1.118530
6,1000000,k2_twin,"(0, 2)",2,1.320337,narrow,190,1413771,1,1.250832,-0.250832,0.250832,14.161771,1.118406
6,1000000,k2_twin,"(0, 2)",2,1.320337,narrow,190,1417415,2,1.250377,0.749623,0.749623,14.164345,1.118203
6,1000000,k2_twin,"(0, 2)",2,1.320337,narrow,190,1420494,1,1.249994,-0.249994,0.249994,14.166515,1.118032
6,1000000,k2_twin,"(0, 2)",2,1.320337,narrow,190,1427538,1,1.249122,-0.249122,0.249122,14.171462,1.117641
6,1000000,k2_twin,"(0, 2)",2,1.320337,narrow,190,1430253,2,1.248787,0.751213,0.751213,14.173362,1.117491
6,1000000,k2_twin,"(0, 2)",2,1.320337,narrow,190,1435485,2,1.248144,0.751856,0.751856,14.177013,1.117204
6,1000000,k2_twin,"(0, 2)",2,1.320337,narrow,190,1439214,1,1.247687,-0.247687,0.247687,14.179608,1.116999
6,1000000,k2_twin,"(0, 2)",2,1.320337,narrow,190,1441486,1,1.247410,-0.247410,0.247410,14.181185,1.116875
6,1000000,k2_twin,"(0, 2)",2,1.320337,narrow,190,1446105,1,1.246847,-0.246847,0.246847,14.184384,1.116623
6,1000000,k2_twin,"(0, 2)",2,1.320337,narrow,190,1450070,1,1.246366,-0.246366,0.246366,14.187122,1.116408
6,1000000,k2_twin,"(0, 2)",2,1.320337,narrow,190,1452632,0,1.246056,-1.246056,1.246056,14.188888,1.116269
6,1000000,k2_twin,"(0, 2)",2,1.320337,narrow,190,1457069,1,1.245521,-0.245521,0.245521,14.191937,1.116029
6,1000000,k2_twin,"(0, 2)",2,1.320337,narrow,190,1459292,1,1.245253,-0.245253,0.245253,14.193462,1.115909
6,1000000,k2_twin,"(0, 2)",2,1.320337,narrow,190,1466366,1,1.244405,-0.244405,0.244405,14.198298,1.115529
6,1000000,k2_twin,"(0, 2)",2,1.320337,narrow,190,1467668,1,1.244249,-0.244249,0.244249,14.199185,1.115459
6,1000000,k2_twin,"(0, 2)",2,1.320337,narrow,190,1474511,1,1.243435,-0.243435,0.243435,14.203837,1.115094
6,1000000,k2_twin,"(0, 2)",2,1.320337,narrow,190,1477441,1,1.243087,-0.243087,0.243087,14.205822,1.114938
6,1000000,k2_twin,"(0, 2)",2,1.320337,narrow,190,1481824,1,1.242569,-0.242569,0.242569,14.208784,1.114706
6,1000000,k2_twin,"(0, 2)",2,1.320337,narrow,190,1486191,0,1.242054,-1.242054,1.242054,14.211727,1.114475
6,1000000,k2_twin,"(0, 2)",2,1.320337,narrow,190,1488291,0,1.241808,-1.241808,1.241808,14.213139,1.114364
6,1000000,k2_twin,"(0, 2)",2,1.320337,narrow,190,1493942,1,1.241146,-0.241146,0.241146,14.216929,1.114067
6,1000000,k2_twin,"(0, 2)",2,1.320337,narrow,190,1495238,1,1.240994,-0.240994,0.240994,14.217796,1.113999
6,1000000,k2_twin,"(0, 2)",2,1.320337,narrow,190,1498430,2,1.240622,0.759378,0.759378,14.219928,1.113832
6,1000000,k2_twin,"(0, 2)",2,1.320337,narrow,190,1504619,2,1.239903,0.760097,0.760097,14.224050,1.113509
6,1000000,k2_twin,"(0, 2)",2,1.320337,narrow,190,1507691,2,1.239548,0.760452,0.760452,14.226090,1.113350
6,1000000,k2_twin,"(0, 2)",2,1.320337,narrow,190,1510262,6,1.239251,4.760749,4.760749,14.227794,1.113217
6,1000000,k2_twin,"(0, 2)",2,1.320337,narrow,190,1516495,3,1.238534,1.761466,1.761466,14.231912,1.112894
6,1000000,k2_twin,"(0, 2)",2,1.320337,narrow,190,1520595,1,1.238064,-0.238064,0.238064,14.234612,1.112683
6,1000000,k2_twin,"(0, 2)",2,1.320337,narrow,190,1524917,1,1.237571,-0.237571,0.237571,14.237451,1.112462
6,1000000,k2_twin,"(0, 2)",2,1.320337,narrow,190,1526470,1,1.237394,-0.237394,0.237394,14.238468,1.112382
6,1000000,k2_twin,"(0, 2)",2,1.320337,narrow,190,1530891,1,1.236891,-0.236891,0.236891,14.241360,1.112156
6,1000000,k2_twin,"(0, 2)",2,1.320337,narrow,190,1535372,0,1.236384,-1.236384,1.236384,14.244283,1.111928
6,1000000,k2_twin,"(0, 2)",2,1.320337,narrow,190,1537685,1,1.236122,-0.236122,0.236122,14.245789,1.111810
6,1000000,k2_twin,"(0, 2)",2,1.320337,narrow,190,1541072,1,1.235741,-0.235741,0.235741,14.247989,1.111639
6,1000000,k2_twin,"(0, 2)",2,1.320337,narrow,190,1547246,0,1.235048,-1.235048,1.235048,14.251987,1.111327
6,1000000,k2_twin,"(0, 2)",2,1.320337,narrow,190,1550875,1,1.234642,-0.234642,0.234642,14.254330,1.111144
6,1000000,k2_twin,"(0, 2)",2,1.320337,narrow,190,1553848,0,1.234310,-1.234310,1.234310,14.256245,1.110995
6,1000000,k2_twin,"(0, 2)",2,1.320337,narrow,190,1557053,1,1.233953,-0.233953,0.233953,14.258305,1.110834
6,1000000,k2_twin,"(0, 2)",2,1.320337,narrow,190,1562816,0,1.233314,-1.233314,1.233314,14.262000,1.110547
6,1000000,k2_twin,"(0, 2)",2,1.320337,narrow,190,1566051,2,1.232957,0.767043,0.767043,14.264068,1.110386
6,1000000,k2_twin,"(0, 2)",2,1.320337,narrow,190,1570821,1,1.232431,-0.232431,0.232431,14.267109,1.110149
6,1000000,k2_twin,"(0, 2)",2,1.320337,narrow,190,1572764,1,1.232217,-0.232217,0.232217,14.268345,1.110053
6,1000000,k2_twin,"(0, 2)",2,1.320337,narrow,190,1577206,2,1.231731,0.768269,0.768269,14.271165,1.109834
6,1000000,k2_twin,"(0, 2)",2,1.320337,narrow,190,1581023,2,1.231313,0.768687,0.768687,14.273583,1.109646
6,1000000,k2_twin,"(0, 2)",2,1.320337,narrow,190,1584507,1,1.230934,-0.230934,0.230934,14.275784,1.109475
6,1000000,k2_twin,"(0, 2)",2,1.320337,narrow,190,1590490,2,1.230284,0.769716,0.769716,14.279553,1.109182
6,1000000,k2_twin,"(0, 2)",2,1.320337,narrow,190,1593859,0,1.229920,-1.229920,1.229920,14.281669,1.109017
6,1000000,k2_twin,"(0, 2)",2,1.320337,narrow,190,1595467,0,1.229746,-1.229746,1.229746,14.282677,1.108939
6,1000000,k2_twin,"(0, 2)",2,1.320337,narrow,190,1600599,2,1.229193,0.770807,0.770807,14.285888,1.108690
6,1000000,k2_twin,"(0, 2)",2,1.320337,narrow,190,1605724,1,1.228643,-0.228643,0.228643,14.289085,1.108442
6,1000000,k2_twin,"(0, 2)",2,1.320337,narrow,190,1607489,0,1.228454,-1.228454,1.228454,14.290184,1.108357
6,1000000,k2_twin,"(0, 2)",2,1.320337,narrow,190,1613576,2,1.227805,0.772195,0.772195,14.293963,1.108064
6,1000000,k2_twin,"(0, 2)",2,1.320337,narrow,190,1615905,1,1.227557,-0.227557,0.227557,14.295406,1.107952
6,1000000,k2_twin,"(0, 2)",2,1.320337,narrow,190,1620270,1,1.227094,-0.227094,0.227094,14.298103,1.107743
6,1000000,k2_twin,"(0, 2)",2,1.320337,narrow,190,1623799,2,1.226721,0.773279,0.773279,14.300279,1.107574
6,1000000,k2_twin,"(0, 2)",2,1.320337,narrow,190,1628490,1,1.226226,-0.226226,0.226226,14.303164,1.107351
6,1000000,k2_twin,"(0, 2)",2,1.320337,narrow,190,1630425,3,1.226022,1.773978,1.773978,14.304351,1.107259
6,1000000,k2_twin,"(0, 2)",2,1.320337,narrow,190,1635128,0,1.225529,-1.225529,1.225529,14.307232,1.107036
6,1000000,k2_twin,"(0, 2)",2,1.320337,narrow,190,1638931,0,1.225131,-1.225131,1.225131,14.309555,1.106856
6,1000000,k2_twin,"(0, 2)",2,1.320337,narrow,190,1644221,1,1.224579,-0.224579,0.224579,14.312777,1.106607
6,1000000,k2_twin,"(0, 2)",2,1.320337,narrow,190,1647118,1,1.224278,-0.224278,0.224278,14.314538,1.106471
6,1000000,k2_twin,"(0, 2)",2,1.320337,narrow,190,1651511,3,1.223823,1.776177,1.776177,14.317201,1.106265
6,1000000,k2_twin,"(0, 2)",2,1.320337,narrow,190,1654307,0,1.223534,-1.223534,1.223534,14.318893,1.106135
6,1000000,k2_twin,"(0, 2)",2,1.320337,narrow,190,1659848,2,1.222962,0.777038,0.777038,14.322237,1.105876
6,1000000,k2_twin,"(0, 2)",2,1.320337,narrow,190,1662855,2,1.222653,0.777347,0.777347,14.324047,1.105737
6,1000000,k2_twin,"(0, 2)",2,1.320337,narrow,190,1667226,2,1.222205,0.777795,0.777795,14.326672,1.105534
6,1000000,k2_twin,"(0, 2)",2,1.320337,narrow,190,1670860,0,1.221834,-1.221834,1.221834,14.328849,1.105366
6,1000000,k2_twin,"(0, 2)",2,1.320337,narrow,190,1673780,2,1.221536,0.778464,0.778464,14.330595,1.105231
6,1000000,k2_twin,"(0, 2)",2,1.320337,narrow,190,1680145,3,1.220890,1.779110,1.779110,14.334391,1.104939
6,1000000,k2_twin,"(0, 2)",2,1.320337,narrow,190,1682450,2,1.220656,0.779344,0.779344,14.335762,1.104833
6,1000000,k2_twin,"(0, 2)",2,1.320337,narrow,190,1686027,0,1.220294,-1.220294,1.220294,14.337885,1.104669
6,1000000,k2_twin,"(0, 2)",2,1.320337,narrow,190,1692257,0,1.219667,-1.219667,1.219667,14.341574,1.104385
6,1000000,k2_twin,"(0, 2)",2,1.320337,narrow,190,1693313,2,1.219561,0.780439,0.780439,14.342198,1.104337
6,1000000,k2_twin,"(0, 2)",2,1.320337,narrow,190,1700016,1,1.218889,-0.218889,0.218889,14.346148,1.104033
6,1000000,k2_twin,"(0, 2)",2,1.320337,narrow,190,1701042,2,1.218787,0.781213,0.781213,14.346752,1.103987
6,1000000,k2_twin,"(0, 2)",2,1.320337,narrow,190,1707075,1,1.218185,-0.218185,0.218185,14.350292,1.103714
6,1000000,k2_twin,"(0, 2)",2,1.320337,narrow,190,1710741,2,1.217821,0.782179,0.782179,14.352437,1.103549
6,1000000,k2_twin,"(0, 2)",2,1.320337,narrow,190,1713195,2,1.217578,0.782422,0.782422,14.353871,1.103439
6,1000000,k2_twin,"(0, 2)",2,1.320337,narrow,190,1717377,0,1.217165,-1.217165,1.217165,14.356309,1.103252
6,1000000,k2_twin,"(0, 2)",2,1.320337,narrow,190,1719970,0,1.216909,-1.216909,1.216909,14.357817,1.103136
6,1000000,k2_twin,"(0, 2)",2,1.320337,narrow,190,1726656,2,1.216252,0.783748,0.783748,14.361697,1.102838
6,1000000,k2_twin,"(0, 2)",2,1.320337,narrow,190,1728191,1,1.216101,-0.216101,0.216101,14.362586,1.102770
6,1000000,k2_twin,"(0, 2)",2,1.320337,narrow,190,1731759,1,1.215752,-0.215752,0.215752,14.364648,1.102611
6,1000000,k2_twin,"(0, 2)",2,1.320337,narrow,190,1736668,2,1.215273,0.784727,0.784727,14.367479,1.102394
6,1000000,k2_twin,"(0, 2)",2,1.320337,narrow,190,1740343,2,1.214915,0.785085,0.785085,14.369593,1.102232
6,1000000,k2_twin,"(0, 2)",2,1.320337,narrow,190,1746534,2,1.214315,0.785685,0.785685,14.373144,1.101960
6,1000000,k2_twin,"(0, 2)",2,1.320337,narrow,190,1750457,1,1.213936,-0.213936,0.213936,14.375387,1.101788
6,1000000,k2_twin,"(0, 2)",2,1.320337,narrow,190,1754632,1,1.213534,-0.213534,0.213534,14.377770,1.101605
6,1000000,k2_twin,"(0, 2)",2,1.320337,narrow,190,1758502,1,1.213162,-0.213162,0.213162,14.379973,1.101436
6,1000000,k2_twin,"(0, 2)",2,1.320337,narrow,190,1760784,1,1.212943,-0.212943,0.212943,14.381270,1.101337
6,1000000,k2_twin,"(0, 2)",2,1.320337,narrow,190,1763958,0,1.212640,-1.212640,1.212640,14.383071,1.101199
6,1000000,k2_twin,"(0, 2)",2,1.320337,narrow,190,1770251,0,1.212039,-1.212039,1.212039,14.386632,1.100927
6,1000000,k2_twin,"(0, 2)",2,1.320337,narrow,190,1771903,0,1.211882,-1.211882,1.211882,14.387565,1.100855
6,1000000,k2_twin,"(0, 2)",2,1.320337,narrow,190,1775160,2,1.211573,0.788427,0.788427,14.389401,1.100715
6,1000000,k2_twin,"(0, 2)",2,1.320337,wide,2290,1000751,19,15.836791,3.163209,3.163209,13.816261,3.979547
6,1000000,k2_twin,"(0, 2)",2,1.320337,wide,2290,1004367,21,15.828536,5.171464,5.171464,13.819868,3.978509
6,1000000,k2_twin,"(0, 2)",2,1.320337,wide,2290,1008871,19,15.818304,3.181696,3.181696,13.824342,3.977223
6,1000000,k2_twin,"(0, 2)",2,1.320337,wide,2290,1011746,18,15.811801,2.188199,2.188199,13.827188,3.976406
6,1000000,k2_twin,"(0, 2)",2,1.320337,wide,2290,1015569,19,15.803190,3.196810,3.196810,13.830960,3.975323
6,1000000,k2_twin,"(0, 2)",2,1.320337,wide,2290,1020074,18,15.793092,2.206908,2.206908,13.835386,3.974052
6,1000000,k2_twin,"(0, 2)",2,1.320337,wide,2290,1024618,15,15.782962,-0.782962,0.782962,13.839830,3.972778
6,1000000,k2_twin,"(0, 2)",2,1.320337,wide,2290,1027407,15,15.776771,-0.776771,0.776771,13.842549,3.971998
6,1000000,k2_twin,"(0, 2)",2,1.320337,wide,2290,1031567,16,15.767575,0.232425,0.232425,13.846590,3.970841
6,1000000,k2_twin,"(0, 2)",2,1.320337,wide,2290,1035593,13,15.758719,-2.758719,2.758719,13.850485,3.969725
6,1000000,k2_twin,"(0, 2)",2,1.320337,wide,2290,1039654,18,15.749827,2.250173,2.250173,13.854399,3.968605
6,1000000,k2_twin,"(0, 2)",2,1.320337,wide,2290,1043748,19,15.740906,3.259094,3.259094,13.858329,3.967481
6,1000000,k2_twin,"(0, 2)",2,1.320337,wide,2290,1047974,16,15.731741,0.268259,0.268259,13.862369,3.966326
6,1000000,k2_twin,"(0, 2)",2,1.320337,wide,2290,1051909,15,15.723248,-0.723248,0.723248,13.866117,3.965255
6,1000000,k2_twin,"(0, 2)",2,1.320337,wide,2290,1055328,12,15.715900,-3.715900,3.715900,13.869362,3.964328
6,1000000,k2_twin,"(0, 2)",2,1.320337,wide,2290,1059626,11,15.706704,-4.706704,4.706704,13.873427,3.963168
6,1000000,k2_twin,"(0, 2)",2,1.320337,wide,2290,1062619,19,15.700326,3.299674,3.299674,13.876247,3.962364
6,1000000,k2_twin,"(0, 2)",2,1.320337,wide,2290,1066502,17,15.692085,1.307915,1.307915,13.879895,3.961324
6,1000000,k2_twin,"(0, 2)",2,1.320337,wide,2290,1070529,12,15.683577,-3.683577,3.683577,13.883663,3.960250
6,1000000,k2_twin,"(0, 2)",2,1.320337,wide,2290,1073952,21,15.676375,5.323625,5.323625,13.886856,3.959340
6,1000000,k2_twin,"(0, 2)",2,1.320337,wide,2290,1077955,13,15.667988,-2.667988,2.667988,13.890576,3.958281
6,1000000,k2_twin,"(0, 2)",2,1.320337,wide,2290,1082583,11,15.658339,-4.658339,4.658339,13.894860,3.957062
6,1000000,k2_twin,"(0, 2)",2,1.320337,wide,2290,1086433,16,15.650350,0.349650,0.349650,13.898410,3.956052
6,1000000,k2_twin,"(0, 2)",2,1.320337,wide,2290,1090420,24,15.642113,8.357887,8.357887,13.902074,3.955011
6,1000000,k2_twin,"(0, 2)",2,1.320337,wide,2290,1093778,18,15.635203,2.364797,2.364797,13.905148,3.954138
6,1000000,k2_twin,"(0, 2)",2,1.320337,wide,2290,1098539,13,15.625451,-2.625451,2.625451,13.909492,3.952904
6,1000000,k2_twin,"(0, 2)",2,1.320337,wide,2290,1101244,14,15.619934,-1.619934,1.619934,13.911951,3.952206
6,1000000,k2_twin,"(0, 2)",2,1.320337,wide,2290,1105259,18,15.611774,2.388226,2.388226,13.915590,3.951174
6,1000000,k2_twin,"(0, 2)",2,1.320337,wide,2290,1109287,15,15.603624,-0.603624,0.603624,13.919228,3.950142
6,1000000,k2_twin,"(0, 2)",2,1.320337,wide,2290,1114192,16,15.593747,0.406253,0.406253,13.923640,3.948892
6,1000000,k2_twin,"(0, 2)",2,1.320337,wide,2290,1117311,17,15.587495,1.412505,1.412505,13.926435,3.948100
6,1000000,k2_twin,"(0, 2)",2,1.320337,wide,2290,1120947,11,15.580232,-4.580232,4.580232,13.929684,3.947180
6,1000000,k2_twin,"(0, 2)",2,1.320337,wide,2290,1124889,14,15.572391,-1.572391,1.572391,13.933195,3.946187
6,1000000,k2_twin,"(0, 2)",2,1.320337,wide,2290,1129086,19,15.564079,3.435921,3.435921,13.936919,3.945134
6,1000000,k2_twin,"(0, 2)",2,1.320337,wide,2290,1133193,17,15.555981,1.444019,1.444019,13.940550,3.944107
6,1000000,k2_twin,"(0, 2)",2,1.320337,wide,2290,1136839,19,15.548822,3.451178,3.451178,13.943762,3.943200
6,1000000,k2_twin,"(0, 2)",2,1.320337,wide,2290,1141233,19,15.540232,3.459768,3.459768,13.947620,3.942110
6,1000000,k2_twin,"(0, 2)",2,1.320337,wide,2290,1144986,19,15.532926,3.467074,3.467074,13.950903,3.941183
6,1000000,k2_twin,"(0, 2)",2,1.320337,wide,2290,1148875,13,15.525386,-2.525386,2.525386,13.954294,3.940227
6,1000000,k2_twin,"(0, 2)",2,1.320337,wide,2290,1151768,11,15.519798,-4.519798,4.519798,13.956809,3.939517
6,1000000,k2_twin,"(0, 2)",2,1.320337,wide,2290,1155686,21,15.512256,5.487744,5.487744,13.960205,3.938560
6,1000000,k2_twin,"(0, 2)",2,1.320337,wide,2290,1161126,18,15.501836,2.498164,2.498164,13.964901,3.937237
6,1000000,k2_twin,"(0, 2)",2,1.320337,wide,2290,1163647,16,15.497027,0.502973,0.502973,13.967070,3.936626
6,1000000,k2_twin,"(0, 2)",2,1.320337,wide,2290,1168334,17,15.488120,1.511880,1.511880,13.971089,3.935495
6,1000000,k2_twin,"(0, 2)",2,1.320337,wide,2290,1172097,16,15.481000,0.519000,0.519000,13.974305,3.934590
6,1000000,k2_twin,"(0, 2)",2,1.320337,wide,2290,1175882,13,15.473867,-2.473867,2.473867,13.977529,3.933684
6,1000000,k2_twin,"(0, 2)",2,1.320337,wide,2290,1179050,19,15.467918,3.532082,3.532082,13.980220,3.932927
6,1000000,k2_twin,"(0, 2)",2,1.320337,wide,2290,1182979,19,15.460566,3.539434,3.539434,13.983546,3.931993
6,1000000,k2_twin,"(0, 2)",2,1.320337,wide,2290,1187865,18,15.451466,2.548534,2.548534,13.987668,3.930835
6,1000000,k2_twin,"(0, 2)",2,1.320337,wide,2290,1191779,14,15.444208,-1.444208,1.444208,13.990958,3.929912
6,1000000,k2_twin,"(0, 2)",2,1.320337,wide,2290,1195201,17,15.437886,1.562114,1.562114,13.993825,3.929108
6,1000000,k2_twin,"(0, 2)",2,1.320337,wide,2290,1199897,11,15.429247,-4.429247,4.429247,13.997746,3.928008
6,1000000,k2_twin,"(0, 2)",2,1.320337,wide,2290,1203400,15,15.422829,-0.422829,0.422829,14.000661,3.927191
6,1000000,k2_twin,"(0, 2)",2,1.320337,wide,2290,1207277,8,15.415752,-7.415752,7.415752,14.003878,3.926290
6,1000000,k2_twin,"(0, 2)",2,1.320337,wide,2290,1210674,16,15.409574,0.590426,0.590426,14.006688,3.925503
6,1000000,k2_twin,"(0, 2)",2,1.320337,wide,2290,1215029,15,15.401684,-0.401684,0.401684,14.010279,3.924498
6,1000000,k2_twin,"(0, 2)",2,1.320337,wide,2290,1218875,17,15.394745,1.605255,1.605255,14.013439,3.923614
6,1000000,k2_twin,"(0, 2)",2,1.320337,wide,2290,1222397,18,15.388414,2.611586,2.611586,14.016324,3.922807
6,1000000,k2_twin,"(0, 2)",2,1.320337,wide,2290,1226642,14,15.380812,-1.380812,1.380812,14.019791,3.921838
6,1000000,k2_twin,"(0, 2)",2,1.320337,wide,2290,1230567,20,15.373812,4.626188,4.626188,14.022986,3.920945
6,1000000,k2_twin,"(0, 2)",2,1.320337,wide,2290,1234978,11,15.365977,-4.365977,4.365977,14.026564,3.919946
6,1000000,k2_twin,"(0, 2)",2,1.320337,wide,2290,1238134,16,15.360392,0.639608,0.639608,14.029116,3.919234
6,1000000,k2_twin,"(0, 2)",2,1.320337,wide,2290,1242332,20,15.352990,4.647010,4.647010,14.032501,3.918289
6,1000000,k2_twin,"(0, 2)",2,1.320337,wide,2290,1245606,17,15.347238,1.652762,1.652762,14.035133,3.917555
6,1000000,k2_twin,"(0, 2)",2,1.320337,wide,2290,1249328,18,15.340722,2.659278,2.659278,14.038116,3.916723
6,1000000,k2_twin,"(0, 2)",2,1.320337,wide,2290,1253356,13,15.333696,-2.333696,2.333696,14.041335,3.915826
6,1000000,k2_twin,"(0, 2)",2,1.320337,wide,2290,1256978,22,15.327401,6.672599,6.672599,14.044221,3.915022
6,1000000,k2_twin,"(0, 2)",2,1.320337,wide,2290,1262100,18,15.318537,2.681463,2.681463,14.048288,3.913890
6,1000000,k2_twin,"(0, 2)",2,1.320337,wide,2290,1266166,13,15.311532,-2.311532,2.311532,14.051504,3.912995
6,1000000,k2_twin,"(0, 2)",2,1.320337,wide,2290,1268580,14,15.307386,-1.307386,1.307386,14.053409,3.912465
6,1000000,k2_twin,"(0, 2)",2,1.320337,wide,2290,1272595,17,15.300511,1.699489,1.699489,14.056569,3.911587
6,1000000,k2_twin,"(0, 2)",2,1.320337,wide,2290,1277791,13,15.291653,-2.291653,2.291653,14.060643,3.910454
6,1000000,k2_twin,"(0, 2)",2,1.320337,wide,2290,1281486,15,15.285380,-0.285380,0.285380,14.063531,3.909652
6,1000000,k2_twin,"(0, 2)",2,1.320337,wide,2290,1285510,19,15.278574,3.721426,3.721426,14.066666,3.908782
6,1000000,k2_twin,"(0, 2)",2,1.320337,wide,2290,1288261,18,15.273935,2.726065,2.726065,14.068804,3.908188
6,1000000,k2_twin,"(0, 2)",2,1.320337,wide,2290,1292980,18,15.266007,2.733993,2.733993,14.072460,3.907174
6,1000000,k2_twin,"(0, 2)",2,1.320337,wide,2290,1297188,16,15.258966,0.741034,0.741034,14.075709,3.906273
6,1000000,k2_twin,"(0, 2)",2,1.320337,wide,2290,1299825,18,15.254568,2.745432,2.745432,14.077740,3.905710
6,1000000,k2_twin,"(0, 2)",2,1.320337,wide,2290,1304134,11,15.247405,-4.247405,4.247405,14.081050,3.904793
6,1000000,k2_twin,"(0, 2)",2,1.320337,wide,2290,1308912,16,15.239496,0.760504,0.760504,14.084707,3.903780
6,1000000,k2_twin,"(0, 2)",2,1.320337,wide,2290,1311995,15,15.234411,-0.234411,0.234411,14.087059,3.903128
6,1000000,k2_twin,"(0, 2)",2,1.320337,wide,2290,1316424,17,15.227131,1.772869,1.772869,14.090430,3.902196
6,1000000,k2_twin,"(0, 2)",2,1.320337,wide,2290,1319322,13,15.222384,-2.222384,2.222384,14.092629,3.901587
6,1000000,k2_twin,"(0, 2)",2,1.320337,wide,2290,1324249,15,15.214342,-0.214342,0.214342,14.096356,3.900557
6,1000000,k2_twin,"(0, 2)",2,1.320337,wide,2290,1328148,13,15.208003,-2.208003,2.208003,14.099296,3.899744
6,1000000,k2_twin,"(0, 2)",2,1.320337,wide,2290,1331820,14,15.202054,-1.202054,1.202054,14.102057,3.898981
6,1000000,k2_twin,"(0, 2)",2,1.320337,wide,2290,1335375,16,15.196314,0.803686,0.803686,14.104723,3.898245
6,1000000,k2_twin,"(0, 2)",2,1.320337,wide,2290,1339596,21,15.189522,5.810478,5.810478,14.107879,3.897374
6,1000000,k2_twin,"(0, 2)",2,1.320337,wide,2290,1342978,17,15.184099,1.815901,1.815901,14.110400,3.896678
6,1000000,k2_twin,"(0, 2)",2,1.320337,wide,2290,1347402,12,15.177030,-3.177030,3.177030,14.113689,3.895771
6,1000000,k2_twin,"(0, 2)",2,1.320337,wide,2290,1351503,17,15.170502,1.829498,1.829498,14.116728,3.894933
6,1000000,k2_twin,"(0, 2)",2,1.320337,wide,2290,1355493,13,15.164174,-2.164174,2.164174,14.119676,3.894120
6,1000000,k2_twin,"(0, 2)",2,1.320337,wide,2290,1358093,13,15.160062,-2.160062,2.160062,14.121592,3.893592
6,1000000,k2_twin,"(0, 2)",2,1.320337,wide,2290,1362066,16,15.153798,0.846202,0.846202,14.124513,3.892788
6,1000000,k2_twin,"(0, 2)",2,1.320337,wide,2290,1366047,17,15.147543,1.852457,1.852457,14.127432,3.891984
6,1000000,k2_twin,"(0, 2)",2,1.320337,wide,2290,1370056,14,15.141267,-1.141267,1.141267,14.130362,3.891178
6,1000000,k2_twin,"(0, 2)",2,1.320337,wide,2290,1375007,15,15.133546,-0.133546,0.133546,14.133969,3.890186
6,1000000,k2_twin,"(0, 2)",2,1.320337,wide,2290,1377789,23,15.129222,7.870778,7.870778,14.135991,3.889630
6,1000000,k2_twin,"(0, 2)",2,1.320337,wide,2290,1382605,13,15.121763,-2.121763,2.121763,14.139480,3.888671
6,1000000,k2_twin,"(0, 2)",2,1.320337,wide,2290,1386656,14,15.115512,-1.115512,1.115512,14.142406,3.887867
6,1000000,k2_twin,"(0, 2)",2,1.320337,wide,2290,1389822,15,15.110643,-0.110643,0.110643,14.144686,3.887241
6,1000000,k2_twin,"(0, 2)",2,1.320337,wide,2290,1393384,19,15.105180,3.894820,3.894820,14.147246,3.886538
6,1000000,k2_twin,"(0, 2)",2,1.320337,wide,2290,1396991,17,15.099666,1.900334,1.900334,14.149831,3.885829
6,1000000,k2_twin,"(0, 2)",2,1.320337,wide,2290,1402386,18,15.091450,2.908550,2.908550,14.153686,3.884772
6,1000000,k2_twin,"(0, 2)",2,1.320337,wide,2290,1405085,13,15.087354,-2.087354,2.087354,14.155608,3.884244
6,1000000,k2_twin,"(0, 2)",2,1.320337,wide,2290,1409729,10,15.080329,-5.080329,5.080329,14.158908,3.883340
6,1000000,k2_twin,"(0, 2)",2,1.320337,wide,2290,1413995,9,15.073900,-6.073900,6.073900,14.161930,3.882512
6,1000000,k2_twin,"(0, 2)",2,1.320337,wide,2290,1417899,17,15.068038,1.931962,1.931962,14.164687,3.881757
6,1000000,k2_twin,"(0, 2)",2,1.320337,wide,2290,1420770,14,15.063739,-1.063739,1.063739,14.166710,3.881203
6,1000000,k2_twin,"(0, 2)",2,1.320337,wide,2290,1425408,17,15.056816,1.943184,1.943184,14.169969,3.880311
6,1000000,k2_twin,"(0, 2)",2,1.320337,wide,2290,1429332,13,15.050980,-2.050980,2.050980,14.172718,3.879559
6,1000000,k2_twin,"(0, 2)",2,1.320337,wide,2290,1431986,13,15.047045,-2.047045,2.047045,14.174573,3.879052
6,1000000,k2_twin,"(0, 2)",2,1.320337,wide,2290,1437157,10,15.039401,-5.039401,5.039401,14.178177,3.878067
6,1000000,k2_twin,"(0, 2)",2,1.320337,wide,2290,1440937,11,15.033835,-4.033835,4.033835,14.180804,3.877349
6,1000000,k2_twin,"(0, 2)",2,1.320337,wide,2290,1443664,12,15.029830,-3.029830,3.029830,14.182695,3.876832
6,1000000,k2_twin,"(0, 2)",2,1.320337,wide,2290,1448391,17,15.022910,1.977090,1.977090,14.185964,3.875940
6,1000000,k2_twin,"(0, 2)",2,1.320337,wide,2290,1452135,13,15.017448,-2.017448,2.017448,14.188545,3.875235
6,1000000,k2_twin,"(0, 2)",2,1.320337,wide,2290,1455809,9,15.012105,-6.012105,6.012105,14.191072,3.874546
6,1000000,k2_twin,"(0, 2)",2,1.320337,wide,2290,1459677,18,15.006498,2.993502,2.993502,14.193726,3.873822
6,1000000,k2_twin,"(0, 2)",2,1.320337,wide,2290,1464327,20,14.999780,5.000220,5.000220,14.196906,3.872955
6,1000000,k2_twin,"(0, 2)",2,1.320337,wide,2290,1467979,14,14.994522,-0.994522,0.994522,14.199397,3.872276
6,1000000,k2_twin,"(0, 2)",2,1.320337,wide,2290,1471529,15,14.989427,0.010573,0.010573,14.201813,3.871618
6,1000000,k2_twin,"(0, 2)",2,1.320337,wide,2290,1474811,14,14.984729,-0.984729,0.984729,14.204040,3.871011
6,1000000,k2_twin,"(0, 2)",2,1.320337,wide,2290,1479456,15,14.978102,0.021898,0.021898,14.207185,3.870155
6,1000000,k2_twin,"(0, 2)",2,1.320337,wide,2290,1484119,12,14.971474,-2.971474,2.971474,14.210332,3.869299
6,1000000,k2_twin,"(0, 2)",2,1.320337,wide,2290,1486486,17,14.968119,2.031881,2.031881,14.211926,3.868865
6,1000000,k2_twin,"(0, 2)",2,1.320337,wide,2290,1491132,16,14.961554,1.038446,1.038446,14.215046,3.868017
6,1000000,k2_twin,"(0, 2)",2,1.320337,wide,2290,1495411,12,14.955528,-2.955528,2.955528,14.217912,3.867238
6,1000000,k2_twin,"(0, 2)",2,1.320337,wide,2290,1498583,19,14.951075,4.048925,4.048925,14.220031,3.866662
6,1000000,k2_twin,"(0, 2)",2,1.320337,wide,2290,1503516,15,14.944173,0.055827,0.055827,14.223317,3.865769
6,1000000,k2_twin,"(0, 2)",2,1.320337,wide,2290,1506866,17,14.939501,2.060499,2.060499,14.225543,3.865165
6,1000000,k2_twin,"(0, 2)",2,1.320337,wide,2290,1510843,18,14.933971,3.066029,3.066029,14.228178,3.864450
6,1000000,k2_twin,"(0, 2)",2,1.320337,wide,2290,1515003,14,14.928205,-0.928205,0.928205,14.230928,3.863704
6,1000000,k2_twin,"(0, 2)",2,1.320337,wide,2290,1518097,16,14.923929,1.076071,1.076071,14.232968,3.863150
6,1000000,k2_twin,"(0, 2)",2,1.320337,wide,2290,1521474,12,14.919274,-2.919274,2.919274,14.235190,3.862548
6,1000000,k2_twin,"(0, 2)",2,1.320337,wide,2290,1525686,18,14.913486,3.086514,3.086514,14.237955,3.861798
6,1000000,k2_twin,"(0, 2)",2,1.320337,wide,2290,1530823,10,14.906452,-4.906452,4.906452,14.241316,3.860887
6,1000000,k2_twin,"(0, 2)",2,1.320337,wide,2290,1534073,13,14.902017,-1.902017,1.902017,14.243437,3.860313
6,1000000,k2_twin,"(0, 2)",2,1.320337,wide,2290,1538516,16,14.895972,1.104028,1.104028,14.246329,3.859530
6,1000000,k2_twin,"(0, 2)",2,1.320337,wide,2290,1541205,12,14.892324,-2.892324,2.892324,14.248075,3.859057
6,1000000,k2_twin,"(0, 2)",2,1.320337,wide,2290,1546033,19,14.885793,4.114207,4.114207,14.251203,3.858211
6,1000000,k2_twin,"(0, 2)",2,1.320337,wide,2290,1549973,15,14.880482,0.119518,0.119518,14.253748,3.857523
6,1000000,k2_twin,"(0, 2)",2,1.320337,wide,2290,1553954,17,14.875131,2.124869,2.124869,14.256313,3.856829
6,1000000,k2_twin,"(0, 2)",2,1.320337,wide,2290,1556702,19,14.871448,4.128552,4.128552,14.258080,3.856352
6,1000000,k2_twin,"(0, 2)",2,1.320337,wide,2290,1561708,16,14.864758,1.135242,1.135242,14.261291,3.855484
6,1000000,k2_twin,"(0, 2)",2,1.320337,wide,2290,1565251,23,14.860039,8.139961,8.139961,14.263557,3.854872
6,1000000,k2_twin,"(0, 2)",2,1.320337,wide,2290,1569624,11,14.854232,-3.854232,3.854232,14.266347,3.854119
6,1000000,k2_twin,"(0, 2)",2,1.320337,wide,2290,1572200,24,14.850820,9.149180,9.149180,14.267986,3.853676
6,1000000,k2_twin,"(0, 2)",2,1.320337,wide,2290,1576152,15,14.845600,0.154400,0.154400,14.270497,3.852999
6,1000000,k2_twin,"(0, 2)",2,1.320337,wide,2290,1580336,16,14.840090,1.159910,1.159910,14.273148,3.852284
6,1000000,k2_twin,"(0, 2)",2,1.320337,wide,2290,1583881,18,14.835435,3.164565,3.164565,14.275389,3.851680
6,1000000,k2_twin,"(0, 2)",2,1.320337,wide,2290,1588854,19,14.828927,4.171073,4.171073,14.278524,3.850835
6,1000000,k2_twin,"(0, 2)",2,1.320337,wide,2290,1592563,16,14.824088,1.175912,1.175912,14.280855,3.850206
6,1000000,k2_twin,"(0, 2)",2,1.320337,wide,2290,1596650,11,14.818773,-3.818773,3.818773,14.283418,3.849516
6,1000000,k2_twin,"(0, 2)",2,1.320337,wide,2290,1600669,23,14.813562,8.186438,8.186438,14.285932,3.848839
6,1000000,k2_twin,"(0, 2)",2,1.320337,wide,2290,1604632,14,14.808439,-0.808439,0.808439,14.288405,3.848173
6,1000000,k2_twin,"(0, 2)",2,1.320337,wide,2290,1608593,16,14.803334,1.196666,1.196666,14.290870,3.847510
6,1000000,k2_twin,"(0, 2)",2,1.320337,wide,2290,1611262,13,14.799902,-1.799902,1.799902,14.292528,3.847064
6,1000000,k2_twin,"(0, 2)",2,1.320337,wide,2290,1615517,15,14.794446,0.205554,0.205554,14.295166,3.846355
6,1000000,k2_twin,"(0, 2)",2,1.320337,wide,2290,1619377,17,14.789512,2.210488,2.210488,14.297552,3.845713
6,1000000,k2_twin,"(0, 2)",2,1.320337,wide,2290,1623679,18,14.784029,3.215971,3.215971,14.300205,3.845000
6,1000000,k2_twin,"(0, 2)",2,1.320337,wide,2290,1626742,16,14.780135,1.219865,1.219865,14.302090,3.844494
6,1000000,k2_twin,"(0, 2)",2,1.320337,wide,2290,1630570,19,14.775282,4.224718,4.224718,14.304440,3.843863
6,1000000,k2_twin,"(0, 2)",2,1.320337,wide,2290,1635263,11,14.769351,-3.769351,3.769351,14.307314,3.843091
6,1000000,k2_twin,"(0, 2)",2,1.320337,wide,2290,1638756,11,14.764950,-3.764950,3.764950,14.309448,3.842519
6,1000000,k2_twin,"(0, 2)",2,1.320337,wide,2290,1643524,19,14.758961,4.241039,4.241039,14.312353,3.841739
6,1000000,k2_twin,"(0, 2)",2,1.320337,wide,2290,1646489,12,14.755247,-2.755247,2.755247,14.314156,3.841256
6,1000000,k2_twin,"(0, 2)",2,1.320337,wide,2290,1650054,7,14.750792,-7.750792,7.750792,14.316319,3.840676
6,1000000,k2_twin,"(0, 2)",2,1.320337,wide,2290,1655130,17,14.744470,2.255530,2.255530,14.319390,3.839853
6,1000000,k2_twin,"(0, 2)",2,1.320337,wide,2290,1659053,18,14.739599,3.260401,3.260401,14.321758,3.839219
6,1000000,k2_twin,"(0, 2)",2,1.320337,wide,2290,1662216,12,14.735682,-2.735682,2.735682,14.323662,3.838708
6,1000000,k2_twin,"(0, 2)",2,1.320337,wide,2290,1666272,18,14.730673,3.269327,3.269327,14.326099,3.838056
6,1000000,k2_twin,"(0, 2)",2,1.320337,wide,2290,1669520,15,14.726672,0.273328,0.273328,14.328047,3.837535
6,1000000,k2_twin,"(0, 2)",2,1.320337,wide,2290,1673333,16,14.721987,1.278013,1.278013,14.330328,3.836924
6,1000000,k2_twin,"(0, 2)",2,1.320337,wide,2290,1677220,20,14.717224,5.282776,5.282776,14.332648,3.836303
6,1000000,k2_twin,"(0, 2)",2,1.320337,wide,2290,1681575,13,14.711904,-1.711904,1.711904,14.335241,3.835610
6,1000000,k2_twin,"(0, 2)",2,1.320337,wide,2290,1685140,13,14.707561,-1.707561,1.707561,14.337359,3.835044
6,1000000,k2_twin,"(0, 2)",2,1.320337,wide,2290,1688966,17,14.702913,2.297087,2.297087,14.339627,3.834438
6,1000000,k2_twin,"(0, 2)",2,1.320337,wide,2290,1693509,16,14.697410,1.302590,1.302590,14.342313,3.833720
6,1000000,k2_twin,"(0, 2)",2,1.320337,wide,2290,1697020,19,14.693169,4.306831,4.306831,14.344384,3.833167
6,1000000,k2_twin,"(0, 2)",2,1.320337,wide,2290,1701395,18,14.687900,3.312100,3.312100,14.346959,3.832480
6,1000000,k2_twin,"(0, 2)",2,1.320337,wide,2290,1705906,16,14.682483,1.317517,1.317517,14.349607,3.831773
6,1000000,k2_twin,"(0, 2)",2,1.320337,wide,2290,1708301,15,14.679615,0.320385,0.320385,14.351010,3.831399
6,1000000,k2_twin,"(0, 2)",2,1.320337,wide,2290,1712877,14,14.674148,-0.674148,0.674148,14.353685,3.830685
6,1000000,k2_twin,"(0, 2)",2,1.320337,wide,2290,1716304,11,14.670065,-3.670065,3.670065,14.355684,3.830152
6,1000000,k2_twin,"(0, 2)",2,1.320337,wide,2290,1720645,15,14.664907,0.335093,0.335093,14.358210,3.829479
6,1000000,k2_twin,"(0, 2)",2,1.320337,wide,2290,1724400,17,14.660458,2.339542,2.339542,14.360390,3.828898
6,1000000,k2_twin,"(0, 2)",2,1.320337,wide,2290,1728474,15,14.655645,0.344355,0.344355,14.362749,3.828269
6,1000000,k2_twin,"(0, 2)",2,1.320337,wide,2290,1731772,14,14.651758,-0.651758,0.651758,14.364656,3.827761
6,1000000,k2_twin,"(0, 2)",2,1.320337,wide,2290,1736153,19,14.646609,4.353391,4.353391,14.367182,3.827089
6,1000000,k2_twin,"(0, 2)",2,1.320337,wide,2290,1739714,14,14.642435,-0.642435,0.642435,14.369231,3.826543
6,1000000,k2_twin,"(0, 2)",2,1.320337,wide,2290,1744235,14,14.637151,-0.637151,0.637151,14.371827,3.825853
6,1000000,k2_twin,"(0, 2)",2,1.320337,wide,2290,1748174,21,14.632560,6.367440,6.367440,14.374082,3.825253
6,1000000,k2_twin,"(0, 2)",2,1.320337,wide,2290,1751739,18,14.628416,3.371584,3.371584,14.376120,3.824711
6,1000000,k2_twin,"(0, 2)",2,1.320337,wide,2290,1756056,8,14.623412,-6.623412,6.623412,14.378581,3.824057
6,1000000,k2_twin,"(0, 2)",2,1.320337,wide,2290,1758901,11,14.620122,-3.620122,3.620122,14.380200,3.823627
6,1000000,k2_twin,"(0, 2)",2,1.320337,wide,2290,1763761,14,14.614517,-0.614517,0.614517,14.382959,3.822894
6,1000000,k2_twin,"(0, 2)",2,1.320337,wide,2290,1767820,14,14.609850,-0.609850,0.609850,14.385258,3.822283
6,1000000,k2_twin,"(0, 2)",2,1.320337,wide,2290,1770575,8,14.606690,-6.606690,6.606690,14.386815,3.821870
6,1000000,k2_twin,"(0, 2)",2,1.320337,wide,2290,1774926,14,14.601711,-0.601711,0.601711,14.389269,3.821218
6,1000000,k3_admiss,"(0, 2, 6)",3,2.858333,narrow,190,1001694,0,0.205872,-0.205872,0.205872,13.817203,0.453731
6,1000000,k3_admiss,"(0, 2, 6)",3,2.858333,narrow,190,1006757,1,0.205647,0.794353,0.794353,13.822245,0.453483
6,1000000,k3_admiss,"(0, 2, 6)",3,2.858333,narrow,190,1009074,1,0.205544,0.794456,0.794456,13.824544,0.453370
6,1000000,k3_admiss,"(0, 2, 6)",3,2.858333,narrow,190,1012135,0,0.205409,-0.205409,0.205409,13.827573,0.453221
6,1000000,k3_admiss,"(0, 2, 6)",3,2.858333,narrow,190,1017479,0,0.205175,-0.205175,0.205175,13.832839,0.452962
6,1000000,k3_admiss,"(0, 2, 6)",3,2.858333,narrow,190,1022645,0,0.204949,-0.204949,0.204949,13.837903,0.452713
6,1000000,k3_admiss,"(0, 2, 6)",3,2.858333,narrow,190,1024916,0,0.204851,-0.204851,0.204851,13.840121,0.452605
6,1000000,k3_admiss,"(0, 2, 6)",3,2.858333,narrow,190,1027440,1,0.204742,0.795258,0.795258,13.842581,0.452484
6,1000000,k3_admiss,"(0, 2, 6)",3,2.858333,narrow,190,1033075,0,0.204499,-0.204499,0.204499,13.848050,0.452216
6,1000000,k3_admiss,"(0, 2, 6)",3,2.858333,narrow,190,1036376,0,0.204358,-0.204358,0.204358,13.851241,0.452060
6,1000000,k3_admiss,"(0, 2, 6)",3,2.858333,narrow,190,1038979,1,0.204247,0.795753,0.795753,13.853749,0.451937
6,1000000,k3_admiss,"(0, 2, 6)",3,2.858333,narrow,190,1043302,0,0.204064,-0.204064,0.204064,13.857901,0.451734
6,1000000,k3_admiss,"(0, 2, 6)",3,2.858333,narrow,190,1048869,0,0.203829,-0.203829,0.203829,13.863223,0.451474
6,1000000,k3_admiss,"(0, 2, 6)",3,2.858333,narrow,190,1051346,0,0.203725,-0.203725,0.203725,13.865582,0.451359
6,1000000,k3_admiss,"(0, 2, 6)",3,2.858333,narrow,190,1057417,1,0.203471,0.796529,0.796529,13.871340,0.451078
6,1000000,k3_admiss,"(0, 2, 6)",3,2.858333,narrow,190,1061045,0,0.203320,-0.203320,0.203320,13.874765,0.450911
6,1000000,k3_admiss,"(0, 2, 6)",3,2.858333,narrow,190,1064746,0,0.203167,-0.203167,0.203167,13.878247,0.450741
6,1000000,k3_admiss,"(0, 2, 6)",3,2.858333,narrow,190,1069212,1,0.202984,0.797016,0.797016,13.882432,0.450537
6,1000000,k3_admiss,"(0, 2, 6)",3,2.858333,narrow,190,1070695,0,0.202923,-0.202923,0.202923,13.883819,0.450470
6,1000000,k3_admiss,"(0, 2, 6)",3,2.858333,narrow,190,1076485,1,0.202687,0.797313,0.797313,13.889212,0.450207
6,1000000,k3_admiss,"(0, 2, 6)",3,2.858333,narrow,190,1078446,0,0.202607,-0.202607,0.202607,13.891032,0.450119
6,1000000,k3_admiss,"(0, 2, 6)",3,2.858333,narrow,190,1082880,0,0.202428,-0.202428,0.202428,13.895135,0.449920
6,1000000,k3_admiss,"(0, 2, 6)",3,2.858333,narrow,190,1088017,0,0.202221,-0.202221,0.202221,13.899867,0.449690
6,1000000,k3_admiss,"(0, 2, 6)",3,2.858333,narrow,190,1092121,0,0.202057,-0.202057,0.202057,13.903632,0.449507
6,1000000,k3_admiss,"(0, 2, 6)",3,2.858333,narrow,190,1094190,0,0.201974,-0.201974,0.201974,13.905525,0.449415
6,1000000,k3_admiss,"(0, 2, 6)",3,2.858333,narrow,190,1098477,0,0.201804,-0.201804,0.201804,13.909435,0.449226
6,1000000,k3_admiss,"(0, 2, 6)",3,2.858333,narrow,190,1101202,0,0.201696,-0.201696,0.201696,13.911913,0.449106
6,1000000,k3_admiss,"(0, 2, 6)",3,2.858333,narrow,190,1107953,0,0.201431,-0.201431,0.201431,13.918025,0.448810
6,1000000,k3_admiss,"(0, 2, 6)",3,2.858333,narrow,190,1111003,0,0.201311,-0.201311,0.201311,13.920774,0.448677
6,1000000,k3_admiss,"(0, 2, 6)",3,2.858333,narrow,190,1115586,0,0.201133,-0.201133,0.201133,13.924890,0.448478
6,1000000,k3_admiss,"(0, 2, 6)",3,2.858333,narrow,190,1119924,0,0.200965,-0.200965,0.200965,13.928771,0.448291
6,1000000,k3_admiss,"(0, 2, 6)",3,2.858333,narrow,190,1124248,0,0.200798,-0.200798,0.200798,13.932625,0.448105
6,1000000,k3_admiss,"(0, 2, 6)",3,2.858333,narrow,190,1127404,0,0.200677,-0.200677,0.200677,13.935428,0.447970
6,1000000,k3_admiss,"(0, 2, 6)",3,2.858333,narrow,190,1131669,0,0.200514,-0.200514,0.200514,13.939204,0.447788
6,1000000,k3_admiss,"(0, 2, 6)",3,2.858333,narrow,190,1134893,0,0.200391,-0.200391,0.200391,13.942049,0.447651
6,1000000,k3_admiss,"(0, 2, 6)",3,2.858333,narrow,190,1138194,0,0.200266,-0.200266,0.200266,13.944953,0.447511
6,1000000,k3_admiss,"(0, 2, 6)",3,2.858333,narrow,190,1143763,0,0.200056,-0.200056,0.200056,13.949834,0.447276
6,1000000,k3_admiss,"(0, 2, 6)",3,2.858333,narrow,190,1146958,0,0.199936,-0.199936,0.199936,13.952624,0.447142
6,1000000,k3_admiss,"(0, 2, 6)",3,2.858333,narrow,190,1149633,0,0.199836,-0.199836,0.199836,13.954953,0.447030
6,1000000,k3_admiss,"(0, 2, 6)",3,2.858333,narrow,190,1152494,0,0.199729,-0.199729,0.199729,13.957439,0.446911
6,1000000,k3_admiss,"(0, 2, 6)",3,2.858333,narrow,190,1155983,1,0.199599,0.800401,0.800401,13.960462,0.446766
6,1000000,k3_admiss,"(0, 2, 6)",3,2.858333,narrow,190,1159689,0,0.199462,-0.199462,0.199462,13.963662,0.446612
6,1000000,k3_admiss,"(0, 2, 6)",3,2.858333,narrow,190,1163855,0,0.199309,-0.199309,0.199309,13.967248,0.446440
6,1000000,k3_admiss,"(0, 2, 6)",3,2.858333,narrow,190,1169713,0,0.199094,-0.199094,0.199094,13.972269,0.446199
6,1000000,k3_admiss,"(0, 2, 6)",3,2.858333,narrow,190,1173686,0,0.198949,-0.198949,0.198949,13.975660,0.446037
6,1000000,k3_admiss,"(0, 2, 6)",3,2.858333,narrow,190,1178515,0,0.198774,-0.198774,0.198774,13.979766,0.445841
6,1000000,k3_admiss,"(0, 2, 6)",3,2.858333,narrow,190,1179074,0,0.198754,-0.198754,0.198754,13.980240,0.445818
6,1000000,k3_admiss,"(0, 2, 6)",3,2.858333,narrow,190,1184042,0,0.198574,-0.198574,0.198574,13.984445,0.445617
6,1000000,k3_admiss,"(0, 2, 6)",3,2.858333,narrow,190,1188886,0,0.198401,-0.198401,0.198401,13.988527,0.445422
6,1000000,k3_admiss,"(0, 2, 6)",3,2.858333,narrow,190,1193456,0,0.198237,-0.198237,0.198237,13.992364,0.445239
6,1000000,k3_admiss,"(0, 2, 6)",3,2.858333,narrow,190,1195729,0,0.198157,-0.198157,0.198157,13.994267,0.445148
6,1000000,k3_admiss,"(0, 2, 6)",3,2.858333,narrow,190,1201156,0,0.197964,-0.197964,0.197964,13.998795,0.444932
6,1000000,k3_admiss,"(0, 2, 6)",3,2.858333,narrow,190,1203257,0,0.197890,-0.197890,0.197890,14.000543,0.444849
6,1000000,k3_admiss,"(0, 2, 6)",3,2.858333,narrow,190,1209268,0,0.197679,-0.197679,0.197679,14.005526,0.444611
6,1000000,k3_admiss,"(0, 2, 6)",3,2.858333,narrow,190,1210675,0,0.197630,-0.197630,0.197630,14.006689,0.444556
6,1000000,k3_admiss,"(0, 2, 6)",3,2.858333,narrow,190,1216493,0,0.197427,-0.197427,0.197427,14.011483,0.444328
6,1000000,k3_admiss,"(0, 2, 6)",3,2.858333,narrow,190,1218162,0,0.197369,-0.197369,0.197369,14.012854,0.444263
6,1000000,k3_admiss,"(0, 2, 6)",3,2.858333,narrow,190,1224214,0,0.197160,-0.197160,0.197160,14.017810,0.444027
6,1000000,k3_admiss,"(0, 2, 6)",3,2.858333,narrow,190,1226071,0,0.197096,-0.197096,0.197096,14.019325,0.443955
6,1000000,k3_admiss,"(0, 2, 6)",3,2.858333,narrow,190,1232242,0,0.196884,-0.196884,0.196884,14.024346,0.443717
6,1000000,k3_admiss,"(0, 2, 6)",3,2.858333,narrow,190,1233752,0,0.196833,-0.196833,0.196833,14.025570,0.443659
6,1000000,k3_admiss,"(0, 2, 6)",3,2.858333,narrow,190,1237429,0,0.196708,-0.196708,0.196708,14.028546,0.443517
6,1000000,k3_admiss,"(0, 2, 6)",3,2.858333,narrow,190,1241324,0,0.196576,-0.196576,0.196576,14.031689,0.443368
6,1000000,k3_admiss,"(0, 2, 6)",3,2.858333,narrow,190,1246681,0,0.196395,-0.196395,0.196395,14.035995,0.443164
6,1000000,k3_admiss,"(0, 2, 6)",3,2.858333,narrow,190,1250301,0,0.196273,-0.196273,0.196273,14.038895,0.443027
6,1000000,k3_admiss,"(0, 2, 6)",3,2.858333,narrow,190,1256563,0,0.196064,-0.196064,0.196064,14.043891,0.442791
6,1000000,k3_admiss,"(0, 2, 6)",3,2.858333,narrow,190,1260090,0,0.195946,-0.195946,0.195946,14.046694,0.442658
6,1000000,k3_admiss,"(0, 2, 6)",3,2.858333,narrow,190,1263037,1,0.195849,0.804151,0.804151,14.049030,0.442548
6,1000000,k3_admiss,"(0, 2, 6)",3,2.858333,narrow,190,1266209,0,0.195744,-0.195744,0.195744,14.051538,0.442429
6,1000000,k3_admiss,"(0, 2, 6)",3,2.858333,narrow,190,1270818,0,0.195592,-0.195592,0.195592,14.055171,0.442258
6,1000000,k3_admiss,"(0, 2, 6)",3,2.858333,narrow,190,1274762,0,0.195463,-0.195463,0.195463,14.058270,0.442112
6,1000000,k3_admiss,"(0, 2, 6)",3,2.858333,narrow,190,1277229,0,0.195382,-0.195382,0.195382,14.060203,0.442020
6,1000000,k3_admiss,"(0, 2, 6)",3,2.858333,narrow,190,1283060,0,0.195192,-0.195192,0.195192,14.064758,0.441806
6,1000000,k3_admiss,"(0, 2, 6)",3,2.858333,narrow,190,1284657,0,0.195141,-0.195141,0.195141,14.066002,0.441747
6,1000000,k3_admiss,"(0, 2, 6)",3,2.858333,narrow,190,1291207,1,0.194929,0.805071,0.805071,14.071088,0.441508
6,1000000,k3_admiss,"(0, 2, 6)",3,2.858333,narrow,190,1293839,1,0.194844,0.805156,0.805156,14.073124,0.441412
6,1000000,k3_admiss,"(0, 2, 6)",3,2.858333,narrow,190,1298806,0,0.194685,-0.194685,0.194685,14.076956,0.441232
6,1000000,k3_admiss,"(0, 2, 6)",3,2.858333,narrow,190,1300804,0,0.194622,-0.194622,0.194622,14.078493,0.441159
6,1000000,k3_admiss,"(0, 2, 6)",3,2.858333,narrow,190,1304882,1,0.194492,0.805508,0.805508,14.081623,0.441012
6,1000000,k3_admiss,"(0, 2, 6)",3,2.858333,narrow,190,1308240,0,0.194385,-0.194385,0.194385,14.084193,0.440892
6,1000000,k3_admiss,"(0, 2, 6)",3,2.858333,narrow,190,1314022,0,0.194203,-0.194203,0.194203,14.088603,0.440685
6,1000000,k3_admiss,"(0, 2, 6)",3,2.858333,narrow,190,1315299,0,0.194163,-0.194163,0.194163,14.089575,0.440639
6,1000000,k3_admiss,"(0, 2, 6)",3,2.858333,narrow,190,1319892,0,0.194019,-0.194019,0.194019,14.093060,0.440476
6,1000000,k3_admiss,"(0, 2, 6)",3,2.858333,narrow,190,1323358,0,0.193911,-0.193911,0.193911,14.095683,0.440353
6,1000000,k3_admiss,"(0, 2, 6)",3,2.858333,narrow,190,1330312,0,0.193694,-0.193694,0.193694,14.100924,0.440107
6,1000000,k3_admiss,"(0, 2, 6)",3,2.858333,narrow,190,1331405,0,0.193661,-0.193661,0.193661,14.101745,0.440069
6,1000000,k3_admiss,"(0, 2, 6)",3,2.858333,narrow,190,1336835,0,0.193493,-0.193493,0.193493,14.105815,0.439878
6,1000000,k3_admiss,"(0, 2, 6)",3,2.858333,narrow,190,1340221,3,0.193389,2.806611,2.806611,14.108345,0.439760
6,1000000,k3_admiss,"(0, 2, 6)",3,2.858333,narrow,190,1345342,1,0.193232,0.806768,0.806768,14.112159,0.439582
6,1000000,k3_admiss,"(0, 2, 6)",3,2.858333,narrow,190,1347561,0,0.193165,-0.193165,0.193165,14.113807,0.439505
6,1000000,k3_admiss,"(0, 2, 6)",3,2.858333,narrow,190,1352314,1,0.193020,0.806980,0.806980,14.117328,0.439340
6,1000000,k3_admiss,"(0, 2, 6)",3,2.858333,narrow,190,1355958,1,0.192910,0.807090,0.807090,14.120019,0.439215
6,1000000,k3_admiss,"(0, 2, 6)",3,2.858333,narrow,190,1359209,0,0.192812,-0.192812,0.192812,14.122413,0.439103
6,1000000,k3_admiss,"(0, 2, 6)",3,2.858333,narrow,190,1364197,0,0.192662,-0.192662,0.192662,14.126077,0.438932
6,1000000,k3_admiss,"(0, 2, 6)",3,2.858333,narrow,190,1368291,2,0.192539,1.807461,1.807461,14.129073,0.438793
6,1000000,k3_admiss,"(0, 2, 6)",3,2.858333,narrow,190,1369755,1,0.192495,0.807505,0.807505,14.130142,0.438743
6,1000000,k3_admiss,"(0, 2, 6)",3,2.858333,narrow,190,1377218,1,0.192274,0.807726,0.807726,14.135576,0.438490
6,1000000,k3_admiss,"(0, 2, 6)",3,2.858333,narrow,190,1379654,1,0.192201,0.807799,0.807799,14.137343,0.438408
6,1000000,k3_admiss,"(0, 2, 6)",3,2.858333,narrow,190,1383102,0,0.192100,-0.192100,0.192100,14.139839,0.438292
6,1000000,k3_admiss,"(0, 2, 6)",3,2.858333,narrow,190,1387926,0,0.191958,-0.191958,0.191958,14.143321,0.438130
6,1000000,k3_admiss,"(0, 2, 6)",3,2.858333,narrow,190,1390826,0,0.191873,-0.191873,0.191873,14.145408,0.438033
6,1000000,k3_admiss,"(0, 2, 6)",3,2.858333,narrow,190,1395418,1,0.191739,0.808261,0.808261,14.148705,0.437880
6,1000000,k3_admiss,"(0, 2, 6)",3,2.858333,narrow,190,1399630,0,0.191616,-0.191616,0.191616,14.151718,0.437740
6,1000000,k3_admiss,"(0, 2, 6)",3,2.858333,narrow,190,1401256,0,0.191569,-0.191569,0.191569,14.152880,0.437686
6,1000000,k3_admiss,"(0, 2, 6)",3,2.858333,narrow,190,1407517,0,0.191388,-0.191388,0.191388,14.157338,0.437479
6,1000000,k3_admiss,"(0, 2, 6)",3,2.858333,narrow,190,1409482,1,0.191332,0.808668,0.808668,14.158733,0.437415
6,1000000,k3_admiss,"(0, 2, 6)",3,2.858333,narrow,190,1416067,0,0.191143,-0.191143,0.191143,14.163394,0.437199
6,1000000,k3_admiss,"(0, 2, 6)",3,2.858333,narrow,190,1418456,0,0.191075,-0.191075,0.191075,14.165080,0.437121
6,1000000,k3_admiss,"(0, 2, 6)",3,2.858333,narrow,190,1423233,0,0.190939,-0.190939,0.190939,14.168442,0.436965
6,1000000,k3_admiss,"(0, 2, 6)",3,2.858333,narrow,190,1425972,1,0.190861,0.809139,0.809139,14.170364,0.436876
6,1000000,k3_admiss,"(0, 2, 6)",3,2.858333,narrow,190,1428234,0,0.190797,-0.190797,0.190797,14.171949,0.436803
6,1000000,k3_admiss,"(0, 2, 6)",3,2.858333,narrow,190,1432006,0,0.190691,-0.190691,0.190691,14.174587,0.436681
6,1000000,k3_admiss,"(0, 2, 6)",3,2.858333,narrow,190,1439363,0,0.190484,-0.190484,0.190484,14.179711,0.436445
6,1000000,k3_admiss,"(0, 2, 6)",3,2.858333,narrow,190,1441337,0,0.190429,-0.190429,0.190429,14.181082,0.436381
6,1000000,k3_admiss,"(0, 2, 6)",3,2.858333,narrow,190,1444914,0,0.190329,-0.190329,0.190329,14.183560,0.436267
6,1000000,k3_admiss,"(0, 2, 6)",3,2.858333,narrow,190,1449097,0,0.190213,-0.190213,0.190213,14.186451,0.436134
6,1000000,k3_admiss,"(0, 2, 6)",3,2.858333,narrow,190,1451921,0,0.190134,-0.190134,0.190134,14.188398,0.436044
6,1000000,k3_admiss,"(0, 2, 6)",3,2.858333,narrow,190,1455323,0,0.190040,-0.190040,0.190040,14.190738,0.435936
6,1000000,k3_admiss,"(0, 2, 6)",3,2.858333,narrow,190,1461228,3,0.189878,2.810122,2.810122,14.194788,0.435749
6,1000000,k3_admiss,"(0, 2, 6)",3,2.858333,narrow,190,1465516,0,0.189760,-0.189760,0.189760,14.197718,0.435615
6,1000000,k3_admiss,"(0, 2, 6)",3,2.858333,narrow,190,1468077,0,0.189690,-0.189690,0.189690,14.199464,0.435534
6,1000000,k3_admiss,"(0, 2, 6)",3,2.858333,narrow,190,1473525,1,0.189542,0.810458,0.810458,14.203168,0.435364
6,1000000,k3_admiss,"(0, 2, 6)",3,2.858333,narrow,190,1477039,0,0.189446,-0.189446,0.189446,14.205550,0.435254
6,1000000,k3_admiss,"(0, 2, 6)",3,2.858333,narrow,190,1480007,0,0.189366,-0.189366,0.189366,14.207557,0.435162
6,1000000,k3_admiss,"(0, 2, 6)",3,2.858333,narrow,190,1484712,0,0.189239,-0.189239,0.189239,14.210731,0.435016
6,1000000,k3_admiss,"(0, 2, 6)",3,2.858333,narrow,190,1488812,0,0.189129,-0.189129,0.189129,14.213489,0.434890
6,1000000,k3_admiss,"(0, 2, 6)",3,2.858333,narrow,190,1492413,0,0.189033,-0.189033,0.189033,14.215905,0.434779
6,1000000,k3_admiss,"(0, 2, 6)",3,2.858333,narrow,190,1494838,0,0.188968,-0.188968,0.188968,14.217528,0.434704
6,1000000,k3_admiss,"(0, 2, 6)",3,2.858333,narrow,190,1498358,0,0.188874,-0.188874,0.188874,14.219880,0.434597
6,1000000,k3_admiss,"(0, 2, 6)",3,2.858333,narrow,190,1503229,1,0.188745,0.811255,0.811255,14.223126,0.434448
6,1000000,k3_admiss,"(0, 2, 6)",3,2.858333,narrow,190,1508495,1,0.188606,0.811394,0.811394,14.226623,0.434288
6,1000000,k3_admiss,"(0, 2, 6)",3,2.858333,narrow,190,1513236,1,0.188481,0.811519,0.811519,14.229761,0.434144
6,1000000,k3_admiss,"(0, 2, 6)",3,2.858333,narrow,190,1515713,0,0.188416,-0.188416,0.188416,14.231397,0.434069
6,1000000,k3_admiss,"(0, 2, 6)",3,2.858333,narrow,190,1517624,0,0.188366,-0.188366,0.188366,14.232657,0.434012
6,1000000,k3_admiss,"(0, 2, 6)",3,2.858333,narrow,190,1523367,0,0.188216,-0.188216,0.188216,14.236434,0.433839
6,1000000,k3_admiss,"(0, 2, 6)",3,2.858333,narrow,190,1528361,0,0.188086,-0.188086,0.188086,14.239706,0.433689
6,1000000,k3_admiss,"(0, 2, 6)",3,2.858333,narrow,190,1531392,0,0.188008,-0.188008,0.188008,14.241688,0.433599
6,1000000,k3_admiss,"(0, 2, 6)",3,2.858333,narrow,190,1535849,0,0.187893,-0.187893,0.187893,14.244594,0.433466
6,1000000,k3_admiss,"(0, 2, 6)",3,2.858333,narrow,190,1539551,0,0.187798,-0.187798,0.187798,14.247001,0.433356
6,1000000,k3_admiss,"(0, 2, 6)",3,2.858333,narrow,190,1540985,0,0.187761,-0.187761,0.187761,14.247932,0.433314
6,1000000,k3_admiss,"(0, 2, 6)",3,2.858333,narrow,190,1547760,0,0.187588,-0.187588,0.187588,14.252319,0.433114
6,1000000,k3_admiss,"(0, 2, 6)",3,2.858333,narrow,190,1550539,0,0.187517,-0.187517,0.187517,14.254113,0.433032
6,1000000,k3_admiss,"(0, 2, 6)",3,2.858333,narrow,190,1556180,0,0.187374,-0.187374,0.187374,14.257745,0.432867
6,1000000,k3_admiss,"(0, 2, 6)",3,2.858333,narrow,190,1559749,0,0.187283,-0.187283,0.187283,14.260035,0.432762
6,1000000,k3_admiss,"(0, 2, 6)",3,2.858333,narrow,190,1561130,0,0.187248,-0.187248,0.187248,14.260920,0.432722
6,1000000,k3_admiss,"(0, 2, 6)",3,2.858333,narrow,190,1564877,0,0.187154,-0.187154,0.187154,14.263318,0.432613
6,1000000,k3_admiss,"(0, 2, 6)",3,2.858333,narrow,190,1571105,0,0.186998,-0.186998,0.186998,14.267290,0.432432
6,1000000,k3_admiss,"(0, 2, 6)",3,2.858333,narrow,190,1574234,0,0.186920,-0.186920,0.186920,14.269279,0.432342
6,1000000,k3_admiss,"(0, 2, 6)",3,2.858333,narrow,190,1577534,1,0.186837,0.813163,0.813163,14.271373,0.432247
6,1000000,k3_admiss,"(0, 2, 6)",3,2.858333,narrow,190,1580942,0,0.186753,-0.186753,0.186753,14.273531,0.432149
6,1000000,k3_admiss,"(0, 2, 6)",3,2.858333,narrow,190,1586443,0,0.186616,-0.186616,0.186616,14.277005,0.431991
6,1000000,k3_admiss,"(0, 2, 6)",3,2.858333,narrow,190,1589205,1,0.186548,0.813452,0.813452,14.278744,0.431912
6,1000000,k3_admiss,"(0, 2, 6)",3,2.858333,narrow,190,1594623,0,0.186415,-0.186415,0.186415,14.282148,0.431758
6,1000000,k3_admiss,"(0, 2, 6)",3,2.858333,narrow,190,1596284,1,0.186374,0.813626,0.813626,14.283189,0.431711
6,1000000,k3_admiss,"(0, 2, 6)",3,2.858333,narrow,190,1599972,0,0.186284,-0.186284,0.186284,14.285497,0.431606
6,1000000,k3_admiss,"(0, 2, 6)",3,2.858333,narrow,190,1603525,0,0.186197,-0.186197,0.186197,14.287715,0.431505
6,1000000,k3_admiss,"(0, 2, 6)",3,2.858333,narrow,190,1608030,0,0.186087,-0.186087,0.186087,14.290520,0.431378
6,1000000,k3_admiss,"(0, 2, 6)",3,2.858333,narrow,190,1612004,0,0.185991,-0.185991,0.185991,14.292989,0.431267
6,1000000,k3_admiss,"(0, 2, 6)",3,2.858333,narrow,190,1614878,1,0.185921,0.814079,0.814079,14.294770,0.431186
6,1000000,k3_admiss,"(0, 2, 6)",3,2.858333,narrow,190,1619409,0,0.185812,-0.185812,0.185812,14.297572,0.431059
6,1000000,k3_admiss,"(0, 2, 6)",3,2.858333,narrow,190,1625501,0,0.185666,-0.185666,0.185666,14.301327,0.430890
6,1000000,k3_admiss,"(0, 2, 6)",3,2.858333,narrow,190,1626750,0,0.185636,-0.185636,0.185636,14.302095,0.430855
6,1000000,k3_admiss,"(0, 2, 6)",3,2.858333,narrow,190,1633361,0,0.185478,-0.185478,0.185478,14.306150,0.430672
6,1000000,k3_admiss,"(0, 2, 6)",3,2.858333,narrow,190,1636560,0,0.185402,-0.185402,0.185402,14.308107,0.430583
6,1000000,k3_admiss,"(0, 2, 6)",3,2.858333,narrow,190,1640054,0,0.185319,-0.185319,0.185319,14.310240,0.430487
6,1000000,k3_admiss,"(0, 2, 6)",3,2.858333,narrow,190,1644668,0,0.185210,-0.185210,0.185210,14.313049,0.430360
6,1000000,k3_admiss,"(0, 2, 6)",3,2.858333,narrow,190,1646366,0,0.185170,-0.185170,0.185170,14.314081,0.430314
6,1000000,k3_admiss,"(0, 2, 6)",3,2.858333,narrow,190,1650929,0,0.185063,-0.185063,0.185063,14.316849,0.430189
6,1000000,k3_admiss,"(0, 2, 6)",3,2.858333,narrow,190,1656242,0,0.184938,-0.184938,0.184938,14.320062,0.430044
6,1000000,k3_admiss,"(0, 2, 6)",3,2.858333,narrow,190,1660351,0,0.184842,-0.184842,0.184842,14.322540,0.429933
6,1000000,k3_admiss,"(0, 2, 6)",3,2.858333,narrow,190,1661575,0,0.184814,-0.184814,0.184814,14.323277,0.429900
6,1000000,k3_admiss,"(0, 2, 6)",3,2.858333,narrow,190,1667721,0,0.184671,-0.184671,0.184671,14.326969,0.429733
6,1000000,k3_admiss,"(0, 2, 6)",3,2.858333,narrow,190,1669727,0,0.184624,-0.184624,0.184624,14.328171,0.429679
6,1000000,k3_admiss,"(0, 2, 6)",3,2.858333,narrow,190,1676377,0,0.184471,-0.184471,0.184471,14.332145,0.429501
6,1000000,k3_admiss,"(0, 2, 6)",3,2.858333,narrow,190,1678678,1,0.184418,0.815582,0.815582,14.333517,0.429439
6,1000000,k3_admiss,"(0, 2, 6)",3,2.858333,narrow,190,1682412,1,0.184332,0.815668,0.815668,14.335739,0.429339
6,1000000,k3_admiss,"(0, 2, 6)",3,2.858333,narrow,190,1688183,0,0.184200,-0.184200,0.184200,14.339163,0.429185
6,1000000,k3_admiss,"(0, 2, 6)",3,2.858333,narrow,190,1691825,1,0.184117,0.815883,0.815883,14.341318,0.429089
6,1000000,k3_admiss,"(0, 2, 6)",3,2.858333,narrow,190,1696223,0,0.184017,-0.184017,0.184017,14.343915,0.428972
6,1000000,k3_admiss,"(0, 2, 6)",3,2.858333,narrow,190,1698612,0,0.183963,-0.183963,0.183963,14.345322,0.428909
6,1000000,k3_admiss,"(0, 2, 6)",3,2.858333,narrow,190,1702239,0,0.183881,-0.183881,0.183881,14.347455,0.428813
6,1000000,k3_admiss,"(0, 2, 6)",3,2.858333,narrow,190,1705707,0,0.183803,-0.183803,0.183803,14.349490,0.428722
6,1000000,k3_admiss,"(0, 2, 6)",3,2.858333,narrow,190,1710500,0,0.183695,-0.183695,0.183695,14.352296,0.428596
6,1000000,k3_admiss,"(0, 2, 6)",3,2.858333,narrow,190,1712451,0,0.183651,-0.183651,0.183651,14.353436,0.428545
6,1000000,k3_admiss,"(0, 2, 6)",3,2.858333,narrow,190,1719417,0,0.183495,-0.183495,0.183495,14.357496,0.428364
6,1000000,k3_admiss,"(0, 2, 6)",3,2.858333,narrow,190,1722920,0,0.183417,-0.183417,0.183417,14.359531,0.428273
6,1000000,k3_admiss,"(0, 2, 6)",3,2.858333,narrow,190,1727316,0,0.183320,-0.183320,0.183320,14.362079,0.428159
6,1000000,k3_admiss,"(0, 2, 6)",3,2.858333,narrow,190,1730061,1,0.183259,0.816741,0.816741,14.363667,0.428088
6,1000000,k3_admiss,"(0, 2, 6)",3,2.858333,narrow,190,1735273,0,0.183144,-0.183144,0.183144,14.366675,0.427953
6,1000000,k3_admiss,"(0, 2, 6)",3,2.858333,narrow,190,1735669,0,0.183135,-0.183135,0.183135,14.366903,0.427943
6,1000000,k3_admiss,"(0, 2, 6)",3,2.858333,narrow,190,1739587,0,0.183049,-0.183049,0.183049,14.369158,0.427842
6,1000000,k3_admiss,"(0, 2, 6)",3,2.858333,narrow,190,1743714,0,0.182959,-0.182959,0.182959,14.371528,0.427737
6,1000000,k3_admiss,"(0, 2, 6)",3,2.858333,narrow,190,1748069,0,0.182863,-0.182863,0.182863,14.374022,0.427625
6,1000000,k3_admiss,"(0, 2, 6)",3,2.858333,narrow,190,1753830,0,0.182738,-0.182738,0.182738,14.377313,0.427478
6,1000000,k3_admiss,"(0, 2, 6)",3,2.858333,narrow,190,1757371,0,0.182661,-0.182661,0.182661,14.379330,0.427388
6,1000000,k3_admiss,"(0, 2, 6)",3,2.858333,narrow,190,1760640,1,0.182590,0.817410,0.817410,14.381188,0.427306
6,1000000,k3_admiss,"(0, 2, 6)",3,2.858333,narrow,190,1763837,0,0.182521,-0.182521,0.182521,14.383002,0.427225
6,1000000,k3_admiss,"(0, 2, 6)",3,2.858333,narrow,190,1767888,1,0.182434,0.817566,0.817566,14.385296,0.427123
6,1000000,k3_admiss,"(0, 2, 6)",3,2.858333,narrow,190,1773382,0,0.182316,-0.182316,0.182316,14.388399,0.426984
6,1000000,k3_admiss,"(0, 2, 6)",3,2.858333,narrow,190,1775333,0,0.182274,-0.182274,0.182274,14.389499,0.426936
6,1000000,k3_admiss,"(0, 2, 6)",3,2.858333,wide,2290,1000048,3,2.481619,0.518381,0.518381,13.815559,1.575315
6,1000000,k3_admiss,"(0, 2, 6)",3,2.858333,wide,2290,1005213,3,2.478848,0.521152,0.521152,13.820710,1.574436
6,1000000,k3_admiss,"(0, 2, 6)",3,2.858333,wide,2290,1008048,5,2.477335,2.522665,2.522665,13.823526,1.573955
6,1000000,k3_admiss,"(0, 2, 6)",3,2.858333,wide,2290,1012806,2,2.474808,-0.474808,0.474808,13.828235,1.573152
6,1000000,k3_admiss,"(0, 2, 6)",3,2.858333,wide,2290,1016497,1,2.472858,-1.472858,1.472858,13.831873,1.572532
6,1000000,k3_admiss,"(0, 2, 6)",3,2.858333,wide,2290,1020487,5,2.470761,2.529239,2.529239,13.835791,1.571865
6,1000000,k3_admiss,"(0, 2, 6)",3,2.858333,wide,2290,1023726,2,2.469066,-0.469066,0.469066,13.838959,1.571326
6,1000000,k3_admiss,"(0, 2, 6)",3,2.858333,wide,2290,1028163,1,2.466756,-1.466756,1.466756,13.843284,1.570591
6,1000000,k3_admiss,"(0, 2, 6)",3,2.858333,wide,2290,1031209,3,2.465177,0.534823,0.534823,13.846242,1.570088
6,1000000,k3_admiss,"(0, 2, 6)",3,2.858333,wide,2290,1035069,3,2.463185,0.536815,0.536815,13.849979,1.569454
6,1000000,k3_admiss,"(0, 2, 6)",3,2.858333,wide,2290,1038969,2,2.461182,-0.461182,0.461182,13.853739,1.568815
6,1000000,k3_admiss,"(0, 2, 6)",3,2.858333,wide,2290,1044376,2,2.458420,-0.458420,0.458420,13.858930,1.567935
6,1000000,k3_admiss,"(0, 2, 6)",3,2.858333,wide,2290,1047916,3,2.456623,0.543377,0.543377,13.862314,1.567362
6,1000000,k3_admiss,"(0, 2, 6)",3,2.858333,wide,2290,1051063,5,2.455031,2.544969,2.544969,13.865313,1.566854
6,1000000,k3_admiss,"(0, 2, 6)",3,2.858333,wide,2290,1054904,1,2.453097,-1.453097,1.453097,13.868960,1.566236
6,1000000,k3_admiss,"(0, 2, 6)",3,2.858333,wide,2290,1058829,1,2.451129,-1.451129,1.451129,13.872674,1.565608
6,1000000,k3_admiss,"(0, 2, 6)",3,2.858333,wide,2290,1063411,6,2.448844,3.551156,3.551156,13.876992,1.564878
6,1000000,k3_admiss,"(0, 2, 6)",3,2.858333,wide,2290,1066711,4,2.447207,1.552793,1.552793,13.880091,1.564355
6,1000000,k3_admiss,"(0, 2, 6)",3,2.858333,wide,2290,1071293,2,2.444944,-0.444944,0.444944,13.884377,1.563632
6,1000000,k3_admiss,"(0, 2, 6)",3,2.858333,wide,2290,1074823,3,2.443209,0.556791,0.556791,13.887667,1.563077
6,1000000,k3_admiss,"(0, 2, 6)",3,2.858333,wide,2290,1078725,2,2.441299,-0.441299,0.441299,13.891290,1.562466
6,1000000,k3_admiss,"(0, 2, 6)",3,2.858333,wide,2290,1082694,1,2.439366,-1.439366,1.439366,13.894963,1.561847
6,1000000,k3_admiss,"(0, 2, 6)",3,2.858333,wide,2290,1086755,1,2.437398,-1.437398,1.437398,13.898707,1.561217
6,1000000,k3_admiss,"(0, 2, 6)",3,2.858333,wide,2290,1090328,3,2.435674,0.564326,0.564326,13.901989,1.560664
6,1000000,k3_admiss,"(0, 2, 6)",3,2.858333,wide,2290,1094354,0,2.433739,-2.433739,2.433739,13.905675,1.560045
6,1000000,k3_admiss,"(0, 2, 6)",3,2.858333,wide,2290,1098805,3,2.431612,0.568388,0.568388,13.909734,1.559363
6,1000000,k3_admiss,"(0, 2, 6)",3,2.858333,wide,2290,1101389,1,2.430382,-1.430382,1.430382,13.912083,1.558968
6,1000000,k3_admiss,"(0, 2, 6)",3,2.858333,wide,2290,1105767,2,2.428306,-0.428306,0.428306,13.916050,1.558302
6,1000000,k3_admiss,"(0, 2, 6)",3,2.858333,wide,2290,1109281,0,2.426648,-2.426648,2.426648,13.919223,1.557770
6,1000000,k3_admiss,"(0, 2, 6)",3,2.858333,wide,2290,1114035,2,2.424415,-0.424415,0.424415,13.923499,1.557053
6,1000000,k3_admiss,"(0, 2, 6)",3,2.858333,wide,2290,1117261,5,2.422907,2.577093,2.577093,13.926391,1.556569
6,1000000,k3_admiss,"(0, 2, 6)",3,2.858333,wide,2290,1122197,1,2.420610,-1.420610,1.420610,13.930799,1.555831
6,1000000,k3_admiss,"(0, 2, 6)",3,2.858333,wide,2290,1125858,1,2.418915,-1.418915,1.418915,13.934056,1.555286
6,1000000,k3_admiss,"(0, 2, 6)",3,2.858333,wide,2290,1129272,3,2.417340,0.582660,0.582660,13.937084,1.554780
6,1000000,k3_admiss,"(0, 2, 6)",3,2.858333,wide,2290,1133900,0,2.415216,-2.415216,2.415216,13.941174,1.554096
6,1000000,k3_admiss,"(0, 2, 6)",3,2.858333,wide,2290,1137783,5,2.413442,2.586558,2.586558,13.944592,1.553526
6,1000000,k3_admiss,"(0, 2, 6)",3,2.858333,wide,2290,1140634,1,2.412144,-1.412144,1.412144,13.947095,1.553108
6,1000000,k3_admiss,"(0, 2, 6)",3,2.858333,wide,2290,1144439,3,2.410419,0.589581,0.589581,13.950425,1.552552
6,1000000,k3_admiss,"(0, 2, 6)",3,2.858333,wide,2290,1149238,1,2.408254,-1.408254,1.408254,13.954610,1.551855
6,1000000,k3_admiss,"(0, 2, 6)",3,2.858333,wide,2290,1153098,2,2.406520,-0.406520,0.406520,13.957963,1.551296
6,1000000,k3_admiss,"(0, 2, 6)",3,2.858333,wide,2290,1156905,3,2.404818,0.595182,0.595182,13.961259,1.550748
6,1000000,k3_admiss,"(0, 2, 6)",3,2.858333,wide,2290,1160343,2,2.403287,-0.403287,0.403287,13.964226,1.550254
6,1000000,k3_admiss,"(0, 2, 6)",3,2.858333,wide,2290,1163914,2,2.401703,-0.401703,0.401703,13.967299,1.549743
6,1000000,k3_admiss,"(0, 2, 6)",3,2.858333,wide,2290,1168524,2,2.399667,-0.399667,0.399667,13.971252,1.549086
6,1000000,k3_admiss,"(0, 2, 6)",3,2.858333,wide,2290,1172355,6,2.397983,3.602017,3.602017,13.974525,1.548542
6,1000000,k3_admiss,"(0, 2, 6)",3,2.858333,wide,2290,1175114,1,2.396775,-1.396775,1.396775,13.976876,1.548152
6,1000000,k3_admiss,"(0, 2, 6)",3,2.858333,wide,2290,1180097,7,2.394601,4.605399,4.605399,13.981107,1.547450
6,1000000,k3_admiss,"(0, 2, 6)",3,2.858333,wide,2290,1184020,0,2.392899,-2.392899,2.392899,13.984426,1.546900
6,1000000,k3_admiss,"(0, 2, 6)",3,2.858333,wide,2290,1186962,1,2.391626,-1.391626,1.391626,13.986908,1.546488
6,1000000,k3_admiss,"(0, 2, 6)",3,2.858333,wide,2290,1191619,2,2.389621,-0.389621,0.389621,13.990823,1.545840
6,1000000,k3_admiss,"(0, 2, 6)",3,2.858333,wide,2290,1196067,2,2.387715,-0.387715,0.387715,13.994549,1.545223
6,1000000,k3_admiss,"(0, 2, 6)",3,2.858333,wide,2290,1199899,1,2.386080,-1.386080,1.386080,13.997748,1.544694
6,1000000,k3_admiss,"(0, 2, 6)",3,2.858333,wide,2290,1203269,2,2.384648,-0.384648,0.384648,14.000553,1.544230
6,1000000,k3_admiss,"(0, 2, 6)",3,2.858333,wide,2290,1207233,4,2.382970,1.617030,1.617030,14.003842,1.543687
6,1000000,k3_admiss,"(0, 2, 6)",3,2.858333,wide,2290,1210696,7,2.381509,4.618491,4.618491,14.006706,1.543214
6,1000000,k3_admiss,"(0, 2, 6)",3,2.858333,wide,2290,1214467,3,2.379925,0.620075,0.620075,14.009816,1.542701
6,1000000,k3_admiss,"(0, 2, 6)",3,2.858333,wide,2290,1218533,2,2.378225,-0.378225,0.378225,14.013158,1.542149
6,1000000,k3_admiss,"(0, 2, 6)",3,2.858333,wide,2290,1223247,3,2.376262,0.623738,0.623738,14.017019,1.541513
6,1000000,k3_admiss,"(0, 2, 6)",3,2.858333,wide,2290,1227011,3,2.374702,0.625298,0.625298,14.020092,1.541007
6,1000000,k3_admiss,"(0, 2, 6)",3,2.858333,wide,2290,1230487,0,2.373266,-2.373266,2.373266,14.022921,1.540541
6,1000000,k3_admiss,"(0, 2, 6)",3,2.858333,wide,2290,1234136,0,2.371765,-2.371765,2.371765,14.025882,1.540054
6,1000000,k3_admiss,"(0, 2, 6)",3,2.858333,wide,2290,1238937,1,2.369798,-1.369798,1.369798,14.029764,1.539415
6,1000000,k3_admiss,"(0, 2, 6)",3,2.858333,wide,2290,1241830,2,2.368618,-0.368618,0.368618,14.032097,1.539031
6,1000000,k3_admiss,"(0, 2, 6)",3,2.858333,wide,2290,1246535,1,2.366706,-1.366706,1.366706,14.035878,1.538410
6,1000000,k3_admiss,"(0, 2, 6)",3,2.858333,wide,2290,1249913,1,2.365339,-1.365339,1.365339,14.038585,1.537966
6,1000000,k3_admiss,"(0, 2, 6)",3,2.858333,wide,2290,1253751,2,2.363791,-0.363791,0.363791,14.041650,1.537463
6,1000000,k3_admiss,"(0, 2, 6)",3,2.858333,wide,2290,1258230,5,2.361993,2.638007,2.638007,14.045217,1.536878
6,1000000,k3_admiss,"(0, 2, 6)",3,2.858333,wide,2290,1261532,3,2.360672,0.639328,0.639328,14.047837,1.536448
6,1000000,k3_admiss,"(0, 2, 6)",3,2.858333,wide,2290,1265639,2,2.359036,-0.359036,0.359036,14.051088,1.535915
6,1000000,k3_admiss,"(0, 2, 6)",3,2.858333,wide,2290,1269039,2,2.357687,-0.357687,0.357687,14.053770,1.535476
6,1000000,k3_admiss,"(0, 2, 6)",3,2.858333,wide,2290,1273740,1,2.355829,-1.355829,1.355829,14.057468,1.534871
6,1000000,k3_admiss,"(0, 2, 6)",3,2.858333,wide,2290,1276344,2,2.354803,-0.354803,0.354803,14.059510,1.534537
6,1000000,k3_admiss,"(0, 2, 6)",3,2.858333,wide,2290,1281149,3,2.352918,0.647082,0.647082,14.063268,1.533922
6,1000000,k3_admiss,"(0, 2, 6)",3,2.858333,wide,2290,1284973,4,2.351424,1.648576,1.648576,14.066248,1.533435
6,1000000,k3_admiss,"(0, 2, 6)",3,2.858333,wide,2290,1289476,4,2.349672,1.650328,1.650328,14.069746,1.532864
6,1000000,k3_admiss,"(0, 2, 6)",3,2.858333,wide,2290,1292338,3,2.348563,0.651437,0.651437,14.071964,1.532502
6,1000000,k3_admiss,"(0, 2, 6)",3,2.858333,wide,2290,1296781,2,2.346847,-0.346847,0.346847,14.075396,1.531942
6,1000000,k3_admiss,"(0, 2, 6)",3,2.858333,wide,2290,1300947,1,2.345245,-1.345245,1.345245,14.078603,1.531419
6,1000000,k3_admiss,"(0, 2, 6)",3,2.858333,wide,2290,1304788,3,2.343773,0.656227,0.656227,14.081551,1.530939
6,1000000,k3_admiss,"(0, 2, 6)",3,2.858333,wide,2290,1308513,2,2.342352,-0.342352,0.342352,14.084402,1.530474
6,1000000,k3_admiss,"(0, 2, 6)",3,2.858333,wide,2290,1311350,6,2.341273,3.658727,3.658727,14.086568,1.530122
6,1000000,k3_admiss,"(0, 2, 6)",3,2.858333,wide,2290,1315597,0,2.339663,-2.339663,2.339663,14.089801,1.529596
6,1000000,k3_admiss,"(0, 2, 6)",3,2.858333,wide,2290,1320239,3,2.337911,0.662089,0.662089,14.093323,1.529023
6,1000000,k3_admiss,"(0, 2, 6)",3,2.858333,wide,2290,1323789,3,2.336576,0.663424,0.663424,14.096009,1.528586
6,1000000,k3_admiss,"(0, 2, 6)",3,2.858333,wide,2290,1327851,3,2.335054,0.664946,0.664946,14.099072,1.528088
6,1000000,k3_admiss,"(0, 2, 6)",3,2.858333,wide,2290,1331513,0,2.333688,-2.333688,2.333688,14.101826,1.527641
6,1000000,k3_admiss,"(0, 2, 6)",3,2.858333,wide,2290,1334670,2,2.332514,-0.332514,0.332514,14.104195,1.527257
6,1000000,k3_admiss,"(0, 2, 6)",3,2.858333,wide,2290,1339589,6,2.330691,3.669309,3.669309,14.107873,1.526660
6,1000000,k3_admiss,"(0, 2, 6)",3,2.858333,wide,2290,1343850,5,2.329119,2.670881,2.670881,14.111049,1.526145
6,1000000,k3_admiss,"(0, 2, 6)",3,2.858333,wide,2290,1347610,1,2.327738,-1.327738,1.327738,14.113843,1.525692
6,1000000,k3_admiss,"(0, 2, 6)",3,2.858333,wide,2290,1350916,7,2.326527,4.673473,4.673473,14.116293,1.525296
6,1000000,k3_admiss,"(0, 2, 6)",3,2.858333,wide,2290,1355245,2,2.324947,-0.324947,0.324947,14.119493,1.524778
6,1000000,k3_admiss,"(0, 2, 6)",3,2.858333,wide,2290,1358081,4,2.323916,1.676084,1.676084,14.121583,1.524439
6,1000000,k3_admiss,"(0, 2, 6)",3,2.858333,wide,2290,1362510,1,2.322310,-1.322310,1.322310,14.124839,1.523913
6,1000000,k3_admiss,"(0, 2, 6)",3,2.858333,wide,2290,1366792,5,2.320765,2.679235,2.679235,14.127977,1.523406
6,1000000,k3_admiss,"(0, 2, 6)",3,2.858333,wide,2290,1370383,0,2.319473,-2.319473,2.319473,14.130601,1.522982
6,1000000,k3_admiss,"(0, 2, 6)",3,2.858333,wide,2290,1374682,2,2.317933,-0.317933,0.317933,14.133733,1.522476
6,1000000,k3_admiss,"(0, 2, 6)",3,2.858333,wide,2290,1379041,2,2.316377,-0.316377,0.316377,14.136899,1.521965
6,1000000,k3_admiss,"(0, 2, 6)",3,2.858333,wide,2290,1382330,1,2.315208,-1.315208,1.315208,14.139281,1.521581
6,1000000,k3_admiss,"(0, 2, 6)",3,2.858333,wide,2290,1385989,3,2.313911,0.686089,0.686089,14.141925,1.521154
6,1000000,k3_admiss,"(0, 2, 6)",3,2.858333,wide,2290,1389609,2,2.312632,-0.312632,0.312632,14.144533,1.520734
6,1000000,k3_admiss,"(0, 2, 6)",3,2.858333,wide,2290,1394507,4,2.310909,1.689091,1.689091,14.148052,1.520167
6,1000000,k3_admiss,"(0, 2, 6)",3,2.858333,wide,2290,1397991,2,2.309688,-0.309688,0.309688,14.150547,1.519766
6,1000000,k3_admiss,"(0, 2, 6)",3,2.858333,wide,2290,1401399,2,2.308497,-0.308497,0.308497,14.152982,1.519374
6,1000000,k3_admiss,"(0, 2, 6)",3,2.858333,wide,2290,1405819,3,2.306958,0.693042,0.693042,14.156131,1.518867
6,1000000,k3_admiss,"(0, 2, 6)",3,2.858333,wide,2290,1408780,2,2.305930,-0.305930,0.305930,14.158235,1.518529
6,1000000,k3_admiss,"(0, 2, 6)",3,2.858333,wide,2290,1412839,1,2.304526,-1.304526,1.304526,14.161112,1.518067
6,1000000,k3_admiss,"(0, 2, 6)",3,2.858333,wide,2290,1417466,4,2.302932,1.697068,1.697068,14.164381,1.517542
6,1000000,k3_admiss,"(0, 2, 6)",3,2.858333,wide,2290,1420685,0,2.301827,-2.301827,2.301827,14.166650,1.517177
6,1000000,k3_admiss,"(0, 2, 6)",3,2.858333,wide,2290,1424934,2,2.300373,-0.300373,0.300373,14.169636,1.516698
6,1000000,k3_admiss,"(0, 2, 6)",3,2.858333,wide,2290,1428267,4,2.299237,1.700763,1.700763,14.171972,1.516323
6,1000000,k3_admiss,"(0, 2, 6)",3,2.858333,wide,2290,1433520,1,2.297453,-1.297453,1.297453,14.175644,1.515735
6,1000000,k3_admiss,"(0, 2, 6)",3,2.858333,wide,2290,1437353,0,2.296156,-2.296156,2.296156,14.178314,1.515307
6,1000000,k3_admiss,"(0, 2, 6)",3,2.858333,wide,2290,1441119,1,2.294886,-1.294886,1.294886,14.180930,1.514888
6,1000000,k3_admiss,"(0, 2, 6)",3,2.858333,wide,2290,1444728,2,2.293673,-0.293673,0.293673,14.183432,1.514488
6,1000000,k3_admiss,"(0, 2, 6)",3,2.858333,wide,2290,1447936,1,2.292598,-1.292598,1.292598,14.185650,1.514133
6,1000000,k3_admiss,"(0, 2, 6)",3,2.858333,wide,2290,1452319,3,2.291135,0.708865,0.708865,14.188672,1.513650
6,1000000,k3_admiss,"(0, 2, 6)",3,2.858333,wide,2290,1456449,0,2.289761,-2.289761,2.289761,14.191512,1.513196
6,1000000,k3_admiss,"(0, 2, 6)",3,2.858333,wide,2290,1459507,5,2.288747,2.711253,2.711253,14.193609,1.512860
6,1000000,k3_admiss,"(0, 2, 6)",3,2.858333,wide,2290,1463942,3,2.287281,0.712719,0.712719,14.196643,1.512376
6,1000000,k3_admiss,"(0, 2, 6)",3,2.858333,wide,2290,1467051,1,2.286257,-1.286257,1.286257,14.198765,1.512037
6,1000000,k3_admiss,"(0, 2, 6)",3,2.858333,wide,2290,1471250,1,2.284878,-1.284878,1.284878,14.201623,1.511581
6,1000000,k3_admiss,"(0, 2, 6)",3,2.858333,wide,2290,1475652,1,2.283438,-1.283438,1.283438,14.204610,1.511105
6,1000000,k3_admiss,"(0, 2, 6)",3,2.858333,wide,2290,1478690,2,2.282447,-0.282447,0.282447,14.206667,1.510777
6,1000000,k3_admiss,"(0, 2, 6)",3,2.858333,wide,2290,1483939,2,2.280741,-0.280741,0.280741,14.210211,1.510212
6,1000000,k3_admiss,"(0, 2, 6)",3,2.858333,wide,2290,1487786,3,2.279496,0.720504,0.720504,14.212800,1.509800
6,1000000,k3_admiss,"(0, 2, 6)",3,2.858333,wide,2290,1491173,1,2.278403,-1.278403,1.278403,14.215074,1.509438
6,1000000,k3_admiss,"(0, 2, 6)",3,2.858333,wide,2290,1494718,1,2.277263,-1.277263,1.277263,14.217448,1.509060
6,1000000,k3_admiss,"(0, 2, 6)",3,2.858333,wide,2290,1498252,3,2.276129,0.723871,0.723871,14.219810,1.508685
6,1000000,k3_admiss,"(0, 2, 6)",3,2.858333,wide,2290,1502478,3,2.274778,0.725222,0.725222,14.222626,1.508237
6,1000000,k3_admiss,"(0, 2, 6)",3,2.858333,wide,2290,1507392,4,2.273214,1.726786,1.726786,14.225892,1.507718
6,1000000,k3_admiss,"(0, 2, 6)",3,2.858333,wide,2290,1510145,3,2.272340,0.727660,0.727660,14.227716,1.507428
6,1000000,k3_admiss,"(0, 2, 6)",3,2.858333,wide,2290,1515086,1,2.270777,-1.270777,1.270777,14.230983,1.506910
6,1000000,k3_admiss,"(0, 2, 6)",3,2.858333,wide,2290,1519138,2,2.269500,-0.269500,0.269500,14.233654,1.506486
6,1000000,k3_admiss,"(0, 2, 6)",3,2.858333,wide,2290,1522542,4,2.268430,1.731570,1.731570,14.235892,1.506131
6,1000000,k3_admiss,"(0, 2, 6)",3,2.858333,wide,2290,1525905,2,2.267377,-0.267377,0.267377,14.238098,1.505781
6,1000000,k3_admiss,"(0, 2, 6)",3,2.858333,wide,2290,1529795,3,2.266162,0.733838,0.733838,14.240644,1.505378
6,1000000,k3_admiss,"(0, 2, 6)",3,2.858333,wide,2290,1534436,2,2.264717,-0.264717,0.264717,14.243673,1.504898
6,1000000,k3_admiss,"(0, 2, 6)",3,2.858333,wide,2290,1537598,3,2.263737,0.736263,0.736263,14.245732,1.504572
6,1000000,k3_admiss,"(0, 2, 6)",3,2.858333,wide,2290,1540929,2,2.262706,-0.262706,0.262706,14.247896,1.504229
6,1000000,k3_admiss,"(0, 2, 6)",3,2.858333,wide,2290,1545608,4,2.261263,1.738737,1.738737,14.250928,1.503750
6,1000000,k3_admiss,"(0, 2, 6)",3,2.858333,wide,2290,1548730,1,2.260304,-1.260304,1.260304,14.252946,1.503431
6,1000000,k3_admiss,"(0, 2, 6)",3,2.858333,wide,2290,1552634,1,2.259107,-1.259107,1.259107,14.255463,1.503033
6,1000000,k3_admiss,"(0, 2, 6)",3,2.858333,wide,2290,1556788,1,2.257839,-1.257839,1.257839,14.258135,1.502611
6,1000000,k3_admiss,"(0, 2, 6)",3,2.858333,wide,2290,1561558,1,2.256387,-1.256387,1.256387,14.261195,1.502127
6,1000000,k3_admiss,"(0, 2, 6)",3,2.858333,wide,2290,1565219,3,2.255277,0.744723,0.744723,14.263536,1.501758
6,1000000,k3_admiss,"(0, 2, 6)",3,2.858333,wide,2290,1568392,3,2.254317,0.745683,0.745683,14.265561,1.501438
6,1000000,k3_admiss,"(0, 2, 6)",3,2.858333,wide,2290,1572334,3,2.253128,0.746872,0.746872,14.268072,1.501042
6,1000000,k3_admiss,"(0, 2, 6)",3,2.858333,wide,2290,1576343,2,2.251923,-0.251923,0.251923,14.270618,1.500641
6,1000000,k3_admiss,"(0, 2, 6)",3,2.858333,wide,2290,1580844,2,2.250575,-0.250575,0.250575,14.273469,1.500192
6,1000000,k3_admiss,"(0, 2, 6)",3,2.858333,wide,2290,1583764,3,2.249703,0.750297,0.750297,14.275315,1.499901
6,1000000,k3_admiss,"(0, 2, 6)",3,2.858333,wide,2290,1587749,5,2.248516,2.751484,2.751484,14.277828,1.499505
6,1000000,k3_admiss,"(0, 2, 6)",3,2.858333,wide,2290,1592159,2,2.247208,-0.247208,0.247208,14.280602,1.499069
6,1000000,k3_admiss,"(0, 2, 6)",3,2.858333,wide,2290,1596972,1,2.245784,-1.245784,1.245784,14.283620,1.498594
6,1000000,k3_admiss,"(0, 2, 6)",3,2.858333,wide,2290,1600721,5,2.244680,2.755320,2.755320,14.285965,1.498225
6,1000000,k3_admiss,"(0, 2, 6)",3,2.858333,wide,2290,1604013,0,2.243712,-2.243712,2.243712,14.288019,1.497903
6,1000000,k3_admiss,"(0, 2, 6)",3,2.858333,wide,2290,1608595,1,2.242370,-1.242370,1.242370,14.290872,1.497454
6,1000000,k3_admiss,"(0, 2, 6)",3,2.858333,wide,2290,1612027,0,2.241368,-2.241368,2.241368,14.293003,1.497120
6,1000000,k3_admiss,"(0, 2, 6)",3,2.858333,wide,2290,1615797,6,2.240270,3.759730,3.759730,14.295339,1.496753
6,1000000,k3_admiss,"(0, 2, 6)",3,2.858333,wide,2290,1618890,1,2.239372,-1.239372,1.239372,14.297251,1.496453
6,1000000,k3_admiss,"(0, 2, 6)",3,2.858333,wide,2290,1623350,1,2.238080,-1.238080,1.238080,14.300002,1.496022
6,1000000,k3_admiss,"(0, 2, 6)",3,2.858333,wide,2290,1627637,4,2.236844,1.763156,1.763156,14.302640,1.495608
6,1000000,k3_admiss,"(0, 2, 6)",3,2.858333,wide,2290,1631965,3,2.235599,0.764401,0.764401,14.305295,1.495192
6,1000000,k3_admiss,"(0, 2, 6)",3,2.858333,wide,2290,1634550,3,2.234858,0.765142,0.765142,14.306878,1.494944
6,1000000,k3_admiss,"(0, 2, 6)",3,2.858333,wide,2290,1639707,1,2.233383,-1.233383,1.233383,14.310028,1.494451
6,1000000,k3_admiss,"(0, 2, 6)",3,2.858333,wide,2290,1643332,2,2.232350,-0.232350,0.232350,14.312236,1.494105
6,1000000,k3_admiss,"(0, 2, 6)",3,2.858333,wide,2290,1646265,1,2.231517,-1.231517,1.231517,14.314020,1.493826
6,1000000,k3_admiss,"(0, 2, 6)",3,2.858333,wide,2290,1651362,4,2.230073,1.769927,1.769927,14.317111,1.493343
6,1000000,k3_admiss,"(0, 2, 6)",3,2.858333,wide,2290,1655043,2,2.229033,-0.229033,0.229033,14.319338,1.492995
6,1000000,k3_admiss,"(0, 2, 6)",3,2.858333,wide,2290,1658658,3,2.228015,0.771985,0.771985,14.321519,1.492654
6,1000000,k3_admiss,"(0, 2, 6)",3,2.858333,wide,2290,1662289,1,2.226996,-1.226996,1.226996,14.323706,1.492312
6,1000000,k3_admiss,"(0, 2, 6)",3,2.858333,wide,2290,1666169,4,2.225910,1.774090,1.774090,14.326038,1.491948
6,1000000,k3_admiss,"(0, 2, 6)",3,2.858333,wide,2290,1669551,2,2.224965,-0.224965,0.224965,14.328065,1.491632
6,1000000,k3_admiss,"(0, 2, 6)",3,2.858333,wide,2290,1674029,0,2.223719,-2.223719,2.223719,14.330744,1.491214
6,1000000,k3_admiss,"(0, 2, 6)",3,2.858333,wide,2290,1678256,5,2.222546,2.777454,2.777454,14.333266,1.490821
6,1000000,k3_admiss,"(0, 2, 6)",3,2.858333,wide,2290,1682315,2,2.221424,-0.221424,0.221424,14.335681,1.490444
6,1000000,k3_admiss,"(0, 2, 6)",3,2.858333,wide,2290,1684885,3,2.220715,0.779285,0.779285,14.337208,1.490206
6,1000000,k3_admiss,"(0, 2, 6)",3,2.858333,wide,2290,1689739,4,2.219380,1.780620,1.780620,14.340085,1.489758
6,1000000,k3_admiss,"(0, 2, 6)",3,2.858333,wide,2290,1693746,0,2.218281,-2.218281,2.218281,14.342453,1.489389
6,1000000,k3_admiss,"(0, 2, 6)",3,2.858333,wide,2290,1698033,2,2.217109,-0.217109,0.217109,14.344981,1.488996
6,1000000,k3_admiss,"(0, 2, 6)",3,2.858333,wide,2290,1700852,7,2.216341,4.783659,4.783659,14.346640,1.488738
6,1000000,k3_admiss,"(0, 2, 6)",3,2.858333,wide,2290,1705790,1,2.214999,-1.214999,1.214999,14.349539,1.488287
6,1000000,k3_admiss,"(0, 2, 6)",3,2.858333,wide,2290,1708769,3,2.214192,0.785808,0.785808,14.351284,1.488016
6,1000000,k3_admiss,"(0, 2, 6)",3,2.858333,wide,2290,1712444,2,2.213198,-0.213198,0.213198,14.353432,1.487682
6,1000000,k3_admiss,"(0, 2, 6)",3,2.858333,wide,2290,1716449,2,2.212119,-0.212119,0.212119,14.355768,1.487319
6,1000000,k3_admiss,"(0, 2, 6)",3,2.858333,wide,2290,1720595,3,2.211005,0.788995,0.788995,14.358181,1.486945
6,1000000,k3_admiss,"(0, 2, 6)",3,2.858333,wide,2290,1724275,3,2.210019,0.789981,0.789981,14.360317,1.486613
6,1000000,k3_admiss,"(0, 2, 6)",3,2.858333,wide,2290,1729015,1,2.208753,-1.208753,1.208753,14.363062,1.486187
6,1000000,k3_admiss,"(0, 2, 6)",3,2.858333,wide,2290,1731881,2,2.207989,-0.207989,0.207989,14.364719,1.485930
6,1000000,k3_admiss,"(0, 2, 6)",3,2.858333,wide,2290,1736679,2,2.206715,-0.206715,0.206715,14.367485,1.485502
6,1000000,k3_admiss,"(0, 2, 6)",3,2.858333,wide,2290,1739686,1,2.205919,-1.205919,1.205919,14.369215,1.485233
6,1000000,k3_admiss,"(0, 2, 6)",3,2.858333,wide,2290,1744171,3,2.204734,0.795266,0.795266,14.371790,1.484835
6,1000000,k3_admiss,"(0, 2, 6)",3,2.858333,wide,2290,1748103,3,2.203699,0.796301,0.796301,14.374042,1.484486
6,1000000,k3_admiss,"(0, 2, 6)",3,2.858333,wide,2290,1751995,1,2.202677,-1.202677,1.202677,14.376266,1.484142
6,1000000,k3_admiss,"(0, 2, 6)",3,2.858333,wide,2290,1755543,3,2.201748,0.798252,0.798252,14.378289,1.483829
6,1000000,k3_admiss,"(0, 2, 6)",3,2.858333,wide,2290,1760288,2,2.200509,-0.200509,0.200509,14.380988,1.483411
6,1000000,k3_admiss,"(0, 2, 6)",3,2.858333,wide,2290,1763833,2,2.199587,-0.199587,0.199587,14.383000,1.483100
6,1000000,k3_admiss,"(0, 2, 6)",3,2.858333,wide,2290,1766763,1,2.198826,-1.198826,1.198826,14.384660,1.482844
6,1000000,k3_admiss,"(0, 2, 6)",3,2.858333,wide,2290,1770771,4,2.197788,1.802212,1.802212,14.386926,1.482494
6,1000000,k3_admiss,"(0, 2, 6)",3,2.858333,wide,2290,1775662,3,2.196525,0.803475,0.803475,14.389684,1.482068
6,1000000,k4_admiss,"(0, 2, 6, 8)",4,4.151425,narrow,190,1000921,0,0.021645,-0.021645,0.021645,13.816431,0.147122
6,1000000,k4_admiss,"(0, 2, 6, 8)",4,4.151425,narrow,190,1006409,0,0.021611,-0.021611,0.021611,13.821899,0.147006
6,1000000,k4_admiss,"(0, 2, 6, 8)",4,4.151425,narrow,190,1010980,0,0.021582,-0.021582,0.021582,13.826431,0.146909
6,1000000,k4_admiss,"(0, 2, 6, 8)",4,4.151425,narrow,190,1014441,0,0.021561,-0.021561,0.021561,13.829848,0.146837
6,1000000,k4_admiss,"(0, 2, 6, 8)",4,4.151425,narrow,190,1016469,0,0.021549,-0.021549,0.021549,13.831845,0.146794
6,1000000,k4_admiss,"(0, 2, 6, 8)",4,4.151425,narrow,190,1022001,0,0.021515,-0.021515,0.021515,13.837273,0.146679
6,1000000,k4_admiss,"(0, 2, 6, 8)",4,4.151425,narrow,190,1024403,0,0.021500,-0.021500,0.021500,13.839621,0.146629
6,1000000,k4_admiss,"(0, 2, 6, 8)",4,4.151425,narrow,190,1029622,0,0.021469,-0.021469,0.021469,13.844702,0.146522
6,1000000,k4_admiss,"(0, 2, 6, 8)",4,4.151425,narrow,190,1034610,0,0.021439,-0.021439,0.021439,13.849535,0.146420
6,1000000,k4_admiss,"(0, 2, 6, 8)",4,4.151425,narrow,190,1036322,0,0.021428,-0.021428,0.021428,13.851188,0.146385
6,1000000,k4_admiss,"(0, 2, 6, 8)",4,4.151425,narrow,190,1041997,0,0.021395,-0.021395,0.021395,13.856650,0.146269
6,1000000,k4_admiss,"(0, 2, 6, 8)",4,4.151425,narrow,190,1043258,0,0.021387,-0.021387,0.021387,13.857859,0.146244
6,1000000,k4_admiss,"(0, 2, 6, 8)",4,4.151425,narrow,190,1049076,0,0.021353,-0.021353,0.021353,13.863420,0.146126
6,1000000,k4_admiss,"(0, 2, 6, 8)",4,4.151425,narrow,190,1051932,0,0.021336,-0.021336,0.021336,13.866139,0.146069
6,1000000,k4_admiss,"(0, 2, 6, 8)",4,4.151425,narrow,190,1055332,0,0.021316,-0.021316,0.021316,13.869366,0.146001
6,1000000,k4_admiss,"(0, 2, 6, 8)",4,4.151425,narrow,190,1058396,0,0.021299,-0.021299,0.021299,13.872265,0.145940
6,1000000,k4_admiss,"(0, 2, 6, 8)",4,4.151425,narrow,190,1062676,0,0.021274,-0.021274,0.021274,13.876301,0.145855
6,1000000,k4_admiss,"(0, 2, 6, 8)",4,4.151425,narrow,190,1068407,0,0.021241,-0.021241,0.021241,13.881679,0.145742
6,1000000,k4_admiss,"(0, 2, 6, 8)",4,4.151425,narrow,190,1072740,0,0.021216,-0.021216,0.021216,13.885727,0.145657
6,1000000,k4_admiss,"(0, 2, 6, 8)",4,4.151425,narrow,190,1077396,0,0.021190,-0.021190,0.021190,13.890058,0.145567
6,1000000,k4_admiss,"(0, 2, 6, 8)",4,4.151425,narrow,190,1080720,0,0.021171,-0.021171,0.021171,13.893138,0.145502
6,1000000,k4_admiss,"(0, 2, 6, 8)",4,4.151425,narrow,190,1082965,0,0.021158,-0.021158,0.021158,13.895213,0.145459
6,1000000,k4_admiss,"(0, 2, 6, 8)",4,4.151425,narrow,190,1088671,0,0.021126,-0.021126,0.021126,13.900468,0.145349
6,1000000,k4_admiss,"(0, 2, 6, 8)",4,4.151425,narrow,190,1091107,1,0.021113,0.978887,0.978887,13.902703,0.145302
6,1000000,k4_admiss,"(0, 2, 6, 8)",4,4.151425,narrow,190,1093997,0,0.021097,-0.021097,0.021097,13.905349,0.145247
6,1000000,k4_admiss,"(0, 2, 6, 8)",4,4.151425,narrow,190,1098896,0,0.021070,-0.021070,0.021070,13.909817,0.145153
6,1000000,k4_admiss,"(0, 2, 6, 8)",4,4.151425,narrow,190,1103528,0,0.021044,-0.021044,0.021044,13.914023,0.145066
6,1000000,k4_admiss,"(0, 2, 6, 8)",4,4.151425,narrow,190,1105865,0,0.021031,-0.021031,0.021031,13.916138,0.145022
6,1000000,k4_admiss,"(0, 2, 6, 8)",4,4.151425,narrow,190,1110178,0,0.021008,-0.021008,0.021008,13.920031,0.144940
6,1000000,k4_admiss,"(0, 2, 6, 8)",4,4.151425,narrow,190,1113129,0,0.020992,-0.020992,0.020992,13.922686,0.144885
6,1000000,k4_admiss,"(0, 2, 6, 8)",4,4.151425,narrow,190,1117603,0,0.020968,-0.020968,0.020968,13.926697,0.144802
6,1000000,k4_admiss,"(0, 2, 6, 8)",4,4.151425,narrow,190,1123852,0,0.020934,-0.020934,0.020934,13.932273,0.144686
6,1000000,k4_admiss,"(0, 2, 6, 8)",4,4.151425,narrow,190,1126070,0,0.020922,-0.020922,0.020922,13.934244,0.144645
6,1000000,k4_admiss,"(0, 2, 6, 8)",4,4.151425,narrow,190,1130719,0,0.020897,-0.020897,0.020897,13.938364,0.144559
6,1000000,k4_admiss,"(0, 2, 6, 8)",4,4.151425,narrow,190,1132949,0,0.020886,-0.020886,0.020886,13.940335,0.144519
6,1000000,k4_admiss,"(0, 2, 6, 8)",4,4.151425,narrow,190,1138778,0,0.020855,-0.020855,0.020855,13.945466,0.144412
6,1000000,k4_admiss,"(0, 2, 6, 8)",4,4.151425,narrow,190,1141676,0,0.020840,-0.020840,0.020840,13.948008,0.144360
6,1000000,k4_admiss,"(0, 2, 6, 8)",4,4.151425,narrow,190,1147607,0,0.020809,-0.020809,0.020809,13.953189,0.144252
6,1000000,k4_admiss,"(0, 2, 6, 8)",4,4.151425,narrow,190,1150283,0,0.020795,-0.020795,0.020795,13.955519,0.144204
6,1000000,k4_admiss,"(0, 2, 6, 8)",4,4.151425,narrow,190,1153441,0,0.020779,-0.020779,0.020779,13.958260,0.144148
6,1000000,k4_admiss,"(0, 2, 6, 8)",4,4.151425,narrow,190,1158790,0,0.020751,-0.020751,0.020751,13.962887,0.144052
6,1000000,k4_admiss,"(0, 2, 6, 8)",4,4.151425,narrow,190,1160965,0,0.020740,-0.020740,0.020740,13.964762,0.144014
6,1000000,k4_admiss,"(0, 2, 6, 8)",4,4.151425,narrow,190,1164326,0,0.020723,-0.020723,0.020723,13.967653,0.143954
6,1000000,k4_admiss,"(0, 2, 6, 8)",4,4.151425,narrow,190,1168550,0,0.020701,-0.020701,0.020701,13.971274,0.143879
6,1000000,k4_admiss,"(0, 2, 6, 8)",4,4.151425,narrow,190,1173929,0,0.020674,-0.020674,0.020674,13.975867,0.143785
6,1000000,k4_admiss,"(0, 2, 6, 8)",4,4.151425,narrow,190,1175712,0,0.020665,-0.020665,0.020665,13.977384,0.143754
6,1000000,k4_admiss,"(0, 2, 6, 8)",4,4.151425,narrow,190,1179339,0,0.020647,-0.020647,0.020647,13.980465,0.143690
6,1000000,k4_admiss,"(0, 2, 6, 8)",4,4.151425,narrow,190,1182951,0,0.020629,-0.020629,0.020629,13.983523,0.143627
6,1000000,k4_admiss,"(0, 2, 6, 8)",4,4.151425,narrow,190,1190432,0,0.020592,-0.020592,0.020592,13.989827,0.143498
6,1000000,k4_admiss,"(0, 2, 6, 8)",4,4.151425,narrow,190,1191808,0,0.020585,-0.020585,0.020585,13.990982,0.143474
6,1000000,k4_admiss,"(0, 2, 6, 8)",4,4.151425,narrow,190,1198016,0,0.020554,-0.020554,0.020554,13.996177,0.143368
6,1000000,k4_admiss,"(0, 2, 6, 8)",4,4.151425,narrow,190,1201904,0,0.020535,-0.020535,0.020535,13.999418,0.143301
6,1000000,k4_admiss,"(0, 2, 6, 8)",4,4.151425,narrow,190,1202622,0,0.020532,-0.020532,0.020532,14.000015,0.143289
6,1000000,k4_admiss,"(0, 2, 6, 8)",4,4.151425,narrow,190,1208968,0,0.020501,-0.020501,0.020501,14.005278,0.143182
6,1000000,k4_admiss,"(0, 2, 6, 8)",4,4.151425,narrow,190,1210905,0,0.020492,-0.020492,0.020492,14.006879,0.143149
6,1000000,k4_admiss,"(0, 2, 6, 8)",4,4.151425,narrow,190,1215778,0,0.020468,-0.020468,0.020468,14.010895,0.143067
6,1000000,k4_admiss,"(0, 2, 6, 8)",4,4.151425,narrow,190,1218875,0,0.020453,-0.020453,0.020453,14.013439,0.143015
6,1000000,k4_admiss,"(0, 2, 6, 8)",4,4.151425,narrow,190,1224727,0,0.020425,-0.020425,0.020425,14.018229,0.142917
6,1000000,k4_admiss,"(0, 2, 6, 8)",4,4.151425,narrow,190,1228682,0,0.020407,-0.020407,0.020407,14.021453,0.142851
6,1000000,k4_admiss,"(0, 2, 6, 8)",4,4.151425,narrow,190,1232663,0,0.020388,-0.020388,0.020388,14.024687,0.142786
6,1000000,k4_admiss,"(0, 2, 6, 8)",4,4.151425,narrow,190,1234274,0,0.020380,-0.020380,0.020380,14.025994,0.142759
6,1000000,k4_admiss,"(0, 2, 6, 8)",4,4.151425,narrow,190,1240007,0,0.020353,-0.020353,0.020353,14.030628,0.142665
6,1000000,k4_admiss,"(0, 2, 6, 8)",4,4.151425,narrow,190,1242060,0,0.020344,-0.020344,0.020344,14.032282,0.142631
6,1000000,k4_admiss,"(0, 2, 6, 8)",4,4.151425,narrow,190,1248730,0,0.020313,-0.020313,0.020313,14.037638,0.142522
6,1000000,k4_admiss,"(0, 2, 6, 8)",4,4.151425,narrow,190,1250330,0,0.020305,-0.020305,0.020305,14.038918,0.142496
6,1000000,k4_admiss,"(0, 2, 6, 8)",4,4.151425,narrow,190,1254523,0,0.020286,-0.020286,0.020286,14.042266,0.142428
6,1000000,k4_admiss,"(0, 2, 6, 8)",4,4.151425,narrow,190,1258602,0,0.020267,-0.020267,0.020267,14.045512,0.142362
6,1000000,k4_admiss,"(0, 2, 6, 8)",4,4.151425,narrow,190,1261664,0,0.020253,-0.020253,0.020253,14.047942,0.142313
6,1000000,k4_admiss,"(0, 2, 6, 8)",4,4.151425,narrow,190,1266237,0,0.020232,-0.020232,0.020232,14.051560,0.142240
6,1000000,k4_admiss,"(0, 2, 6, 8)",4,4.151425,narrow,190,1268609,0,0.020221,-0.020221,0.020221,14.053432,0.142202
6,1000000,k4_admiss,"(0, 2, 6, 8)",4,4.151425,narrow,190,1273642,0,0.020199,-0.020199,0.020199,14.057391,0.142122
6,1000000,k4_admiss,"(0, 2, 6, 8)",4,4.151425,narrow,190,1277712,0,0.020180,-0.020180,0.020180,14.060582,0.142058
6,1000000,k4_admiss,"(0, 2, 6, 8)",4,4.151425,narrow,190,1281196,0,0.020165,-0.020165,0.020165,14.063305,0.142003
6,1000000,k4_admiss,"(0, 2, 6, 8)",4,4.151425,narrow,190,1286677,0,0.020140,-0.020140,0.020140,14.067573,0.141916
6,1000000,k4_admiss,"(0, 2, 6, 8)",4,4.151425,narrow,190,1290642,0,0.020123,-0.020123,0.020123,14.070650,0.141854
6,1000000,k4_admiss,"(0, 2, 6, 8)",4,4.151425,narrow,190,1292569,0,0.020114,-0.020114,0.020114,14.072142,0.141824
6,1000000,k4_admiss,"(0, 2, 6, 8)",4,4.151425,narrow,190,1297085,0,0.020094,-0.020094,0.020094,14.075630,0.141754
6,1000000,k4_admiss,"(0, 2, 6, 8)",4,4.151425,narrow,190,1300463,0,0.020079,-0.020079,0.020079,14.078231,0.141702
6,1000000,k4_admiss,"(0, 2, 6, 8)",4,4.151425,narrow,190,1304237,0,0.020063,-0.020063,0.020063,14.081129,0.141643
6,1000000,k4_admiss,"(0, 2, 6, 8)",4,4.151425,narrow,190,1310890,0,0.020034,-0.020034,0.020034,14.086217,0.141541
6,1000000,k4_admiss,"(0, 2, 6, 8)",4,4.151425,narrow,190,1314829,0,0.020017,-0.020017,0.020017,14.089217,0.141481
6,1000000,k4_admiss,"(0, 2, 6, 8)",4,4.151425,narrow,190,1318488,0,0.020001,-0.020001,0.020001,14.091996,0.141425
6,1000000,k4_admiss,"(0, 2, 6, 8)",4,4.151425,narrow,190,1320885,0,0.019991,-0.019991,0.019991,14.093813,0.141388
6,1000000,k4_admiss,"(0, 2, 6, 8)",4,4.151425,narrow,190,1324237,0,0.019976,-0.019976,0.019976,14.096347,0.141338
6,1000000,k4_admiss,"(0, 2, 6, 8)",4,4.151425,narrow,190,1329896,0,0.019952,-0.019952,0.019952,14.100611,0.141252
6,1000000,k4_admiss,"(0, 2, 6, 8)",4,4.151425,narrow,190,1332057,0,0.019943,-0.019943,0.019943,14.102235,0.141220
6,1000000,k4_admiss,"(0, 2, 6, 8)",4,4.151425,narrow,190,1334991,0,0.019931,-0.019931,0.019931,14.104435,0.141176
6,1000000,k4_admiss,"(0, 2, 6, 8)",4,4.151425,narrow,190,1340766,0,0.019906,-0.019906,0.019906,14.108752,0.141089
6,1000000,k4_admiss,"(0, 2, 6, 8)",4,4.151425,narrow,190,1345248,0,0.019887,-0.019887,0.019887,14.112089,0.141023
6,1000000,k4_admiss,"(0, 2, 6, 8)",4,4.151425,narrow,190,1347187,0,0.019879,-0.019879,0.019879,14.113529,0.140994
6,1000000,k4_admiss,"(0, 2, 6, 8)",4,4.151425,narrow,190,1353597,0,0.019853,-0.019853,0.019853,14.118276,0.140899
6,1000000,k4_admiss,"(0, 2, 6, 8)",4,4.151425,narrow,190,1354246,0,0.019850,-0.019850,0.019850,14.118755,0.140889
6,1000000,k4_admiss,"(0, 2, 6, 8)",4,4.151425,narrow,190,1358320,0,0.019833,-0.019833,0.019833,14.121759,0.140829
6,1000000,k4_admiss,"(0, 2, 6, 8)",4,4.151425,narrow,190,1361962,0,0.019818,-0.019818,0.019818,14.124437,0.140776
6,1000000,k4_admiss,"(0, 2, 6, 8)",4,4.151425,narrow,190,1366939,0,0.019797,-0.019797,0.019797,14.128084,0.140703
6,1000000,k4_admiss,"(0, 2, 6, 8)",4,4.151425,narrow,190,1372734,0,0.019774,-0.019774,0.019774,14.132315,0.140619
6,1000000,k4_admiss,"(0, 2, 6, 8)",4,4.151425,narrow,190,1375231,0,0.019764,-0.019764,0.019764,14.134132,0.140583
6,1000000,k4_admiss,"(0, 2, 6, 8)",4,4.151425,narrow,190,1381130,1,0.019740,0.980260,0.980260,14.138413,0.140498
6,1000000,k4_admiss,"(0, 2, 6, 8)",4,4.151425,narrow,190,1382289,0,0.019735,-0.019735,0.019735,14.139251,0.140481
6,1000000,k4_admiss,"(0, 2, 6, 8)",4,4.151425,narrow,190,1387776,0,0.019713,-0.019713,0.019713,14.143213,0.140403
6,1000000,k4_admiss,"(0, 2, 6, 8)",4,4.151425,narrow,190,1390879,0,0.019700,-0.019700,0.019700,14.145446,0.140358
6,1000000,k4_admiss,"(0, 2, 6, 8)",4,4.151425,narrow,190,1395988,0,0.019680,-0.019680,0.019680,14.149113,0.140286
6,1000000,k4_admiss,"(0, 2, 6, 8)",4,4.151425,narrow,190,1399923,0,0.019664,-0.019664,0.019664,14.151928,0.140230
6,1000000,k4_admiss,"(0, 2, 6, 8)",4,4.151425,narrow,190,1403841,0,0.019649,-0.019649,0.019649,14.154723,0.140174
6,1000000,k4_admiss,"(0, 2, 6, 8)",4,4.151425,narrow,190,1406297,0,0.019639,-0.019639,0.019639,14.156471,0.140140
6,1000000,k4_admiss,"(0, 2, 6, 8)",4,4.151425,narrow,190,1412010,0,0.019617,-0.019617,0.019617,14.160525,0.140060
6,1000000,k4_admiss,"(0, 2, 6, 8)",4,4.151425,narrow,190,1413568,0,0.019611,-0.019611,0.019611,14.161628,0.140038
6,1000000,k4_admiss,"(0, 2, 6, 8)",4,4.151425,narrow,190,1416422,0,0.019599,-0.019599,0.019599,14.163645,0.139998
6,1000000,k4_admiss,"(0, 2, 6, 8)",4,4.151425,narrow,190,1422033,0,0.019578,-0.019578,0.019578,14.167598,0.139920
6,1000000,k4_admiss,"(0, 2, 6, 8)",4,4.151425,narrow,190,1426532,0,0.019560,-0.019560,0.019560,14.170757,0.139857
6,1000000,k4_admiss,"(0, 2, 6, 8)",4,4.151425,narrow,190,1431237,0,0.019542,-0.019542,0.019542,14.174050,0.139792
6,1000000,k4_admiss,"(0, 2, 6, 8)",4,4.151425,narrow,190,1434199,0,0.019531,-0.019531,0.019531,14.176117,0.139752
6,1000000,k4_admiss,"(0, 2, 6, 8)",4,4.151425,narrow,190,1439328,0,0.019511,-0.019511,0.019511,14.179687,0.139681
6,1000000,k4_admiss,"(0, 2, 6, 8)",4,4.151425,narrow,190,1443329,0,0.019496,-0.019496,0.019496,14.182463,0.139627
6,1000000,k4_admiss,"(0, 2, 6, 8)",4,4.151425,narrow,190,1446237,0,0.019485,-0.019485,0.019485,14.184476,0.139587
6,1000000,k4_admiss,"(0, 2, 6, 8)",4,4.151425,narrow,190,1447572,0,0.019479,-0.019479,0.019479,14.185398,0.139569
6,1000000,k4_admiss,"(0, 2, 6, 8)",4,4.151425,narrow,190,1452186,0,0.019462,-0.019462,0.019462,14.188581,0.139506
6,1000000,k4_admiss,"(0, 2, 6, 8)",4,4.151425,narrow,190,1458084,0,0.019440,-0.019440,0.019440,14.192634,0.139427
6,1000000,k4_admiss,"(0, 2, 6, 8)",4,4.151425,narrow,190,1459500,0,0.019434,-0.019434,0.019434,14.193604,0.139407
6,1000000,k4_admiss,"(0, 2, 6, 8)",4,4.151425,narrow,190,1464183,0,0.019417,-0.019417,0.019417,14.196808,0.139345
6,1000000,k4_admiss,"(0, 2, 6, 8)",4,4.151425,narrow,190,1468257,0,0.019402,-0.019402,0.019402,14.199587,0.139290
6,1000000,k4_admiss,"(0, 2, 6, 8)",4,4.151425,narrow,190,1470899,0,0.019392,-0.019392,0.019392,14.201384,0.139255
6,1000000,k4_admiss,"(0, 2, 6, 8)",4,4.151425,narrow,190,1476947,0,0.019369,-0.019369,0.019369,14.205488,0.139174
6,1000000,k4_admiss,"(0, 2, 6, 8)",4,4.151425,narrow,190,1481510,0,0.019353,-0.019353,0.019353,14.208572,0.139114
6,1000000,k4_admiss,"(0, 2, 6, 8)",4,4.151425,narrow,190,1483183,0,0.019347,-0.019347,0.019347,14.209701,0.139092
6,1000000,k4_admiss,"(0, 2, 6, 8)",4,4.151425,narrow,190,1487245,0,0.019332,-0.019332,0.019332,14.212436,0.139038
6,1000000,k4_admiss,"(0, 2, 6, 8)",4,4.151425,narrow,190,1492775,0,0.019311,-0.019311,0.019311,14.216147,0.138966
6,1000000,k4_admiss,"(0, 2, 6, 8)",4,4.151425,narrow,190,1494809,0,0.019304,-0.019304,0.019304,14.217509,0.138939
6,1000000,k4_admiss,"(0, 2, 6, 8)",4,4.151425,narrow,190,1499545,0,0.019287,-0.019287,0.019287,14.220672,0.138877
6,1000000,k4_admiss,"(0, 2, 6, 8)",4,4.151425,narrow,190,1503296,0,0.019273,-0.019273,0.019273,14.223171,0.138829
6,1000000,k4_admiss,"(0, 2, 6, 8)",4,4.151425,narrow,190,1507151,0,0.019259,-0.019259,0.019259,14.225732,0.138779
6,1000000,k4_admiss,"(0, 2, 6, 8)",4,4.151425,narrow,190,1510726,0,0.019247,-0.019247,0.019247,14.228101,0.138732
6,1000000,k4_admiss,"(0, 2, 6, 8)",4,4.151425,narrow,190,1515408,0,0.019230,-0.019230,0.019230,14.231195,0.138672
6,1000000,k4_admiss,"(0, 2, 6, 8)",4,4.151425,narrow,190,1518506,0,0.019219,-0.019219,0.019219,14.233238,0.138632
6,1000000,k4_admiss,"(0, 2, 6, 8)",4,4.151425,narrow,190,1523761,0,0.019200,-0.019200,0.019200,14.236692,0.138565
6,1000000,k4_admiss,"(0, 2, 6, 8)",4,4.151425,narrow,190,1527560,0,0.019187,-0.019187,0.019187,14.239182,0.138517
6,1000000,k4_admiss,"(0, 2, 6, 8)",4,4.151425,narrow,190,1529386,0,0.019180,-0.019180,0.019180,14.240377,0.138493
6,1000000,k4_admiss,"(0, 2, 6, 8)",4,4.151425,narrow,190,1533291,0,0.019167,-0.019167,0.019167,14.242927,0.138444
6,1000000,k4_admiss,"(0, 2, 6, 8)",4,4.151425,narrow,190,1538479,0,0.019148,-0.019148,0.019148,14.246305,0.138378
6,1000000,k4_admiss,"(0, 2, 6, 8)",4,4.151425,narrow,190,1542033,0,0.019136,-0.019136,0.019136,14.248612,0.138333
6,1000000,k4_admiss,"(0, 2, 6, 8)",4,4.151425,narrow,190,1545050,0,0.019126,-0.019126,0.019126,14.250567,0.138295
6,1000000,k4_admiss,"(0, 2, 6, 8)",4,4.151425,narrow,190,1550612,0,0.019106,-0.019106,0.019106,14.254160,0.138226
6,1000000,k4_admiss,"(0, 2, 6, 8)",4,4.151425,narrow,190,1553340,0,0.019097,-0.019097,0.019097,14.255918,0.138191
6,1000000,k4_admiss,"(0, 2, 6, 8)",4,4.151425,narrow,190,1559391,0,0.019076,-0.019076,0.019076,14.259806,0.138116
6,1000000,k4_admiss,"(0, 2, 6, 8)",4,4.151425,narrow,190,1561063,0,0.019070,-0.019070,0.019070,14.260878,0.138095
6,1000000,k4_admiss,"(0, 2, 6, 8)",4,4.151425,narrow,190,1565732,0,0.019054,-0.019054,0.019054,14.263864,0.138038
6,1000000,k4_admiss,"(0, 2, 6, 8)",4,4.151425,narrow,190,1570449,0,0.019038,-0.019038,0.019038,14.266872,0.137979
6,1000000,k4_admiss,"(0, 2, 6, 8)",4,4.151425,narrow,190,1574997,0,0.019023,-0.019023,0.019023,14.269764,0.137923
6,1000000,k4_admiss,"(0, 2, 6, 8)",4,4.151425,narrow,190,1576602,0,0.019017,-0.019017,0.019017,14.270782,0.137904
6,1000000,k4_admiss,"(0, 2, 6, 8)",4,4.151425,narrow,190,1582558,0,0.018997,-0.018997,0.018997,14.274553,0.137831
6,1000000,k4_admiss,"(0, 2, 6, 8)",4,4.151425,narrow,190,1586457,0,0.018984,-0.018984,0.018984,14.277014,0.137783
6,1000000,k4_admiss,"(0, 2, 6, 8)",4,4.151425,narrow,190,1590397,0,0.018971,-0.018971,0.018971,14.279494,0.137736
6,1000000,k4_admiss,"(0, 2, 6, 8)",4,4.151425,narrow,190,1593069,0,0.018962,-0.018962,0.018962,14.281173,0.137703
6,1000000,k4_admiss,"(0, 2, 6, 8)",4,4.151425,narrow,190,1598182,0,0.018945,-0.018945,0.018945,14.284377,0.137641
6,1000000,k4_admiss,"(0, 2, 6, 8)",4,4.151425,narrow,190,1600271,0,0.018938,-0.018938,0.018938,14.285684,0.137616
6,1000000,k4_admiss,"(0, 2, 6, 8)",4,4.151425,narrow,190,1606469,0,0.018918,-0.018918,0.018918,14.289549,0.137542
6,1000000,k4_admiss,"(0, 2, 6, 8)",4,4.151425,narrow,190,1608704,0,0.018910,-0.018910,0.018910,14.290939,0.137515
6,1000000,k4_admiss,"(0, 2, 6, 8)",4,4.151425,narrow,190,1613878,0,0.018893,-0.018893,0.018893,14.294151,0.137453
6,1000000,k4_admiss,"(0, 2, 6, 8)",4,4.151425,narrow,190,1616168,0,0.018886,-0.018886,0.018886,14.295568,0.137426
6,1000000,k4_admiss,"(0, 2, 6, 8)",4,4.151425,narrow,190,1621445,0,0.018869,-0.018869,0.018869,14.298828,0.137363
6,1000000,k4_admiss,"(0, 2, 6, 8)",4,4.151425,narrow,190,1624179,0,0.018860,-0.018860,0.018860,14.300513,0.137331
6,1000000,k4_admiss,"(0, 2, 6, 8)",4,4.151425,narrow,190,1626550,0,0.018852,-0.018852,0.018852,14.301972,0.137303
6,1000000,k4_admiss,"(0, 2, 6, 8)",4,4.151425,narrow,190,1633537,0,0.018830,-0.018830,0.018830,14.306258,0.137221
6,1000000,k4_admiss,"(0, 2, 6, 8)",4,4.151425,narrow,190,1636858,0,0.018819,-0.018819,0.018819,14.308289,0.137182
6,1000000,k4_admiss,"(0, 2, 6, 8)",4,4.151425,narrow,190,1639487,0,0.018810,-0.018810,0.018810,14.309894,0.137151
6,1000000,k4_admiss,"(0, 2, 6, 8)",4,4.151425,narrow,190,1642378,0,0.018801,-0.018801,0.018801,14.311656,0.137117
6,1000000,k4_admiss,"(0, 2, 6, 8)",4,4.151425,narrow,190,1647429,0,0.018785,-0.018785,0.018785,14.314726,0.137058
6,1000000,k4_admiss,"(0, 2, 6, 8)",4,4.151425,narrow,190,1650038,0,0.018777,-0.018777,0.018777,14.316309,0.137028
6,1000000,k4_admiss,"(0, 2, 6, 8)",4,4.151425,narrow,190,1657065,0,0.018754,-0.018754,0.018754,14.320559,0.136947
6,1000000,k4_admiss,"(0, 2, 6, 8)",4,4.151425,narrow,190,1660988,0,0.018742,-0.018742,0.018742,14.322923,0.136902
6,1000000,k4_admiss,"(0, 2, 6, 8)",4,4.151425,narrow,190,1664751,0,0.018730,-0.018730,0.018730,14.325186,0.136858
6,1000000,k4_admiss,"(0, 2, 6, 8)",4,4.151425,narrow,190,1666753,0,0.018724,-0.018724,0.018724,14.326388,0.136835
6,1000000,k4_admiss,"(0, 2, 6, 8)",4,4.151425,narrow,190,1670773,0,0.018711,-0.018711,0.018711,14.328797,0.136789
6,1000000,k4_admiss,"(0, 2, 6, 8)",4,4.151425,narrow,190,1676195,0,0.018694,-0.018694,0.018694,14.332037,0.136728
6,1000000,k4_admiss,"(0, 2, 6, 8)",4,4.151425,narrow,190,1677394,0,0.018691,-0.018691,0.018691,14.332752,0.136714
6,1000000,k4_admiss,"(0, 2, 6, 8)",4,4.151425,narrow,190,1682364,0,0.018675,-0.018675,0.018675,14.335711,0.136658
6,1000000,k4_admiss,"(0, 2, 6, 8)",4,4.151425,narrow,190,1688569,0,0.018656,-0.018656,0.018656,14.339392,0.136587
6,1000000,k4_admiss,"(0, 2, 6, 8)",4,4.151425,narrow,190,1691289,0,0.018648,-0.018648,0.018648,14.341002,0.136557
6,1000000,k4_admiss,"(0, 2, 6, 8)",4,4.151425,narrow,190,1694123,0,0.018639,-0.018639,0.018639,14.342676,0.136525
6,1000000,k4_admiss,"(0, 2, 6, 8)",4,4.151425,narrow,190,1698707,0,0.018625,-0.018625,0.018625,14.345378,0.136473
6,1000000,k4_admiss,"(0, 2, 6, 8)",4,4.151425,narrow,190,1701784,0,0.018616,-0.018616,0.018616,14.347188,0.136439
6,1000000,k4_admiss,"(0, 2, 6, 8)",4,4.151425,narrow,190,1706304,0,0.018602,-0.018602,0.018602,14.349840,0.136389
6,1000000,k4_admiss,"(0, 2, 6, 8)",4,4.151425,narrow,190,1709671,0,0.018592,-0.018592,0.018592,14.351812,0.136351
6,1000000,k4_admiss,"(0, 2, 6, 8)",4,4.151425,narrow,190,1715664,0,0.018573,-0.018573,0.018573,14.355311,0.136285
6,1000000,k4_admiss,"(0, 2, 6, 8)",4,4.151425,narrow,190,1719047,0,0.018563,-0.018563,0.018563,14.357281,0.136247
6,1000000,k4_admiss,"(0, 2, 6, 8)",4,4.151425,narrow,190,1720101,0,0.018560,-0.018560,0.018560,14.357894,0.136236
6,1000000,k4_admiss,"(0, 2, 6, 8)",4,4.151425,narrow,190,1723846,0,0.018549,-0.018549,0.018549,14.360068,0.136194
6,1000000,k4_admiss,"(0, 2, 6, 8)",4,4.151425,narrow,190,1729205,0,0.018533,-0.018533,0.018533,14.363172,0.136135
6,1000000,k4_admiss,"(0, 2, 6, 8)",4,4.151425,narrow,190,1731815,0,0.018525,-0.018525,0.018525,14.364681,0.136107
6,1000000,k4_admiss,"(0, 2, 6, 8)",4,4.151425,narrow,190,1738940,0,0.018504,-0.018504,0.018504,14.368786,0.136029
6,1000000,k4_admiss,"(0, 2, 6, 8)",4,4.151425,narrow,190,1741374,0,0.018497,-0.018497,0.018497,14.370185,0.136003
6,1000000,k4_admiss,"(0, 2, 6, 8)",4,4.151425,narrow,190,1744109,0,0.018489,-0.018489,0.018489,14.371754,0.135973
6,1000000,k4_admiss,"(0, 2, 6, 8)",4,4.151425,narrow,190,1749965,0,0.018471,-0.018471,0.018471,14.375106,0.135910
6,1000000,k4_admiss,"(0, 2, 6, 8)",4,4.151425,narrow,190,1752408,0,0.018464,-0.018464,0.018464,14.376501,0.135883
6,1000000,k4_admiss,"(0, 2, 6, 8)",4,4.151425,narrow,190,1757983,0,0.018448,-0.018448,0.018448,14.379678,0.135823
6,1000000,k4_admiss,"(0, 2, 6, 8)",4,4.151425,narrow,190,1761268,0,0.018438,-0.018438,0.018438,14.381545,0.135788
6,1000000,k4_admiss,"(0, 2, 6, 8)",4,4.151425,narrow,190,1762874,0,0.018434,-0.018434,0.018434,14.382456,0.135771
6,1000000,k4_admiss,"(0, 2, 6, 8)",4,4.151425,narrow,190,1769868,0,0.018413,-0.018413,0.018413,14.386416,0.135696
6,1000000,k4_admiss,"(0, 2, 6, 8)",4,4.151425,narrow,190,1773462,0,0.018403,-0.018403,0.018403,14.388444,0.135658
6,1000000,k4_admiss,"(0, 2, 6, 8)",4,4.151425,narrow,190,1776780,0,0.018393,-0.018393,0.018393,14.390313,0.135622
6,1000000,k4_admiss,"(0, 2, 6, 8)",4,4.151425,wide,2290,1000214,1,0.260852,0.739148,0.739148,13.815725,0.510737
6,1000000,k4_admiss,"(0, 2, 6, 8)",4,4.151425,wide,2290,1005026,2,0.260490,1.739510,1.739510,13.820524,0.510383
6,1000000,k4_admiss,"(0, 2, 6, 8)",4,4.151425,wide,2290,1008457,1,0.260234,0.739766,0.739766,13.823932,0.510131
6,1000000,k4_admiss,"(0, 2, 6, 8)",4,4.151425,wide,2290,1013060,0,0.259892,-0.259892,0.259892,13.828486,0.509796
6,1000000,k4_admiss,"(0, 2, 6, 8)",4,4.151425,wide,2290,1015664,0,0.259699,-0.259699,0.259699,13.831053,0.509607
6,1000000,k4_admiss,"(0, 2, 6, 8)",4,4.151425,wide,2290,1019851,0,0.259391,-0.259391,0.259391,13.835167,0.509304
6,1000000,k4_admiss,"(0, 2, 6, 8)",4,4.151425,wide,2290,1023647,1,0.259112,0.740888,0.740888,13.838882,0.509031
6,1000000,k4_admiss,"(0, 2, 6, 8)",4,4.151425,wide,2290,1027900,0,0.258803,-0.258803,0.258803,13.843028,0.508726
6,1000000,k4_admiss,"(0, 2, 6, 8)",4,4.151425,wide,2290,1032109,0,0.258498,-0.258498,0.258498,13.847115,0.508427
6,1000000,k4_admiss,"(0, 2, 6, 8)",4,4.151425,wide,2290,1035583,0,0.258247,-0.258247,0.258247,13.850475,0.508180
6,1000000,k4_admiss,"(0, 2, 6, 8)",4,4.151425,wide,2290,1040329,0,0.257907,-0.257907,0.257907,13.855048,0.507845
6,1000000,k4_admiss,"(0, 2, 6, 8)",4,4.151425,wide,2290,1044187,0,0.257632,-0.257632,0.257632,13.858749,0.507574
6,1000000,k4_admiss,"(0, 2, 6, 8)",4,4.151425,wide,2290,1046760,0,0.257449,-0.257449,0.257449,13.861210,0.507394
6,1000000,k4_admiss,"(0, 2, 6, 8)",4,4.151425,wide,2290,1050960,0,0.257152,-0.257152,0.257152,13.865215,0.507102
6,1000000,k4_admiss,"(0, 2, 6, 8)",4,4.151425,wide,2290,1054656,0,0.256892,-0.256892,0.256892,13.868725,0.506845
6,1000000,k4_admiss,"(0, 2, 6, 8)",4,4.151425,wide,2290,1059039,0,0.256585,-0.256585,0.256585,13.872872,0.506543
6,1000000,k4_admiss,"(0, 2, 6, 8)",4,4.151425,wide,2290,1062789,2,0.256324,1.743676,1.743676,13.876407,0.506285
6,1000000,k4_admiss,"(0, 2, 6, 8)",4,4.151425,wide,2290,1067555,2,0.255994,1.744006,1.744006,13.880882,0.505959
6,1000000,k4_admiss,"(0, 2, 6, 8)",4,4.151425,wide,2290,1071549,0,0.255719,-0.255719,0.255719,13.884616,0.505687
6,1000000,k4_admiss,"(0, 2, 6, 8)",4,4.151425,wide,2290,1075326,0,0.255461,-0.255461,0.255461,13.888134,0.505431
6,1000000,k4_admiss,"(0, 2, 6, 8)",4,4.151425,wide,2290,1079226,0,0.255195,-0.255195,0.255195,13.891755,0.505168
6,1000000,k4_admiss,"(0, 2, 6, 8)",4,4.151425,wide,2290,1083147,0,0.254929,-0.254929,0.254929,13.895381,0.504905
6,1000000,k4_admiss,"(0, 2, 6, 8)",4,4.151425,wide,2290,1085938,0,0.254740,-0.254740,0.254740,13.897955,0.504718
6,1000000,k4_admiss,"(0, 2, 6, 8)",4,4.151425,wide,2290,1090414,1,0.254439,0.745561,0.745561,13.902068,0.504420
6,1000000,k4_admiss,"(0, 2, 6, 8)",4,4.151425,wide,2290,1094948,0,0.254136,-0.254136,0.254136,13.906217,0.504119
6,1000000,k4_admiss,"(0, 2, 6, 8)",4,4.151425,wide,2290,1097909,0,0.253939,-0.253939,0.253939,13.908918,0.503923
6,1000000,k4_admiss,"(0, 2, 6, 8)",4,4.151425,wide,2290,1101227,0,0.253719,-0.253719,0.253719,13.911936,0.503705
6,1000000,k4_admiss,"(0, 2, 6, 8)",4,4.151425,wide,2290,1105602,0,0.253430,-0.253430,0.253430,13.915901,0.503418
6,1000000,k4_admiss,"(0, 2, 6, 8)",4,4.151425,wide,2290,1109377,0,0.253182,-0.253182,0.253182,13.919309,0.503172
6,1000000,k4_admiss,"(0, 2, 6, 8)",4,4.151425,wide,2290,1113848,0,0.252890,-0.252890,0.252890,13.923331,0.502882
6,1000000,k4_admiss,"(0, 2, 6, 8)",4,4.151425,wide,2290,1116941,3,0.252689,2.747311,2.747311,13.926104,0.502682
6,1000000,k4_admiss,"(0, 2, 6, 8)",4,4.151425,wide,2290,1121848,1,0.252371,0.747629,0.747629,13.930488,0.502366
6,1000000,k4_admiss,"(0, 2, 6, 8)",4,4.151425,wide,2290,1125381,1,0.252144,0.747856,0.747856,13.933632,0.502139
6,1000000,k4_admiss,"(0, 2, 6, 8)",4,4.151425,wide,2290,1129118,0,0.251904,-0.251904,0.251904,13.936947,0.501901
6,1000000,k4_admiss,"(0, 2, 6, 8)",4,4.151425,wide,2290,1132867,0,0.251665,-0.251665,0.251665,13.940262,0.501662
6,1000000,k4_admiss,"(0, 2, 6, 8)",4,4.151425,wide,2290,1137286,1,0.251385,0.748615,0.748615,13.944155,0.501383
6,1000000,k4_admiss,"(0, 2, 6, 8)",4,4.151425,wide,2290,1141071,0,0.251145,-0.251145,0.251145,13.947478,0.501144
6,1000000,k4_admiss,"(0, 2, 6, 8)",4,4.151425,wide,2290,1145009,1,0.250898,0.749102,0.749102,13.950923,0.500897
6,1000000,k4_admiss,"(0, 2, 6, 8)",4,4.151425,wide,2290,1148994,0,0.250648,-0.250648,0.250648,13.954397,0.500648
6,1000000,k4_admiss,"(0, 2, 6, 8)",4,4.151425,wide,2290,1151963,0,0.250463,-0.250463,0.250463,13.956978,0.500463
6,1000000,k4_admiss,"(0, 2, 6, 8)",4,4.151425,wide,2290,1156607,1,0.250175,0.749825,0.749825,13.961001,0.500175
6,1000000,k4_admiss,"(0, 2, 6, 8)",4,4.151425,wide,2290,1159556,0,0.249992,-0.249992,0.249992,13.963548,0.499992
6,1000000,k4_admiss,"(0, 2, 6, 8)",4,4.151425,wide,2290,1164035,0,0.249717,-0.249717,0.249717,13.967403,0.499717
6,1000000,k4_admiss,"(0, 2, 6, 8)",4,4.151425,wide,2290,1168574,1,0.249439,0.750561,0.750561,13.971295,0.499439
6,1000000,k4_admiss,"(0, 2, 6, 8)",4,4.151425,wide,2290,1172240,2,0.249216,1.750784,1.750784,13.974427,0.499215
6,1000000,k4_admiss,"(0, 2, 6, 8)",4,4.151425,wide,2290,1175484,0,0.249019,-0.249019,0.249019,13.977191,0.499018
6,1000000,k4_admiss,"(0, 2, 6, 8)",4,4.151425,wide,2290,1179700,0,0.248764,-0.248764,0.248764,13.980771,0.498763
6,1000000,k4_admiss,"(0, 2, 6, 8)",4,4.151425,wide,2290,1182899,0,0.248572,-0.248572,0.248572,13.983479,0.498570
6,1000000,k4_admiss,"(0, 2, 6, 8)",4,4.151425,wide,2290,1187160,0,0.248316,-0.248316,0.248316,13.987074,0.498314
6,1000000,k4_admiss,"(0, 2, 6, 8)",4,4.151425,wide,2290,1191844,0,0.248037,-0.248037,0.248037,13.991012,0.498033
6,1000000,k4_admiss,"(0, 2, 6, 8)",4,4.151425,wide,2290,1194866,0,0.247858,-0.247858,0.247858,13.993545,0.497853
6,1000000,k4_admiss,"(0, 2, 6, 8)",4,4.151425,wide,2290,1198857,0,0.247622,-0.247622,0.247622,13.996879,0.497616
6,1000000,k4_admiss,"(0, 2, 6, 8)",4,4.151425,wide,2290,1202602,0,0.247402,-0.247402,0.247402,13.999998,0.497395
6,1000000,k4_admiss,"(0, 2, 6, 8)",4,4.151425,wide,2290,1206698,0,0.247162,-0.247162,0.247162,14.003398,0.497154
6,1000000,k4_admiss,"(0, 2, 6, 8)",4,4.151425,wide,2290,1210866,1,0.246919,0.753081,0.753081,14.006846,0.496909
6,1000000,k4_admiss,"(0, 2, 6, 8)",4,4.151425,wide,2290,1215340,0,0.246659,-0.246659,0.246659,14.010534,0.496648
6,1000000,k4_admiss,"(0, 2, 6, 8)",4,4.151425,wide,2290,1219364,0,0.246427,-0.246427,0.246427,14.013840,0.496414
6,1000000,k4_admiss,"(0, 2, 6, 8)",4,4.151425,wide,2290,1222931,0,0.246222,-0.246222,0.246222,14.016761,0.496207
6,1000000,k4_admiss,"(0, 2, 6, 8)",4,4.151425,wide,2290,1226787,1,0.246001,0.753999,0.753999,14.019909,0.495985
6,1000000,k4_admiss,"(0, 2, 6, 8)",4,4.151425,wide,2290,1230910,0,0.245766,-0.245766,0.245766,14.023264,0.495748
6,1000000,k4_admiss,"(0, 2, 6, 8)",4,4.151425,wide,2290,1233923,0,0.245594,-0.245594,0.245594,14.025709,0.495575
6,1000000,k4_admiss,"(0, 2, 6, 8)",4,4.151425,wide,2290,1238564,0,0.245332,-0.245332,0.245332,14.029463,0.495310
6,1000000,k4_admiss,"(0, 2, 6, 8)",4,4.151425,wide,2290,1241481,0,0.245168,-0.245168,0.245168,14.031816,0.495144
6,1000000,k4_admiss,"(0, 2, 6, 8)",4,4.151425,wide,2290,1245817,2,0.244924,1.755076,1.755076,14.035302,0.494898
6,1000000,k4_admiss,"(0, 2, 6, 8)",4,4.151425,wide,2290,1249959,0,0.244693,-0.244693,0.244693,14.038621,0.494665
6,1000000,k4_admiss,"(0, 2, 6, 8)",4,4.151425,wide,2290,1254230,0,0.244456,-0.244456,0.244456,14.042032,0.494424
6,1000000,k4_admiss,"(0, 2, 6, 8)",4,4.151425,wide,2290,1258363,0,0.244227,-0.244227,0.244227,14.045322,0.494193
6,1000000,k4_admiss,"(0, 2, 6, 8)",4,4.151425,wide,2290,1261029,0,0.244080,-0.244080,0.244080,14.047439,0.494044
6,1000000,k4_admiss,"(0, 2, 6, 8)",4,4.151425,wide,2290,1265621,0,0.243828,-0.243828,0.243828,14.051073,0.493789
6,1000000,k4_admiss,"(0, 2, 6, 8)",4,4.151425,wide,2290,1269032,0,0.243641,-0.243641,0.243641,14.053765,0.493600
6,1000000,k4_admiss,"(0, 2, 6, 8)",4,4.151425,wide,2290,1273772,0,0.243383,-0.243383,0.243383,14.057493,0.493339
6,1000000,k4_admiss,"(0, 2, 6, 8)",4,4.151425,wide,2290,1277767,0,0.243166,-0.243166,0.243166,14.060625,0.493119
6,1000000,k4_admiss,"(0, 2, 6, 8)",4,4.151425,wide,2290,1280180,0,0.243036,-0.243036,0.243036,14.062511,0.492987
6,1000000,k4_admiss,"(0, 2, 6, 8)",4,4.151425,wide,2290,1284598,1,0.242798,0.757202,0.757202,14.065956,0.492746
6,1000000,k4_admiss,"(0, 2, 6, 8)",4,4.151425,wide,2290,1289126,0,0.242556,-0.242556,0.242556,14.069475,0.492499
6,1000000,k4_admiss,"(0, 2, 6, 8)",4,4.151425,wide,2290,1292730,0,0.242363,-0.242363,0.242363,14.072267,0.492304
6,1000000,k4_admiss,"(0, 2, 6, 8)",4,4.151425,wide,2290,1295811,0,0.242200,-0.242200,0.242200,14.074647,0.492138
6,1000000,k4_admiss,"(0, 2, 6, 8)",4,4.151425,wide,2290,1300555,0,0.241949,-0.241949,0.241949,14.078302,0.491883
6,1000000,k4_admiss,"(0, 2, 6, 8)",4,4.151425,wide,2290,1304198,0,0.241757,-0.241757,0.241757,14.081099,0.491687
6,1000000,k4_admiss,"(0, 2, 6, 8)",4,4.151425,wide,2290,1308658,0,0.241522,-0.241522,0.241522,14.084513,0.491449
6,1000000,k4_admiss,"(0, 2, 6, 8)",4,4.151425,wide,2290,1312183,0,0.241338,-0.241338,0.241338,14.087203,0.491262
6,1000000,k4_admiss,"(0, 2, 6, 8)",4,4.151425,wide,2290,1316154,0,0.241131,-0.241131,0.241131,14.090224,0.491051
6,1000000,k4_admiss,"(0, 2, 6, 8)",4,4.151425,wide,2290,1320495,2,0.240906,1.759094,1.759094,14.093517,0.490822
6,1000000,k4_admiss,"(0, 2, 6, 8)",4,4.151425,wide,2290,1323833,1,0.240734,0.759266,0.759266,14.096042,0.490647
6,1000000,k4_admiss,"(0, 2, 6, 8)",4,4.151425,wide,2290,1327492,1,0.240546,0.759454,0.759454,14.098802,0.490455
6,1000000,k4_admiss,"(0, 2, 6, 8)",4,4.151425,wide,2290,1331679,0,0.240331,-0.240331,0.240331,14.101951,0.490236
6,1000000,k4_admiss,"(0, 2, 6, 8)",4,4.151425,wide,2290,1335693,1,0.240126,0.759874,0.759874,14.104961,0.490027
6,1000000,k4_admiss,"(0, 2, 6, 8)",4,4.151425,wide,2290,1338780,2,0.239969,1.760031,1.760031,14.107269,0.489867
6,1000000,k4_admiss,"(0, 2, 6, 8)",4,4.151425,wide,2290,1342442,0,0.239784,-0.239784,0.239784,14.110001,0.489677
6,1000000,k4_admiss,"(0, 2, 6, 8)",4,4.151425,wide,2290,1346598,0,0.239574,-0.239574,0.239574,14.113092,0.489463
6,1000000,k4_admiss,"(0, 2, 6, 8)",4,4.151425,wide,2290,1351658,1,0.239320,0.760680,0.760680,14.116843,0.489203
6,1000000,k4_admiss,"(0, 2, 6, 8)",4,4.151425,wide,2290,1355037,0,0.239151,-0.239151,0.239151,14.119339,0.489030
6,1000000,k4_admiss,"(0, 2, 6, 8)",4,4.151425,wide,2290,1358667,2,0.238969,1.761031,1.761031,14.122015,0.488845
6,1000000,k4_admiss,"(0, 2, 6, 8)",4,4.151425,wide,2290,1362393,0,0.238784,-0.238784,0.238784,14.124753,0.488656
6,1000000,k4_admiss,"(0, 2, 6, 8)",4,4.151425,wide,2290,1365802,0,0.238616,-0.238616,0.238616,14.127252,0.488483
6,1000000,k4_admiss,"(0, 2, 6, 8)",4,4.151425,wide,2290,1370425,0,0.238388,-0.238388,0.238388,14.130631,0.488250
6,1000000,k4_admiss,"(0, 2, 6, 8)",4,4.151425,wide,2290,1374148,0,0.238205,-0.238205,0.238205,14.133344,0.488062
6,1000000,k4_admiss,"(0, 2, 6, 8)",4,4.151425,wide,2290,1378980,0,0.237969,-0.237969,0.237969,14.136855,0.487820
6,1000000,k4_admiss,"(0, 2, 6, 8)",4,4.151425,wide,2290,1382001,0,0.237821,-0.237821,0.237821,14.139043,0.487669
6,1000000,k4_admiss,"(0, 2, 6, 8)",4,4.151425,wide,2290,1386213,0,0.237617,-0.237617,0.237617,14.142086,0.487460
6,1000000,k4_admiss,"(0, 2, 6, 8)",4,4.151425,wide,2290,1390103,0,0.237429,-0.237429,0.237429,14.144888,0.487267
6,1000000,k4_admiss,"(0, 2, 6, 8)",4,4.151425,wide,2290,1394587,0,0.237213,-0.237213,0.237213,14.148109,0.487045
6,1000000,k4_admiss,"(0, 2, 6, 8)",4,4.151425,wide,2290,1397799,0,0.237059,-0.237059,0.237059,14.150409,0.486887
6,1000000,k4_admiss,"(0, 2, 6, 8)",4,4.151425,wide,2290,1401734,1,0.236871,0.763129,0.763129,14.153221,0.486694
6,1000000,k4_admiss,"(0, 2, 6, 8)",4,4.151425,wide,2290,1405439,0,0.236694,-0.236694,0.236694,14.155860,0.486512
6,1000000,k4_admiss,"(0, 2, 6, 8)",4,4.151425,wide,2290,1409684,1,0.236493,0.763507,0.763507,14.158876,0.486305
6,1000000,k4_admiss,"(0, 2, 6, 8)",4,4.151425,wide,2290,1412837,0,0.236344,-0.236344,0.236344,14.161110,0.486152
6,1000000,k4_admiss,"(0, 2, 6, 8)",4,4.151425,wide,2290,1416526,0,0.236170,-0.236170,0.236170,14.163718,0.485973
6,1000000,k4_admiss,"(0, 2, 6, 8)",4,4.151425,wide,2290,1420977,0,0.235961,-0.235961,0.235961,14.166855,0.485758
6,1000000,k4_admiss,"(0, 2, 6, 8)",4,4.151425,wide,2290,1424905,0,0.235777,-0.235777,0.235777,14.169616,0.485569
6,1000000,k4_admiss,"(0, 2, 6, 8)",4,4.151425,wide,2290,1429455,0,0.235565,-0.235565,0.235565,14.172804,0.485351
6,1000000,k4_admiss,"(0, 2, 6, 8)",4,4.151425,wide,2290,1432108,0,0.235442,-0.235442,0.235442,14.174658,0.485224
6,1000000,k4_admiss,"(0, 2, 6, 8)",4,4.151425,wide,2290,1437234,0,0.235205,-0.235205,0.235205,14.178231,0.484980
6,1000000,k4_admiss,"(0, 2, 6, 8)",4,4.151425,wide,2290,1439900,1,0.235082,0.764918,0.764918,14.180084,0.484853
6,1000000,k4_admiss,"(0, 2, 6, 8)",4,4.151425,wide,2290,1444850,1,0.234855,0.765145,0.765145,14.183516,0.484619
6,1000000,k4_admiss,"(0, 2, 6, 8)",4,4.151425,wide,2290,1447731,0,0.234723,-0.234723,0.234723,14.185508,0.484483
6,1000000,k4_admiss,"(0, 2, 6, 8)",4,4.151425,wide,2290,1452917,0,0.234487,-0.234487,0.234487,14.189084,0.484239
6,1000000,k4_admiss,"(0, 2, 6, 8)",4,4.151425,wide,2290,1456023,0,0.234346,-0.234346,0.234346,14.191219,0.484093
6,1000000,k4_admiss,"(0, 2, 6, 8)",4,4.151425,wide,2290,1459254,1,0.234200,0.765800,0.765800,14.193436,0.483942
6,1000000,k4_admiss,"(0, 2, 6, 8)",4,4.151425,wide,2290,1464284,0,0.233973,-0.233973,0.233973,14.196877,0.483708
6,1000000,k4_admiss,"(0, 2, 6, 8)",4,4.151425,wide,2290,1468539,1,0.233782,0.766218,0.766218,14.199779,0.483510
6,1000000,k4_admiss,"(0, 2, 6, 8)",4,4.151425,wide,2290,1470869,0,0.233678,-0.233678,0.233678,14.201364,0.483402
6,1000000,k4_admiss,"(0, 2, 6, 8)",4,4.151425,wide,2290,1474763,0,0.233504,-0.233504,0.233504,14.204008,0.483222
6,1000000,k4_admiss,"(0, 2, 6, 8)",4,4.151425,wide,2290,1479145,0,0.233309,-0.233309,0.233309,14.206975,0.483021
6,1000000,k4_admiss,"(0, 2, 6, 8)",4,4.151425,wide,2290,1482765,0,0.233149,-0.233149,0.233149,14.209419,0.482855
6,1000000,k4_admiss,"(0, 2, 6, 8)",4,4.151425,wide,2290,1486694,0,0.232975,-0.232975,0.232975,14.212065,0.482675
6,1000000,k4_admiss,"(0, 2, 6, 8)",4,4.151425,wide,2290,1491516,0,0.232763,-0.232763,0.232763,14.215304,0.482455
6,1000000,k4_admiss,"(0, 2, 6, 8)",4,4.151425,wide,2290,1495657,0,0.232582,-0.232582,0.232582,14.218076,0.482267
6,1000000,k4_admiss,"(0, 2, 6, 8)",4,4.151425,wide,2290,1498520,0,0.232457,-0.232457,0.232457,14.219989,0.482138
6,1000000,k4_admiss,"(0, 2, 6, 8)",4,4.151425,wide,2290,1502447,0,0.232286,-0.232286,0.232286,14.222606,0.481961
6,1000000,k4_admiss,"(0, 2, 6, 8)",4,4.151425,wide,2290,1506014,0,0.232131,-0.232131,0.232131,14.224977,0.481800
6,1000000,k4_admiss,"(0, 2, 6, 8)",4,4.151425,wide,2290,1510505,0,0.231937,-0.231937,0.231937,14.227955,0.481599
6,1000000,k4_admiss,"(0, 2, 6, 8)",4,4.151425,wide,2290,1515014,0,0.231743,-0.231743,0.231743,14.230935,0.481397
6,1000000,k4_admiss,"(0, 2, 6, 8)",4,4.151425,wide,2290,1517675,0,0.231629,-0.231629,0.231629,14.232690,0.481278
6,1000000,k4_admiss,"(0, 2, 6, 8)",4,4.151425,wide,2290,1522879,1,0.231406,0.768594,0.768594,14.236113,0.481047
6,1000000,k4_admiss,"(0, 2, 6, 8)",4,4.151425,wide,2290,1526501,0,0.231252,-0.231252,0.231252,14.238489,0.480887
6,1000000,k4_admiss,"(0, 2, 6, 8)",4,4.151425,wide,2290,1530038,0,0.231102,-0.231102,0.231102,14.240803,0.480731
6,1000000,k4_admiss,"(0, 2, 6, 8)",4,4.151425,wide,2290,1533140,0,0.230971,-0.230971,0.230971,14.242828,0.480594
6,1000000,k4_admiss,"(0, 2, 6, 8)",4,4.151425,wide,2290,1537323,0,0.230794,-0.230794,0.230794,14.245553,0.480410
6,1000000,k4_admiss,"(0, 2, 6, 8)",4,4.151425,wide,2290,1541826,0,0.230605,-0.230605,0.230605,14.248478,0.480213
6,1000000,k4_admiss,"(0, 2, 6, 8)",4,4.151425,wide,2290,1546333,0,0.230416,-0.230416,0.230416,14.251397,0.480017
6,1000000,k4_admiss,"(0, 2, 6, 8)",4,4.151425,wide,2290,1549563,0,0.230281,-0.230281,0.230281,14.253484,0.479876
6,1000000,k4_admiss,"(0, 2, 6, 8)",4,4.151425,wide,2290,1553778,0,0.230106,-0.230106,0.230106,14.256200,0.479694
6,1000000,k4_admiss,"(0, 2, 6, 8)",4,4.151425,wide,2290,1556501,0,0.229993,-0.229993,0.229993,14.257951,0.479576
6,1000000,k4_admiss,"(0, 2, 6, 8)",4,4.151425,wide,2290,1561358,0,0.229792,-0.229792,0.229792,14.261067,0.479367
6,1000000,k4_admiss,"(0, 2, 6, 8)",4,4.151425,wide,2290,1565834,0,0.229608,-0.229608,0.229608,14.263929,0.479174
6,1000000,k4_admiss,"(0, 2, 6, 8)",4,4.151425,wide,2290,1568948,0,0.229480,-0.229480,0.229480,14.265916,0.479041
6,1000000,k4_admiss,"(0, 2, 6, 8)",4,4.151425,wide,2290,1572676,2,0.229328,1.770672,1.770672,14.268289,0.478882
6,1000000,k4_admiss,"(0, 2, 6, 8)",4,4.151425,wide,2290,1576111,1,0.229188,0.770812,0.770812,14.270471,0.478735
6,1000000,k4_admiss,"(0, 2, 6, 8)",4,4.151425,wide,2290,1580255,0,0.229019,-0.229019,0.229019,14.273097,0.478559
6,1000000,k4_admiss,"(0, 2, 6, 8)",4,4.151425,wide,2290,1584810,0,0.228835,-0.228835,0.228835,14.275975,0.478367
6,1000000,k4_admiss,"(0, 2, 6, 8)",4,4.151425,wide,2290,1587954,1,0.228708,0.771292,0.771292,14.277957,0.478234
6,1000000,k4_admiss,"(0, 2, 6, 8)",4,4.151425,wide,2290,1592358,1,0.228530,0.771470,0.771470,14.280726,0.478049
6,1000000,k4_admiss,"(0, 2, 6, 8)",4,4.151425,wide,2290,1596029,0,0.228383,-0.228383,0.228383,14.283029,0.477895
6,1000000,k4_admiss,"(0, 2, 6, 8)",4,4.151425,wide,2290,1599337,0,0.228251,-0.228251,0.228251,14.285100,0.477756
6,1000000,k4_admiss,"(0, 2, 6, 8)",4,4.151425,wide,2290,1603549,0,0.228083,-0.228083,0.228083,14.287730,0.477580
6,1000000,k4_admiss,"(0, 2, 6, 8)",4,4.151425,wide,2290,1607627,0,0.227921,-0.227921,0.227921,14.290270,0.477411
6,1000000,k4_admiss,"(0, 2, 6, 8)",4,4.151425,wide,2290,1612073,0,0.227745,-0.227745,0.227745,14.293031,0.477226
6,1000000,k4_admiss,"(0, 2, 6, 8)",4,4.151425,wide,2290,1615860,1,0.227596,0.772404,0.772404,14.295378,0.477070
6,1000000,k4_admiss,"(0, 2, 6, 8)",4,4.151425,wide,2290,1620245,1,0.227423,0.772577,0.772577,14.298088,0.476889
6,1000000,k4_admiss,"(0, 2, 6, 8)",4,4.151425,wide,2290,1623733,0,0.227287,-0.227287,0.227287,14.300238,0.476746
6,1000000,k4_admiss,"(0, 2, 6, 8)",4,4.151425,wide,2290,1626969,1,0.227160,0.772840,0.772840,14.302229,0.476613
6,1000000,k4_admiss,"(0, 2, 6, 8)",4,4.151425,wide,2290,1630444,1,0.227025,0.772975,0.772975,14.304363,0.476471
6,1000000,k4_admiss,"(0, 2, 6, 8)",4,4.151425,wide,2290,1635108,0,0.226844,-0.226844,0.226844,14.307219,0.476281
6,1000000,k4_admiss,"(0, 2, 6, 8)",4,4.151425,wide,2290,1639724,0,0.226665,-0.226665,0.226665,14.310038,0.476094
6,1000000,k4_admiss,"(0, 2, 6, 8)",4,4.151425,wide,2290,1642645,0,0.226553,-0.226553,0.226553,14.311818,0.475975
6,1000000,k4_admiss,"(0, 2, 6, 8)",4,4.151425,wide,2290,1646561,0,0.226402,-0.226402,0.226402,14.314199,0.475817
6,1000000,k4_admiss,"(0, 2, 6, 8)",4,4.151425,wide,2290,1650154,0,0.226264,-0.226264,0.226264,14.316379,0.475672
6,1000000,k4_admiss,"(0, 2, 6, 8)",4,4.151425,wide,2290,1655250,0,0.226069,-0.226069,0.226069,14.319463,0.475468
6,1000000,k4_admiss,"(0, 2, 6, 8)",4,4.151425,wide,2290,1657976,1,0.225966,0.774034,0.774034,14.321108,0.475358
6,1000000,k4_admiss,"(0, 2, 6, 8)",4,4.151425,wide,2290,1662182,0,0.225806,-0.225806,0.225806,14.323642,0.475190
6,1000000,k4_admiss,"(0, 2, 6, 8)",4,4.151425,wide,2290,1665929,0,0.225664,-0.225664,0.225664,14.325893,0.475041
6,1000000,k4_admiss,"(0, 2, 6, 8)",4,4.151425,wide,2290,1670435,1,0.225494,0.774506,0.774506,14.328595,0.474862
6,1000000,k4_admiss,"(0, 2, 6, 8)",4,4.151425,wide,2290,1673338,0,0.225385,-0.225385,0.225385,14.330331,0.474747
6,1000000,k4_admiss,"(0, 2, 6, 8)",4,4.151425,wide,2290,1678444,1,0.225194,0.774806,0.774806,14.333378,0.474546
6,1000000,k4_admiss,"(0, 2, 6, 8)",4,4.151425,wide,2290,1682356,0,0.225047,-0.225047,0.225047,14.335706,0.474392
6,1000000,k4_admiss,"(0, 2, 6, 8)",4,4.151425,wide,2290,1686129,0,0.224907,-0.224907,0.224907,14.337946,0.474243
6,1000000,k4_admiss,"(0, 2, 6, 8)",4,4.151425,wide,2290,1688949,0,0.224802,-0.224802,0.224802,14.339617,0.474133
6,1000000,k4_admiss,"(0, 2, 6, 8)",4,4.151425,wide,2290,1694174,0,0.224609,-0.224609,0.224609,14.342706,0.473929
6,1000000,k4_admiss,"(0, 2, 6, 8)",4,4.151425,wide,2290,1697880,0,0.224472,-0.224472,0.224472,14.344891,0.473785
6,1000000,k4_admiss,"(0, 2, 6, 8)",4,4.151425,wide,2290,1701727,0,0.224330,-0.224330,0.224330,14.347154,0.473635
6,1000000,k4_admiss,"(0, 2, 6, 8)",4,4.151425,wide,2290,1704606,0,0.224225,-0.224225,0.224225,14.348845,0.473524
6,1000000,k4_admiss,"(0, 2, 6, 8)",4,4.151425,wide,2290,1708471,0,0.224083,-0.224083,0.224083,14.351109,0.473375
6,1000000,k4_admiss,"(0, 2, 6, 8)",4,4.151425,wide,2290,1713687,0,0.223893,-0.223893,0.223893,14.354158,0.473174
6,1000000,k4_admiss,"(0, 2, 6, 8)",4,4.151425,wide,2290,1716722,1,0.223783,0.776217,0.776217,14.355927,0.473057
6,1000000,k4_admiss,"(0, 2, 6, 8)",4,4.151425,wide,2290,1720138,0,0.223659,-0.223659,0.223659,14.357915,0.472926
6,1000000,k4_admiss,"(0, 2, 6, 8)",4,4.151425,wide,2290,1723974,0,0.223521,-0.223521,0.223521,14.360143,0.472780
6,1000000,k4_admiss,"(0, 2, 6, 8)",4,4.151425,wide,2290,1728806,0,0.223346,-0.223346,0.223346,14.362942,0.472595
6,1000000,k4_admiss,"(0, 2, 6, 8)",4,4.151425,wide,2290,1732400,0,0.223217,-0.223217,0.223217,14.365018,0.472459
6,1000000,k4_admiss,"(0, 2, 6, 8)",4,4.151425,wide,2290,1736863,0,0.223058,-0.223058,0.223058,14.367591,0.472290
6,1000000,k4_admiss,"(0, 2, 6, 8)",4,4.151425,wide,2290,1739537,0,0.222962,-0.222962,0.222962,14.369130,0.472189
6,1000000,k4_admiss,"(0, 2, 6, 8)",4,4.151425,wide,2290,1744160,0,0.222798,-0.222798,0.222798,14.371784,0.472015
6,1000000,k4_admiss,"(0, 2, 6, 8)",4,4.151425,wide,2290,1748282,2,0.222651,1.777349,1.777349,14.374144,0.471860
6,1000000,k4_admiss,"(0, 2, 6, 8)",4,4.151425,wide,2290,1752426,0,0.222505,-0.222505,0.222505,14.376512,0.471704
6,1000000,k4_admiss,"(0, 2, 6, 8)",4,4.151425,wide,2290,1755017,1,0.222414,0.777586,0.777586,14.377989,0.471607
6,1000000,k4_admiss,"(0, 2, 6, 8)",4,4.151425,wide,2290,1759093,0,0.222270,-0.222270,0.222270,14.380309,0.471455
6,1000000,k4_admiss,"(0, 2, 6, 8)",4,4.151425,wide,2290,1763870,1,0.222103,0.777897,0.777897,14.383021,0.471278
6,1000000,k4_admiss,"(0, 2, 6, 8)",4,4.151425,wide,2290,1767461,0,0.221977,-0.221977,0.221977,14.385055,0.471145
6,1000000,k4_admiss,"(0, 2, 6, 8)",4,4.151425,wide,2290,1771591,0,0.221833,-0.221833,0.221833,14.387389,0.470992
6,1000000,k4_admiss,"(0, 2, 6, 8)",4,4.151425,wide,2290,1774663,0,0.221727,-0.221727,0.221727,14.389121,0.470879
7,10000000,k2_twin,"(0, 2)",2,1.320337,narrow,259,10010051,4,1.316140,2.683860,2.683860,16.119100,1.147232
7,10000000,k2_twin,"(0, 2)",2,1.320337,narrow,259,10066032,3,1.315230,1.684770,1.684770,16.124677,1.146835
7,10000000,k2_twin,"(0, 2)",2,1.320337,narrow,259,10089893,1,1.314844,-0.314844,0.314844,16.127045,1.146666
7,10000000,k2_twin,"(0, 2)",2,1.320337,narrow,259,10139337,0,1.314047,-1.314047,1.314047,16.131933,1.146319
7,10000000,k2_twin,"(0, 2)",2,1.320337,narrow,259,10187295,1,1.313279,-0.313279,0.313279,16.136652,1.145984
7,10000000,k2_twin,"(0, 2)",2,1.320337,narrow,259,10222050,2,1.312724,0.687276,0.687276,16.140058,1.145742
7,10000000,k2_twin,"(0, 2)",2,1.320337,narrow,259,10271627,1,1.311938,-0.311938,0.311938,16.144896,1.145399
7,10000000,k2_twin,"(0, 2)",2,1.320337,narrow,259,10302757,1,1.311446,-0.311446,0.311446,16.147922,1.145184
7,10000000,k2_twin,"(0, 2)",2,1.320337,narrow,259,10320640,1,1.311164,-0.311164,0.311164,16.149656,1.145061
7,10000000,k2_twin,"(0, 2)",2,1.320337,narrow,259,10373407,0,1.310337,-1.310337,1.310337,16.154756,1.144699
7,10000000,k2_twin,"(0, 2)",2,1.320337,narrow,259,10404932,0,1.309845,-1.309845,1.309845,16.157790,1.144484
7,10000000,k2_twin,"(0, 2)",2,1.320337,narrow,259,10448024,1,1.309175,-0.309175,0.309175,16.161923,1.144192
7,10000000,k2_twin,"(0, 2)",2,1.320337,narrow,259,10467008,1,1.308881,-0.308881,0.308881,16.163739,1.144063
7,10000000,k2_twin,"(0, 2)",2,1.320337,narrow,259,10518362,0,1.308089,-1.308089,1.308089,16.168633,1.143717
7,10000000,k2_twin,"(0, 2)",2,1.320337,narrow,259,10574018,0,1.307235,-1.307235,1.307235,16.173910,1.143344
7,10000000,k2_twin,"(0, 2)",2,1.320337,narrow,259,10612878,2,1.306642,0.693358,0.693358,16.177579,1.143085
7,10000000,k2_twin,"(0, 2)",2,1.320337,narrow,259,10659007,1,1.305942,-0.305942,0.305942,16.181916,1.142778
7,10000000,k2_twin,"(0, 2)",2,1.320337,narrow,259,10699221,0,1.305334,-1.305334,1.305334,16.185681,1.142512
7,10000000,k2_twin,"(0, 2)",2,1.320337,narrow,259,10730749,0,1.304860,-1.304860,1.304860,16.188624,1.142305
7,10000000,k2_twin,"(0, 2)",2,1.320337,narrow,259,10741669,1,1.304696,-0.304696,0.304696,16.189641,1.142233
7,10000000,k2_twin,"(0, 2)",2,1.320337,narrow,259,10807566,1,1.303711,-0.303711,0.303711,16.195757,1.141802
7,10000000,k2_twin,"(0, 2)",2,1.320337,narrow,259,10842726,0,1.303188,-1.303188,1.303188,16.199005,1.141573
7,10000000,k2_twin,"(0, 2)",2,1.320337,narrow,259,10892545,0,1.302451,-1.302451,1.302451,16.203589,1.141250
7,10000000,k2_twin,"(0, 2)",2,1.320337,narrow,259,10916400,3,1.302099,1.697901,1.697901,16.205777,1.141096
7,10000000,k2_twin,"(0, 2)",2,1.320337,narrow,259,10934544,0,1.301832,-1.301832,1.301832,16.207438,1.140979
7,10000000,k2_twin,"(0, 2)",2,1.320337,narrow,259,10984349,2,1.301103,0.698897,0.698897,16.211982,1.140659
7,10000000,k2_twin,"(0, 2)",2,1.320337,narrow,259,11022492,0,1.300546,-1.300546,1.300546,16.215448,1.140415
7,10000000,k2_twin,"(0, 2)",2,1.320337,narrow,259,11070119,1,1.299855,-0.299855,0.299855,16.219760,1.140112
7,10000000,k2_twin,"(0, 2)",2,1.320337,narrow,259,11095918,0,1.299482,-1.299482,1.299482,16.222088,1.139948
7,10000000,k2_twin,"(0, 2)",2,1.320337,narrow,259,11136831,2,1.298893,0.701107,0.701107,16.225768,1.139690
7,10000000,k2_twin,"(0, 2)",2,1.320337,narrow,259,11170499,0,1.298410,-1.298410,1.298410,16.228787,1.139478
7,10000000,k2_twin,"(0, 2)",2,1.320337,narrow,259,11221910,2,1.297675,0.702325,0.702325,16.233379,1.139155
7,10000000,k2_twin,"(0, 2)",2,1.320337,narrow,259,11245806,0,1.297335,-1.297335,1.297335,16.235506,1.139006
7,10000000,k2_twin,"(0, 2)",2,1.320337,narrow,259,11296235,2,1.296620,0.703380,0.703380,16.239980,1.138692
7,10000000,k2_twin,"(0, 2)",2,1.320337,narrow,259,11325375,1,1.296209,-0.296209,0.296209,16.242556,1.138512
7,10000000,k2_twin,"(0, 2)",2,1.320337,narrow,259,11369568,2,1.295588,0.704412,0.704412,16.246451,1.138239
7,10000000,k2_twin,"(0, 2)",2,1.320337,narrow,259,11418488,2,1.294903,0.705097,0.705097,16.250744,1.137938
7,10000000,k2_twin,"(0, 2)",2,1.320337,narrow,259,11474001,1,1.294131,-0.294131,0.294131,16.255594,1.137599
7,10000000,k2_twin,"(0, 2)",2,1.320337,narrow,259,11481207,3,1.294031,1.705969,1.705969,16.256222,1.137555
7,10000000,k2_twin,"(0, 2)",2,1.320337,narrow,259,11540233,1,1.293215,-0.293215,0.293215,16.261350,1.137196
7,10000000,k2_twin,"(0, 2)",2,1.320337,narrow,259,11576241,1,1.292719,-0.292719,0.292719,16.264465,1.136978
7,10000000,k2_twin,"(0, 2)",2,1.320337,narrow,259,11597959,0,1.292421,-1.292421,1.292421,16.266340,1.136847
7,10000000,k2_twin,"(0, 2)",2,1.320337,narrow,259,11645041,2,1.291778,0.708222,0.708222,16.270391,1.136564
7,10000000,k2_twin,"(0, 2)",2,1.320337,narrow,259,11679408,1,1.291310,-0.291310,0.291310,16.273338,1.136358
7,10000000,k2_twin,"(0, 2)",2,1.320337,narrow,259,11729453,0,1.290632,-1.290632,1.290632,16.277614,1.136060
7,10000000,k2_twin,"(0, 2)",2,1.320337,narrow,259,11762323,2,1.290188,0.709812,0.709812,16.280412,1.135865
7,10000000,k2_twin,"(0, 2)",2,1.320337,narrow,259,11811176,3,1.289531,1.710469,1.710469,16.284557,1.135575
7,10000000,k2_twin,"(0, 2)",2,1.320337,narrow,259,11834496,0,1.289219,-1.289219,1.289219,16.286529,1.135438
7,10000000,k2_twin,"(0, 2)",2,1.320337,narrow,259,11906172,1,1.288264,-0.288264,0.288264,16.292567,1.135017
7,10000000,k2_twin,"(0, 2)",2,1.320337,narrow,259,11939608,2,1.287820,0.712180,0.712180,16.295372,1.134822
7,10000000,k2_twin,"(0, 2)",2,1.320337,narrow,259,11968297,2,1.287441,0.712559,0.712559,16.297772,1.134655
7,10000000,k2_twin,"(0, 2)",2,1.320337,narrow,259,12001558,0,1.287003,-1.287003,1.287003,16.300547,1.134461
7,10000000,k2_twin,"(0, 2)",2,1.320337,narrow,259,12038039,0,1.286524,-1.286524,1.286524,16.303582,1.134250
7,10000000,k2_twin,"(0, 2)",2,1.320337,narrow,259,12095621,2,1.285771,0.714229,0.714229,16.308354,1.133918
7,10000000,k2_twin,"(0, 2)",2,1.320337,narrow,259,12134379,1,1.285267,-0.285267,0.285267,16.311553,1.133696
7,10000000,k2_twin,"(0, 2)",2,1.320337,narrow,259,12145207,1,1.285126,-0.285126,0.285126,16.312445,1.133634
7,10000000,k2_twin,"(0, 2)",2,1.320337,narrow,259,12181009,1,1.284662,-0.284662,0.284662,16.315389,1.133429
7,10000000,k2_twin,"(0, 2)",2,1.320337,narrow,259,12235195,0,1.283964,-1.283964,1.283964,16.319827,1.133121
7,10000000,k2_twin,"(0, 2)",2,1.320337,narrow,259,12269927,0,1.283518,-1.283518,1.283518,16.322662,1.132924
7,10000000,k2_twin,"(0, 2)",2,1.320337,narrow,259,12316454,2,1.282923,0.717077,0.717077,16.326447,1.132662
7,10000000,k2_twin,"(0, 2)",2,1.320337,narrow,259,12368692,2,1.282258,0.717742,0.717742,16.330679,1.132368
7,10000000,k2_twin,"(0, 2)",2,1.320337,narrow,259,12377311,0,1.282149,-1.282149,1.282149,16.331376,1.132320
7,10000000,k2_twin,"(0, 2)",2,1.320337,narrow,259,12448527,2,1.281248,0.718752,0.718752,16.337113,1.131922
7,10000000,k2_twin,"(0, 2)",2,1.320337,narrow,259,12473672,2,1.280932,0.719068,0.719068,16.339131,1.131783
7,10000000,k2_twin,"(0, 2)",2,1.320337,narrow,259,12496759,2,1.280642,0.719358,0.719358,16.340980,1.131654
7,10000000,k2_twin,"(0, 2)",2,1.320337,narrow,259,12559417,2,1.279858,0.720142,0.720142,16.345981,1.131308
7,10000000,k2_twin,"(0, 2)",2,1.320337,narrow,259,12601541,0,1.279334,-1.279334,1.279334,16.349330,1.131077
7,10000000,k2_twin,"(0, 2)",2,1.320337,narrow,259,12613346,1,1.279188,-0.279188,0.279188,16.350266,1.131012
7,10000000,k2_twin,"(0, 2)",2,1.320337,narrow,259,12659797,0,1.278613,-1.278613,1.278613,16.353942,1.130758
7,10000000,k2_twin,"(0, 2)",2,1.320337,narrow,259,12698391,1,1.278137,-0.278137,0.278137,16.356986,1.130547
7,10000000,k2_twin,"(0, 2)",2,1.320337,narrow,259,12747444,1,1.277534,-0.277534,0.277534,16.360841,1.130281
7,10000000,k2_twin,"(0, 2)",2,1.320337,narrow,259,12777190,1,1.277171,-0.277171,0.277171,16.363172,1.130120
7,10000000,k2_twin,"(0, 2)",2,1.320337,narrow,259,12821155,2,1.276634,0.723366,0.723366,16.366607,1.129883
7,10000000,k2_twin,"(0, 2)",2,1.320337,narrow,259,12860337,2,1.276159,0.723841,0.723841,16.369658,1.129672
7,10000000,k2_twin,"(0, 2)",2,1.320337,narrow,259,12915566,0,1.275491,-1.275491,1.275491,16.373944,1.129376
7,10000000,k2_twin,"(0, 2)",2,1.320337,narrow,259,12921885,2,1.275415,0.724585,0.724585,16.374433,1.129343
7,10000000,k2_twin,"(0, 2)",2,1.320337,narrow,259,12994947,3,1.274537,1.725463,1.725463,16.380071,1.128954
7,10000000,k2_twin,"(0, 2)",2,1.320337,narrow,259,12997052,2,1.274511,0.725489,0.725489,16.380233,1.128943
7,10000000,k2_twin,"(0, 2)",2,1.320337,narrow,259,13044538,2,1.273944,0.726056,0.726056,16.383880,1.128691
7,10000000,k2_twin,"(0, 2)",2,1.320337,narrow,259,13085831,1,1.273453,-0.273453,0.273453,16.387041,1.128474
7,10000000,k2_twin,"(0, 2)",2,1.320337,narrow,259,13114905,0,1.273108,-1.273108,1.273108,16.389260,1.128321
7,10000000,k2_twin,"(0, 2)",2,1.320337,narrow,259,13163532,2,1.272533,0.727467,0.727467,16.392961,1.128066
7,10000000,k2_twin,"(0, 2)",2,1.320337,narrow,259,13213136,1,1.271949,-0.271949,0.271949,16.396722,1.127807
7,10000000,k2_twin,"(0, 2)",2,1.320337,narrow,259,13242211,2,1.271608,0.728392,0.728392,16.398920,1.127656
7,10000000,k2_twin,"(0, 2)",2,1.320337,narrow,259,13289604,2,1.271055,0.728945,0.728945,16.402493,1.127411
7,10000000,k2_twin,"(0, 2)",2,1.320337,narrow,259,13326539,2,1.270625,0.729375,0.729375,16.405268,1.127220
7,10000000,k2_twin,"(0, 2)",2,1.320337,narrow,259,13348773,0,1.270366,-1.270366,1.270366,16.406935,1.127105
7,10000000,k2_twin,"(0, 2)",2,1.320337,narrow,259,13408436,0,1.269676,-1.269676,1.269676,16.411395,1.126799
7,10000000,k2_twin,"(0, 2)",2,1.320337,narrow,259,13441849,0,1.269291,-1.269291,1.269291,16.413883,1.126628
7,10000000,k2_twin,"(0, 2)",2,1.320337,narrow,259,13466333,1,1.269010,-0.269010,0.269010,16.415703,1.126503
7,10000000,k2_twin,"(0, 2)",2,1.320337,narrow,259,13509291,1,1.268517,-0.268517,0.268517,16.418888,1.126285
7,10000000,k2_twin,"(0, 2)",2,1.320337,narrow,259,13565804,3,1.267873,1.732127,1.732127,16.423063,1.125998
7,10000000,k2_twin,"(0, 2)",2,1.320337,narrow,259,13589124,1,1.267607,-0.267607,0.267607,16.424780,1.125881
7,10000000,k2_twin,"(0, 2)",2,1.320337,narrow,259,13648609,1,1.266934,-0.266934,0.266934,16.429148,1.125581
7,10000000,k2_twin,"(0, 2)",2,1.320337,narrow,259,13688762,3,1.266481,1.733519,1.733519,16.432086,1.125380
7,10000000,k2_twin,"(0, 2)",2,1.320337,narrow,259,13712084,2,1.266218,0.733782,0.733782,16.433788,1.125264
7,10000000,k2_twin,"(0, 2)",2,1.320337,narrow,259,13769789,0,1.265571,-1.265571,1.265571,16.437988,1.124976
7,10000000,k2_twin,"(0, 2)",2,1.320337,narrow,259,13801191,0,1.265221,-1.265221,1.265221,16.440265,1.124820
7,10000000,k2_twin,"(0, 2)",2,1.320337,narrow,259,13830607,2,1.264893,0.735107,0.735107,16.442395,1.124675
7,10000000,k2_twin,"(0, 2)",2,1.320337,narrow,259,13860622,1,1.264560,-0.264560,0.264560,16.444562,1.124526
7,10000000,k2_twin,"(0, 2)",2,1.320337,narrow,259,13906346,1,1.264053,-0.264053,0.264053,16.447856,1.124301
7,10000000,k2_twin,"(0, 2)",2,1.320337,narrow,259,13955930,0,1.263506,-1.263506,1.263506,16.451415,1.124058
7,10000000,k2_twin,"(0, 2)",2,1.320337,narrow,259,13998067,2,1.263043,0.736957,0.736957,16.454430,1.123852
7,10000000,k2_twin,"(0, 2)",2,1.320337,narrow,259,14034275,3,1.262647,1.737353,1.737353,16.457013,1.123676
7,10000000,k2_twin,"(0, 2)",2,1.320337,narrow,259,14061728,0,1.262347,-1.262347,1.262347,16.458967,1.123542
7,10000000,k2_twin,"(0, 2)",2,1.320337,narrow,259,14108536,2,1.261837,0.738163,0.738163,16.462291,1.123315
7,10000000,k2_twin,"(0, 2)",2,1.320337,narrow,259,14141921,2,1.261475,0.738525,0.738525,16.464654,1.123154
7,10000000,k2_twin,"(0, 2)",2,1.320337,narrow,259,14186737,1,1.260991,-0.260991,0.260991,16.467818,1.122938
7,10000000,k2_twin,"(0, 2)",2,1.320337,narrow,259,14216681,1,1.260668,-0.260668,0.260668,16.469927,1.122795
7,10000000,k2_twin,"(0, 2)",2,1.320337,narrow,259,14250515,3,1.260304,1.739696,1.739696,16.472304,1.122633
7,10000000,k2_twin,"(0, 2)",2,1.320337,narrow,259,14316461,1,1.259598,-0.259598,0.259598,16.476921,1.122318
7,10000000,k2_twin,"(0, 2)",2,1.320337,narrow,259,14335127,1,1.259398,-0.259398,0.259398,16.478224,1.122229
7,10000000,k2_twin,"(0, 2)",2,1.320337,narrow,259,14384715,1,1.258871,-0.258871,0.258871,16.481677,1.121994
7,10000000,k2_twin,"(0, 2)",2,1.320337,narrow,259,14416502,2,1.258534,0.741466,0.741466,16.483884,1.121844
7,10000000,k2_twin,"(0, 2)",2,1.320337,narrow,259,14447439,1,1.258206,-0.258206,0.258206,16.486028,1.121698
7,10000000,k2_twin,"(0, 2)",2,1.320337,narrow,259,14507396,0,1.257575,-1.257575,1.257575,16.490169,1.121416
7,10000000,k2_twin,"(0, 2)",2,1.320337,narrow,259,14537439,0,1.257259,-1.257259,1.257259,16.492238,1.121276
7,10000000,k2_twin,"(0, 2)",2,1.320337,narrow,259,14574867,1,1.256867,-0.256867,0.256867,16.494809,1.121101
7,10000000,k2_twin,"(0, 2)",2,1.320337,narrow,259,14621454,1,1.256381,-0.256381,0.256381,16.498000,1.120884
7,10000000,k2_twin,"(0, 2)",2,1.320337,narrow,259,14638745,3,1.256201,1.743799,1.743799,16.499182,1.120804
7,10000000,k2_twin,"(0, 2)",2,1.320337,narrow,259,14694022,3,1.255627,1.744373,1.744373,16.502951,1.120548
7,10000000,k2_twin,"(0, 2)",2,1.320337,narrow,259,14743036,1,1.255121,-0.255121,0.255121,16.506281,1.120322
7,10000000,k2_twin,"(0, 2)",2,1.320337,narrow,259,14750581,0,1.255043,-1.255043,1.255043,16.506793,1.120287
7,10000000,k2_twin,"(0, 2)",2,1.320337,narrow,259,14795967,1,1.254576,-0.254576,0.254576,16.509865,1.120078
7,10000000,k2_twin,"(0, 2)",2,1.320337,narrow,259,14863874,2,1.253880,0.746120,0.746120,16.514444,1.119768
7,10000000,k2_twin,"(0, 2)",2,1.320337,narrow,259,14899045,1,1.253521,-0.253521,0.253521,16.516808,1.119608
7,10000000,k2_twin,"(0, 2)",2,1.320337,narrow,259,14921468,2,1.253293,0.746707,0.746707,16.518312,1.119506
7,10000000,k2_twin,"(0, 2)",2,1.320337,narrow,259,14956546,3,1.252937,1.747063,1.747063,16.520660,1.119347
7,10000000,k2_twin,"(0, 2)",2,1.320337,narrow,259,15013889,0,1.252357,-1.252357,1.252357,16.524486,1.119087
7,10000000,k2_twin,"(0, 2)",2,1.320337,narrow,259,15042436,1,1.252069,-0.252069,0.252069,16.526386,1.118959
7,10000000,k2_twin,"(0, 2)",2,1.320337,narrow,259,15071262,0,1.251779,-1.251779,1.251779,16.528300,1.118829
7,10000000,k2_twin,"(0, 2)",2,1.320337,narrow,259,15124434,0,1.251245,-1.251245,1.251245,16.531822,1.118591
7,10000000,k2_twin,"(0, 2)",2,1.320337,narrow,259,15153494,1,1.250955,-0.250955,0.250955,16.533742,1.118461
7,10000000,k2_twin,"(0, 2)",2,1.320337,narrow,259,15198054,1,1.250511,-0.250511,0.250511,16.536678,1.118262
7,10000000,k2_twin,"(0, 2)",2,1.320337,narrow,259,15237251,0,1.250121,-1.250121,1.250121,16.539254,1.118088
7,10000000,k2_twin,"(0, 2)",2,1.320337,narrow,259,15267794,3,1.249819,1.750181,1.750181,16.541256,1.117953
7,10000000,k2_twin,"(0, 2)",2,1.320337,narrow,259,15292582,1,1.249574,-0.249574,0.249574,16.542878,1.117843
7,10000000,k2_twin,"(0, 2)",2,1.320337,narrow,259,15357198,2,1.248937,0.751063,0.751063,16.547095,1.117558
7,10000000,k2_twin,"(0, 2)",2,1.320337,narrow,259,15403317,3,1.248484,1.751516,1.751516,16.550093,1.117356
7,10000000,k2_twin,"(0, 2)",2,1.320337,narrow,259,15415748,2,1.248363,0.751637,0.751637,16.550900,1.117301
7,10000000,k2_twin,"(0, 2)",2,1.320337,narrow,259,15458472,1,1.247945,-0.247945,0.247945,16.553668,1.117115
7,10000000,k2_twin,"(0, 2)",2,1.320337,narrow,259,15496419,1,1.247576,-0.247576,0.247576,16.556120,1.116949
7,10000000,k2_twin,"(0, 2)",2,1.320337,narrow,259,15526731,2,1.247281,0.752719,0.752719,16.558074,1.116817
7,10000000,k2_twin,"(0, 2)",2,1.320337,narrow,259,15586424,1,1.246703,-0.246703,0.246703,16.561911,1.116559
7,10000000,k2_twin,"(0, 2)",2,1.320337,narrow,259,15615505,0,1.246423,-1.246423,1.246423,16.563775,1.116433
7,10000000,k2_twin,"(0, 2)",2,1.320337,narrow,259,15672293,3,1.245877,1.754123,1.754123,16.567405,1.116188
7,10000000,k2_twin,"(0, 2)",2,1.320337,narrow,259,15714244,1,1.245475,-0.245475,0.245475,16.570078,1.116008
7,10000000,k2_twin,"(0, 2)",2,1.320337,narrow,259,15737191,1,1.245255,-0.245255,0.245255,16.571537,1.115910
7,10000000,k2_twin,"(0, 2)",2,1.320337,narrow,259,15792806,1,1.244725,-0.244725,0.244725,16.575065,1.115673
7,10000000,k2_twin,"(0, 2)",2,1.320337,narrow,259,15824915,2,1.244420,0.755580,0.755580,16.577096,1.115536
7,10000000,k2_twin,"(0, 2)",2,1.320337,narrow,259,15869449,2,1.243998,0.756002,0.756002,16.579906,1.115347
7,10000000,k2_twin,"(0, 2)",2,1.320337,narrow,259,15893001,1,1.243776,-0.243776,0.243776,16.581389,1.115247
7,10000000,k2_twin,"(0, 2)",2,1.320337,narrow,259,15930092,0,1.243426,-1.243426,1.243426,16.583720,1.115090
7,10000000,k2_twin,"(0, 2)",2,1.320337,narrow,259,15971212,0,1.243040,-1.243040,1.243040,16.586298,1.114917
7,10000000,k2_twin,"(0, 2)",2,1.320337,narrow,259,15999003,3,1.242779,1.757221,1.757221,16.588037,1.114800
7,10000000,k2_twin,"(0, 2)",2,1.320337,narrow,259,16064511,1,1.242167,-0.242167,0.242167,16.592123,1.114526
7,10000000,k2_twin,"(0, 2)",2,1.320337,narrow,259,16076951,2,1.242051,0.757949,0.757949,16.592897,1.114474
7,10000000,k2_twin,"(0, 2)",2,1.320337,narrow,259,16145928,3,1.241411,1.758589,1.758589,16.597178,1.114186
7,10000000,k2_twin,"(0, 2)",2,1.320337,narrow,259,16175942,0,1.241133,-1.241133,1.241133,16.599036,1.114061
7,10000000,k2_twin,"(0, 2)",2,1.320337,narrow,259,16190505,1,1.240998,-0.240998,0.240998,16.599936,1.114001
7,10000000,k2_twin,"(0, 2)",2,1.320337,narrow,259,16262968,0,1.240331,-1.240331,1.240331,16.604401,1.113701
7,10000000,k2_twin,"(0, 2)",2,1.320337,narrow,259,16299122,1,1.239999,-0.239999,0.239999,16.606622,1.113553
7,10000000,k2_twin,"(0, 2)",2,1.320337,narrow,259,16308926,0,1.239909,-1.239909,1.239909,16.607223,1.113512
7,10000000,k2_twin,"(0, 2)",2,1.320337,narrow,259,16356600,2,1.239474,0.760526,0.760526,16.610142,1.113317
7,10000000,k2_twin,"(0, 2)",2,1.320337,narrow,259,16408832,0,1.238998,-1.238998,1.238998,16.613330,1.113103
7,10000000,k2_twin,"(0, 2)",2,1.320337,narrow,259,16421538,0,1.238883,-1.238883,1.238883,16.614104,1.113051
7,10000000,k2_twin,"(0, 2)",2,1.320337,narrow,259,16473247,1,1.238414,-0.238414,0.238414,16.617248,1.112840
7,10000000,k2_twin,"(0, 2)",2,1.320337,narrow,259,16520835,1,1.237984,-0.237984,0.237984,16.620133,1.112647
7,10000000,k2_twin,"(0, 2)",2,1.320337,narrow,259,16566639,0,1.237572,-1.237572,1.237572,16.622902,1.112462
7,10000000,k2_twin,"(0, 2)",2,1.320337,narrow,259,16598933,1,1.237282,-0.237282,0.237282,16.624849,1.112332
7,10000000,k2_twin,"(0, 2)",2,1.320337,narrow,259,16650679,2,1.236819,0.763181,0.763181,16.627962,1.112123
7,10000000,k2_twin,"(0, 2)",2,1.320337,narrow,259,16681789,2,1.236541,0.763459,0.763459,16.629828,1.111999
7,10000000,k2_twin,"(0, 2)",2,1.320337,narrow,259,16724978,1,1.236156,-0.236156,0.236156,16.632414,1.111826
7,10000000,k2_twin,"(0, 2)",2,1.320337,narrow,259,16738328,1,1.236038,-0.236038,0.236038,16.633212,1.111772
7,10000000,k2_twin,"(0, 2)",2,1.320337,narrow,259,16778872,0,1.235678,-1.235678,1.235678,16.635631,1.111611
7,10000000,k2_twin,"(0, 2)",2,1.320337,narrow,259,16837297,2,1.235162,0.764838,0.764838,16.639107,1.111379
7,10000000,k2_twin,"(0, 2)",2,1.320337,narrow,259,16874344,0,1.234836,-1.234836,1.234836,16.641305,1.111232
7,10000000,k2_twin,"(0, 2)",2,1.320337,narrow,259,16917092,0,1.234461,-1.234461,1.234461,16.643835,1.111063
7,10000000,k2_twin,"(0, 2)",2,1.320337,narrow,259,16932968,2,1.234321,0.765679,0.765679,16.644773,1.111000
7,10000000,k2_twin,"(0, 2)",2,1.320337,narrow,259,17000604,0,1.233730,-1.233730,1.233730,16.648759,1.110734
7,10000000,k2_twin,"(0, 2)",2,1.320337,narrow,259,17026923,2,1.233501,0.766499,0.766499,16.650306,1.110631
7,10000000,k2_twin,"(0, 2)",2,1.320337,narrow,259,17082033,0,1.233023,-1.233023,1.233023,16.653538,1.110415
7,10000000,k2_twin,"(0, 2)",2,1.320337,narrow,259,17092746,0,1.232930,-1.232930,1.232930,16.654165,1.110374
7,10000000,k2_twin,"(0, 2)",2,1.320337,narrow,259,17140951,2,1.232513,0.767487,0.767487,16.656981,1.110186
7,10000000,k2_twin,"(0, 2)",2,1.320337,narrow,259,17163495,1,1.232318,-0.232318,0.232318,16.658295,1.110098
7,10000000,k2_twin,"(0, 2)",2,1.320337,narrow,259,17229485,3,1.231751,1.768249,1.768249,16.662133,1.109843
7,10000000,k2_twin,"(0, 2)",2,1.320337,narrow,259,17239989,1,1.231661,-0.231661,0.231661,16.662742,1.109802
7,10000000,k2_twin,"(0, 2)",2,1.320337,narrow,259,17294168,2,1.231197,0.768803,0.768803,16.665880,1.109593
7,10000000,k2_twin,"(0, 2)",2,1.320337,narrow,259,17316713,0,1.231005,-1.231005,1.231005,16.667183,1.109506
7,10000000,k2_twin,"(0, 2)",2,1.320337,narrow,259,17378905,0,1.230475,-1.230475,1.230475,16.670768,1.109268
7,10000000,k2_twin,"(0, 2)",2,1.320337,narrow,259,17428433,2,1.230055,0.769945,0.769945,16.673614,1.109079
7,10000000,k2_twin,"(0, 2)",2,1.320337,narrow,259,17466378,0,1.229734,-1.229734,1.229734,16.675788,1.108934
7,10000000,k2_twin,"(0, 2)",2,1.320337,narrow,259,17504886,2,1.229410,0.770590,0.770590,16.677991,1.108787
7,10000000,k2_twin,"(0, 2)",2,1.320337,narrow,259,17533804,0,1.229166,-1.229166,1.229166,16.679641,1.108678
7,10000000,k2_twin,"(0, 2)",2,1.320337,narrow,259,17578768,2,1.228789,0.771211,0.771211,16.682202,1.108507
7,10000000,k2_twin,"(0, 2)",2,1.320337,narrow,259,17599759,1,1.228613,-0.228613,0.228613,16.683396,1.108428
7,10000000,k2_twin,"(0, 2)",2,1.320337,narrow,259,17641497,2,1.228264,0.771736,0.771736,16.685764,1.108271
7,10000000,k2_twin,"(0, 2)",2,1.320337,narrow,259,17703544,1,1.227748,-0.227748,0.227748,16.689275,1.108038
7,10000000,k2_twin,"(0, 2)",2,1.320337,narrow,259,17707801,1,1.227712,-0.227712,0.227712,16.689516,1.108022
7,10000000,k2_twin,"(0, 2)",2,1.320337,narrow,259,17745031,1,1.227403,-0.227403,0.227403,16.691616,1.107882
7,10000000,k2_twin,"(0, 2)",2,1.320337,wide,3117,10007914,14,15.839555,-1.839555,1.839555,16.118887,3.979894
7,10000000,k2_twin,"(0, 2)",2,1.320337,wide,3117,10064203,13,15.828540,-2.828540,2.828540,16.124495,3.978510
7,10000000,k2_twin,"(0, 2)",2,1.320337,wide,3117,10094170,17,15.822705,1.177295,1.177295,16.127469,3.977776
7,10000000,k2_twin,"(0, 2)",2,1.320337,wide,3117,10121507,21,15.817401,5.182599,5.182599,16.130173,3.977110
7,10000000,k2_twin,"(0, 2)",2,1.320337,wide,3117,10161825,14,15.809608,-1.809608,1.809608,16.134149,3.976130
7,10000000,k2_twin,"(0, 2)",2,1.320337,wide,3117,10229105,18,15.796685,2.203315,2.203315,16.140748,3.974504
7,10000000,k2_twin,"(0, 2)",2,1.320337,wide,3117,10260037,24,15.790778,8.209222,8.209222,16.143767,3.973761
7,10000000,k2_twin,"(0, 2)",2,1.320337,wide,3117,10281834,13,15.786628,-2.786628,2.786628,16.145889,3.973239
7,10000000,k2_twin,"(0, 2)",2,1.320337,wide,3117,10317213,17,15.779914,1.220086,1.220086,16.149324,3.972394
7,10000000,k2_twin,"(0, 2)",2,1.320337,wide,3117,10361528,18,15.771543,2.228457,2.228457,16.153610,3.971340
7,10000000,k2_twin,"(0, 2)",2,1.320337,wide,3117,10412414,19,15.761982,3.238018,3.238018,16.158509,3.970136
7,10000000,k2_twin,"(0, 2)",2,1.320337,wide,3117,10440251,13,15.756776,-2.756776,2.756776,16.161179,3.969481
7,10000000,k2_twin,"(0, 2)",2,1.320337,wide,3117,10491357,14,15.747259,-1.747259,1.747259,16.166062,3.968282
7,10000000,k2_twin,"(0, 2)",2,1.320337,wide,3117,10535439,8,15.739095,-7.739095,7.739095,16.170255,3.967253
7,10000000,k2_twin,"(0, 2)",2,1.320337,wide,3117,10555405,15,15.735411,-0.735411,0.735411,16.172149,3.966788
7,10000000,k2_twin,"(0, 2)",2,1.320337,wide,3117,10583935,13,15.730160,-2.730160,2.730160,16.174848,3.966127
7,10000000,k2_twin,"(0, 2)",2,1.320337,wide,3117,10654274,15,15.717287,-0.717287,0.717287,16.181472,3.964503
7,10000000,k2_twin,"(0, 2)",2,1.320337,wide,3117,10663016,12,15.715694,-3.715694,3.715694,16.182292,3.964302
7,10000000,k2_twin,"(0, 2)",2,1.320337,wide,3117,10711404,11,15.706905,-4.706905,4.706905,16.186820,3.963194
7,10000000,k2_twin,"(0, 2)",2,1.320337,wide,3117,10762468,12,15.697680,-3.697680,3.697680,16.191575,3.962030
7,10000000,k2_twin,"(0, 2)",2,1.320337,wide,3117,10802663,16,15.690456,0.309544,0.309544,16.195303,3.961118
7,10000000,k2_twin,"(0, 2)",2,1.320337,wide,3117,10845693,12,15.682757,-3.682757,3.682757,16.199279,3.960146
7,10000000,k2_twin,"(0, 2)",2,1.320337,wide,3117,10877125,16,15.677156,0.322844,0.322844,16.202173,3.959439
7,10000000,k2_twin,"(0, 2)",2,1.320337,wide,3117,10906101,18,15.672010,2.327990,2.327990,16.204833,3.958789
7,10000000,k2_twin,"(0, 2)",2,1.320337,wide,3117,10961017,12,15.662300,-3.662300,3.662300,16.209856,3.957562
7,10000000,k2_twin,"(0, 2)",2,1.320337,wide,3117,10988739,20,15.657421,4.342579,4.342579,16.212382,3.956946
7,10000000,k2_twin,"(0, 2)",2,1.320337,wide,3117,11042215,18,15.648050,2.351950,2.351950,16.217236,3.955762
7,10000000,k2_twin,"(0, 2)",2,1.320337,wide,3117,11082644,14,15.641000,-1.641000,1.641000,16.220891,3.954870
7,10000000,k2_twin,"(0, 2)",2,1.320337,wide,3117,11119025,16,15.634683,0.365317,0.365317,16.224168,3.954072
7,10000000,k2_twin,"(0, 2)",2,1.320337,wide,3117,11159448,14,15.627692,-1.627692,1.627692,16.227797,3.953188
7,10000000,k2_twin,"(0, 2)",2,1.320337,wide,3117,11173105,16,15.625337,0.374663,0.374663,16.229020,3.952890
7,10000000,k2_twin,"(0, 2)",2,1.320337,wide,3117,11207858,14,15.619360,-1.619360,1.619360,16.232126,3.952134
7,10000000,k2_twin,"(0, 2)",2,1.320337,wide,3117,11276931,13,15.607544,-2.607544,2.607544,16.238270,3.950638
7,10000000,k2_twin,"(0, 2)",2,1.320337,wide,3117,11286870,8,15.605851,-7.605851,7.605851,16.239151,3.950424
7,10000000,k2_twin,"(0, 2)",2,1.320337,wide,3117,11349296,17,15.595257,1.404743,1.404743,16.244666,3.949083
7,10000000,k2_twin,"(0, 2)",2,1.320337,wide,3117,11391163,16,15.588190,0.411810,0.411810,16.248348,3.948188
7,10000000,k2_twin,"(0, 2)",2,1.320337,wide,3117,11421562,14,15.583079,-1.583079,1.583079,16.251014,3.947541
7,10000000,k2_twin,"(0, 2)",2,1.320337,wide,3117,11458517,18,15.576886,2.423114,2.423114,16.254244,3.946756
7,10000000,k2_twin,"(0, 2)",2,1.320337,wide,3117,11510035,13,15.568293,-2.568293,2.568293,16.258730,3.945668
7,10000000,k2_twin,"(0, 2)",2,1.320337,wide,3117,11533907,14,15.564327,-1.564327,1.564327,16.260802,3.945165
7,10000000,k2_twin,"(0, 2)",2,1.320337,wide,3117,11562434,14,15.559600,-1.559600,1.559600,16.263272,3.944566
7,10000000,k2_twin,"(0, 2)",2,1.320337,wide,3117,11616338,16,15.550705,0.449295,0.449295,16.267923,3.943438
7,10000000,k2_twin,"(0, 2)",2,1.320337,wide,3117,11663936,19,15.542891,3.457109,3.457109,16.272012,3.942447
7,10000000,k2_twin,"(0, 2)",2,1.320337,wide,3117,11701787,20,15.536704,4.463296,4.463296,16.275252,3.941663
7,10000000,k2_twin,"(0, 2)",2,1.320337,wide,3117,11731809,14,15.531814,-1.531814,1.531814,16.277814,3.941042
7,10000000,k2_twin,"(0, 2)",2,1.320337,wide,3117,11767703,18,15.525987,2.474013,2.474013,16.280869,3.940303
7,10000000,k2_twin,"(0, 2)",2,1.320337,wide,3117,11803233,14,15.520239,-1.520239,1.520239,16.283884,3.939574
7,10000000,k2_twin,"(0, 2)",2,1.320337,wide,3117,11844758,12,15.513548,-3.513548,3.513548,16.287396,3.938724
7,10000000,k2_twin,"(0, 2)",2,1.320337,wide,3117,11876811,17,15.508402,1.491598,1.491598,16.290098,3.938071
7,10000000,k2_twin,"(0, 2)",2,1.320337,wide,3117,11939030,16,15.498460,0.501540,0.501540,16.295323,3.936808
7,10000000,k2_twin,"(0, 2)",2,1.320337,wide,3117,11966419,20,15.494102,4.505898,4.505898,16.297615,3.936255
7,10000000,k2_twin,"(0, 2)",2,1.320337,wide,3117,11994461,15,15.489653,-0.489653,0.489653,16.299956,3.935690
7,10000000,k2_twin,"(0, 2)",2,1.320337,wide,3117,12048282,13,15.481149,-2.481149,2.481149,16.304433,3.934609
7,10000000,k2_twin,"(0, 2)",2,1.320337,wide,3117,12093527,13,15.474034,-2.474034,2.474034,16.308181,3.933705
7,10000000,k2_twin,"(0, 2)",2,1.320337,wide,3117,12133882,12,15.467715,-3.467715,3.467715,16.311512,3.932902
7,10000000,k2_twin,"(0, 2)",2,1.320337,wide,3117,12157351,14,15.464052,-1.464052,1.464052,16.313445,3.932436
7,10000000,k2_twin,"(0, 2)",2,1.320337,wide,3117,12186559,17,15.459504,1.540496,1.540496,16.315844,3.931858
7,10000000,k2_twin,"(0, 2)",2,1.320337,wide,3117,12222420,17,15.453938,1.546062,1.546062,16.318783,3.931150
7,10000000,k2_twin,"(0, 2)",2,1.320337,wide,3117,12262671,18,15.447714,2.552286,2.552286,16.322070,3.930358
7,10000000,k2_twin,"(0, 2)",2,1.320337,wide,3117,12309356,19,15.440525,3.559475,3.559475,16.325870,3.929443
7,10000000,k2_twin,"(0, 2)",2,1.320337,wide,3117,12366521,18,15.431765,2.568235,2.568235,16.330503,3.928329
7,10000000,k2_twin,"(0, 2)",2,1.320337,wide,3117,12402430,14,15.426288,-1.426288,1.426288,16.333403,3.927631
7,10000000,k2_twin,"(0, 2)",2,1.320337,wide,3117,12422595,15,15.423220,-0.423220,0.423220,16.335028,3.927241
7,10000000,k2_twin,"(0, 2)",2,1.320337,wide,3117,12482053,16,15.414208,0.585792,0.585792,16.339802,3.926093
7,10000000,k2_twin,"(0, 2)",2,1.320337,wide,3117,12506670,17,15.410492,1.589508,1.589508,16.341773,3.925620
7,10000000,k2_twin,"(0, 2)",2,1.320337,wide,3117,12537948,18,15.405783,2.594217,2.594217,16.344270,3.925020
7,10000000,k2_twin,"(0, 2)",2,1.320337,wide,3117,12593148,15,15.397506,-0.397506,0.397506,16.348663,3.923966
7,10000000,k2_twin,"(0, 2)",2,1.320337,wide,3117,12622480,15,15.393125,-0.393125,0.393125,16.350990,3.923407
7,10000000,k2_twin,"(0, 2)",2,1.320337,wide,3117,12647787,7,15.389355,-8.389355,8.389355,16.352993,3.922927
7,10000000,k2_twin,"(0, 2)",2,1.320337,wide,3117,12700136,12,15.381585,-3.381585,3.381585,16.357123,3.921936
7,10000000,k2_twin,"(0, 2)",2,1.320337,wide,3117,12745048,15,15.374949,-0.374949,0.374949,16.360653,3.921090
7,10000000,k2_twin,"(0, 2)",2,1.320337,wide,3117,12768306,15,15.371523,-0.371523,0.371523,16.362477,3.920653
7,10000000,k2_twin,"(0, 2)",2,1.320337,wide,3117,12837036,17,15.361443,1.638557,1.638557,16.367845,3.919368
7,10000000,k2_twin,"(0, 2)",2,1.320337,wide,3117,12854648,13,15.358870,-2.358870,2.358870,16.369216,3.919039
7,10000000,k2_twin,"(0, 2)",2,1.320337,wide,3117,12907595,10,15.351161,-5.351161,5.351161,16.373326,3.918056
7,10000000,k2_twin,"(0, 2)",2,1.320337,wide,3117,12936873,13,15.346914,-2.346914,2.346914,16.375592,3.917514
7,10000000,k2_twin,"(0, 2)",2,1.320337,wide,3117,12985215,8,15.339926,-7.339926,7.339926,16.379322,3.916622
7,10000000,k2_twin,"(0, 2)",2,1.320337,wide,3117,13031632,17,15.333245,1.666755,1.666755,16.382890,3.915769
7,10000000,k2_twin,"(0, 2)",2,1.320337,wide,3117,13062223,13,15.328858,-2.328858,2.328858,16.385235,3.915209
7,10000000,k2_twin,"(0, 2)",2,1.320337,wide,3117,13089883,16,15.324901,0.675099,0.675099,16.387350,3.914703
7,10000000,k2_twin,"(0, 2)",2,1.320337,wide,3117,13137042,14,15.318178,-1.318178,1.318178,16.390946,3.913844
7,10000000,k2_twin,"(0, 2)",2,1.320337,wide,3117,13178594,18,15.312278,2.687722,2.687722,16.394104,3.913091
7,10000000,k2_twin,"(0, 2)",2,1.320337,wide,3117,13197530,15,15.309596,-0.309596,0.309596,16.395540,3.912748
7,10000000,k2_twin,"(0, 2)",2,1.320337,wide,3117,13250147,11,15.302169,-4.302169,4.302169,16.399519,3.911799
7,10000000,k2_twin,"(0, 2)",2,1.320337,wide,3117,13276396,18,15.298477,2.701523,2.701523,16.401498,3.911327
7,10000000,k2_twin,"(0, 2)",2,1.320337,wide,3117,13329199,19,15.291076,3.708924,3.708924,16.405468,3.910381
7,10000000,k2_twin,"(0, 2)",2,1.320337,wide,3117,13364849,12,15.286099,-3.286099,3.286099,16.408139,3.909744
7,10000000,k2_twin,"(0, 2)",2,1.320337,wide,3117,13386725,15,15.283052,-0.283052,0.283052,16.409774,3.909354
7,10000000,k2_twin,"(0, 2)",2,1.320337,wide,3117,13429326,13,15.277136,-2.277136,2.277136,16.412951,3.908598
7,10000000,k2_twin,"(0, 2)",2,1.320337,wide,3117,13481537,20,15.269916,4.730084,4.730084,16.416832,3.907674
7,10000000,k2_twin,"(0, 2)",2,1.320337,wide,3117,13525357,15,15.263882,-0.263882,0.263882,16.420077,3.906902
7,10000000,k2_twin,"(0, 2)",2,1.320337,wide,3117,13558547,10,15.259327,-5.259327,5.259327,16.422528,3.906319
7,10000000,k2_twin,"(0, 2)",2,1.320337,wide,3117,13608920,16,15.252439,0.747561,0.747561,16.426236,3.905437
7,10000000,k2_twin,"(0, 2)",2,1.320337,wide,3117,13636258,18,15.248713,2.751287,2.751287,16.428243,3.904960
7,10000000,k2_twin,"(0, 2)",2,1.320337,wide,3117,13682104,11,15.242485,-4.242485,4.242485,16.431599,3.904163
7,10000000,k2_twin,"(0, 2)",2,1.320337,wide,3117,13725134,16,15.236662,0.763338,0.763338,16.434739,3.903417
7,10000000,k2_twin,"(0, 2)",2,1.320337,wide,3117,13751046,10,15.233165,-5.233165,5.233165,16.436625,3.902969
7,10000000,k2_twin,"(0, 2)",2,1.320337,wide,3117,13796866,19,15.227002,3.772998,3.772998,16.439952,3.902179
7,10000000,k2_twin,"(0, 2)",2,1.320337,wide,3117,13816307,10,15.224394,-5.224394,5.224394,16.441360,3.901845
7,10000000,k2_twin,"(0, 2)",2,1.320337,wide,3117,13873542,17,15.216742,1.783258,1.783258,16.445494,3.900864
7,10000000,k2_twin,"(0, 2)",2,1.320337,wide,3117,13900589,16,15.213139,0.786861,0.786861,16.447442,3.900402
7,10000000,k2_twin,"(0, 2)",2,1.320337,wide,3117,13936092,11,15.208422,-4.208422,4.208422,16.449993,3.899798
7,10000000,k2_twin,"(0, 2)",2,1.320337,wide,3117,13985456,14,15.201886,-1.201886,1.201886,16.453528,3.898960
7,10000000,k2_twin,"(0, 2)",2,1.320337,wide,3117,14021477,19,15.197135,3.802865,3.802865,16.456101,3.898350
7,10000000,k2_twin,"(0, 2)",2,1.320337,wide,3117,14072507,23,15.190428,7.809572,7.809572,16.459734,3.897490
7,10000000,k2_twin,"(0, 2)",2,1.320337,wide,3117,14108212,12,15.185753,-3.185753,3.185753,16.462268,3.896890
7,10000000,k2_twin,"(0, 2)",2,1.320337,wide,3117,14149849,17,15.180318,1.819682,1.819682,16.465215,3.896193
7,10000000,k2_twin,"(0, 2)",2,1.320337,wide,3117,14194111,16,15.174561,0.825439,0.825439,16.468338,3.895454
7,10000000,k2_twin,"(0, 2)",2,1.320337,wide,3117,14222849,11,15.170835,-4.170835,4.170835,16.470360,3.894976
7,10000000,k2_twin,"(0, 2)",2,1.320337,wide,3117,14273995,20,15.164225,4.835775,4.835775,16.473950,3.894127
7,10000000,k2_twin,"(0, 2)",2,1.320337,wide,3117,14290019,12,15.162160,-3.162160,3.162160,16.475072,3.893862
7,10000000,k2_twin,"(0, 2)",2,1.320337,wide,3117,14347773,19,15.154740,3.845260,3.845260,16.479105,3.892909
7,10000000,k2_twin,"(0, 2)",2,1.320337,wide,3117,14370554,10,15.151822,-5.151822,5.151822,16.480692,3.892534
7,10000000,k2_twin,"(0, 2)",2,1.320337,wide,3117,14422335,11,15.145212,-4.145212,4.145212,16.484289,3.891685
7,10000000,k2_twin,"(0, 2)",2,1.320337,wide,3117,14464296,12,15.139875,-3.139875,3.139875,16.487194,3.890999
7,10000000,k2_twin,"(0, 2)",2,1.320337,wide,3117,14484375,9,15.137328,-6.137328,6.137328,16.488581,3.890672
7,10000000,k2_twin,"(0, 2)",2,1.320337,wide,3117,14523312,22,15.132401,6.867599,6.867599,16.491266,3.890039
7,10000000,k2_twin,"(0, 2)",2,1.320337,wide,3117,14557788,19,15.128051,3.871949,3.871949,16.493637,3.889480
7,10000000,k2_twin,"(0, 2)",2,1.320337,wide,3117,14592209,16,15.123720,0.876280,0.876280,16.495998,3.888923
7,10000000,k2_twin,"(0, 2)",2,1.320337,wide,3117,14635088,15,15.118342,-0.118342,0.118342,16.498932,3.888231
7,10000000,k2_twin,"(0, 2)",2,1.320337,wide,3117,14677360,17,15.113058,1.886942,1.886942,16.501817,3.887552
7,10000000,k2_twin,"(0, 2)",2,1.320337,wide,3117,14728524,18,15.106687,2.893313,2.893313,16.505297,3.886732
7,10000000,k2_twin,"(0, 2)",2,1.320337,wide,3117,14750224,17,15.103993,1.896007,1.896007,16.506769,3.886386
7,10000000,k2_twin,"(0, 2)",2,1.320337,wide,3117,14787337,10,15.099395,-5.099395,5.099395,16.509282,3.885794
7,10000000,k2_twin,"(0, 2)",2,1.320337,wide,3117,14834758,14,15.093541,-1.093541,1.093541,16.512483,3.885041
7,10000000,k2_twin,"(0, 2)",2,1.320337,wide,3117,14893172,11,15.086360,-4.086360,4.086360,16.516413,3.884116
7,10000000,k2_twin,"(0, 2)",2,1.320337,wide,3117,14926845,20,15.082236,4.917764,4.917764,16.518672,3.883585
7,10000000,k2_twin,"(0, 2)",2,1.320337,wide,3117,14951103,17,15.079271,1.920729,1.920729,16.520296,3.883204
7,10000000,k2_twin,"(0, 2)",2,1.320337,wide,3117,14987561,14,15.074827,-1.074827,1.074827,16.522731,3.882631
7,10000000,k2_twin,"(0, 2)",2,1.320337,wide,3117,15029766,17,15.069697,1.930303,1.930303,16.525543,3.881971
7,10000000,k2_twin,"(0, 2)",2,1.320337,wide,3117,15059092,12,15.066143,-3.066143,3.066143,16.527492,3.881513
7,10000000,k2_twin,"(0, 2)",2,1.320337,wide,3117,15114744,10,15.059421,-5.059421,5.059421,16.531181,3.880647
7,10000000,k2_twin,"(0, 2)",2,1.320337,wide,3117,15137402,18,15.056692,2.943308,2.943308,16.532679,3.880295
7,10000000,k2_twin,"(0, 2)",2,1.320337,wide,3117,15196325,12,15.049619,-3.049619,3.049619,16.536564,3.879384
7,10000000,k2_twin,"(0, 2)",2,1.320337,wide,3117,15224840,12,15.046208,-3.046208,3.046208,16.538439,3.878944
7,10000000,k2_twin,"(0, 2)",2,1.320337,wide,3117,15262328,15,15.041735,-0.041735,0.041735,16.540898,3.878368
7,10000000,k2_twin,"(0, 2)",2,1.320337,wide,3117,15296016,14,15.037726,-1.037726,1.037726,16.543103,3.877851
7,10000000,k2_twin,"(0, 2)",2,1.320337,wide,3117,15350153,17,15.031306,1.968694,1.968694,16.546636,3.877023
7,10000000,k2_twin,"(0, 2)",2,1.320337,wide,3117,15371177,14,15.028820,-1.028820,1.028820,16.548005,3.876702
7,10000000,k2_twin,"(0, 2)",2,1.320337,wide,3117,15436972,13,15.021065,-2.021065,2.021065,16.552276,3.875702
7,10000000,k2_twin,"(0, 2)",2,1.320337,wide,3117,15453951,15,15.019070,-0.019070,0.019070,16.553375,3.875445
7,10000000,k2_twin,"(0, 2)",2,1.320337,wide,3117,15509194,24,15.012598,8.987402,8.987402,16.556944,3.874609
7,10000000,k2_twin,"(0, 2)",2,1.320337,wide,3117,15541141,10,15.008867,-5.008867,5.008867,16.559001,3.874128
7,10000000,k2_twin,"(0, 2)",2,1.320337,wide,3117,15583484,19,15.003937,3.996063,3.996063,16.561722,3.873492
7,10000000,k2_twin,"(0, 2)",2,1.320337,wide,3117,15634698,17,14.997994,2.002006,2.002006,16.565003,3.872724
7,10000000,k2_twin,"(0, 2)",2,1.320337,wide,3117,15665241,16,14.994461,1.005539,1.005539,16.566955,3.872268
7,10000000,k2_twin,"(0, 2)",2,1.320337,wide,3117,15681588,11,14.992574,-3.992574,3.992574,16.567998,3.872025
7,10000000,k2_twin,"(0, 2)",2,1.320337,wide,3117,15731879,16,14.986781,1.013219,1.013219,16.571200,3.871276
7,10000000,k2_twin,"(0, 2)",2,1.320337,wide,3117,15775023,11,14.981829,-3.981829,3.981829,16.573938,3.870637
7,10000000,k2_twin,"(0, 2)",2,1.320337,wide,3117,15816587,16,14.977074,1.022926,1.022926,16.576570,3.870022
7,10000000,k2_twin,"(0, 2)",2,1.320337,wide,3117,15867417,22,14.971278,7.028722,7.028722,16.579778,3.869274
7,10000000,k2_twin,"(0, 2)",2,1.320337,wide,3117,15877031,9,14.970184,-5.970184,5.970184,16.580384,3.869132
7,10000000,k2_twin,"(0, 2)",2,1.320337,wide,3117,15950350,19,14.961869,4.038131,4.038131,16.584991,3.868058
7,10000000,k2_twin,"(0, 2)",2,1.320337,wide,3117,15980067,21,14.958512,6.041488,6.041488,16.586853,3.867623
7,10000000,k2_twin,"(0, 2)",2,1.320337,wide,3117,15992924,16,14.957061,1.042939,1.042939,16.587657,3.867436
7,10000000,k2_twin,"(0, 2)",2,1.320337,wide,3117,16067134,20,14.948717,5.051283,5.051283,16.592286,3.866357
7,10000000,k2_twin,"(0, 2)",2,1.320337,wide,3117,16082895,9,14.946950,-5.946950,5.946950,16.593267,3.866129
7,10000000,k2_twin,"(0, 2)",2,1.320337,wide,3117,16122268,17,14.942547,2.057453,2.057453,16.595712,3.865559
7,10000000,k2_twin,"(0, 2)",2,1.320337,wide,3117,16175794,12,14.936581,-2.936581,2.936581,16.599026,3.864787
7,10000000,k2_twin,"(0, 2)",2,1.320337,wide,3117,16200734,20,14.933809,5.066191,5.066191,16.600567,3.864429
7,10000000,k2_twin,"(0, 2)",2,1.320337,wide,3117,16241856,13,14.929249,-1.929249,1.929249,16.603102,3.863839
7,10000000,k2_twin,"(0, 2)",2,1.320337,wide,3117,16296519,14,14.923209,-0.923209,0.923209,16.606462,3.863057
7,10000000,k2_twin,"(0, 2)",2,1.320337,wide,3117,16317515,12,14.920896,-2.920896,2.920896,16.607750,3.862758
7,10000000,k2_twin,"(0, 2)",2,1.320337,wide,3117,16369047,14,14.915232,-0.915232,0.915232,16.610903,3.862024
7,10000000,k2_twin,"(0, 2)",2,1.320337,wide,3117,16401366,18,14.911691,3.088309,3.088309,16.612875,3.861566
7,10000000,k2_twin,"(0, 2)",2,1.320337,wide,3117,16443270,23,14.907112,8.092888,8.092888,16.615427,3.860973
7,10000000,k2_twin,"(0, 2)",2,1.320337,wide,3117,16469263,17,14.904278,2.095722,2.095722,16.617006,3.860606
7,10000000,k2_twin,"(0, 2)",2,1.320337,wide,3117,16518449,17,14.898931,2.101069,2.101069,16.619988,3.859913
7,10000000,k2_twin,"(0, 2)",2,1.320337,wide,3117,16559553,27,14.894476,12.105524,12.105524,16.622474,3.859336
7,10000000,k2_twin,"(0, 2)",2,1.320337,wide,3117,16608377,18,14.889202,3.110798,3.110798,16.625418,3.858653
7,10000000,k2_twin,"(0, 2)",2,1.320337,wide,3117,16622878,10,14.887639,-4.887639,4.887639,16.626290,3.858450
7,10000000,k2_twin,"(0, 2)",2,1.320337,wide,3117,16686457,16,14.880806,1.119194,1.119194,16.630108,3.857565
7,10000000,k2_twin,"(0, 2)",2,1.320337,wide,3117,16703196,9,14.879012,-5.879012,5.879012,16.631111,3.857332
7,10000000,k2_twin,"(0, 2)",2,1.320337,wide,3117,16742498,13,14.874808,-1.874808,1.874808,16.633461,3.856787
7,10000000,k2_twin,"(0, 2)",2,1.320337,wide,3117,16775909,11,14.871243,-3.871243,3.871243,16.635454,3.856325
7,10000000,k2_twin,"(0, 2)",2,1.320337,wide,3117,16822933,15,14.866240,0.133760,0.133760,16.638254,3.855676
7,10000000,k2_twin,"(0, 2)",2,1.320337,wide,3117,16871267,20,14.861115,5.138885,5.138885,16.641123,3.855012
7,10000000,k2_twin,"(0, 2)",2,1.320337,wide,3117,16912512,12,14.856756,-2.856756,2.856756,16.643564,3.854446
7,10000000,k2_twin,"(0, 2)",2,1.320337,wide,3117,16944510,14,14.853382,-0.853382,0.853382,16.645454,3.854009
7,10000000,k2_twin,"(0, 2)",2,1.320337,wide,3117,16995446,14,14.848027,-0.848027,0.848027,16.648456,3.853314
7,10000000,k2_twin,"(0, 2)",2,1.320337,wide,3117,17025897,15,14.844835,0.155165,0.155165,16.650246,3.852900
7,10000000,k2_twin,"(0, 2)",2,1.320337,wide,3117,17053159,14,14.841983,-0.841983,0.841983,16.651846,3.852529
7,10000000,k2_twin,"(0, 2)",2,1.320337,wide,3117,17088177,15,14.838327,0.161673,0.161673,16.653897,3.852055
7,10000000,k2_twin,"(0, 2)",2,1.320337,wide,3117,17151569,15,14.831732,0.168268,0.168268,16.657600,3.851199
7,10000000,k2_twin,"(0, 2)",2,1.320337,wide,3117,17191979,16,14.827542,1.172458,1.172458,16.659953,3.850655
7,10000000,k2_twin,"(0, 2)",2,1.320337,wide,3117,17214938,17,14.825167,2.174833,2.174833,16.661288,3.850346
7,10000000,k2_twin,"(0, 2)",2,1.320337,wide,3117,17247798,14,14.821774,-0.821774,0.821774,16.663195,3.849906
7,10000000,k2_twin,"(0, 2)",2,1.320337,wide,3117,17300827,14,14.816315,-0.816315,0.816315,16.666265,3.849197
7,10000000,k2_twin,"(0, 2)",2,1.320337,wide,3117,17351424,10,14.811125,-4.811125,4.811125,16.669185,3.848522
7,10000000,k2_twin,"(0, 2)",2,1.320337,wide,3117,17367081,11,14.809522,-3.809522,3.809522,16.670087,3.848314
7,10000000,k2_twin,"(0, 2)",2,1.320337,wide,3117,17398004,15,14.806362,0.193638,0.193638,16.671866,3.847904
7,10000000,k2_twin,"(0, 2)",2,1.320337,wide,3117,17457400,17,14.800311,2.199689,2.199689,16.675274,3.847117
7,10000000,k2_twin,"(0, 2)",2,1.320337,wide,3117,17477969,17,14.798221,2.201779,2.201779,16.676452,3.846846
7,10000000,k2_twin,"(0, 2)",2,1.320337,wide,3117,17540500,21,14.791886,6.208114,6.208114,16.680023,3.846022
7,10000000,k2_twin,"(0, 2)",2,1.320337,wide,3117,17570230,15,14.788883,0.211117,0.211117,16.681717,3.845632
7,10000000,k2_twin,"(0, 2)",2,1.320337,wide,3117,17595444,15,14.786341,0.213659,0.213659,16.683151,3.845301
7,10000000,k2_twin,"(0, 2)",2,1.320337,wide,3117,17639569,15,14.781903,0.218097,0.218097,16.685655,3.844724
7,10000000,k2_twin,"(0, 2)",2,1.320337,wide,3117,17685184,17,14.777328,2.222672,2.222672,16.688238,3.844129
7,10000000,k2_twin,"(0, 2)",2,1.320337,wide,3117,17707658,14,14.775079,-0.775079,0.775079,16.689508,3.843837
7,10000000,k2_twin,"(0, 2)",2,1.320337,wide,3117,17758675,19,14.769987,4.230013,4.230013,16.692385,3.843174
7,10000000,k3_admiss,"(0, 2, 6)",3,2.858333,narrow,259,10014006,0,0.176749,-0.176749,0.176749,16.119495,0.420415
7,10000000,k3_admiss,"(0, 2, 6)",3,2.858333,narrow,259,10055170,1,0.176614,0.823386,0.823386,16.123597,0.420255
7,10000000,k3_admiss,"(0, 2, 6)",3,2.858333,narrow,259,10104189,1,0.176455,0.823545,0.823545,16.128461,0.420065
7,10000000,k3_admiss,"(0, 2, 6)",3,2.858333,narrow,259,10126495,0,0.176382,-0.176382,0.176382,16.130666,0.419979
7,10000000,k3_admiss,"(0, 2, 6)",3,2.858333,narrow,259,10176153,0,0.176222,-0.176222,0.176222,16.135558,0.419788
7,10000000,k3_admiss,"(0, 2, 6)",3,2.858333,narrow,259,10226093,0,0.176061,-0.176061,0.176061,16.140453,0.419597
7,10000000,k3_admiss,"(0, 2, 6)",3,2.858333,narrow,259,10237738,0,0.176024,-0.176024,0.176024,16.141591,0.419552
7,10000000,k3_admiss,"(0, 2, 6)",3,2.858333,narrow,259,10289812,0,0.175858,-0.175858,0.175858,16.146665,0.419355
7,10000000,k3_admiss,"(0, 2, 6)",3,2.858333,narrow,259,10318442,0,0.175768,-0.175768,0.175768,16.149443,0.419246
7,10000000,k3_admiss,"(0, 2, 6)",3,2.858333,narrow,259,10388367,0,0.175547,-0.175547,0.175547,16.156197,0.418984
7,10000000,k3_admiss,"(0, 2, 6)",3,2.858333,narrow,259,10413785,0,0.175468,-0.175468,0.175468,16.158641,0.418889
7,10000000,k3_admiss,"(0, 2, 6)",3,2.858333,narrow,259,10440928,0,0.175383,-0.175383,0.175383,16.161244,0.418787
7,10000000,k3_admiss,"(0, 2, 6)",3,2.858333,narrow,259,10495607,0,0.175213,-0.175213,0.175213,16.166467,0.418584
7,10000000,k3_admiss,"(0, 2, 6)",3,2.858333,narrow,259,10534670,0,0.175092,-0.175092,0.175092,16.170182,0.418440
7,10000000,k3_admiss,"(0, 2, 6)",3,2.858333,narrow,259,10582820,1,0.174944,0.825056,0.825056,16.174742,0.418263
7,10000000,k3_admiss,"(0, 2, 6)",3,2.858333,narrow,259,10605825,0,0.174874,-0.174874,0.174874,16.176914,0.418179
7,10000000,k3_admiss,"(0, 2, 6)",3,2.858333,narrow,259,10639115,0,0.174772,-0.174772,0.174772,16.180048,0.418058
7,10000000,k3_admiss,"(0, 2, 6)",3,2.858333,narrow,259,10668108,0,0.174684,-0.174684,0.174684,16.182769,0.417952
7,10000000,k3_admiss,"(0, 2, 6)",3,2.858333,narrow,259,10710680,0,0.174555,-0.174555,0.174555,16.186752,0.417798
7,10000000,k3_admiss,"(0, 2, 6)",3,2.858333,narrow,259,10765281,0,0.174391,-0.174391,0.174391,16.191837,0.417601
7,10000000,k3_admiss,"(0, 2, 6)",3,2.858333,narrow,259,10798243,0,0.174292,-0.174292,0.174292,16.194894,0.417483
7,10000000,k3_admiss,"(0, 2, 6)",3,2.858333,narrow,259,10824775,0,0.174213,-0.174213,0.174213,16.197348,0.417388
7,10000000,k3_admiss,"(0, 2, 6)",3,2.858333,narrow,259,10891308,1,0.174015,0.825985,0.825985,16.203476,0.417151
7,10000000,k3_admiss,"(0, 2, 6)",3,2.858333,narrow,259,10904424,1,0.173976,0.826024,0.826024,16.204679,0.417105
7,10000000,k3_admiss,"(0, 2, 6)",3,2.858333,narrow,259,10962891,0,0.173804,-0.173804,0.173804,16.210027,0.416898
7,10000000,k3_admiss,"(0, 2, 6)",3,2.858333,narrow,259,11009655,0,0.173667,-0.173667,0.173667,16.214283,0.416734
7,10000000,k3_admiss,"(0, 2, 6)",3,2.858333,narrow,259,11021712,2,0.173632,1.826368,1.826368,16.215378,0.416692
7,10000000,k3_admiss,"(0, 2, 6)",3,2.858333,narrow,259,11054077,0,0.173538,-0.173538,0.173538,16.218310,0.416579
7,10000000,k3_admiss,"(0, 2, 6)",3,2.858333,narrow,259,11125459,1,0.173332,0.826668,0.826668,16.224747,0.416331
7,10000000,k3_admiss,"(0, 2, 6)",3,2.858333,narrow,259,11161862,0,0.173227,-0.173227,0.173227,16.228013,0.416205
7,10000000,k3_admiss,"(0, 2, 6)",3,2.858333,narrow,259,11174976,0,0.173189,-0.173189,0.173189,16.229188,0.416160
7,10000000,k3_admiss,"(0, 2, 6)",3,2.858333,narrow,259,11208793,0,0.173093,-0.173093,0.173093,16.232209,0.416044
7,10000000,k3_admiss,"(0, 2, 6)",3,2.858333,narrow,259,11260796,0,0.172945,-0.172945,0.172945,16.236838,0.415866
7,10000000,k3_admiss,"(0, 2, 6)",3,2.858333,narrow,259,11312450,0,0.172799,-0.172799,0.172799,16.241414,0.415690
7,10000000,k3_admiss,"(0, 2, 6)",3,2.858333,narrow,259,11335819,0,0.172733,-0.172733,0.172733,16.243478,0.415611
7,10000000,k3_admiss,"(0, 2, 6)",3,2.858333,narrow,259,11390417,0,0.172580,-0.172580,0.172580,16.248283,0.415427
7,10000000,k3_admiss,"(0, 2, 6)",3,2.858333,narrow,259,11406145,0,0.172536,-0.172536,0.172536,16.249663,0.415374
7,10000000,k3_admiss,"(0, 2, 6)",3,2.858333,narrow,259,11468559,1,0.172362,0.827638,0.827638,16.255120,0.415165
7,10000000,k3_admiss,"(0, 2, 6)",3,2.858333,narrow,259,11495037,0,0.172289,-0.172289,0.172289,16.257426,0.415077
7,10000000,k3_admiss,"(0, 2, 6)",3,2.858333,narrow,259,11545092,0,0.172150,-0.172150,0.172150,16.261771,0.414910
7,10000000,k3_admiss,"(0, 2, 6)",3,2.858333,narrow,259,11580635,0,0.172053,-0.172053,0.172053,16.264845,0.414793
7,10000000,k3_admiss,"(0, 2, 6)",3,2.858333,narrow,259,11619779,0,0.171946,-0.171946,0.171946,16.268219,0.414663
7,10000000,k3_admiss,"(0, 2, 6)",3,2.858333,narrow,259,11641545,0,0.171886,-0.171886,0.171886,16.270091,0.414592
7,10000000,k3_admiss,"(0, 2, 6)",3,2.858333,narrow,259,11698528,0,0.171732,-0.171732,0.171732,16.274974,0.414405
7,10000000,k3_admiss,"(0, 2, 6)",3,2.858333,narrow,259,11721912,0,0.171669,-0.171669,0.171669,16.276970,0.414329
7,10000000,k3_admiss,"(0, 2, 6)",3,2.858333,narrow,259,11755380,0,0.171578,-0.171578,0.171578,16.279822,0.414220
7,10000000,k3_admiss,"(0, 2, 6)",3,2.858333,narrow,259,11806354,0,0.171442,-0.171442,0.171442,16.284148,0.414055
7,10000000,k3_admiss,"(0, 2, 6)",3,2.858333,narrow,259,11863238,0,0.171290,-0.171290,0.171290,16.288955,0.413872
7,10000000,k3_admiss,"(0, 2, 6)",3,2.858333,narrow,259,11878865,0,0.171248,-0.171248,0.171248,16.290271,0.413822
7,10000000,k3_admiss,"(0, 2, 6)",3,2.858333,narrow,259,11938114,0,0.171092,-0.171092,0.171092,16.295247,0.413632
7,10000000,k3_admiss,"(0, 2, 6)",3,2.858333,narrow,259,11946160,0,0.171070,-0.171070,0.171070,16.295920,0.413607
7,10000000,k3_admiss,"(0, 2, 6)",3,2.858333,narrow,259,12020408,1,0.170875,0.829125,0.829125,16.302116,0.413371
7,10000000,k3_admiss,"(0, 2, 6)",3,2.858333,narrow,259,12044618,0,0.170812,-0.170812,0.170812,16.304128,0.413294
7,10000000,k3_admiss,"(0, 2, 6)",3,2.858333,narrow,259,12097234,0,0.170675,-0.170675,0.170675,16.308487,0.413129
7,10000000,k3_admiss,"(0, 2, 6)",3,2.858333,narrow,259,12105032,0,0.170655,-0.170655,0.170655,16.309132,0.413104
7,10000000,k3_admiss,"(0, 2, 6)",3,2.858333,narrow,259,12145005,0,0.170552,-0.170552,0.170552,16.312429,0.412979
7,10000000,k3_admiss,"(0, 2, 6)",3,2.858333,narrow,259,12187217,0,0.170443,-0.170443,0.170443,16.315898,0.412847
7,10000000,k3_admiss,"(0, 2, 6)",3,2.858333,narrow,259,12241830,0,0.170303,-0.170303,0.170303,16.320369,0.412678
7,10000000,k3_admiss,"(0, 2, 6)",3,2.858333,narrow,259,12283101,0,0.170197,-0.170197,0.170197,16.323735,0.412550
7,10000000,k3_admiss,"(0, 2, 6)",3,2.858333,narrow,259,12320145,1,0.170103,0.829897,0.829897,16.326746,0.412436
7,10000000,k3_admiss,"(0, 2, 6)",3,2.858333,narrow,259,12339109,0,0.170055,-0.170055,0.170055,16.328284,0.412378
7,10000000,k3_admiss,"(0, 2, 6)",3,2.858333,narrow,259,12410505,1,0.169875,0.830125,0.830125,16.334054,0.412159
7,10000000,k3_admiss,"(0, 2, 6)",3,2.858333,narrow,259,12445913,0,0.169786,-0.169786,0.169786,16.336903,0.412051
7,10000000,k3_admiss,"(0, 2, 6)",3,2.858333,narrow,259,12455926,0,0.169761,-0.169761,0.169761,16.337707,0.412021
7,10000000,k3_admiss,"(0, 2, 6)",3,2.858333,narrow,259,12521410,0,0.169598,-0.169598,0.169598,16.342951,0.411823
7,10000000,k3_admiss,"(0, 2, 6)",3,2.858333,narrow,259,12564294,0,0.169491,-0.169491,0.169491,16.346370,0.411693
7,10000000,k3_admiss,"(0, 2, 6)",3,2.858333,narrow,259,12574387,0,0.169466,-0.169466,0.169466,16.347173,0.411663
7,10000000,k3_admiss,"(0, 2, 6)",3,2.858333,narrow,259,12638895,0,0.169307,-0.169307,0.169307,16.352290,0.411470
7,10000000,k3_admiss,"(0, 2, 6)",3,2.858333,narrow,259,12663986,0,0.169246,-0.169246,0.169246,16.354273,0.411395
7,10000000,k3_admiss,"(0, 2, 6)",3,2.858333,narrow,259,12721856,0,0.169104,-0.169104,0.169104,16.358832,0.411223
7,10000000,k3_admiss,"(0, 2, 6)",3,2.858333,narrow,259,12736560,1,0.169069,0.830931,0.830931,16.359987,0.411179
7,10000000,k3_admiss,"(0, 2, 6)",3,2.858333,narrow,259,12765823,0,0.168997,-0.168997,0.168997,16.362282,0.411093
7,10000000,k3_admiss,"(0, 2, 6)",3,2.858333,narrow,259,12824913,0,0.168854,-0.168854,0.168854,16.366900,0.410919
7,10000000,k3_admiss,"(0, 2, 6)",3,2.858333,narrow,259,12859477,0,0.168771,-0.168771,0.168771,16.369592,0.410818
7,10000000,k3_admiss,"(0, 2, 6)",3,2.858333,narrow,259,12908150,0,0.168654,-0.168654,0.168654,16.373369,0.410675
7,10000000,k3_admiss,"(0, 2, 6)",3,2.858333,narrow,259,12929845,1,0.168602,0.831398,0.831398,16.375049,0.410612
7,10000000,k3_admiss,"(0, 2, 6)",3,2.858333,narrow,259,12986673,0,0.168467,-0.168467,0.168467,16.379434,0.410447
7,10000000,k3_admiss,"(0, 2, 6)",3,2.858333,narrow,259,13003195,0,0.168428,-0.168428,0.168428,16.380706,0.410400
7,10000000,k3_admiss,"(0, 2, 6)",3,2.858333,narrow,259,13063619,0,0.168285,-0.168285,0.168285,16.385342,0.410225
7,10000000,k3_admiss,"(0, 2, 6)",3,2.858333,narrow,259,13107948,0,0.168181,-0.168181,0.168181,16.388729,0.410098
7,10000000,k3_admiss,"(0, 2, 6)",3,2.858333,narrow,259,13145371,1,0.168093,0.831907,0.831907,16.391580,0.409991
7,10000000,k3_admiss,"(0, 2, 6)",3,2.858333,narrow,259,13170711,0,0.168034,-0.168034,0.168034,16.393506,0.409919
7,10000000,k3_admiss,"(0, 2, 6)",3,2.858333,narrow,259,13216749,1,0.167926,0.832074,0.832074,16.396995,0.409788
7,10000000,k3_admiss,"(0, 2, 6)",3,2.858333,narrow,259,13243935,0,0.167863,-0.167863,0.167863,16.399050,0.409711
7,10000000,k3_admiss,"(0, 2, 6)",3,2.858333,narrow,259,13295313,0,0.167744,-0.167744,0.167744,16.402922,0.409566
7,10000000,k3_admiss,"(0, 2, 6)",3,2.858333,narrow,259,13344186,0,0.167632,-0.167632,0.167632,16.406591,0.409429
7,10000000,k3_admiss,"(0, 2, 6)",3,2.858333,narrow,259,13366286,0,0.167581,-0.167581,0.167581,16.408246,0.409367
7,10000000,k3_admiss,"(0, 2, 6)",3,2.858333,narrow,259,13421139,0,0.167456,-0.167456,0.167456,16.412342,0.409214
7,10000000,k3_admiss,"(0, 2, 6)",3,2.858333,narrow,259,13435167,0,0.167424,-0.167424,0.167424,16.413386,0.409175
7,10000000,k3_admiss,"(0, 2, 6)",3,2.858333,narrow,259,13475345,0,0.167332,-0.167332,0.167332,16.416372,0.409063
7,10000000,k3_admiss,"(0, 2, 6)",3,2.858333,narrow,259,13525437,0,0.167219,-0.167219,0.167219,16.420083,0.408924
7,10000000,k3_admiss,"(0, 2, 6)",3,2.858333,narrow,259,13566092,0,0.167127,-0.167127,0.167127,16.423084,0.408812
7,10000000,k3_admiss,"(0, 2, 6)",3,2.858333,narrow,259,13593637,0,0.167065,-0.167065,0.167065,16.425112,0.408736
7,10000000,k3_admiss,"(0, 2, 6)",3,2.858333,narrow,259,13656834,0,0.166924,-0.166924,0.166924,16.429751,0.408563
7,10000000,k3_admiss,"(0, 2, 6)",3,2.858333,narrow,259,13677796,0,0.166877,-0.166877,0.166877,16.431284,0.408506
7,10000000,k3_admiss,"(0, 2, 6)",3,2.858333,narrow,259,13725370,0,0.166772,-0.166772,0.166772,16.434757,0.408377
7,10000000,k3_admiss,"(0, 2, 6)",3,2.858333,narrow,259,13741334,0,0.166736,-0.166736,0.166736,16.435919,0.408333
7,10000000,k3_admiss,"(0, 2, 6)",3,2.858333,narrow,259,13788567,0,0.166632,-0.166632,0.166632,16.439350,0.408206
7,10000000,k3_admiss,"(0, 2, 6)",3,2.858333,narrow,259,13832805,0,0.166534,-0.166534,0.166534,16.442554,0.408086
7,10000000,k3_admiss,"(0, 2, 6)",3,2.858333,narrow,259,13882364,0,0.166426,-0.166426,0.166426,16.446130,0.407953
7,10000000,k3_admiss,"(0, 2, 6)",3,2.858333,narrow,259,13904304,0,0.166378,-0.166378,0.166378,16.447709,0.407894
7,10000000,k3_admiss,"(0, 2, 6)",3,2.858333,narrow,259,13963690,1,0.166249,0.833751,0.833751,16.451971,0.407736
7,10000000,k3_admiss,"(0, 2, 6)",3,2.858333,narrow,259,14001487,0,0.166167,-0.166167,0.166167,16.454674,0.407635
7,10000000,k3_admiss,"(0, 2, 6)",3,2.858333,narrow,259,14013310,0,0.166141,-0.166141,0.166141,16.455518,0.407604
7,10000000,k3_admiss,"(0, 2, 6)",3,2.858333,narrow,259,14066691,0,0.166026,-0.166026,0.166026,16.459320,0.407463
7,10000000,k3_admiss,"(0, 2, 6)",3,2.858333,narrow,259,14104428,0,0.165945,-0.165945,0.165945,16.461999,0.407363
7,10000000,k3_admiss,"(0, 2, 6)",3,2.858333,narrow,259,14144762,0,0.165859,-0.165859,0.165859,16.464855,0.407257
7,10000000,k3_admiss,"(0, 2, 6)",3,2.858333,narrow,259,14175040,0,0.165794,-0.165794,0.165794,16.466993,0.407178
7,10000000,k3_admiss,"(0, 2, 6)",3,2.858333,narrow,259,14221213,1,0.165696,0.834304,0.834304,16.470245,0.407058
7,10000000,k3_admiss,"(0, 2, 6)",3,2.858333,narrow,259,14255878,0,0.165622,-0.165622,0.165622,16.472680,0.406967
7,10000000,k3_admiss,"(0, 2, 6)",3,2.858333,narrow,259,14292395,0,0.165545,-0.165545,0.165545,16.475238,0.406873
7,10000000,k3_admiss,"(0, 2, 6)",3,2.858333,narrow,259,14350124,0,0.165424,-0.165424,0.165424,16.479269,0.406723
7,10000000,k3_admiss,"(0, 2, 6)",3,2.858333,narrow,259,14368318,0,0.165386,-0.165386,0.165386,16.480536,0.406676
7,10000000,k3_admiss,"(0, 2, 6)",3,2.858333,narrow,259,14403152,0,0.165313,-0.165313,0.165313,16.482958,0.406587
7,10000000,k3_admiss,"(0, 2, 6)",3,2.858333,narrow,259,14461269,0,0.165192,-0.165192,0.165192,16.486985,0.406438
7,10000000,k3_admiss,"(0, 2, 6)",3,2.858333,narrow,259,14513567,0,0.165083,-0.165083,0.165083,16.490594,0.406304
7,10000000,k3_admiss,"(0, 2, 6)",3,2.858333,narrow,259,14540790,0,0.165027,-0.165027,0.165027,16.492468,0.406235
7,10000000,k3_admiss,"(0, 2, 6)",3,2.858333,narrow,259,14585928,0,0.164934,-0.164934,0.164934,16.495568,0.406121
7,10000000,k3_admiss,"(0, 2, 6)",3,2.858333,narrow,259,14591861,0,0.164922,-0.164922,0.164922,16.495974,0.406106
7,10000000,k3_admiss,"(0, 2, 6)",3,2.858333,narrow,259,14649324,0,0.164804,-0.164804,0.164804,16.499905,0.405960
7,10000000,k3_admiss,"(0, 2, 6)",3,2.858333,narrow,259,14692873,0,0.164715,-0.164715,0.164715,16.502873,0.405851
7,10000000,k3_admiss,"(0, 2, 6)",3,2.858333,narrow,259,14715076,2,0.164670,1.835330,1.835330,16.504383,0.405795
7,10000000,k3_admiss,"(0, 2, 6)",3,2.858333,narrow,259,14758295,0,0.164582,-0.164582,0.164582,16.507316,0.405687
7,10000000,k3_admiss,"(0, 2, 6)",3,2.858333,narrow,259,14820900,0,0.164456,-0.164456,0.164456,16.511549,0.405531
7,10000000,k3_admiss,"(0, 2, 6)",3,2.858333,narrow,259,14846228,0,0.164404,-0.164404,0.164404,16.513256,0.405468
7,10000000,k3_admiss,"(0, 2, 6)",3,2.858333,narrow,259,14874689,0,0.164347,-0.164347,0.164347,16.515172,0.405398
7,10000000,k3_admiss,"(0, 2, 6)",3,2.858333,narrow,259,14936911,0,0.164223,-0.164223,0.164223,16.519346,0.405244
7,10000000,k3_admiss,"(0, 2, 6)",3,2.858333,narrow,259,14975144,0,0.164147,-0.164147,0.164147,16.521902,0.405150
7,10000000,k3_admiss,"(0, 2, 6)",3,2.858333,narrow,259,15011022,0,0.164075,-0.164075,0.164075,16.524295,0.405062
7,10000000,k3_admiss,"(0, 2, 6)",3,2.858333,narrow,259,15021795,1,0.164054,0.835946,0.835946,16.525013,0.405036
7,10000000,k3_admiss,"(0, 2, 6)",3,2.858333,narrow,259,15058939,0,0.163980,-0.163980,0.163980,16.527482,0.404945
7,10000000,k3_admiss,"(0, 2, 6)",3,2.858333,narrow,259,15123990,1,0.163852,0.836148,0.836148,16.531793,0.404786
7,10000000,k3_admiss,"(0, 2, 6)",3,2.858333,narrow,259,15146910,0,0.163807,-0.163807,0.163807,16.533307,0.404731
7,10000000,k3_admiss,"(0, 2, 6)",3,2.858333,narrow,259,15210099,0,0.163683,-0.163683,0.163683,16.537470,0.404578
7,10000000,k3_admiss,"(0, 2, 6)",3,2.858333,narrow,259,15249020,0,0.163608,-0.163608,0.163608,16.540026,0.404484
7,10000000,k3_admiss,"(0, 2, 6)",3,2.858333,narrow,259,15267305,0,0.163572,-0.163572,0.163572,16.541224,0.404440
7,10000000,k3_admiss,"(0, 2, 6)",3,2.858333,narrow,259,15323946,0,0.163462,-0.163462,0.163462,16.544927,0.404305
7,10000000,k3_admiss,"(0, 2, 6)",3,2.858333,narrow,259,15364742,0,0.163383,-0.163383,0.163383,16.547586,0.404207
7,10000000,k3_admiss,"(0, 2, 6)",3,2.858333,narrow,259,15371261,0,0.163371,-0.163371,0.163371,16.548010,0.404192
7,10000000,k3_admiss,"(0, 2, 6)",3,2.858333,narrow,259,15427493,1,0.163263,0.836737,0.836737,16.551662,0.404058
7,10000000,k3_admiss,"(0, 2, 6)",3,2.858333,narrow,259,15459757,0,0.163201,-0.163201,0.163201,16.553751,0.403981
7,10000000,k3_admiss,"(0, 2, 6)",3,2.858333,narrow,259,15495078,0,0.163133,-0.163133,0.163133,16.556033,0.403898
7,10000000,k3_admiss,"(0, 2, 6)",3,2.858333,narrow,259,15560300,0,0.163009,-0.163009,0.163009,16.560233,0.403744
7,10000000,k3_admiss,"(0, 2, 6)",3,2.858333,narrow,259,15599164,0,0.162936,-0.162936,0.162936,16.562728,0.403653
7,10000000,k3_admiss,"(0, 2, 6)",3,2.858333,narrow,259,15618159,0,0.162900,-0.162900,0.162900,16.563945,0.403608
7,10000000,k3_admiss,"(0, 2, 6)",3,2.858333,narrow,259,15660098,0,0.162821,-0.162821,0.162821,16.566627,0.403510
7,10000000,k3_admiss,"(0, 2, 6)",3,2.858333,narrow,259,15690668,0,0.162763,-0.162763,0.162763,16.568577,0.403439
7,10000000,k3_admiss,"(0, 2, 6)",3,2.858333,narrow,259,15729920,0,0.162690,-0.162690,0.162690,16.571075,0.403348
7,10000000,k3_admiss,"(0, 2, 6)",3,2.858333,narrow,259,15778918,0,0.162598,-0.162598,0.162598,16.574185,0.403234
7,10000000,k3_admiss,"(0, 2, 6)",3,2.858333,narrow,259,15833650,0,0.162496,-0.162496,0.162496,16.577648,0.403108
7,10000000,k3_admiss,"(0, 2, 6)",3,2.858333,narrow,259,15858916,0,0.162449,-0.162449,0.162449,16.579242,0.403050
7,10000000,k3_admiss,"(0, 2, 6)",3,2.858333,narrow,259,15902216,0,0.162369,-0.162369,0.162369,16.581969,0.402951
7,10000000,k3_admiss,"(0, 2, 6)",3,2.858333,narrow,259,15950773,0,0.162280,-0.162280,0.162280,16.585018,0.402839
7,10000000,k3_admiss,"(0, 2, 6)",3,2.858333,narrow,259,15989122,0,0.162209,-0.162209,0.162209,16.587419,0.402752
7,10000000,k3_admiss,"(0, 2, 6)",3,2.858333,narrow,259,15994562,0,0.162199,-0.162199,0.162199,16.587759,0.402740
7,10000000,k3_admiss,"(0, 2, 6)",3,2.858333,narrow,259,16055606,0,0.162088,-0.162088,0.162088,16.591569,0.402601
7,10000000,k3_admiss,"(0, 2, 6)",3,2.858333,narrow,259,16083446,0,0.162037,-0.162037,0.162037,16.593301,0.402538
7,10000000,k3_admiss,"(0, 2, 6)",3,2.858333,narrow,259,16134342,0,0.161944,-0.161944,0.161944,16.596461,0.402423
7,10000000,k3_admiss,"(0, 2, 6)",3,2.858333,narrow,259,16181817,0,0.161858,-0.161858,0.161858,16.599399,0.402316
7,10000000,k3_admiss,"(0, 2, 6)",3,2.858333,narrow,259,16201920,0,0.161822,-0.161822,0.161822,16.600640,0.402271
7,10000000,k3_admiss,"(0, 2, 6)",3,2.858333,narrow,259,16244052,0,0.161746,-0.161746,0.161746,16.603237,0.402177
7,10000000,k3_admiss,"(0, 2, 6)",3,2.858333,narrow,259,16269049,1,0.161701,0.838299,0.838299,16.604775,0.402121
7,10000000,k3_admiss,"(0, 2, 6)",3,2.858333,narrow,259,16335623,0,0.161582,-0.161582,0.161582,16.608859,0.401972
7,10000000,k3_admiss,"(0, 2, 6)",3,2.858333,narrow,259,16349433,0,0.161557,-0.161557,0.161557,16.609704,0.401942
7,10000000,k3_admiss,"(0, 2, 6)",3,2.858333,narrow,259,16397255,0,0.161472,-0.161472,0.161472,16.612625,0.401836
7,10000000,k3_admiss,"(0, 2, 6)",3,2.858333,narrow,259,16449077,0,0.161380,-0.161380,0.161380,16.615780,0.401721
7,10000000,k3_admiss,"(0, 2, 6)",3,2.858333,narrow,259,16463944,0,0.161354,-0.161354,0.161354,16.616683,0.401689
7,10000000,k3_admiss,"(0, 2, 6)",3,2.858333,narrow,259,16500970,0,0.161288,-0.161288,0.161288,16.618930,0.401607
7,10000000,k3_admiss,"(0, 2, 6)",3,2.858333,narrow,259,16574972,0,0.161158,-0.161158,0.161158,16.623404,0.401445
7,10000000,k3_admiss,"(0, 2, 6)",3,2.858333,narrow,259,16597765,0,0.161118,-0.161118,0.161118,16.624779,0.401395
7,10000000,k3_admiss,"(0, 2, 6)",3,2.858333,narrow,259,16636944,0,0.161050,-0.161050,0.161050,16.627136,0.401310
7,10000000,k3_admiss,"(0, 2, 6)",3,2.858333,narrow,259,16665763,0,0.160999,-0.160999,0.160999,16.628867,0.401247
7,10000000,k3_admiss,"(0, 2, 6)",3,2.858333,narrow,259,16704546,0,0.160932,-0.160932,0.160932,16.631191,0.401163
7,10000000,k3_admiss,"(0, 2, 6)",3,2.858333,narrow,259,16736073,1,0.160877,0.839123,0.839123,16.633077,0.401095
7,10000000,k3_admiss,"(0, 2, 6)",3,2.858333,narrow,259,16775084,1,0.160810,0.839190,0.839190,16.635405,0.401011
7,10000000,k3_admiss,"(0, 2, 6)",3,2.858333,narrow,259,16824209,1,0.160725,0.839275,0.839275,16.638329,0.400905
7,10000000,k3_admiss,"(0, 2, 6)",3,2.858333,narrow,259,16876663,0,0.160635,-0.160635,0.160635,16.641442,0.400792
7,10000000,k3_admiss,"(0, 2, 6)",3,2.858333,narrow,259,16898934,0,0.160596,-0.160596,0.160596,16.642761,0.400745
7,10000000,k3_admiss,"(0, 2, 6)",3,2.858333,narrow,259,16954403,0,0.160502,-0.160502,0.160502,16.646038,0.400626
7,10000000,k3_admiss,"(0, 2, 6)",3,2.858333,narrow,259,16981865,0,0.160455,-0.160455,0.160455,16.647657,0.400568
7,10000000,k3_admiss,"(0, 2, 6)",3,2.858333,narrow,259,17029023,0,0.160375,-0.160375,0.160375,16.650430,0.400468
7,10000000,k3_admiss,"(0, 2, 6)",3,2.858333,narrow,259,17060680,0,0.160321,-0.160321,0.160321,16.652287,0.400401
7,10000000,k3_admiss,"(0, 2, 6)",3,2.858333,narrow,259,17086158,0,0.160278,-0.160278,0.160278,16.653779,0.400347
7,10000000,k3_admiss,"(0, 2, 6)",3,2.858333,narrow,259,17130836,0,0.160202,-0.160202,0.160202,16.656391,0.400253
7,10000000,k3_admiss,"(0, 2, 6)",3,2.858333,narrow,259,17183430,0,0.160114,-0.160114,0.160114,16.659456,0.400143
7,10000000,k3_admiss,"(0, 2, 6)",3,2.858333,narrow,259,17205051,0,0.160078,-0.160078,0.160078,16.660714,0.400097
7,10000000,k3_admiss,"(0, 2, 6)",3,2.858333,narrow,259,17249510,0,0.160003,-0.160003,0.160003,16.663294,0.400004
7,10000000,k3_admiss,"(0, 2, 6)",3,2.858333,narrow,259,17304189,1,0.159912,0.840088,0.840088,16.666459,0.399890
7,10000000,k3_admiss,"(0, 2, 6)",3,2.858333,narrow,259,17348076,0,0.159839,-0.159839,0.159839,16.668992,0.399799
7,10000000,k3_admiss,"(0, 2, 6)",3,2.858333,narrow,259,17378551,0,0.159789,-0.159789,0.159789,16.670747,0.399736
7,10000000,k3_admiss,"(0, 2, 6)",3,2.858333,narrow,259,17397889,0,0.159757,-0.159757,0.159757,16.671859,0.399696
7,10000000,k3_admiss,"(0, 2, 6)",3,2.858333,narrow,259,17460092,0,0.159654,-0.159654,0.159654,16.675428,0.399568
7,10000000,k3_admiss,"(0, 2, 6)",3,2.858333,narrow,259,17474804,0,0.159630,-0.159630,0.159630,16.676271,0.399538
7,10000000,k3_admiss,"(0, 2, 6)",3,2.858333,narrow,259,17519839,0,0.159556,-0.159556,0.159556,16.678844,0.399445
7,10000000,k3_admiss,"(0, 2, 6)",3,2.858333,narrow,259,17577809,0,0.159462,-0.159462,0.159462,16.682148,0.399326
7,10000000,k3_admiss,"(0, 2, 6)",3,2.858333,narrow,259,17614253,0,0.159402,-0.159402,0.159402,16.684219,0.399252
7,10000000,k3_admiss,"(0, 2, 6)",3,2.858333,narrow,259,17639804,0,0.159361,-0.159361,0.159361,16.685668,0.399200
7,10000000,k3_admiss,"(0, 2, 6)",3,2.858333,narrow,259,17680056,0,0.159295,-0.159295,0.159295,16.687948,0.399118
7,10000000,k3_admiss,"(0, 2, 6)",3,2.858333,narrow,259,17717289,0,0.159235,-0.159235,0.159235,16.690052,0.399043
7,10000000,k3_admiss,"(0, 2, 6)",3,2.858333,narrow,259,17757584,0,0.159170,-0.159170,0.159170,16.692323,0.398961
7,10000000,k3_admiss,"(0, 2, 6)",3,2.858333,wide,3117,10034059,4,2.126283,1.873717,1.873717,16.121496,1.458178
7,10000000,k3_admiss,"(0, 2, 6)",3,2.858333,wide,3117,10066798,3,2.124995,0.875005,0.875005,16.124753,1.457736
7,10000000,k3_admiss,"(0, 2, 6)",3,2.858333,wide,3117,10111212,1,2.123256,-1.123256,1.123256,16.129155,1.457139
7,10000000,k3_admiss,"(0, 2, 6)",3,2.858333,wide,3117,10123801,3,2.122764,0.877236,0.877236,16.130400,1.456971
7,10000000,k3_admiss,"(0, 2, 6)",3,2.858333,wide,3117,10184286,3,2.120415,0.879585,0.879585,16.136357,1.456164
7,10000000,k3_admiss,"(0, 2, 6)",3,2.858333,wide,3117,10227858,1,2.118733,-1.118733,1.118733,16.140626,1.455587
7,10000000,k3_admiss,"(0, 2, 6)",3,2.858333,wide,3117,10242050,3,2.118187,0.881813,0.881813,16.142012,1.455399
7,10000000,k3_admiss,"(0, 2, 6)",3,2.858333,wide,3117,10276984,1,2.116847,-1.116847,1.116847,16.145417,1.454939
7,10000000,k3_admiss,"(0, 2, 6)",3,2.858333,wide,3117,10316593,5,2.115335,2.884665,2.884665,16.149264,1.454419
7,10000000,k3_admiss,"(0, 2, 6)",3,2.858333,wide,3117,10372579,4,2.113210,1.886790,1.886790,16.154676,1.453688
7,10000000,k3_admiss,"(0, 2, 6)",3,2.858333,wide,3117,10402374,0,2.112085,-2.112085,2.112085,16.157545,1.453301
7,10000000,k3_admiss,"(0, 2, 6)",3,2.858333,wide,3117,10434443,2,2.110879,-0.110879,0.110879,16.160623,1.452886
7,10000000,k3_admiss,"(0, 2, 6)",3,2.858333,wide,3117,10480334,0,2.109160,-2.109160,2.109160,16.165011,1.452295
7,10000000,k3_admiss,"(0, 2, 6)",3,2.858333,wide,3117,10526756,0,2.107432,-2.107432,2.107432,16.169431,1.451700
7,10000000,k3_admiss,"(0, 2, 6)",3,2.858333,wide,3117,10576510,2,2.105589,-0.105589,0.105589,16.174146,1.451065
7,10000000,k3_admiss,"(0, 2, 6)",3,2.858333,wide,3117,10605498,1,2.104521,-1.104521,1.104521,16.176883,1.450697
7,10000000,k3_admiss,"(0, 2, 6)",3,2.858333,wide,3117,10626411,4,2.103752,1.896248,1.896248,16.178853,1.450432
7,10000000,k3_admiss,"(0, 2, 6)",3,2.858333,wide,3117,10694530,1,2.101262,-1.101262,1.101262,16.185243,1.449573
7,10000000,k3_admiss,"(0, 2, 6)",3,2.858333,wide,3117,10714862,2,2.100522,-0.100522,0.100522,16.187142,1.449318
7,10000000,k3_admiss,"(0, 2, 6)",3,2.858333,wide,3117,10770998,1,2.098490,-1.098490,1.098490,16.192368,1.448617
7,10000000,k3_admiss,"(0, 2, 6)",3,2.858333,wide,3117,10811121,3,2.097045,0.902955,0.902955,16.196086,1.448118
7,10000000,k3_admiss,"(0, 2, 6)",3,2.858333,wide,3117,10824233,3,2.096574,0.903426,0.903426,16.197298,1.447955
7,10000000,k3_admiss,"(0, 2, 6)",3,2.858333,wide,3117,10875122,1,2.094754,-1.094754,1.094754,16.201988,1.447327
7,10000000,k3_admiss,"(0, 2, 6)",3,2.858333,wide,3117,10924820,1,2.092987,-1.092987,1.092987,16.206548,1.446716
7,10000000,k3_admiss,"(0, 2, 6)",3,2.858333,wide,3117,10958143,1,2.091808,-1.091808,1.091808,16.209593,1.446308
7,10000000,k3_admiss,"(0, 2, 6)",3,2.858333,wide,3117,10993858,1,2.090549,-1.090549,1.090549,16.212847,1.445873
7,10000000,k3_admiss,"(0, 2, 6)",3,2.858333,wide,3117,11030312,4,2.089269,1.910731,1.910731,16.216158,1.445430
7,10000000,k3_admiss,"(0, 2, 6)",3,2.858333,wide,3117,11073215,3,2.087770,0.912230,0.912230,16.220040,1.444912
7,10000000,k3_admiss,"(0, 2, 6)",3,2.858333,wide,3117,11108342,7,2.086547,4.913453,4.913453,16.223207,1.444489
7,10000000,k3_admiss,"(0, 2, 6)",3,2.858333,wide,3117,11158539,2,2.084809,-0.084809,0.084809,16.227716,1.443887
7,10000000,k3_admiss,"(0, 2, 6)",3,2.858333,wide,3117,11200688,2,2.083357,-0.083357,0.083357,16.231486,1.443384
7,10000000,k3_admiss,"(0, 2, 6)",3,2.858333,wide,3117,11218421,4,2.082748,1.917252,1.917252,16.233068,1.443173
7,10000000,k3_admiss,"(0, 2, 6)",3,2.858333,wide,3117,11245256,1,2.081828,-1.081828,1.081828,16.235457,1.442854
7,10000000,k3_admiss,"(0, 2, 6)",3,2.858333,wide,3117,11297561,5,2.080045,2.919955,2.919955,16.240097,1.442236
7,10000000,k3_admiss,"(0, 2, 6)",3,2.858333,wide,3117,11353051,2,2.078163,-0.078163,0.078163,16.244997,1.441584
7,10000000,k3_admiss,"(0, 2, 6)",3,2.858333,wide,3117,11375734,0,2.077398,-2.077398,2.077398,16.246993,1.441318
7,10000000,k3_admiss,"(0, 2, 6)",3,2.858333,wide,3117,11414742,1,2.076085,-1.076085,1.076085,16.250416,1.440863
7,10000000,k3_admiss,"(0, 2, 6)",3,2.858333,wide,3117,11465812,1,2.074375,-1.074375,1.074375,16.254880,1.440269
7,10000000,k3_admiss,"(0, 2, 6)",3,2.858333,wide,3117,11498590,2,2.073283,-0.073283,0.073283,16.257735,1.439890
7,10000000,k3_admiss,"(0, 2, 6)",3,2.858333,wide,3117,11536886,3,2.072012,0.927988,0.927988,16.261060,1.439448
7,10000000,k3_admiss,"(0, 2, 6)",3,2.858333,wide,3117,11568834,0,2.070955,-2.070955,2.070955,16.263825,1.439081
7,10000000,k3_admiss,"(0, 2, 6)",3,2.858333,wide,3117,11627527,2,2.069023,-0.069023,0.069023,16.268886,1.438410
7,10000000,k3_admiss,"(0, 2, 6)",3,2.858333,wide,3117,11641218,2,2.068575,-0.068575,0.068575,16.270063,1.438254
7,10000000,k3_admiss,"(0, 2, 6)",3,2.858333,wide,3117,11677741,3,2.067380,0.932620,0.932620,16.273195,1.437839
7,10000000,k3_admiss,"(0, 2, 6)",3,2.858333,wide,3117,11738124,1,2.065416,-1.065416,1.065416,16.278353,1.437156
7,10000000,k3_admiss,"(0, 2, 6)",3,2.858333,wide,3117,11781675,3,2.064008,0.935992,0.935992,16.282056,1.436665
7,10000000,k3_admiss,"(0, 2, 6)",3,2.858333,wide,3117,11801681,1,2.063363,-1.063363,1.063363,16.283753,1.436441
7,10000000,k3_admiss,"(0, 2, 6)",3,2.858333,wide,3117,11842553,2,2.062049,-0.062049,0.062049,16.287210,1.435984
7,10000000,k3_admiss,"(0, 2, 6)",3,2.858333,wide,3117,11892437,2,2.060454,-0.060454,0.060454,16.291413,1.435428
7,10000000,k3_admiss,"(0, 2, 6)",3,2.858333,wide,3117,11924899,2,2.059420,-0.059420,0.059420,16.294139,1.435068
7,10000000,k3_admiss,"(0, 2, 6)",3,2.858333,wide,3117,11971406,2,2.057945,-0.057945,0.057945,16.298032,1.434554
7,10000000,k3_admiss,"(0, 2, 6)",3,2.858333,wide,3117,11995093,3,2.057196,0.942804,0.942804,16.300008,1.434293
7,10000000,k3_admiss,"(0, 2, 6)",3,2.858333,wide,3117,12034660,2,2.055950,-0.055950,0.055950,16.303301,1.433858
7,10000000,k3_admiss,"(0, 2, 6)",3,2.858333,wide,3117,12091925,0,2.054156,-2.054156,2.054156,16.308048,1.433233
7,10000000,k3_admiss,"(0, 2, 6)",3,2.858333,wide,3117,12110897,7,2.053563,4.946437,4.946437,16.309616,1.433026
7,10000000,k3_admiss,"(0, 2, 6)",3,2.858333,wide,3117,12155647,3,2.052171,0.947829,0.947829,16.313304,1.432540
7,10000000,k3_admiss,"(0, 2, 6)",3,2.858333,wide,3117,12206798,2,2.050587,-0.050587,0.050587,16.317504,1.431987
7,10000000,k3_admiss,"(0, 2, 6)",3,2.858333,wide,3117,12243725,0,2.049449,-2.049449,2.049449,16.320524,1.431590
7,10000000,k3_admiss,"(0, 2, 6)",3,2.858333,wide,3117,12267534,2,2.048717,-0.048717,0.048717,16.322467,1.431334
7,10000000,k3_admiss,"(0, 2, 6)",3,2.858333,wide,3117,12302061,0,2.047660,-2.047660,2.047660,16.325277,1.430965
7,10000000,k3_admiss,"(0, 2, 6)",3,2.858333,wide,3117,12348027,3,2.046257,0.953743,0.953743,16.329007,1.430474
7,10000000,k3_admiss,"(0, 2, 6)",3,2.858333,wide,3117,12377568,3,2.045359,0.954641,0.954641,16.331396,1.430161
7,10000000,k3_admiss,"(0, 2, 6)",3,2.858333,wide,3117,12440223,3,2.043464,0.956536,0.956536,16.336446,1.429498
7,10000000,k3_admiss,"(0, 2, 6)",3,2.858333,wide,3117,12482321,0,2.042196,-2.042196,2.042196,16.339824,1.429054
7,10000000,k3_admiss,"(0, 2, 6)",3,2.858333,wide,3117,12497321,2,2.041746,-0.041746,0.041746,16.341025,1.428897
7,10000000,k3_admiss,"(0, 2, 6)",3,2.858333,wide,3117,12538339,0,2.040519,-2.040519,2.040519,16.344302,1.428467
7,10000000,k3_admiss,"(0, 2, 6)",3,2.858333,wide,3117,12601703,3,2.038632,0.961368,0.961368,16.349343,1.427807
7,10000000,k3_admiss,"(0, 2, 6)",3,2.858333,wide,3117,12624514,1,2.037956,-1.037956,1.037956,16.351151,1.427570
7,10000000,k3_admiss,"(0, 2, 6)",3,2.858333,wide,3117,12670883,4,2.036586,1.963414,1.963414,16.354817,1.427090
7,10000000,k3_admiss,"(0, 2, 6)",3,2.858333,wide,3117,12705549,0,2.035566,-2.035566,2.035566,16.357549,1.426732
7,10000000,k3_admiss,"(0, 2, 6)",3,2.858333,wide,3117,12744882,1,2.034412,-1.034412,1.034412,16.360640,1.426328
7,10000000,k3_admiss,"(0, 2, 6)",3,2.858333,wide,3117,12767049,2,2.033764,-0.033764,0.033764,16.362378,1.426101
7,10000000,k3_admiss,"(0, 2, 6)",3,2.858333,wide,3117,12808718,1,2.032550,-1.032550,1.032550,16.365637,1.425675
7,10000000,k3_admiss,"(0, 2, 6)",3,2.858333,wide,3117,12853799,2,2.031241,-0.031241,0.031241,16.369150,1.425216
7,10000000,k3_admiss,"(0, 2, 6)",3,2.858333,wide,3117,12885684,3,2.030320,0.969680,0.969680,16.371627,1.424893
7,10000000,k3_admiss,"(0, 2, 6)",3,2.858333,wide,3117,12950390,0,2.028457,-2.028457,2.028457,16.376636,1.424239
7,10000000,k3_admiss,"(0, 2, 6)",3,2.858333,wide,3117,12969934,3,2.027897,0.972103,0.972103,16.378144,1.424043
7,10000000,k3_admiss,"(0, 2, 6)",3,2.858333,wide,3117,13017958,4,2.026525,1.973475,1.973475,16.381840,1.423561
7,10000000,k3_admiss,"(0, 2, 6)",3,2.858333,wide,3117,13055457,3,2.025458,0.974542,0.974542,16.384717,1.423186
7,10000000,k3_admiss,"(0, 2, 6)",3,2.858333,wide,3117,13102425,1,2.024127,-1.024127,1.024127,16.388308,1.422718
7,10000000,k3_admiss,"(0, 2, 6)",3,2.858333,wide,3117,13129305,0,2.023368,-2.023368,2.023368,16.390357,1.422451
7,10000000,k3_admiss,"(0, 2, 6)",3,2.858333,wide,3117,13182360,1,2.021875,-1.021875,1.021875,16.394390,1.421927
7,10000000,k3_admiss,"(0, 2, 6)",3,2.858333,wide,3117,13217310,1,2.020896,-1.020896,1.020896,16.397038,1.421582
7,10000000,k3_admiss,"(0, 2, 6)",3,2.858333,wide,3117,13264207,3,2.019587,0.980413,0.980413,16.400580,1.421122
7,10000000,k3_admiss,"(0, 2, 6)",3,2.858333,wide,3117,13279133,1,2.019172,-1.019172,1.019172,16.401704,1.420976
7,10000000,k3_admiss,"(0, 2, 6)",3,2.858333,wide,3117,13318686,1,2.018074,-1.018074,1.018074,16.404679,1.420589
7,10000000,k3_admiss,"(0, 2, 6)",3,2.858333,wide,3117,13353974,1,2.017098,-1.017098,1.017098,16.407325,1.420246
7,10000000,k3_admiss,"(0, 2, 6)",3,2.858333,wide,3117,13393638,1,2.016005,-1.016005,1.016005,16.410290,1.419861
7,10000000,k3_admiss,"(0, 2, 6)",3,2.858333,wide,3117,13429268,2,2.015026,-0.015026,0.015026,16.412947,1.419516
7,10000000,k3_admiss,"(0, 2, 6)",3,2.858333,wide,3117,13482453,0,2.013571,-2.013571,2.013571,16.416900,1.419004
7,10000000,k3_admiss,"(0, 2, 6)",3,2.858333,wide,3117,13512854,2,2.012743,-0.012743,0.012743,16.419152,1.418712
7,10000000,k3_admiss,"(0, 2, 6)",3,2.858333,wide,3117,13552576,3,2.011664,0.988336,0.988336,16.422087,1.418331
7,10000000,k3_admiss,"(0, 2, 6)",3,2.858333,wide,3117,13607503,2,2.010178,-0.010178,0.010178,16.426132,1.417808
7,10000000,k3_admiss,"(0, 2, 6)",3,2.858333,wide,3117,13641599,1,2.009260,-1.009260,1.009260,16.428634,1.417484
7,10000000,k3_admiss,"(0, 2, 6)",3,2.858333,wide,3117,13671271,1,2.008463,-1.008463,1.008463,16.430807,1.417203
7,10000000,k3_admiss,"(0, 2, 6)",3,2.858333,wide,3117,13711854,2,2.007377,-0.007377,0.007377,16.433771,1.416819
7,10000000,k3_admiss,"(0, 2, 6)",3,2.858333,wide,3117,13758111,1,2.006143,-1.006143,1.006143,16.437139,1.416384
7,10000000,k3_admiss,"(0, 2, 6)",3,2.858333,wide,3117,13794533,5,2.005176,2.994824,2.994824,16.439783,1.416042
7,10000000,k3_admiss,"(0, 2, 6)",3,2.858333,wide,3117,13822983,2,2.004422,-0.004422,0.004422,16.441843,1.415776
7,10000000,k3_admiss,"(0, 2, 6)",3,2.858333,wide,3117,13886209,2,2.002754,-0.002754,0.002754,16.446407,1.415187
7,10000000,k3_admiss,"(0, 2, 6)",3,2.858333,wide,3117,13895340,4,2.002514,1.997486,1.997486,16.447064,1.415102
7,10000000,k3_admiss,"(0, 2, 6)",3,2.858333,wide,3117,13935195,2,2.001468,-0.001468,0.001468,16.449928,1.414733
7,10000000,k3_admiss,"(0, 2, 6)",3,2.858333,wide,3117,13989863,4,2.000040,1.999960,1.999960,16.453844,1.414228
7,10000000,k3_admiss,"(0, 2, 6)",3,2.858333,wide,3117,14026379,3,1.999090,1.000910,1.000910,16.456450,1.413892
7,10000000,k3_admiss,"(0, 2, 6)",3,2.858333,wide,3117,14073460,2,1.997869,0.002131,0.002131,16.459801,1.413460
7,10000000,k3_admiss,"(0, 2, 6)",3,2.858333,wide,3117,14116997,1,1.996745,-0.996745,0.996745,16.462890,1.413062
7,10000000,k3_admiss,"(0, 2, 6)",3,2.858333,wide,3117,14140102,3,1.996150,1.003850,1.003850,16.464525,1.412852
7,10000000,k3_admiss,"(0, 2, 6)",3,2.858333,wide,3117,14192633,1,1.994802,-0.994802,0.994802,16.468234,1.412375
7,10000000,k3_admiss,"(0, 2, 6)",3,2.858333,wide,3117,14233211,6,1.993765,4.006235,4.006235,16.471089,1.412008
7,10000000,k3_admiss,"(0, 2, 6)",3,2.858333,wide,3117,14265360,3,1.992946,1.007054,1.007054,16.473345,1.411717
7,10000000,k3_admiss,"(0, 2, 6)",3,2.858333,wide,3117,14305835,1,1.991918,-0.991918,0.991918,16.476178,1.411353
7,10000000,k3_admiss,"(0, 2, 6)",3,2.858333,wide,3117,14327115,4,1.991379,2.008621,2.008621,16.477664,1.411162
7,10000000,k3_admiss,"(0, 2, 6)",3,2.858333,wide,3117,14385935,3,1.989895,1.010105,1.010105,16.481762,1.410636
7,10000000,k3_admiss,"(0, 2, 6)",3,2.858333,wide,3117,14403263,1,1.989459,-0.989459,0.989459,16.482965,1.410482
7,10000000,k3_admiss,"(0, 2, 6)",3,2.858333,wide,3117,14436217,1,1.988632,-0.988632,0.988632,16.485251,1.410189
7,10000000,k3_admiss,"(0, 2, 6)",3,2.858333,wide,3117,14497841,1,1.987091,-0.987091,0.987091,16.489510,1.409642
7,10000000,k3_admiss,"(0, 2, 6)",3,2.858333,wide,3117,14531956,2,1.986242,0.013758,0.013758,16.491861,1.409341
7,10000000,k3_admiss,"(0, 2, 6)",3,2.858333,wide,3117,14576656,5,1.985133,3.014867,3.014867,16.494932,1.408947
7,10000000,k3_admiss,"(0, 2, 6)",3,2.858333,wide,3117,14599373,1,1.984571,-0.984571,0.984571,16.496489,1.408748
7,10000000,k3_admiss,"(0, 2, 6)",3,2.858333,wide,3117,14631535,2,1.983777,0.016223,0.016223,16.498690,1.408466
7,10000000,k3_admiss,"(0, 2, 6)",3,2.858333,wide,3117,14673102,1,1.982754,-0.982754,0.982754,16.501527,1.408103
7,10000000,k3_admiss,"(0, 2, 6)",3,2.858333,wide,3117,14723395,2,1.981521,0.018479,0.018479,16.504948,1.407665
7,10000000,k3_admiss,"(0, 2, 6)",3,2.858333,wide,3117,14757893,2,1.980679,0.019321,0.019321,16.507289,1.407366
7,10000000,k3_admiss,"(0, 2, 6)",3,2.858333,wide,3117,14808520,2,1.979447,0.020553,0.020553,16.510713,1.406928
7,10000000,k3_admiss,"(0, 2, 6)",3,2.858333,wide,3117,14826092,1,1.979020,-0.979020,0.979020,16.511899,1.406777
7,10000000,k3_admiss,"(0, 2, 6)",3,2.858333,wide,3117,14883191,3,1.977639,1.022361,1.022361,16.515743,1.406285
7,10000000,k3_admiss,"(0, 2, 6)",3,2.858333,wide,3117,14937600,3,1.976329,1.023671,1.023671,16.519392,1.405820
7,10000000,k3_admiss,"(0, 2, 6)",3,2.858333,wide,3117,14974816,0,1.975436,-1.975436,1.975436,16.521880,1.405502
7,10000000,k3_admiss,"(0, 2, 6)",3,2.858333,wide,3117,14991774,2,1.975030,0.024970,0.024970,16.523012,1.405358
7,10000000,k3_admiss,"(0, 2, 6)",3,2.858333,wide,3117,15025152,5,1.974233,3.025767,3.025767,16.525236,1.405074
7,10000000,k3_admiss,"(0, 2, 6)",3,2.858333,wide,3117,15085695,0,1.972793,-1.972793,1.972793,16.529258,1.404561
7,10000000,k3_admiss,"(0, 2, 6)",3,2.858333,wide,3117,15125617,3,1.971847,1.028153,1.028153,16.531900,1.404225
7,10000000,k3_admiss,"(0, 2, 6)",3,2.858333,wide,3117,15143191,5,1.971431,3.028569,3.028569,16.533062,1.404077
7,10000000,k3_admiss,"(0, 2, 6)",3,2.858333,wide,3117,15200775,4,1.970074,2.029926,2.029926,16.536857,1.403593
7,10000000,k3_admiss,"(0, 2, 6)",3,2.858333,wide,3117,15230941,4,1.969366,2.030634,2.030634,16.538840,1.403341
7,10000000,k3_admiss,"(0, 2, 6)",3,2.858333,wide,3117,15263719,1,1.968598,-0.968598,0.968598,16.540989,1.403067
7,10000000,k3_admiss,"(0, 2, 6)",3,2.858333,wide,3117,15300767,1,1.967733,-0.967733,0.967733,16.543414,1.402759
7,10000000,k3_admiss,"(0, 2, 6)",3,2.858333,wide,3117,15335926,2,1.966914,0.033086,0.033086,16.545709,1.402467
7,10000000,k3_admiss,"(0, 2, 6)",3,2.858333,wide,3117,15400643,1,1.965414,-0.965414,0.965414,16.549920,1.401932
7,10000000,k3_admiss,"(0, 2, 6)",3,2.858333,wide,3117,15409283,1,1.965214,-0.965214,0.965214,16.550481,1.401861
7,10000000,k3_admiss,"(0, 2, 6)",3,2.858333,wide,3117,15483208,3,1.963510,1.036490,1.036490,16.555267,1.401253
7,10000000,k3_admiss,"(0, 2, 6)",3,2.858333,wide,3117,15517187,1,1.962730,-0.962730,0.962730,16.557459,1.400975
7,10000000,k3_admiss,"(0, 2, 6)",3,2.858333,wide,3117,15551428,2,1.961947,0.038053,0.038053,16.559663,1.400695
7,10000000,k3_admiss,"(0, 2, 6)",3,2.858333,wide,3117,15570743,1,1.961506,-0.961506,0.961506,16.560904,1.400538
7,10000000,k3_admiss,"(0, 2, 6)",3,2.858333,wide,3117,15618016,2,1.960429,0.039571,0.039571,16.563936,1.400153
7,10000000,k3_admiss,"(0, 2, 6)",3,2.858333,wide,3117,15645338,4,1.959809,2.040191,2.040191,16.565684,1.399932
7,10000000,k3_admiss,"(0, 2, 6)",3,2.858333,wide,3117,15705023,2,1.958458,0.041542,0.041542,16.569491,1.399449
7,10000000,k3_admiss,"(0, 2, 6)",3,2.858333,wide,3117,15734852,0,1.957785,-1.957785,1.957785,16.571389,1.399209
7,10000000,k3_admiss,"(0, 2, 6)",3,2.858333,wide,3117,15771594,2,1.956959,0.043041,0.043041,16.573721,1.398914
7,10000000,k3_admiss,"(0, 2, 6)",3,2.858333,wide,3117,15821628,2,1.955838,0.044162,0.044162,16.576888,1.398513
7,10000000,k3_admiss,"(0, 2, 6)",3,2.858333,wide,3117,15865371,1,1.954861,-0.954861,0.954861,16.579649,1.398163
7,10000000,k3_admiss,"(0, 2, 6)",3,2.858333,wide,3117,15879847,3,1.954538,1.045462,1.045462,16.580561,1.398048
7,10000000,k3_admiss,"(0, 2, 6)",3,2.858333,wide,3117,15939886,2,1.953205,0.046795,0.046795,16.584335,1.397571
7,10000000,k3_admiss,"(0, 2, 6)",3,2.858333,wide,3117,15957969,3,1.952804,1.047196,1.047196,16.585469,1.397428
7,10000000,k3_admiss,"(0, 2, 6)",3,2.858333,wide,3117,16017984,1,1.951479,-0.951479,0.951479,16.589223,1.396953
7,10000000,k3_admiss,"(0, 2, 6)",3,2.858333,wide,3117,16039300,1,1.951010,-0.951010,0.951010,16.590553,1.396785
7,10000000,k3_admiss,"(0, 2, 6)",3,2.858333,wide,3117,16093676,4,1.949816,2.050184,2.050184,16.593937,1.396358
7,10000000,k3_admiss,"(0, 2, 6)",3,2.858333,wide,3117,16110942,2,1.949438,0.050562,0.050562,16.595009,1.396223
7,10000000,k3_admiss,"(0, 2, 6)",3,2.858333,wide,3117,16174203,1,1.948058,-0.948058,0.948058,16.598928,1.395729
7,10000000,k3_admiss,"(0, 2, 6)",3,2.858333,wide,3117,16189788,1,1.947719,-0.947719,0.947719,16.599891,1.395607
7,10000000,k3_admiss,"(0, 2, 6)",3,2.858333,wide,3117,16250957,1,1.946392,-0.946392,0.946392,16.603662,1.395132
7,10000000,k3_admiss,"(0, 2, 6)",3,2.858333,wide,3117,16278542,0,1.945796,-1.945796,1.945796,16.605358,1.394918
7,10000000,k3_admiss,"(0, 2, 6)",3,2.858333,wide,3117,16319553,1,1.944912,-0.944912,0.944912,16.607875,1.394601
7,10000000,k3_admiss,"(0, 2, 6)",3,2.858333,wide,3117,16372880,5,1.943766,3.056234,3.056234,16.611137,1.394190
7,10000000,k3_admiss,"(0, 2, 6)",3,2.858333,wide,3117,16409744,0,1.942977,-1.942977,1.942977,16.613386,1.393907
7,10000000,k3_admiss,"(0, 2, 6)",3,2.858333,wide,3117,16441417,3,1.942301,1.057699,1.057699,16.615314,1.393665
7,10000000,k3_admiss,"(0, 2, 6)",3,2.858333,wide,3117,16485567,3,1.941361,1.058639,1.058639,16.617996,1.393327
7,10000000,k3_admiss,"(0, 2, 6)",3,2.858333,wide,3117,16529301,1,1.940433,-0.940433,0.940433,16.620645,1.392994
7,10000000,k3_admiss,"(0, 2, 6)",3,2.858333,wide,3117,16565687,3,1.939663,1.060337,1.060337,16.622844,1.392718
7,10000000,k3_admiss,"(0, 2, 6)",3,2.858333,wide,3117,16578785,4,1.939386,2.060614,2.060614,16.623634,1.392618
7,10000000,k3_admiss,"(0, 2, 6)",3,2.858333,wide,3117,16647026,0,1.937949,-1.937949,1.937949,16.627742,1.392102
7,10000000,k3_admiss,"(0, 2, 6)",3,2.858333,wide,3117,16661054,4,1.937655,2.062345,2.062345,16.628584,1.391997
7,10000000,k3_admiss,"(0, 2, 6)",3,2.858333,wide,3117,16711707,2,1.936594,0.063406,0.063406,16.631620,1.391616
7,10000000,k3_admiss,"(0, 2, 6)",3,2.858333,wide,3117,16748776,1,1.935820,-0.935820,0.935820,16.633836,1.391338
7,10000000,k3_admiss,"(0, 2, 6)",3,2.858333,wide,3117,16796467,1,1.934828,-0.934828,0.934828,16.636679,1.390981
7,10000000,k3_admiss,"(0, 2, 6)",3,2.858333,wide,3117,16830087,6,1.934131,4.065869,4.065869,16.638679,1.390730
7,10000000,k3_admiss,"(0, 2, 6)",3,2.858333,wide,3117,16875824,1,1.933185,-0.933185,0.933185,16.641393,1.390390
7,10000000,k3_admiss,"(0, 2, 6)",3,2.858333,wide,3117,16923490,2,1.932202,0.067798,0.067798,16.644213,1.390037
7,10000000,k3_admiss,"(0, 2, 6)",3,2.858333,wide,3117,16939738,2,1.931868,0.068132,0.068132,16.645173,1.389917
7,10000000,k3_admiss,"(0, 2, 6)",3,2.858333,wide,3117,16979949,0,1.931043,-1.931043,1.931043,16.647544,1.389620
7,10000000,k3_admiss,"(0, 2, 6)",3,2.858333,wide,3117,17023929,1,1.930143,-0.930143,0.930143,16.650131,1.389296
7,10000000,k3_admiss,"(0, 2, 6)",3,2.858333,wide,3117,17046128,0,1.929690,-1.929690,1.929690,16.651434,1.389133
7,10000000,k3_admiss,"(0, 2, 6)",3,2.858333,wide,3117,17100542,2,1.928583,0.071417,0.071417,16.654621,1.388734
7,10000000,k3_admiss,"(0, 2, 6)",3,2.858333,wide,3117,17140342,2,1.927775,0.072225,0.072225,16.656945,1.388443
7,10000000,k3_admiss,"(0, 2, 6)",3,2.858333,wide,3117,17171558,4,1.927144,2.072856,2.072856,16.658765,1.388216
7,10000000,k3_admiss,"(0, 2, 6)",3,2.858333,wide,3117,17222496,1,1.926116,-0.926116,0.926116,16.661727,1.387846
7,10000000,k3_admiss,"(0, 2, 6)",3,2.858333,wide,3117,17268858,2,1.925184,0.074816,0.074816,16.664415,1.387510
7,10000000,k3_admiss,"(0, 2, 6)",3,2.858333,wide,3117,17283021,3,1.924900,1.075100,1.075100,16.665235,1.387408
7,10000000,k3_admiss,"(0, 2, 6)",3,2.858333,wide,3117,17328371,2,1.923992,0.076008,0.076008,16.667856,1.387081
7,10000000,k3_admiss,"(0, 2, 6)",3,2.858333,wide,3117,17361176,0,1.923338,-1.923338,1.923338,16.669747,1.386845
7,10000000,k3_admiss,"(0, 2, 6)",3,2.858333,wide,3117,17408661,2,1.922393,0.077607,0.077607,16.672478,1.386504
7,10000000,k3_admiss,"(0, 2, 6)",3,2.858333,wide,3117,17457111,1,1.921432,-0.921432,0.921432,16.675258,1.386157
7,10000000,k3_admiss,"(0, 2, 6)",3,2.858333,wide,3117,17502082,0,1.920543,-1.920543,1.920543,16.677830,1.385836
7,10000000,k3_admiss,"(0, 2, 6)",3,2.858333,wide,3117,17525507,4,1.920081,2.079919,2.079919,16.679168,1.385670
7,10000000,k3_admiss,"(0, 2, 6)",3,2.858333,wide,3117,17585023,4,1.918911,2.081089,2.081089,16.682558,1.385247
7,10000000,k3_admiss,"(0, 2, 6)",3,2.858333,wide,3117,17588860,1,1.918835,-0.918835,0.918835,16.682776,1.385220
7,10000000,k3_admiss,"(0, 2, 6)",3,2.858333,wide,3117,17633461,3,1.917962,1.082038,1.082038,16.685309,1.384905
7,10000000,k3_admiss,"(0, 2, 6)",3,2.858333,wide,3117,17675529,4,1.917140,2.082860,2.082860,16.687692,1.384608
7,10000000,k3_admiss,"(0, 2, 6)",3,2.858333,wide,3117,17730826,2,1.916064,0.083936,0.083936,16.690815,1.384220
7,10000000,k3_admiss,"(0, 2, 6)",3,2.858333,wide,3117,17766499,1,1.915372,-0.915372,0.915372,16.692825,1.383970
7,10000000,k4_admiss,"(0, 2, 6, 8)",4,4.151425,narrow,259,10029235,0,0.015919,-0.015919,0.015919,16.121015,0.126172
7,10000000,k4_admiss,"(0, 2, 6, 8)",4,4.151425,narrow,259,10068337,0,0.015904,-0.015904,0.015904,16.124906,0.126111
7,10000000,k4_admiss,"(0, 2, 6, 8)",4,4.151425,narrow,259,10081031,0,0.015899,-0.015899,0.015899,16.126166,0.126091
7,10000000,k4_admiss,"(0, 2, 6, 8)",4,4.151425,narrow,259,10118183,0,0.015885,-0.015885,0.015885,16.129845,0.126034
7,10000000,k4_admiss,"(0, 2, 6, 8)",4,4.151425,narrow,259,10163926,0,0.015867,-0.015867,0.015867,16.134355,0.125963
7,10000000,k4_admiss,"(0, 2, 6, 8)",4,4.151425,narrow,259,10203937,0,0.015851,-0.015851,0.015851,16.138284,0.125902
7,10000000,k4_admiss,"(0, 2, 6, 8)",4,4.151425,narrow,259,10262760,0,0.015829,-0.015829,0.015829,16.144032,0.125812
7,10000000,k4_admiss,"(0, 2, 6, 8)",4,4.151425,narrow,259,10275641,0,0.015824,-0.015824,0.015824,16.145287,0.125793
7,10000000,k4_admiss,"(0, 2, 6, 8)",4,4.151425,narrow,259,10317028,0,0.015808,-0.015808,0.015808,16.149306,0.125730
7,10000000,k4_admiss,"(0, 2, 6, 8)",4,4.151425,narrow,259,10358620,0,0.015792,-0.015792,0.015792,16.153330,0.125668
7,10000000,k4_admiss,"(0, 2, 6, 8)",4,4.151425,narrow,259,10416386,0,0.015771,-0.015771,0.015771,16.158891,0.125581
7,10000000,k4_admiss,"(0, 2, 6, 8)",4,4.151425,narrow,259,10457345,0,0.015755,-0.015755,0.015755,16.162815,0.125520
7,10000000,k4_admiss,"(0, 2, 6, 8)",4,4.151425,narrow,259,10471919,0,0.015750,-0.015750,0.015750,16.164208,0.125499
7,10000000,k4_admiss,"(0, 2, 6, 8)",4,4.151425,narrow,259,10524342,0,0.015730,-0.015730,0.015730,16.169201,0.125421
7,10000000,k4_admiss,"(0, 2, 6, 8)",4,4.151425,narrow,259,10573734,0,0.015712,-0.015712,0.015712,16.173884,0.125349
7,10000000,k4_admiss,"(0, 2, 6, 8)",4,4.151425,narrow,259,10601142,0,0.015702,-0.015702,0.015702,16.176472,0.125308
7,10000000,k4_admiss,"(0, 2, 6, 8)",4,4.151425,narrow,259,10642065,0,0.015687,-0.015687,0.015687,16.180325,0.125249
7,10000000,k4_admiss,"(0, 2, 6, 8)",4,4.151425,narrow,259,10695695,0,0.015668,-0.015668,0.015668,16.185352,0.125171
7,10000000,k4_admiss,"(0, 2, 6, 8)",4,4.151425,narrow,259,10738506,0,0.015652,-0.015652,0.015652,16.189347,0.125109
7,10000000,k4_admiss,"(0, 2, 6, 8)",4,4.151425,narrow,259,10748538,0,0.015649,-0.015649,0.015649,16.190280,0.125095
7,10000000,k4_admiss,"(0, 2, 6, 8)",4,4.151425,narrow,259,10794368,0,0.015632,-0.015632,0.015632,16.194535,0.125029
7,10000000,k4_admiss,"(0, 2, 6, 8)",4,4.151425,narrow,259,10822699,0,0.015622,-0.015622,0.015622,16.197156,0.124989
7,10000000,k4_admiss,"(0, 2, 6, 8)",4,4.151425,narrow,259,10859580,0,0.015609,-0.015609,0.015609,16.200558,0.124936
7,10000000,k4_admiss,"(0, 2, 6, 8)",4,4.151425,narrow,259,10920571,0,0.015587,-0.015587,0.015587,16.206159,0.124850
7,10000000,k4_admiss,"(0, 2, 6, 8)",4,4.151425,narrow,259,10946324,0,0.015578,-0.015578,0.015578,16.208514,0.124813
7,10000000,k4_admiss,"(0, 2, 6, 8)",4,4.151425,narrow,259,10988404,0,0.015564,-0.015564,0.015564,16.212351,0.124754
7,10000000,k4_admiss,"(0, 2, 6, 8)",4,4.151425,narrow,259,11033025,0,0.015548,-0.015548,0.015548,16.216404,0.124692
7,10000000,k4_admiss,"(0, 2, 6, 8)",4,4.151425,narrow,259,11075031,0,0.015534,-0.015534,0.015534,16.220204,0.124634
7,10000000,k4_admiss,"(0, 2, 6, 8)",4,4.151425,narrow,259,11114871,0,0.015520,-0.015520,0.015520,16.223794,0.124578
7,10000000,k4_admiss,"(0, 2, 6, 8)",4,4.151425,narrow,259,11159101,0,0.015505,-0.015505,0.015505,16.227766,0.124518
7,10000000,k4_admiss,"(0, 2, 6, 8)",4,4.151425,narrow,259,11168248,0,0.015501,-0.015501,0.015501,16.228585,0.124505
7,10000000,k4_admiss,"(0, 2, 6, 8)",4,4.151425,narrow,259,11230798,0,0.015480,-0.015480,0.015480,16.234170,0.124419
7,10000000,k4_admiss,"(0, 2, 6, 8)",4,4.151425,narrow,259,11255056,0,0.015472,-0.015472,0.015472,16.236328,0.124386
7,10000000,k4_admiss,"(0, 2, 6, 8)",4,4.151425,narrow,259,11310862,0,0.015453,-0.015453,0.015453,16.241274,0.124310
7,10000000,k4_admiss,"(0, 2, 6, 8)",4,4.151425,narrow,259,11349310,0,0.015440,-0.015440,0.015440,16.244668,0.124259
7,10000000,k4_admiss,"(0, 2, 6, 8)",4,4.151425,narrow,259,11394230,0,0.015425,-0.015425,0.015425,16.248618,0.124198
7,10000000,k4_admiss,"(0, 2, 6, 8)",4,4.151425,narrow,259,11420532,0,0.015416,-0.015416,0.015416,16.250923,0.124163
7,10000000,k4_admiss,"(0, 2, 6, 8)",4,4.151425,narrow,259,11471398,1,0.015400,0.984600,0.984600,16.255367,0.124095
7,10000000,k4_admiss,"(0, 2, 6, 8)",4,4.151425,narrow,259,11488439,0,0.015394,-0.015394,0.015394,16.256852,0.124072
7,10000000,k4_admiss,"(0, 2, 6, 8)",4,4.151425,narrow,259,11519531,0,0.015384,-0.015384,0.015384,16.259555,0.124031
7,10000000,k4_admiss,"(0, 2, 6, 8)",4,4.151425,narrow,259,11577071,0,0.015365,-0.015365,0.015365,16.264537,0.123955
7,10000000,k4_admiss,"(0, 2, 6, 8)",4,4.151425,narrow,259,11598164,0,0.015358,-0.015358,0.015358,16.266357,0.123927
7,10000000,k4_admiss,"(0, 2, 6, 8)",4,4.151425,narrow,259,11635217,0,0.015346,-0.015346,0.015346,16.269547,0.123879
7,10000000,k4_admiss,"(0, 2, 6, 8)",4,4.151425,narrow,259,11693465,0,0.015327,-0.015327,0.015327,16.274541,0.123803
7,10000000,k4_admiss,"(0, 2, 6, 8)",4,4.151425,narrow,259,11714884,0,0.015320,-0.015320,0.015320,16.276371,0.123775
7,10000000,k4_admiss,"(0, 2, 6, 8)",4,4.151425,narrow,259,11777704,0,0.015300,-0.015300,0.015300,16.281719,0.123694
7,10000000,k4_admiss,"(0, 2, 6, 8)",4,4.151425,narrow,259,11825637,0,0.015285,-0.015285,0.015285,16.285780,0.123632
7,10000000,k4_admiss,"(0, 2, 6, 8)",4,4.151425,narrow,259,11842971,0,0.015279,-0.015279,0.015279,16.287245,0.123610
7,10000000,k4_admiss,"(0, 2, 6, 8)",4,4.151425,narrow,259,11898575,0,0.015262,-0.015262,0.015262,16.291929,0.123539
7,10000000,k4_admiss,"(0, 2, 6, 8)",4,4.151425,narrow,259,11925991,0,0.015253,-0.015253,0.015253,16.294231,0.123504
7,10000000,k4_admiss,"(0, 2, 6, 8)",4,4.151425,narrow,259,11951843,0,0.015245,-0.015245,0.015245,16.296396,0.123471
7,10000000,k4_admiss,"(0, 2, 6, 8)",4,4.151425,narrow,259,12020127,0,0.015224,-0.015224,0.015224,16.302093,0.123385
7,10000000,k4_admiss,"(0, 2, 6, 8)",4,4.151425,narrow,259,12045772,0,0.015216,-0.015216,0.015216,16.304224,0.123352
7,10000000,k4_admiss,"(0, 2, 6, 8)",4,4.151425,narrow,259,12084752,0,0.015204,-0.015204,0.015204,16.307455,0.123304
7,10000000,k4_admiss,"(0, 2, 6, 8)",4,4.151425,narrow,259,12127088,0,0.015191,-0.015191,0.015191,16.310952,0.123251
7,10000000,k4_admiss,"(0, 2, 6, 8)",4,4.151425,narrow,259,12165439,0,0.015179,-0.015179,0.015179,16.314110,0.123203
7,10000000,k4_admiss,"(0, 2, 6, 8)",4,4.151425,narrow,259,12193996,0,0.015170,-0.015170,0.015170,16.316454,0.123168
7,10000000,k4_admiss,"(0, 2, 6, 8)",4,4.151425,narrow,259,12240110,0,0.015156,-0.015156,0.015156,16.320229,0.123111
7,10000000,k4_admiss,"(0, 2, 6, 8)",4,4.151425,narrow,259,12292358,0,0.015140,-0.015140,0.015140,16.324488,0.123046
7,10000000,k4_admiss,"(0, 2, 6, 8)",4,4.151425,narrow,259,12309447,0,0.015135,-0.015135,0.015135,16.325878,0.123025
7,10000000,k4_admiss,"(0, 2, 6, 8)",4,4.151425,narrow,259,12349367,0,0.015123,-0.015123,0.015123,16.329115,0.122977
7,10000000,k4_admiss,"(0, 2, 6, 8)",4,4.151425,narrow,259,12388669,0,0.015111,-0.015111,0.015111,16.332293,0.122929
7,10000000,k4_admiss,"(0, 2, 6, 8)",4,4.151425,narrow,259,12416469,0,0.015103,-0.015103,0.015103,16.334534,0.122895
7,10000000,k4_admiss,"(0, 2, 6, 8)",4,4.151425,narrow,259,12467962,0,0.015088,-0.015088,0.015088,16.338673,0.122833
7,10000000,k4_admiss,"(0, 2, 6, 8)",4,4.151425,narrow,259,12491027,0,0.015081,-0.015081,0.015081,16.340521,0.122805
7,10000000,k4_admiss,"(0, 2, 6, 8)",4,4.151425,narrow,259,12537177,0,0.015067,-0.015067,0.015067,16.344209,0.122750
7,10000000,k4_admiss,"(0, 2, 6, 8)",4,4.151425,narrow,259,12605105,0,0.015048,-0.015048,0.015048,16.349612,0.122668
7,10000000,k4_admiss,"(0, 2, 6, 8)",4,4.151425,narrow,259,12622172,0,0.015043,-0.015043,0.015043,16.350966,0.122648
7,10000000,k4_admiss,"(0, 2, 6, 8)",4,4.151425,narrow,259,12661586,0,0.015031,-0.015031,0.015031,16.354083,0.122601
7,10000000,k4_admiss,"(0, 2, 6, 8)",4,4.151425,narrow,259,12705702,0,0.015018,-0.015018,0.015018,16.357561,0.122549
7,10000000,k4_admiss,"(0, 2, 6, 8)",4,4.151425,narrow,259,12725957,0,0.015012,-0.015012,0.015012,16.359154,0.122525
7,10000000,k4_admiss,"(0, 2, 6, 8)",4,4.151425,narrow,259,12777420,0,0.014998,-0.014998,0.014998,16.363190,0.122465
7,10000000,k4_admiss,"(0, 2, 6, 8)",4,4.151425,narrow,259,12818979,0,0.014986,-0.014986,0.014986,16.366437,0.122416
7,10000000,k4_admiss,"(0, 2, 6, 8)",4,4.151425,narrow,259,12859465,0,0.014974,-0.014974,0.014974,16.369591,0.122369
7,10000000,k4_admiss,"(0, 2, 6, 8)",4,4.151425,narrow,259,12906872,0,0.014961,-0.014961,0.014961,16.373270,0.122314
7,10000000,k4_admiss,"(0, 2, 6, 8)",4,4.151425,narrow,259,12927293,0,0.014955,-0.014955,0.014955,16.374851,0.122291
7,10000000,k4_admiss,"(0, 2, 6, 8)",4,4.151425,narrow,259,12992558,0,0.014937,-0.014937,0.014937,16.379887,0.122215
7,10000000,k4_admiss,"(0, 2, 6, 8)",4,4.151425,narrow,259,13007853,0,0.014932,-0.014932,0.014932,16.381064,0.122198
7,10000000,k4_admiss,"(0, 2, 6, 8)",4,4.151425,narrow,259,13069090,0,0.014915,-0.014915,0.014915,16.385760,0.122128
7,10000000,k4_admiss,"(0, 2, 6, 8)",4,4.151425,narrow,259,13097775,0,0.014907,-0.014907,0.014907,16.387953,0.122095
7,10000000,k4_admiss,"(0, 2, 6, 8)",4,4.151425,narrow,259,13115301,0,0.014902,-0.014902,0.014902,16.389290,0.122075
7,10000000,k4_admiss,"(0, 2, 6, 8)",4,4.151425,narrow,259,13171806,1,0.014887,0.985113,0.985113,16.393589,0.122011
7,10000000,k4_admiss,"(0, 2, 6, 8)",4,4.151425,narrow,259,13197881,0,0.014880,-0.014880,0.014880,16.395567,0.121982
7,10000000,k4_admiss,"(0, 2, 6, 8)",4,4.151425,narrow,259,13244841,0,0.014867,-0.014867,0.014867,16.399119,0.121929
7,10000000,k4_admiss,"(0, 2, 6, 8)",4,4.151425,narrow,259,13272733,0,0.014859,-0.014859,0.014859,16.401222,0.121898
7,10000000,k4_admiss,"(0, 2, 6, 8)",4,4.151425,narrow,259,13325893,0,0.014845,-0.014845,0.014845,16.405220,0.121838
7,10000000,k4_admiss,"(0, 2, 6, 8)",4,4.151425,narrow,259,13350311,0,0.014838,-0.014838,0.014838,16.407050,0.121811
7,10000000,k4_admiss,"(0, 2, 6, 8)",4,4.151425,narrow,259,13404510,0,0.014823,-0.014823,0.014823,16.411102,0.121751
7,10000000,k4_admiss,"(0, 2, 6, 8)",4,4.151425,narrow,259,13457238,0,0.014809,-0.014809,0.014809,16.415028,0.121693
7,10000000,k4_admiss,"(0, 2, 6, 8)",4,4.151425,narrow,259,13494803,0,0.014799,-0.014799,0.014799,16.417815,0.121651
7,10000000,k4_admiss,"(0, 2, 6, 8)",4,4.151425,narrow,259,13532274,0,0.014789,-0.014789,0.014789,16.420588,0.121610
7,10000000,k4_admiss,"(0, 2, 6, 8)",4,4.151425,narrow,259,13555909,0,0.014783,-0.014783,0.014783,16.422333,0.121585
7,10000000,k4_admiss,"(0, 2, 6, 8)",4,4.151425,narrow,259,13611365,0,0.014768,-0.014768,0.014768,16.426416,0.121524
7,10000000,k4_admiss,"(0, 2, 6, 8)",4,4.151425,narrow,259,13641614,0,0.014760,-0.014760,0.014760,16.428636,0.121491
7,10000000,k4_admiss,"(0, 2, 6, 8)",4,4.151425,narrow,259,13674677,0,0.014751,-0.014751,0.014751,16.431056,0.121455
7,10000000,k4_admiss,"(0, 2, 6, 8)",4,4.151425,narrow,259,13719367,0,0.014740,-0.014740,0.014740,16.434319,0.121407
7,10000000,k4_admiss,"(0, 2, 6, 8)",4,4.151425,narrow,259,13772486,0,0.014726,-0.014726,0.014726,16.438183,0.121350
7,10000000,k4_admiss,"(0, 2, 6, 8)",4,4.151425,narrow,259,13798092,0,0.014719,-0.014719,0.014719,16.440041,0.121323
7,10000000,k4_admiss,"(0, 2, 6, 8)",4,4.151425,narrow,259,13846570,0,0.014707,-0.014707,0.014707,16.443548,0.121271
7,10000000,k4_admiss,"(0, 2, 6, 8)",4,4.151425,narrow,259,13875494,0,0.014699,-0.014699,0.014699,16.445635,0.121240
7,10000000,k4_admiss,"(0, 2, 6, 8)",4,4.151425,narrow,259,13917792,0,0.014688,-0.014688,0.014688,16.448679,0.121195
7,10000000,k4_admiss,"(0, 2, 6, 8)",4,4.151425,narrow,259,13934387,0,0.014684,-0.014684,0.014684,16.449870,0.121178
7,10000000,k4_admiss,"(0, 2, 6, 8)",4,4.151425,narrow,259,13974964,0,0.014674,-0.014674,0.014674,16.452778,0.121135
7,10000000,k4_admiss,"(0, 2, 6, 8)",4,4.151425,narrow,259,14018280,0,0.014663,-0.014663,0.014663,16.455873,0.121089
7,10000000,k4_admiss,"(0, 2, 6, 8)",4,4.151425,narrow,259,14057300,0,0.014653,-0.014653,0.014653,16.458652,0.121049
7,10000000,k4_admiss,"(0, 2, 6, 8)",4,4.151425,narrow,259,14089226,0,0.014645,-0.014645,0.014645,16.460921,0.121015
7,10000000,k4_admiss,"(0, 2, 6, 8)",4,4.151425,narrow,259,14162518,0,0.014626,-0.014626,0.014626,16.466109,0.120939
7,10000000,k4_admiss,"(0, 2, 6, 8)",4,4.151425,narrow,259,14195151,0,0.014618,-0.014618,0.014618,16.468411,0.120905
7,10000000,k4_admiss,"(0, 2, 6, 8)",4,4.151425,narrow,259,14205931,0,0.014615,-0.014615,0.014615,16.469170,0.120894
7,10000000,k4_admiss,"(0, 2, 6, 8)",4,4.151425,narrow,259,14275075,0,0.014598,-0.014598,0.014598,16.474026,0.120823
7,10000000,k4_admiss,"(0, 2, 6, 8)",4,4.151425,narrow,259,14285799,0,0.014595,-0.014595,0.014595,16.474777,0.120812
7,10000000,k4_admiss,"(0, 2, 6, 8)",4,4.151425,narrow,259,14324104,0,0.014586,-0.014586,0.014586,16.477454,0.120772
7,10000000,k4_admiss,"(0, 2, 6, 8)",4,4.151425,narrow,259,14386066,0,0.014571,-0.014571,0.014571,16.481771,0.120709
7,10000000,k4_admiss,"(0, 2, 6, 8)",4,4.151425,narrow,259,14404566,0,0.014566,-0.014566,0.014566,16.483056,0.120690
7,10000000,k4_admiss,"(0, 2, 6, 8)",4,4.151425,narrow,259,14466438,0,0.014551,-0.014551,0.014551,16.487342,0.120628
7,10000000,k4_admiss,"(0, 2, 6, 8)",4,4.151425,narrow,259,14499473,0,0.014543,-0.014543,0.014543,16.489623,0.120594
7,10000000,k4_admiss,"(0, 2, 6, 8)",4,4.151425,narrow,259,14551742,0,0.014530,-0.014530,0.014530,16.493221,0.120542
7,10000000,k4_admiss,"(0, 2, 6, 8)",4,4.151425,narrow,259,14556698,0,0.014529,-0.014529,0.014529,16.493562,0.120537
7,10000000,k4_admiss,"(0, 2, 6, 8)",4,4.151425,narrow,259,14613658,0,0.014515,-0.014515,0.014515,16.497467,0.120480
7,10000000,k4_admiss,"(0, 2, 6, 8)",4,4.151425,narrow,259,14634905,0,0.014510,-0.014510,0.014510,16.498920,0.120458
7,10000000,k4_admiss,"(0, 2, 6, 8)",4,4.151425,narrow,259,14706053,0,0.014493,-0.014493,0.014493,16.503770,0.120388
7,10000000,k4_admiss,"(0, 2, 6, 8)",4,4.151425,narrow,259,14729272,0,0.014488,-0.014488,0.014488,16.505347,0.120365
7,10000000,k4_admiss,"(0, 2, 6, 8)",4,4.151425,narrow,259,14756558,0,0.014481,-0.014481,0.014481,16.507198,0.120338
7,10000000,k4_admiss,"(0, 2, 6, 8)",4,4.151425,narrow,259,14793518,0,0.014472,-0.014472,0.014472,16.509700,0.120301
7,10000000,k4_admiss,"(0, 2, 6, 8)",4,4.151425,narrow,259,14840765,0,0.014461,-0.014461,0.014461,16.512888,0.120255
7,10000000,k4_admiss,"(0, 2, 6, 8)",4,4.151425,narrow,259,14883856,0,0.014451,-0.014451,0.014451,16.515788,0.120212
7,10000000,k4_admiss,"(0, 2, 6, 8)",4,4.151425,narrow,259,14929762,0,0.014440,-0.014440,0.014440,16.518867,0.120168
7,10000000,k4_admiss,"(0, 2, 6, 8)",4,4.151425,narrow,259,14962928,0,0.014433,-0.014433,0.014433,16.521086,0.120135
7,10000000,k4_admiss,"(0, 2, 6, 8)",4,4.151425,narrow,259,15001217,0,0.014424,-0.014424,0.014424,16.523642,0.120098
7,10000000,k4_admiss,"(0, 2, 6, 8)",4,4.151425,narrow,259,15049837,0,0.014412,-0.014412,0.014412,16.526878,0.120051
7,10000000,k4_admiss,"(0, 2, 6, 8)",4,4.151425,narrow,259,15066832,0,0.014408,-0.014408,0.014408,16.528006,0.120035
7,10000000,k4_admiss,"(0, 2, 6, 8)",4,4.151425,narrow,259,15125172,0,0.014395,-0.014395,0.014395,16.531871,0.119979
7,10000000,k4_admiss,"(0, 2, 6, 8)",4,4.151425,narrow,259,15172380,0,0.014384,-0.014384,0.014384,16.534987,0.119933
7,10000000,k4_admiss,"(0, 2, 6, 8)",4,4.151425,narrow,259,15185392,0,0.014381,-0.014381,0.014381,16.535844,0.119921
7,10000000,k4_admiss,"(0, 2, 6, 8)",4,4.151425,narrow,259,15248450,0,0.014367,-0.014367,0.014367,16.539988,0.119861
7,10000000,k4_admiss,"(0, 2, 6, 8)",4,4.151425,narrow,259,15268535,0,0.014362,-0.014362,0.014362,16.541305,0.119842
7,10000000,k4_admiss,"(0, 2, 6, 8)",4,4.151425,narrow,259,15323336,0,0.014350,-0.014350,0.014350,16.544887,0.119790
7,10000000,k4_admiss,"(0, 2, 6, 8)",4,4.151425,narrow,259,15358249,0,0.014342,-0.014342,0.014342,16.547163,0.119757
7,10000000,k4_admiss,"(0, 2, 6, 8)",4,4.151425,narrow,259,15374864,0,0.014338,-0.014338,0.014338,16.548245,0.119741
7,10000000,k4_admiss,"(0, 2, 6, 8)",4,4.151425,narrow,259,15433143,0,0.014325,-0.014325,0.014325,16.552028,0.119687
7,10000000,k4_admiss,"(0, 2, 6, 8)",4,4.151425,narrow,259,15452746,0,0.014320,-0.014320,0.014320,16.553297,0.119668
7,10000000,k4_admiss,"(0, 2, 6, 8)",4,4.151425,narrow,259,15496914,0,0.014311,-0.014311,0.014311,16.556151,0.119627
7,10000000,k4_admiss,"(0, 2, 6, 8)",4,4.151425,narrow,259,15547235,0,0.014299,-0.014299,0.014299,16.559393,0.119580
7,10000000,k4_admiss,"(0, 2, 6, 8)",4,4.151425,narrow,259,15580985,0,0.014292,-0.014292,0.014292,16.561562,0.119549
7,10000000,k4_admiss,"(0, 2, 6, 8)",4,4.151425,narrow,259,15639579,0,0.014279,-0.014279,0.014279,16.565315,0.119495
7,10000000,k4_admiss,"(0, 2, 6, 8)",4,4.151425,narrow,259,15647716,0,0.014277,-0.014277,0.014277,16.565836,0.119487
7,10000000,k4_admiss,"(0, 2, 6, 8)",4,4.151425,narrow,259,15684918,0,0.014269,-0.014269,0.014269,16.568210,0.119453
7,10000000,k4_admiss,"(0, 2, 6, 8)",4,4.151425,narrow,259,15730499,0,0.014259,-0.014259,0.014259,16.571112,0.119411
7,10000000,k4_admiss,"(0, 2, 6, 8)",4,4.151425,narrow,259,15766416,0,0.014251,-0.014251,0.014251,16.573393,0.119378
7,10000000,k4_admiss,"(0, 2, 6, 8)",4,4.151425,narrow,259,15816697,0,0.014240,-0.014240,0.014240,16.576577,0.119332
7,10000000,k4_admiss,"(0, 2, 6, 8)",4,4.151425,narrow,259,15838655,0,0.014235,-0.014235,0.014235,16.577964,0.119312
7,10000000,k4_admiss,"(0, 2, 6, 8)",4,4.151425,narrow,259,15879707,0,0.014227,-0.014227,0.014227,16.580553,0.119275
7,10000000,k4_admiss,"(0, 2, 6, 8)",4,4.151425,narrow,259,15927945,0,0.014216,-0.014216,0.014216,16.583586,0.119232
7,10000000,k4_admiss,"(0, 2, 6, 8)",4,4.151425,narrow,259,15986352,0,0.014204,-0.014204,0.014204,16.587246,0.119179
7,10000000,k4_admiss,"(0, 2, 6, 8)",4,4.151425,narrow,259,16009315,0,0.014199,-0.014199,0.014199,16.588681,0.119158
7,10000000,k4_admiss,"(0, 2, 6, 8)",4,4.151425,narrow,259,16055426,0,0.014189,-0.014189,0.014189,16.591557,0.119117
7,10000000,k4_admiss,"(0, 2, 6, 8)",4,4.151425,narrow,259,16076810,0,0.014184,-0.014184,0.014184,16.592888,0.119098
7,10000000,k4_admiss,"(0, 2, 6, 8)",4,4.151425,narrow,259,16133096,0,0.014172,-0.014172,0.014172,16.596383,0.119048
7,10000000,k4_admiss,"(0, 2, 6, 8)",4,4.151425,narrow,259,16179690,0,0.014163,-0.014163,0.014163,16.599267,0.119006
7,10000000,k4_admiss,"(0, 2, 6, 8)",4,4.151425,narrow,259,16207115,0,0.014157,-0.014157,0.014157,16.600961,0.118982
7,10000000,k4_admiss,"(0, 2, 6, 8)",4,4.151425,narrow,259,16261416,0,0.014145,-0.014145,0.014145,16.604306,0.118934
7,10000000,k4_admiss,"(0, 2, 6, 8)",4,4.151425,narrow,259,16295820,0,0.014138,-0.014138,0.014138,16.606419,0.118904
7,10000000,k4_admiss,"(0, 2, 6, 8)",4,4.151425,narrow,259,16318436,0,0.014133,-0.014133,0.014133,16.607806,0.118884
7,10000000,k4_admiss,"(0, 2, 6, 8)",4,4.151425,narrow,259,16370018,0,0.014123,-0.014123,0.014123,16.610962,0.118839
7,10000000,k4_admiss,"(0, 2, 6, 8)",4,4.151425,narrow,259,16391901,0,0.014118,-0.014118,0.014118,16.612298,0.118820
7,10000000,k4_admiss,"(0, 2, 6, 8)",4,4.151425,narrow,259,16450061,0,0.014106,-0.014106,0.014106,16.615840,0.118769
7,10000000,k4_admiss,"(0, 2, 6, 8)",4,4.151425,narrow,259,16493941,0,0.014097,-0.014097,0.014097,16.618504,0.118731
7,10000000,k4_admiss,"(0, 2, 6, 8)",4,4.151425,narrow,259,16527945,0,0.014090,-0.014090,0.014090,16.620563,0.118702
7,10000000,k4_admiss,"(0, 2, 6, 8)",4,4.151425,narrow,259,16557991,0,0.014084,-0.014084,0.014084,16.622379,0.118676
7,10000000,k4_admiss,"(0, 2, 6, 8)",4,4.151425,narrow,259,16581286,0,0.014079,-0.014079,0.014079,16.623785,0.118656
7,10000000,k4_admiss,"(0, 2, 6, 8)",4,4.151425,narrow,259,16620787,0,0.014071,-0.014071,0.014071,16.626165,0.118622
7,10000000,k4_admiss,"(0, 2, 6, 8)",4,4.151425,narrow,259,16685505,0,0.014058,-0.014058,0.014058,16.630051,0.118566
7,10000000,k4_admiss,"(0, 2, 6, 8)",4,4.151425,narrow,259,16697824,0,0.014055,-0.014055,0.014055,16.630789,0.118556
7,10000000,k4_admiss,"(0, 2, 6, 8)",4,4.151425,narrow,259,16753037,0,0.014044,-0.014044,0.014044,16.634090,0.118509
7,10000000,k4_admiss,"(0, 2, 6, 8)",4,4.151425,narrow,259,16793727,0,0.014036,-0.014036,0.014036,16.636516,0.118474
7,10000000,k4_admiss,"(0, 2, 6, 8)",4,4.151425,narrow,259,16844769,0,0.014026,-0.014026,0.014026,16.639551,0.118431
7,10000000,k4_admiss,"(0, 2, 6, 8)",4,4.151425,narrow,259,16860214,0,0.014023,-0.014023,0.014023,16.640467,0.118418
7,10000000,k4_admiss,"(0, 2, 6, 8)",4,4.151425,narrow,259,16891259,0,0.014017,-0.014017,0.014017,16.642307,0.118392
7,10000000,k4_admiss,"(0, 2, 6, 8)",4,4.151425,narrow,259,16946493,0,0.014006,-0.014006,0.014006,16.645571,0.118345
7,10000000,k4_admiss,"(0, 2, 6, 8)",4,4.151425,narrow,259,16998198,0,0.013995,-0.013995,0.013995,16.648618,0.118302
7,10000000,k4_admiss,"(0, 2, 6, 8)",4,4.151425,narrow,259,17005676,0,0.013994,-0.013994,0.013994,16.649058,0.118296
7,10000000,k4_admiss,"(0, 2, 6, 8)",4,4.151425,narrow,259,17066795,0,0.013982,-0.013982,0.013982,16.652645,0.118245
7,10000000,k4_admiss,"(0, 2, 6, 8)",4,4.151425,narrow,259,17099912,0,0.013975,-0.013975,0.013975,16.654584,0.118217
7,10000000,k4_admiss,"(0, 2, 6, 8)",4,4.151425,narrow,259,17150449,0,0.013965,-0.013965,0.013965,16.657535,0.118175
7,10000000,k4_admiss,"(0, 2, 6, 8)",4,4.151425,narrow,259,17176005,0,0.013960,-0.013960,0.013960,16.659024,0.118154
7,10000000,k4_admiss,"(0, 2, 6, 8)",4,4.151425,narrow,259,17233674,0,0.013949,-0.013949,0.013949,16.662376,0.118107
7,10000000,k4_admiss,"(0, 2, 6, 8)",4,4.151425,narrow,259,17271857,0,0.013942,-0.013942,0.013942,16.664589,0.118075
7,10000000,k4_admiss,"(0, 2, 6, 8)",4,4.151425,narrow,259,17314774,0,0.013933,-0.013933,0.013933,16.667071,0.118040
7,10000000,k4_admiss,"(0, 2, 6, 8)",4,4.151425,narrow,259,17348055,0,0.013927,-0.013927,0.013927,16.668991,0.118013
7,10000000,k4_admiss,"(0, 2, 6, 8)",4,4.151425,narrow,259,17381487,0,0.013921,-0.013921,0.013921,16.670916,0.117986
7,10000000,k4_admiss,"(0, 2, 6, 8)",4,4.151425,narrow,259,17430726,0,0.013911,-0.013911,0.013911,16.673745,0.117946
7,10000000,k4_admiss,"(0, 2, 6, 8)",4,4.151425,narrow,259,17447668,0,0.013908,-0.013908,0.013908,16.674717,0.117932
7,10000000,k4_admiss,"(0, 2, 6, 8)",4,4.151425,narrow,259,17497995,0,0.013898,-0.013898,0.013898,16.677597,0.117891
7,10000000,k4_admiss,"(0, 2, 6, 8)",4,4.151425,narrow,259,17512177,0,0.013896,-0.013896,0.013896,16.678407,0.117880
7,10000000,k4_admiss,"(0, 2, 6, 8)",4,4.151425,narrow,259,17587341,0,0.013881,-0.013881,0.013881,16.682690,0.117819
7,10000000,k4_admiss,"(0, 2, 6, 8)",4,4.151425,narrow,259,17602486,0,0.013878,-0.013878,0.013878,16.683551,0.117807
7,10000000,k4_admiss,"(0, 2, 6, 8)",4,4.151425,narrow,259,17657138,0,0.013868,-0.013868,0.013868,16.686651,0.117763
7,10000000,k4_admiss,"(0, 2, 6, 8)",4,4.151425,narrow,259,17683397,0,0.013863,-0.013863,0.013863,16.688137,0.117742
7,10000000,k4_admiss,"(0, 2, 6, 8)",4,4.151425,narrow,259,17706936,0,0.013859,-0.013859,0.013859,16.689467,0.117724
7,10000000,k4_admiss,"(0, 2, 6, 8)",4,4.151425,narrow,259,17780671,0,0.013845,-0.013845,0.013845,16.693623,0.117665
7,10000000,k4_admiss,"(0, 2, 6, 8)",4,4.151425,wide,3117,10031263,0,0.191569,-0.191569,0.191569,16.121217,0.437686
7,10000000,k4_admiss,"(0, 2, 6, 8)",4,4.151425,wide,3117,10047600,0,0.191492,-0.191492,0.191492,16.122844,0.437598
7,10000000,k4_admiss,"(0, 2, 6, 8)",4,4.151425,wide,3117,10103019,0,0.191231,-0.191231,0.191231,16.128345,0.437300
7,10000000,k4_admiss,"(0, 2, 6, 8)",4,4.151425,wide,3117,10144927,0,0.191035,-0.191035,0.191035,16.132484,0.437075
7,10000000,k4_admiss,"(0, 2, 6, 8)",4,4.151425,wide,3117,10187601,2,0.190836,1.809164,1.809164,16.136682,0.436848
7,10000000,k4_admiss,"(0, 2, 6, 8)",4,4.151425,wide,3117,10209622,0,0.190734,-0.190734,0.190734,16.138841,0.436731
7,10000000,k4_admiss,"(0, 2, 6, 8)",4,4.151425,wide,3117,10233656,0,0.190623,-0.190623,0.190623,16.141192,0.436604
7,10000000,k4_admiss,"(0, 2, 6, 8)",4,4.151425,wide,3117,10304235,0,0.190299,-0.190299,0.190299,16.148066,0.436232
7,10000000,k4_admiss,"(0, 2, 6, 8)",4,4.151425,wide,3117,10329110,0,0.190185,-0.190185,0.190185,16.150477,0.436102
7,10000000,k4_admiss,"(0, 2, 6, 8)",4,4.151425,wide,3117,10364913,0,0.190022,-0.190022,0.190022,16.153937,0.435915
7,10000000,k4_admiss,"(0, 2, 6, 8)",4,4.151425,wide,3117,10396981,0,0.189877,-0.189877,0.189877,16.157026,0.435749
7,10000000,k4_admiss,"(0, 2, 6, 8)",4,4.151425,wide,3117,10432223,0,0.189718,-0.189718,0.189718,16.160410,0.435566
7,10000000,k4_admiss,"(0, 2, 6, 8)",4,4.151425,wide,3117,10499733,0,0.189415,-0.189415,0.189415,16.166860,0.435219
7,10000000,k4_admiss,"(0, 2, 6, 8)",4,4.151425,wide,3117,10532695,0,0.189269,-0.189269,0.189269,16.169995,0.435050
7,10000000,k4_admiss,"(0, 2, 6, 8)",4,4.151425,wide,3117,10555186,0,0.189169,-0.189169,0.189169,16.172128,0.434935
7,10000000,k4_admiss,"(0, 2, 6, 8)",4,4.151425,wide,3117,10601271,0,0.188965,-0.188965,0.188965,16.176484,0.434701
7,10000000,k4_admiss,"(0, 2, 6, 8)",4,4.151425,wide,3117,10634043,0,0.188821,-0.188821,0.188821,16.179571,0.434535
7,10000000,k4_admiss,"(0, 2, 6, 8)",4,4.151425,wide,3117,10688536,0,0.188583,-0.188583,0.188583,16.184682,0.434261
7,10000000,k4_admiss,"(0, 2, 6, 8)",4,4.151425,wide,3117,10703979,0,0.188515,-0.188515,0.188515,16.186126,0.434184
7,10000000,k4_admiss,"(0, 2, 6, 8)",4,4.151425,wide,3117,10764730,0,0.188252,-0.188252,0.188252,16.191786,0.433880
7,10000000,k4_admiss,"(0, 2, 6, 8)",4,4.151425,wide,3117,10792358,0,0.188133,-0.188133,0.188133,16.194349,0.433743
7,10000000,k4_admiss,"(0, 2, 6, 8)",4,4.151425,wide,3117,10848098,0,0.187894,-0.187894,0.187894,16.199500,0.433467
7,10000000,k4_admiss,"(0, 2, 6, 8)",4,4.151425,wide,3117,10880182,0,0.187757,-0.187757,0.187757,16.202454,0.433309
7,10000000,k4_admiss,"(0, 2, 6, 8)",4,4.151425,wide,3117,10896132,0,0.187689,-0.187689,0.187689,16.203918,0.433231
7,10000000,k4_admiss,"(0, 2, 6, 8)",4,4.151425,wide,3117,10943474,0,0.187488,-0.187488,0.187488,16.208254,0.432999
7,10000000,k4_admiss,"(0, 2, 6, 8)",4,4.151425,wide,3117,10988235,0,0.187299,-0.187299,0.187299,16.212336,0.432781
7,10000000,k4_admiss,"(0, 2, 6, 8)",4,4.151425,wide,3117,11012723,0,0.187197,-0.187197,0.187197,16.214562,0.432662
7,10000000,k4_admiss,"(0, 2, 6, 8)",4,4.151425,wide,3117,11085748,1,0.186892,0.813108,0.813108,16.221171,0.432310
7,10000000,k4_admiss,"(0, 2, 6, 8)",4,4.151425,wide,3117,11112102,0,0.186782,-0.186782,0.186782,16.223545,0.432183
7,10000000,k4_admiss,"(0, 2, 6, 8)",4,4.151425,wide,3117,11160769,0,0.186581,-0.186581,0.186581,16.227915,0.431951
7,10000000,k4_admiss,"(0, 2, 6, 8)",4,4.151425,wide,3117,11199223,1,0.186423,0.813577,0.813577,16.231355,0.431768
7,10000000,k4_admiss,"(0, 2, 6, 8)",4,4.151425,wide,3117,11221124,1,0.186334,0.813666,0.813666,16.233309,0.431664
7,10000000,k4_admiss,"(0, 2, 6, 8)",4,4.151425,wide,3117,11259089,0,0.186179,-0.186179,0.186179,16.236686,0.431484
7,10000000,k4_admiss,"(0, 2, 6, 8)",4,4.151425,wide,3117,11308051,1,0.185980,0.814020,0.814020,16.241026,0.431254
7,10000000,k4_admiss,"(0, 2, 6, 8)",4,4.151425,wide,3117,11336826,0,0.185863,-0.185863,0.185863,16.243567,0.431119
7,10000000,k4_admiss,"(0, 2, 6, 8)",4,4.151425,wide,3117,11364327,0,0.185753,-0.185753,0.185753,16.245990,0.430990
7,10000000,k4_admiss,"(0, 2, 6, 8)",4,4.151425,wide,3117,11436438,0,0.185464,-0.185464,0.185464,16.252315,0.430655
7,10000000,k4_admiss,"(0, 2, 6, 8)",4,4.151425,wide,3117,11470532,1,0.185328,0.814672,0.814672,16.255292,0.430497
7,10000000,k4_admiss,"(0, 2, 6, 8)",4,4.151425,wide,3117,11504847,0,0.185192,-0.185192,0.185192,16.258279,0.430339
7,10000000,k4_admiss,"(0, 2, 6, 8)",4,4.151425,wide,3117,11549978,0,0.185013,-0.185013,0.185013,16.262194,0.430132
7,10000000,k4_admiss,"(0, 2, 6, 8)",4,4.151425,wide,3117,11571426,0,0.184929,-0.184929,0.184929,16.264049,0.430034
7,10000000,k4_admiss,"(0, 2, 6, 8)",4,4.151425,wide,3117,11600199,0,0.184816,-0.184816,0.184816,16.266533,0.429902
7,10000000,k4_admiss,"(0, 2, 6, 8)",4,4.151425,wide,3117,11643686,1,0.184646,0.815354,0.815354,16.270275,0.429705
7,10000000,k4_admiss,"(0, 2, 6, 8)",4,4.151425,wide,3117,11703810,0,0.184413,-0.184413,0.184413,16.275425,0.429433
7,10000000,k4_admiss,"(0, 2, 6, 8)",4,4.151425,wide,3117,11714122,0,0.184373,-0.184373,0.184373,16.276306,0.429386
7,10000000,k4_admiss,"(0, 2, 6, 8)",4,4.151425,wide,3117,11758149,0,0.184203,-0.184203,0.184203,16.280057,0.429189
7,10000000,k4_admiss,"(0, 2, 6, 8)",4,4.151425,wide,3117,11795175,0,0.184061,-0.184061,0.184061,16.283201,0.429023
7,10000000,k4_admiss,"(0, 2, 6, 8)",4,4.151425,wide,3117,11852802,1,0.183840,0.816160,0.816160,16.288075,0.428766
7,10000000,k4_admiss,"(0, 2, 6, 8)",4,4.151425,wide,3117,11899588,1,0.183663,0.816337,0.816337,16.292014,0.428559
7,10000000,k4_admiss,"(0, 2, 6, 8)",4,4.151425,wide,3117,11935322,1,0.183528,0.816472,0.816472,16.295013,0.428401
7,10000000,k4_admiss,"(0, 2, 6, 8)",4,4.151425,wide,3117,11970163,0,0.183396,-0.183396,0.183396,16.297928,0.428248
7,10000000,k4_admiss,"(0, 2, 6, 8)",4,4.151425,wide,3117,12013606,0,0.183233,-0.183233,0.183233,16.301550,0.428058
7,10000000,k4_admiss,"(0, 2, 6, 8)",4,4.151425,wide,3117,12038310,2,0.183141,1.816859,1.816859,16.303605,0.427950
7,10000000,k4_admiss,"(0, 2, 6, 8)",4,4.151425,wide,3117,12082843,0,0.182975,-0.182975,0.182975,16.307297,0.427756
7,10000000,k4_admiss,"(0, 2, 6, 8)",4,4.151425,wide,3117,12122808,0,0.182827,-0.182827,0.182827,16.310599,0.427583
7,10000000,k4_admiss,"(0, 2, 6, 8)",4,4.151425,wide,3117,12158667,0,0.182695,-0.182695,0.182695,16.313553,0.427428
7,10000000,k4_admiss,"(0, 2, 6, 8)",4,4.151425,wide,3117,12209736,0,0.182507,-0.182507,0.182507,16.317744,0.427209
7,10000000,k4_admiss,"(0, 2, 6, 8)",4,4.151425,wide,3117,12229484,0,0.182435,-0.182435,0.182435,16.319360,0.427124
7,10000000,k4_admiss,"(0, 2, 6, 8)",4,4.151425,wide,3117,12275466,0,0.182267,-0.182267,0.182267,16.323113,0.426928
7,10000000,k4_admiss,"(0, 2, 6, 8)",4,4.151425,wide,3117,12313702,0,0.182128,-0.182128,0.182128,16.326223,0.426765
7,10000000,k4_admiss,"(0, 2, 6, 8)",4,4.151425,wide,3117,12355586,0,0.181977,-0.181977,0.181977,16.329619,0.426588
7,10000000,k4_admiss,"(0, 2, 6, 8)",4,4.151425,wide,3117,12407197,0,0.181791,-0.181791,0.181791,16.333787,0.426370
7,10000000,k4_admiss,"(0, 2, 6, 8)",4,4.151425,wide,3117,12443329,0,0.181662,-0.181662,0.181662,16.336695,0.426218
7,10000000,k4_admiss,"(0, 2, 6, 8)",4,4.151425,wide,3117,12469664,0,0.181568,-0.181568,0.181568,16.338809,0.426108
7,10000000,k4_admiss,"(0, 2, 6, 8)",4,4.151425,wide,3117,12503880,0,0.181446,-0.181446,0.181446,16.341550,0.425965
7,10000000,k4_admiss,"(0, 2, 6, 8)",4,4.151425,wide,3117,12563450,0,0.181235,-0.181235,0.181235,16.346302,0.425717
7,10000000,k4_admiss,"(0, 2, 6, 8)",4,4.151425,wide,3117,12576565,0,0.181189,-0.181189,0.181189,16.347346,0.425663
7,10000000,k4_admiss,"(0, 2, 6, 8)",4,4.151425,wide,3117,12634649,1,0.180985,0.819015,0.819015,16.351954,0.425423
7,10000000,k4_admiss,"(0, 2, 6, 8)",4,4.151425,wide,3117,12675615,0,0.180842,-0.180842,0.180842,16.355191,0.425255
7,10000000,k4_admiss,"(0, 2, 6, 8)",4,4.151425,wide,3117,12691457,0,0.180786,-0.180786,0.180786,16.356440,0.425190
7,10000000,k4_admiss,"(0, 2, 6, 8)",4,4.151425,wide,3117,12732288,0,0.180645,-0.180645,0.180645,16.359652,0.425023
7,10000000,k4_admiss,"(0, 2, 6, 8)",4,4.151425,wide,3117,12768209,0,0.180520,-0.180520,0.180520,16.362469,0.424877
7,10000000,k4_admiss,"(0, 2, 6, 8)",4,4.151425,wide,3117,12831853,0,0.180301,-0.180301,0.180301,16.367441,0.424619
7,10000000,k4_admiss,"(0, 2, 6, 8)",4,4.151425,wide,3117,12874794,0,0.180154,-0.180154,0.180154,16.370782,0.424445
7,10000000,k4_admiss,"(0, 2, 6, 8)",4,4.151425,wide,3117,12895828,0,0.180082,-0.180082,0.180082,16.372414,0.424361
7,10000000,k4_admiss,"(0, 2, 6, 8)",4,4.151425,wide,3117,12941624,1,0.179926,0.820074,0.820074,16.375959,0.424177
7,10000000,k4_admiss,"(0, 2, 6, 8)",4,4.151425,wide,3117,12963374,1,0.179852,0.820148,0.820148,16.377639,0.424090
7,10000000,k4_admiss,"(0, 2, 6, 8)",4,4.151425,wide,3117,13022609,0,0.179652,-0.179652,0.179652,16.382198,0.423854
7,10000000,k4_admiss,"(0, 2, 6, 8)",4,4.151425,wide,3117,13035670,0,0.179608,-0.179608,0.179608,16.383200,0.423802
7,10000000,k4_admiss,"(0, 2, 6, 8)",4,4.151425,wide,3117,13106596,0,0.179371,-0.179371,0.179371,16.388626,0.423522
7,10000000,k4_admiss,"(0, 2, 6, 8)",4,4.151425,wide,3117,13118217,0,0.179332,-0.179332,0.179332,16.389512,0.423476
7,10000000,k4_admiss,"(0, 2, 6, 8)",4,4.151425,wide,3117,13185648,0,0.179108,-0.179108,0.179108,16.394640,0.423211
7,10000000,k4_admiss,"(0, 2, 6, 8)",4,4.151425,wide,3117,13209501,0,0.179029,-0.179029,0.179029,16.396447,0.423118
7,10000000,k4_admiss,"(0, 2, 6, 8)",4,4.151425,wide,3117,13243399,0,0.178917,-0.178917,0.178917,16.399010,0.422986
7,10000000,k4_admiss,"(0, 2, 6, 8)",4,4.151425,wide,3117,13298159,0,0.178737,-0.178737,0.178737,16.403136,0.422773
7,10000000,k4_admiss,"(0, 2, 6, 8)",4,4.151425,wide,3117,13341338,0,0.178596,-0.178596,0.178596,16.406378,0.422606
7,10000000,k4_admiss,"(0, 2, 6, 8)",4,4.151425,wide,3117,13381837,0,0.178464,-0.178464,0.178464,16.409409,0.422450
7,10000000,k4_admiss,"(0, 2, 6, 8)",4,4.151425,wide,3117,13398922,1,0.178408,0.821592,0.821592,16.410685,0.422384
7,10000000,k4_admiss,"(0, 2, 6, 8)",4,4.151425,wide,3117,13435666,0,0.178289,-0.178289,0.178289,16.413423,0.422243
7,10000000,k4_admiss,"(0, 2, 6, 8)",4,4.151425,wide,3117,13478442,0,0.178151,-0.178151,0.178151,16.416602,0.422080
7,10000000,k4_admiss,"(0, 2, 6, 8)",4,4.151425,wide,3117,13505003,0,0.178066,-0.178066,0.178066,16.418571,0.421978
7,10000000,k4_admiss,"(0, 2, 6, 8)",4,4.151425,wide,3117,13544394,0,0.177939,-0.177939,0.177939,16.421483,0.421829
7,10000000,k4_admiss,"(0, 2, 6, 8)",4,4.151425,wide,3117,13603531,0,0.177751,-0.177751,0.177751,16.425840,0.421605
7,10000000,k4_admiss,"(0, 2, 6, 8)",4,4.151425,wide,3117,13648324,0,0.177609,-0.177609,0.177609,16.429127,0.421436
7,10000000,k4_admiss,"(0, 2, 6, 8)",4,4.151425,wide,3117,13681928,0,0.177502,-0.177502,0.177502,16.431586,0.421310
7,10000000,k4_admiss,"(0, 2, 6, 8)",4,4.151425,wide,3117,13716208,0,0.177394,-0.177394,0.177394,16.434089,0.421182
7,10000000,k4_admiss,"(0, 2, 6, 8)",4,4.151425,wide,3117,13740462,1,0.177318,0.822682,0.822682,16.435855,0.421091
7,10000000,k4_admiss,"(0, 2, 6, 8)",4,4.151425,wide,3117,13775192,0,0.177209,-0.177209,0.177209,16.438380,0.420962
7,10000000,k4_admiss,"(0, 2, 6, 8)",4,4.151425,wide,3117,13813856,0,0.177088,-0.177088,0.177088,16.441183,0.420819
7,10000000,k4_admiss,"(0, 2, 6, 8)",4,4.151425,wide,3117,13863605,0,0.176934,-0.176934,0.176934,16.444778,0.420635
7,10000000,k4_admiss,"(0, 2, 6, 8)",4,4.151425,wide,3117,13921728,0,0.176754,-0.176754,0.176754,16.448961,0.420421
7,10000000,k4_admiss,"(0, 2, 6, 8)",4,4.151425,wide,3117,13954770,0,0.176652,-0.176652,0.176652,16.451332,0.420300
7,10000000,k4_admiss,"(0, 2, 6, 8)",4,4.151425,wide,3117,13995700,1,0.176526,0.823474,0.823474,16.454261,0.420150
7,10000000,k4_admiss,"(0, 2, 6, 8)",4,4.151425,wide,3117,14028635,1,0.176425,0.823575,0.823575,16.456611,0.420030
7,10000000,k4_admiss,"(0, 2, 6, 8)",4,4.151425,wide,3117,14060268,0,0.176329,-0.176329,0.176329,16.458864,0.419915
7,10000000,k4_admiss,"(0, 2, 6, 8)",4,4.151425,wide,3117,14112169,0,0.176171,-0.176171,0.176171,16.462548,0.419727
7,10000000,k4_admiss,"(0, 2, 6, 8)",4,4.151425,wide,3117,14143222,0,0.176077,-0.176077,0.176077,16.464746,0.419615
7,10000000,k4_admiss,"(0, 2, 6, 8)",4,4.151425,wide,3117,14198284,0,0.175911,-0.175911,0.175911,16.468632,0.419417
7,10000000,k4_admiss,"(0, 2, 6, 8)",4,4.151425,wide,3117,14214632,0,0.175862,-0.175862,0.175862,16.469782,0.419359
7,10000000,k4_admiss,"(0, 2, 6, 8)",4,4.151425,wide,3117,14267197,0,0.175704,-0.175704,0.175704,16.473474,0.419171
7,10000000,k4_admiss,"(0, 2, 6, 8)",4,4.151425,wide,3117,14315681,0,0.175559,-0.175559,0.175559,16.476866,0.418998
7,10000000,k4_admiss,"(0, 2, 6, 8)",4,4.151425,wide,3117,14348644,1,0.175461,0.824539,0.824539,16.479166,0.418881
7,10000000,k4_admiss,"(0, 2, 6, 8)",4,4.151425,wide,3117,14372887,0,0.175390,-0.175390,0.175390,16.480854,0.418795
7,10000000,k4_admiss,"(0, 2, 6, 8)",4,4.151425,wide,3117,14409573,0,0.175281,-0.175281,0.175281,16.483403,0.418666
7,10000000,k4_admiss,"(0, 2, 6, 8)",4,4.151425,wide,3117,14438263,0,0.175197,-0.175197,0.175197,16.485392,0.418565
7,10000000,k4_admiss,"(0, 2, 6, 8)",4,4.151425,wide,3117,14480941,0,0.175071,-0.175071,0.175071,16.488344,0.418415
7,10000000,k4_admiss,"(0, 2, 6, 8)",4,4.151425,wide,3117,14524504,0,0.174944,-0.174944,0.174944,16.491348,0.418263
7,10000000,k4_admiss,"(0, 2, 6, 8)",4,4.151425,wide,3117,14556986,0,0.174849,-0.174849,0.174849,16.493582,0.418149
7,10000000,k4_admiss,"(0, 2, 6, 8)",4,4.151425,wide,3117,14600361,0,0.174723,-0.174723,0.174723,16.496557,0.417999
7,10000000,k4_admiss,"(0, 2, 6, 8)",4,4.151425,wide,3117,14661377,0,0.174546,-0.174546,0.174546,16.500727,0.417787
7,10000000,k4_admiss,"(0, 2, 6, 8)",4,4.151425,wide,3117,14701122,0,0.174432,-0.174432,0.174432,16.503434,0.417650
7,10000000,k4_admiss,"(0, 2, 6, 8)",4,4.151425,wide,3117,14725526,0,0.174362,-0.174362,0.174362,16.505093,0.417566
7,10000000,k4_admiss,"(0, 2, 6, 8)",4,4.151425,wide,3117,14763351,1,0.174253,0.825747,0.825747,16.507658,0.417437
7,10000000,k4_admiss,"(0, 2, 6, 8)",4,4.151425,wide,3117,14787740,0,0.174184,-0.174184,0.174184,16.509309,0.417353
7,10000000,k4_admiss,"(0, 2, 6, 8)",4,4.151425,wide,3117,14860676,1,0.173976,0.826024,0.826024,16.514229,0.417105
7,10000000,k4_admiss,"(0, 2, 6, 8)",4,4.151425,wide,3117,14875831,1,0.173933,0.826067,0.826067,16.515248,0.417053
7,10000000,k4_admiss,"(0, 2, 6, 8)",4,4.151425,wide,3117,14911486,1,0.173832,0.826168,0.826168,16.517642,0.416932
7,10000000,k4_admiss,"(0, 2, 6, 8)",4,4.151425,wide,3117,14958949,0,0.173699,-0.173699,0.173699,16.520820,0.416772
7,10000000,k4_admiss,"(0, 2, 6, 8)",4,4.151425,wide,3117,14987062,1,0.173620,0.826380,0.826380,16.522698,0.416677
7,10000000,k4_admiss,"(0, 2, 6, 8)",4,4.151425,wide,3117,15047891,0,0.173450,-0.173450,0.173450,16.526748,0.416473
7,10000000,k4_admiss,"(0, 2, 6, 8)",4,4.151425,wide,3117,15076436,1,0.173370,0.826630,0.826630,16.528644,0.416377
7,10000000,k4_admiss,"(0, 2, 6, 8)",4,4.151425,wide,3117,15123752,1,0.173239,0.826761,0.826761,16.531777,0.416220
7,10000000,k4_admiss,"(0, 2, 6, 8)",4,4.151425,wide,3117,15162601,0,0.173131,-0.173131,0.173131,16.534342,0.416090
7,10000000,k4_admiss,"(0, 2, 6, 8)",4,4.151425,wide,3117,15183420,0,0.173074,-0.173074,0.173074,16.535715,0.416021
7,10000000,k4_admiss,"(0, 2, 6, 8)",4,4.151425,wide,3117,15229619,0,0.172947,-0.172947,0.172947,16.538753,0.415869
7,10000000,k4_admiss,"(0, 2, 6, 8)",4,4.151425,wide,3117,15255317,0,0.172876,-0.172876,0.172876,16.540439,0.415784
7,10000000,k4_admiss,"(0, 2, 6, 8)",4,4.151425,wide,3117,15319881,0,0.172700,-0.172700,0.172700,16.544662,0.415572
7,10000000,k4_admiss,"(0, 2, 6, 8)",4,4.151425,wide,3117,15342351,0,0.172639,-0.172639,0.172639,16.546128,0.415498
7,10000000,k4_admiss,"(0, 2, 6, 8)",4,4.151425,wide,3117,15386265,0,0.172519,-0.172519,0.172519,16.548986,0.415355
7,10000000,k4_admiss,"(0, 2, 6, 8)",4,4.151425,wide,3117,15433120,0,0.172393,-0.172393,0.172393,16.552026,0.415202
7,10000000,k4_admiss,"(0, 2, 6, 8)",4,4.151425,wide,3117,15473763,0,0.172283,-0.172283,0.172283,16.554656,0.415070
7,10000000,k4_admiss,"(0, 2, 6, 8)",4,4.151425,wide,3117,15510670,0,0.172184,-0.172184,0.172184,16.557039,0.414951
7,10000000,k4_admiss,"(0, 2, 6, 8)",4,4.151425,wide,3117,15552787,0,0.172071,-0.172071,0.172071,16.559750,0.414815
7,10000000,k4_admiss,"(0, 2, 6, 8)",4,4.151425,wide,3117,15592666,0,0.171965,-0.171965,0.171965,16.562311,0.414686
7,10000000,k4_admiss,"(0, 2, 6, 8)",4,4.151425,wide,3117,15633641,0,0.171856,-0.171856,0.171856,16.564936,0.414555
7,10000000,k4_admiss,"(0, 2, 6, 8)",4,4.151425,wide,3117,15657180,0,0.171794,-0.171794,0.171794,16.566440,0.414480
7,10000000,k4_admiss,"(0, 2, 6, 8)",4,4.151425,wide,3117,15689319,0,0.171709,-0.171709,0.171709,16.568491,0.414377
7,10000000,k4_admiss,"(0, 2, 6, 8)",4,4.151425,wide,3117,15749917,0,0.171549,-0.171549,0.171549,16.572346,0.414185
7,10000000,k4_admiss,"(0, 2, 6, 8)",4,4.151425,wide,3117,15761951,0,0.171517,-0.171517,0.171517,16.573109,0.414146
7,10000000,k4_admiss,"(0, 2, 6, 8)",4,4.151425,wide,3117,15826097,0,0.171349,-0.171349,0.171349,16.577171,0.413943
7,10000000,k4_admiss,"(0, 2, 6, 8)",4,4.151425,wide,3117,15859347,0,0.171262,-0.171262,0.171262,16.579270,0.413839
7,10000000,k4_admiss,"(0, 2, 6, 8)",4,4.151425,wide,3117,15880993,1,0.171206,0.828794,0.828794,16.580634,0.413771
7,10000000,k4_admiss,"(0, 2, 6, 8)",4,4.151425,wide,3117,15928589,0,0.171083,-0.171083,0.171083,16.583626,0.413621
7,10000000,k4_admiss,"(0, 2, 6, 8)",4,4.151425,wide,3117,15954507,0,0.171016,-0.171016,0.171016,16.585252,0.413540
7,10000000,k4_admiss,"(0, 2, 6, 8)",4,4.151425,wide,3117,16001486,0,0.170894,-0.170894,0.170894,16.588192,0.413394
7,10000000,k4_admiss,"(0, 2, 6, 8)",4,4.151425,wide,3117,16051023,0,0.170767,-0.170767,0.170767,16.591283,0.413240
7,10000000,k4_admiss,"(0, 2, 6, 8)",4,4.151425,wide,3117,16077824,0,0.170698,-0.170698,0.170698,16.592951,0.413157
7,10000000,k4_admiss,"(0, 2, 6, 8)",4,4.151425,wide,3117,16122425,1,0.170584,0.829416,0.829416,16.595722,0.413019
7,10000000,k4_admiss,"(0, 2, 6, 8)",4,4.151425,wide,3117,16160508,0,0.170487,-0.170487,0.170487,16.598081,0.412901
7,10000000,k4_admiss,"(0, 2, 6, 8)",4,4.151425,wide,3117,16216087,0,0.170346,-0.170346,0.170346,16.601514,0.412731
7,10000000,k4_admiss,"(0, 2, 6, 8)",4,4.151425,wide,3117,16238145,0,0.170291,-0.170291,0.170291,16.602874,0.412663
7,10000000,k4_admiss,"(0, 2, 6, 8)",4,4.151425,wide,3117,16277132,0,0.170192,-0.170192,0.170192,16.605272,0.412544
7,10000000,k4_admiss,"(0, 2, 6, 8)",4,4.151425,wide,3117,16328875,0,0.170062,-0.170062,0.170062,16.608446,0.412386
7,10000000,k4_admiss,"(0, 2, 6, 8)",4,4.151425,wide,3117,16346615,0,0.170018,-0.170018,0.170018,16.609531,0.412332
7,10000000,k4_admiss,"(0, 2, 6, 8)",4,4.151425,wide,3117,16384743,0,0.169923,-0.169923,0.169923,16.611861,0.412217
7,10000000,k4_admiss,"(0, 2, 6, 8)",4,4.151425,wide,3117,16424814,1,0.169823,0.830177,0.830177,16.614304,0.412095
7,10000000,k4_admiss,"(0, 2, 6, 8)",4,4.151425,wide,3117,16473353,1,0.169702,0.830298,0.830298,16.617255,0.411949
7,10000000,k4_admiss,"(0, 2, 6, 8)",4,4.151425,wide,3117,16514100,0,0.169601,-0.169601,0.169601,16.619725,0.411827
7,10000000,k4_admiss,"(0, 2, 6, 8)",4,4.151425,wide,3117,16546568,0,0.169521,-0.169521,0.169521,16.621689,0.411729
7,10000000,k4_admiss,"(0, 2, 6, 8)",4,4.151425,wide,3117,16584398,0,0.169428,-0.169428,0.169428,16.623973,0.411616
7,10000000,k4_admiss,"(0, 2, 6, 8)",4,4.151425,wide,3117,16634568,0,0.169305,-0.169305,0.169305,16.626993,0.411467
7,10000000,k4_admiss,"(0, 2, 6, 8)",4,4.151425,wide,3117,16662253,0,0.169237,-0.169237,0.169237,16.628656,0.411384
7,10000000,k4_admiss,"(0, 2, 6, 8)",4,4.151425,wide,3117,16719200,0,0.169098,-0.169098,0.169098,16.632068,0.411216
7,10000000,k4_admiss,"(0, 2, 6, 8)",4,4.151425,wide,3117,16760916,2,0.168997,1.831003,1.831003,16.634560,0.411092
7,10000000,k4_admiss,"(0, 2, 6, 8)",4,4.151425,wide,3117,16775495,0,0.168962,-0.168962,0.168962,16.635430,0.411049
7,10000000,k4_admiss,"(0, 2, 6, 8)",4,4.151425,wide,3117,16820052,0,0.168854,-0.168854,0.168854,16.638082,0.410918
7,10000000,k4_admiss,"(0, 2, 6, 8)",4,4.151425,wide,3117,16856255,0,0.168767,-0.168767,0.168767,16.640232,0.410812
7,10000000,k4_admiss,"(0, 2, 6, 8)",4,4.151425,wide,3117,16909600,0,0.168639,-0.168639,0.168639,16.643392,0.410656
7,10000000,k4_admiss,"(0, 2, 6, 8)",4,4.151425,wide,3117,16938989,0,0.168568,-0.168568,0.168568,16.645129,0.410571
7,10000000,k4_admiss,"(0, 2, 6, 8)",4,4.151425,wide,3117,16970215,0,0.168494,-0.168494,0.168494,16.646970,0.410480
7,10000000,k4_admiss,"(0, 2, 6, 8)",4,4.151425,wide,3117,17031840,0,0.168347,-0.168347,0.168347,16.650595,0.410301
7,10000000,k4_admiss,"(0, 2, 6, 8)",4,4.151425,wide,3117,17073242,0,0.168249,-0.168249,0.168249,16.653023,0.410182
7,10000000,k4_admiss,"(0, 2, 6, 8)",4,4.151425,wide,3117,17090810,0,0.168207,-0.168207,0.168207,16.654051,0.410131
7,10000000,k4_admiss,"(0, 2, 6, 8)",4,4.151425,wide,3117,17155471,0,0.168055,-0.168055,0.168055,16.657828,0.409945
7,10000000,k4_admiss,"(0, 2, 6, 8)",4,4.151425,wide,3117,17181205,0,0.167994,-0.167994,0.167994,16.659327,0.409871
7,10000000,k4_admiss,"(0, 2, 6, 8)",4,4.151425,wide,3117,17222034,0,0.167899,-0.167899,0.167899,16.661700,0.409754
7,10000000,k4_admiss,"(0, 2, 6, 8)",4,4.151425,wide,3117,17262887,0,0.167803,-0.167803,0.167803,16.664069,0.409638
7,10000000,k4_admiss,"(0, 2, 6, 8)",4,4.151425,wide,3117,17307511,0,0.167699,-0.167699,0.167699,16.666651,0.409511
7,10000000,k4_admiss,"(0, 2, 6, 8)",4,4.151425,wide,3117,17334166,0,0.167637,-0.167637,0.167637,16.668190,0.409435
7,10000000,k4_admiss,"(0, 2, 6, 8)",4,4.151425,wide,3117,17385820,0,0.167518,-0.167518,0.167518,16.671165,0.409289
7,10000000,k4_admiss,"(0, 2, 6, 8)",4,4.151425,wide,3117,17412852,0,0.167455,-0.167455,0.167455,16.672719,0.409213
7,10000000,k4_admiss,"(0, 2, 6, 8)",4,4.151425,wide,3117,17459598,0,0.167348,-0.167348,0.167348,16.675400,0.409082
7,10000000,k4_admiss,"(0, 2, 6, 8)",4,4.151425,wide,3117,17488797,0,0.167281,-0.167281,0.167281,16.677071,0.409000
7,10000000,k4_admiss,"(0, 2, 6, 8)",4,4.151425,wide,3117,17532643,0,0.167180,-0.167180,0.167180,16.679575,0.408877
7,10000000,k4_admiss,"(0, 2, 6, 8)",4,4.151425,wide,3117,17578361,0,0.167076,-0.167076,0.167076,16.682179,0.408749
7,10000000,k4_admiss,"(0, 2, 6, 8)",4,4.151425,wide,3117,17608893,0,0.167006,-0.167006,0.167006,16.683915,0.408664
7,10000000,k4_admiss,"(0, 2, 6, 8)",4,4.151425,wide,3117,17651335,0,0.166910,-0.166910,0.166910,16.686322,0.408546
7,10000000,k4_admiss,"(0, 2, 6, 8)",4,4.151425,wide,3117,17696268,0,0.166808,-0.166808,0.166808,16.688864,0.408422
7,10000000,k4_admiss,"(0, 2, 6, 8)",4,4.151425,wide,3117,17735998,0,0.166719,-0.166719,0.166719,16.691107,0.408312
7,10000000,k4_admiss,"(0, 2, 6, 8)",4,4.151425,wide,3117,17775286,0,0.166630,-0.166630,0.166630,16.693320,0.408204
8,100000000,k2_twin,"(0, 2)",2,1.320337,narrow,339,100298996,1,1.318658,-0.318658,0.318658,18.423666,1.148328
8,100000000,k2_twin,"(0, 2)",2,1.320337,narrow,339,100729219,1,1.318045,-0.318045,0.318045,18.427946,1.148062
8,100000000,k2_twin,"(0, 2)",2,1.320337,narrow,339,101036024,0,1.317611,-1.317611,1.317611,18.430988,1.147872
8,100000000,k2_twin,"(0, 2)",2,1.320337,narrow,339,101326965,2,1.317200,0.682800,0.682800,18.433863,1.147693
8,100000000,k2_twin,"(0, 2)",2,1.320337,narrow,339,101745961,1,1.316610,-0.316610,0.316610,18.437990,1.147436
8,100000000,k2_twin,"(0, 2)",2,1.320337,narrow,339,102066634,0,1.316161,-1.316161,1.316161,18.441136,1.147240
8,100000000,k2_twin,"(0, 2)",2,1.320337,narrow,339,102385931,3,1.315715,1.684285,1.684285,18.444260,1.147046
8,100000000,k2_twin,"(0, 2)",2,1.320337,narrow,339,102773150,0,1.315177,-1.315177,1.315177,18.448035,1.146811
8,100000000,k2_twin,"(0, 2)",2,1.320337,narrow,339,103323508,1,1.314415,-0.314415,0.314415,18.453375,1.146480
8,100000000,k2_twin,"(0, 2)",2,1.320337,narrow,339,103837500,0,1.313709,-1.313709,1.313709,18.458338,1.146171
8,100000000,k2_twin,"(0, 2)",2,1.320337,narrow,339,104265163,2,1.313124,0.686876,0.686876,18.462448,1.145916
8,100000000,k2_twin,"(0, 2)",2,1.320337,narrow,339,104635690,1,1.312619,-0.312619,0.312619,18.465995,1.145696
8,100000000,k2_twin,"(0, 2)",2,1.320337,narrow,339,104963275,1,1.312175,-0.312175,0.312175,18.469121,1.145502
8,100000000,k2_twin,"(0, 2)",2,1.320337,narrow,339,105199358,0,1.311856,-1.311856,1.311856,18.471368,1.145363
8,100000000,k2_twin,"(0, 2)",2,1.320337,narrow,339,105589267,1,1.311331,-0.311331,0.311331,18.475067,1.145133
8,100000000,k2_twin,"(0, 2)",2,1.320337,narrow,339,106207695,0,1.310502,-1.310502,1.310502,18.480907,1.144772
8,100000000,k2_twin,"(0, 2)",2,1.320337,narrow,339,106414487,1,1.310226,-0.310226,0.310226,18.482852,1.144651
8,100000000,k2_twin,"(0, 2)",2,1.320337,narrow,339,106850432,1,1.309647,-0.309647,0.309647,18.486941,1.144398
8,100000000,k2_twin,"(0, 2)",2,1.320337,narrow,339,107178971,4,1.309212,2.690788,2.690788,18.490011,1.144208
8,100000000,k2_twin,"(0, 2)",2,1.320337,narrow,339,107772030,2,1.308431,0.691569,0.691569,18.495529,1.143867
8,100000000,k2_twin,"(0, 2)",2,1.320337,narrow,339,107945891,1,1.308203,-0.308203,0.308203,18.497141,1.143767
8,100000000,k2_twin,"(0, 2)",2,1.320337,narrow,339,108273839,2,1.307774,0.692226,0.692226,18.500174,1.143579
8,100000000,k2_twin,"(0, 2)",2,1.320337,narrow,339,108737940,1,1.307169,-0.307169,0.307169,18.504451,1.143315
8,100000000,k2_twin,"(0, 2)",2,1.320337,narrow,339,109325627,1,1.306408,-0.306408,0.306408,18.509841,1.142982
8,100000000,k2_twin,"(0, 2)",2,1.320337,narrow,339,109482997,1,1.306205,-0.306205,0.306205,18.511280,1.142893
8,100000000,k2_twin,"(0, 2)",2,1.320337,narrow,339,110116010,1,1.305392,-0.305392,0.305392,18.517045,1.142537
8,100000000,k2_twin,"(0, 2)",2,1.320337,narrow,339,110176576,0,1.305314,-1.305314,1.305314,18.517595,1.142504
8,100000000,k2_twin,"(0, 2)",2,1.320337,narrow,339,110509440,2,1.304889,0.695111,0.695111,18.520612,1.142317
8,100000000,k2_twin,"(0, 2)",2,1.320337,narrow,339,111093276,0,1.304147,-1.304147,1.304147,18.525881,1.141993
8,100000000,k2_twin,"(0, 2)",2,1.320337,narrow,339,111505765,1,1.303625,-0.303625,0.303625,18.529587,1.141764
8,100000000,k2_twin,"(0, 2)",2,1.320337,narrow,339,112034117,1,1.302961,-0.302961,0.302961,18.534314,1.141473
8,100000000,k2_twin,"(0, 2)",2,1.320337,narrow,339,112066495,1,1.302920,-0.302920,0.302920,18.534603,1.141455
8,100000000,k2_twin,"(0, 2)",2,1.320337,narrow,339,112730799,1,1.302089,-0.302089,0.302089,18.540513,1.141091
8,100000000,k2_twin,"(0, 2)",2,1.320337,narrow,339,112841783,0,1.301951,-1.301951,1.301951,18.541497,1.141031
8,100000000,k2_twin,"(0, 2)",2,1.320337,narrow,339,113280409,2,1.301406,0.698594,0.698594,18.545377,1.140792
8,100000000,k2_twin,"(0, 2)",2,1.320337,narrow,339,113894425,1,1.300648,-0.300648,0.300648,18.550782,1.140460
8,100000000,k2_twin,"(0, 2)",2,1.320337,narrow,339,114207376,1,1.300263,-0.300263,0.300263,18.553526,1.140291
8,100000000,k2_twin,"(0, 2)",2,1.320337,narrow,339,114658561,1,1.299711,-0.299711,0.299711,18.557469,1.140049
8,100000000,k2_twin,"(0, 2)",2,1.320337,narrow,339,114797775,2,1.299541,0.700459,0.700459,18.558683,1.139974
8,100000000,k2_twin,"(0, 2)",2,1.320337,narrow,339,115426413,1,1.298777,-0.298777,0.298777,18.564144,1.139639
8,100000000,k2_twin,"(0, 2)",2,1.320337,narrow,339,115830541,2,1.298288,0.701712,0.701712,18.567639,1.139424
8,100000000,k2_twin,"(0, 2)",2,1.320337,narrow,339,116052435,4,1.298020,2.701980,2.701980,18.569553,1.139307
8,100000000,k2_twin,"(0, 2)",2,1.320337,narrow,339,116698529,2,1.297244,0.702756,0.702756,18.575104,1.138966
8,100000000,k2_twin,"(0, 2)",2,1.320337,narrow,339,116981074,2,1.296907,0.703093,0.703093,18.577523,1.138818
8,100000000,k2_twin,"(0, 2)",2,1.320337,narrow,339,117271390,2,1.296561,0.703439,0.703439,18.580001,1.138666
8,100000000,k2_twin,"(0, 2)",2,1.320337,narrow,339,117811445,1,1.295920,-0.295920,0.295920,18.584596,1.138385
8,100000000,k2_twin,"(0, 2)",2,1.320337,narrow,339,118145123,3,1.295525,1.704475,1.704475,18.587424,1.138211
8,100000000,k2_twin,"(0, 2)",2,1.320337,narrow,339,118582883,1,1.295010,-0.295010,0.295010,18.591123,1.137985
8,100000000,k2_twin,"(0, 2)",2,1.320337,narrow,339,118976752,2,1.294548,0.705452,0.705452,18.594439,1.137782
8,100000000,k2_twin,"(0, 2)",2,1.320337,narrow,339,119444092,1,1.294002,-0.294002,0.294002,18.598359,1.137542
8,100000000,k2_twin,"(0, 2)",2,1.320337,narrow,339,119703356,3,1.293701,1.706299,1.706299,18.600527,1.137410
8,100000000,k2_twin,"(0, 2)",2,1.320337,narrow,339,119893207,0,1.293480,-1.293480,1.293480,18.602112,1.137313
8,100000000,k2_twin,"(0, 2)",2,1.320337,narrow,339,120279829,1,1.293033,-0.293033,0.293033,18.605331,1.137116
8,100000000,k2_twin,"(0, 2)",2,1.320337,narrow,339,120956860,2,1.292253,0.707747,0.707747,18.610945,1.136773
8,100000000,k2_twin,"(0, 2)",2,1.320337,narrow,339,121199393,0,1.291975,-1.291975,1.291975,18.612948,1.136651
8,100000000,k2_twin,"(0, 2)",2,1.320337,narrow,339,121615455,0,1.291499,-1.291499,1.291499,18.616375,1.136441
8,100000000,k2_twin,"(0, 2)",2,1.320337,narrow,339,122140210,1,1.290902,-0.290902,0.290902,18.620680,1.136179
8,100000000,k2_twin,"(0, 2)",2,1.320337,narrow,339,122265501,1,1.290760,-0.290760,0.290760,18.621705,1.136116
8,100000000,k2_twin,"(0, 2)",2,1.320337,narrow,339,122696914,0,1.290272,-1.290272,1.290272,18.625228,1.135901
8,100000000,k2_twin,"(0, 2)",2,1.320337,narrow,339,123059721,2,1.289863,0.710137,0.710137,18.628180,1.135721
8,100000000,k2_twin,"(0, 2)",2,1.320337,narrow,339,123647958,2,1.289202,0.710798,0.710798,18.632949,1.135430
8,100000000,k2_twin,"(0, 2)",2,1.320337,narrow,339,124056065,0,1.288747,-1.288747,1.288747,18.636244,1.135230
8,100000000,k2_twin,"(0, 2)",2,1.320337,narrow,339,124277918,3,1.288499,1.711501,1.711501,18.638031,1.135121
8,100000000,k2_twin,"(0, 2)",2,1.320337,narrow,339,124601107,2,1.288140,0.711860,0.711860,18.640628,1.134963
8,100000000,k2_twin,"(0, 2)",2,1.320337,narrow,339,125044183,0,1.287650,-1.287650,1.287650,18.644178,1.134747
8,100000000,k2_twin,"(0, 2)",2,1.320337,narrow,339,125640847,1,1.286993,-0.286993,0.286993,18.648938,1.134457
8,100000000,k2_twin,"(0, 2)",2,1.320337,narrow,339,125775381,1,1.286845,-0.286845,0.286845,18.650008,1.134392
8,100000000,k2_twin,"(0, 2)",2,1.320337,narrow,339,126084961,0,1.286506,-1.286506,1.286506,18.652467,1.134242
8,100000000,k2_twin,"(0, 2)",2,1.320337,narrow,339,126639919,1,1.285900,-0.285900,0.285900,18.656858,1.133975
8,100000000,k2_twin,"(0, 2)",2,1.320337,narrow,339,126927012,3,1.285588,1.714412,1.714412,18.659123,1.133838
8,100000000,k2_twin,"(0, 2)",2,1.320337,narrow,339,127351688,1,1.285128,-0.285128,0.285128,18.662463,1.133635
8,100000000,k2_twin,"(0, 2)",2,1.320337,narrow,339,127722757,1,1.284727,-0.284727,0.284727,18.665373,1.133458
8,100000000,k2_twin,"(0, 2)",2,1.320337,narrow,339,128330966,3,1.284074,1.715926,1.715926,18.670123,1.133170
8,100000000,k2_twin,"(0, 2)",2,1.320337,narrow,339,128590404,0,1.283796,-1.283796,1.283796,18.672143,1.133047
8,100000000,k2_twin,"(0, 2)",2,1.320337,narrow,339,129173988,3,1.283173,1.716827,1.716827,18.676671,1.132772
8,100000000,k2_twin,"(0, 2)",2,1.320337,narrow,339,129329230,2,1.283008,0.716992,0.716992,18.677872,1.132700
8,100000000,k2_twin,"(0, 2)",2,1.320337,narrow,339,129634288,2,1.282685,0.717315,0.717315,18.680228,1.132557
8,100000000,k2_twin,"(0, 2)",2,1.320337,narrow,339,129974180,1,1.282325,-0.282325,0.282325,18.682846,1.132398
8,100000000,k2_twin,"(0, 2)",2,1.320337,narrow,339,130689509,1,1.281572,-0.281572,0.281572,18.688335,1.132065
8,100000000,k2_twin,"(0, 2)",2,1.320337,narrow,339,131090115,1,1.281153,-0.281153,0.281153,18.691396,1.131880
8,100000000,k2_twin,"(0, 2)",2,1.320337,narrow,339,131288913,3,1.280945,1.719055,1.719055,18.692911,1.131788
8,100000000,k2_twin,"(0, 2)",2,1.320337,narrow,339,131677932,0,1.280539,-1.280539,1.280539,18.695870,1.131609
8,100000000,k2_twin,"(0, 2)",2,1.320337,narrow,339,132249126,1,1.279947,-0.279947,0.279947,18.700198,1.131347
8,100000000,k2_twin,"(0, 2)",2,1.320337,narrow,339,132445842,0,1.279743,-1.279743,1.279743,18.701684,1.131257
8,100000000,k2_twin,"(0, 2)",2,1.320337,narrow,339,132980432,1,1.279192,-0.279192,0.279192,18.705713,1.131014
8,100000000,k2_twin,"(0, 2)",2,1.320337,narrow,339,133246833,1,1.278918,-0.278918,0.278918,18.707714,1.130893
8,100000000,k2_twin,"(0, 2)",2,1.320337,narrow,339,133490002,2,1.278669,0.721331,0.721331,18.709537,1.130783
8,100000000,k2_twin,"(0, 2)",2,1.320337,narrow,339,134014490,3,1.278133,1.721867,1.721867,18.713458,1.130546
8,100000000,k2_twin,"(0, 2)",2,1.320337,narrow,339,134632335,0,1.277505,-1.277505,1.277505,18.718058,1.130268
8,100000000,k2_twin,"(0, 2)",2,1.320337,narrow,339,134873260,1,1.277261,-0.277261,0.277261,18.719846,1.130160
8,100000000,k2_twin,"(0, 2)",2,1.320337,narrow,339,135149475,0,1.276982,-1.276982,1.276982,18.721892,1.130036
8,100000000,k2_twin,"(0, 2)",2,1.320337,narrow,339,135487866,1,1.276641,-0.276641,0.276641,18.724393,1.129885
8,100000000,k2_twin,"(0, 2)",2,1.320337,narrow,339,136158911,0,1.275968,-1.275968,1.275968,18.729333,1.129587
8,100000000,k2_twin,"(0, 2)",2,1.320337,narrow,339,136364548,4,1.275762,2.724238,2.724238,18.730842,1.129496
8,100000000,k2_twin,"(0, 2)",2,1.320337,narrow,339,136836153,3,1.275292,1.724708,1.724708,18.734295,1.129288
8,100000000,k2_twin,"(0, 2)",2,1.320337,narrow,339,136996369,0,1.275133,-1.275133,1.275133,18.735465,1.129218
8,100000000,k2_twin,"(0, 2)",2,1.320337,narrow,339,137534710,0,1.274599,-1.274599,1.274599,18.739387,1.128981
8,100000000,k2_twin,"(0, 2)",2,1.320337,narrow,339,138059657,0,1.274081,-1.274081,1.274081,18.743196,1.128752
8,100000000,k2_twin,"(0, 2)",2,1.320337,narrow,339,138278863,0,1.273865,-1.273865,1.273865,18.744783,1.128656
8,100000000,k2_twin,"(0, 2)",2,1.320337,narrow,339,138768593,3,1.273385,1.726615,1.726615,18.748318,1.128444
8,100000000,k2_twin,"(0, 2)",2,1.320337,narrow,339,139140281,1,1.273022,-0.273022,0.273022,18.750993,1.128283
8,100000000,k2_twin,"(0, 2)",2,1.320337,narrow,339,139459357,0,1.272711,-1.272711,1.272711,18.753284,1.128145
8,100000000,k2_twin,"(0, 2)",2,1.320337,narrow,339,139827197,1,1.272353,-0.272353,0.272353,18.755918,1.127986
8,100000000,k2_twin,"(0, 2)",2,1.320337,narrow,339,140316986,1,1.271879,-0.271879,0.271879,18.759415,1.127776
8,100000000,k2_twin,"(0, 2)",2,1.320337,narrow,339,140582346,4,1.271623,2.728377,2.728377,18.761304,1.127662
8,100000000,k2_twin,"(0, 2)",2,1.320337,narrow,339,141048460,2,1.271174,0.728826,0.728826,18.764614,1.127464
8,100000000,k2_twin,"(0, 2)",2,1.320337,narrow,339,141390147,1,1.270846,-0.270846,0.270846,18.767034,1.127318
8,100000000,k2_twin,"(0, 2)",2,1.320337,narrow,339,142000305,0,1.270263,-1.270263,1.270263,18.771340,1.127060
8,100000000,k2_twin,"(0, 2)",2,1.320337,narrow,339,142407647,1,1.269876,-0.269876,0.269876,18.774204,1.126888
8,100000000,k2_twin,"(0, 2)",2,1.320337,narrow,339,142550248,1,1.269740,-0.269740,0.269740,18.775205,1.126828
8,100000000,k2_twin,"(0, 2)",2,1.320337,narrow,339,143094231,0,1.269225,-1.269225,1.269225,18.779014,1.126599
8,100000000,k2_twin,"(0, 2)",2,1.320337,narrow,339,143565825,3,1.268781,1.731219,1.731219,18.782304,1.126402
8,100000000,k2_twin,"(0, 2)",2,1.320337,narrow,339,143714038,0,1.268641,-1.268641,1.268641,18.783336,1.126340
8,100000000,k2_twin,"(0, 2)",2,1.320337,narrow,339,144210097,0,1.268176,-1.268176,1.268176,18.786782,1.126133
8,100000000,k2_twin,"(0, 2)",2,1.320337,narrow,339,144469672,0,1.267933,-1.267933,1.267933,18.788580,1.126025
8,100000000,k2_twin,"(0, 2)",2,1.320337,narrow,339,145087788,2,1.267357,0.732643,0.732643,18.792850,1.125770
8,100000000,k2_twin,"(0, 2)",2,1.320337,narrow,339,145294554,1,1.267165,-0.267165,0.267165,18.794274,1.125684
8,100000000,k2_twin,"(0, 2)",2,1.320337,narrow,339,145654395,2,1.266832,0.733168,0.733168,18.796747,1.125536
8,100000000,k2_twin,"(0, 2)",2,1.320337,narrow,339,145940004,1,1.266568,-0.266568,0.266568,18.798706,1.125419
8,100000000,k2_twin,"(0, 2)",2,1.320337,narrow,339,146426488,0,1.266119,-1.266119,1.266119,18.802034,1.125220
8,100000000,k2_twin,"(0, 2)",2,1.320337,narrow,339,147011783,1,1.265582,-0.265582,0.265582,18.806023,1.124981
8,100000000,k2_twin,"(0, 2)",2,1.320337,narrow,339,147166398,1,1.265441,-0.265441,0.265441,18.807074,1.124918
8,100000000,k2_twin,"(0, 2)",2,1.320337,narrow,339,147838199,0,1.264828,-1.264828,1.264828,18.811629,1.124646
8,100000000,k2_twin,"(0, 2)",2,1.320337,narrow,339,148184186,2,1.264514,0.735486,0.735486,18.813967,1.124506
8,100000000,k2_twin,"(0, 2)",2,1.320337,narrow,339,148387272,0,1.264330,-1.264330,1.264330,18.815336,1.124424
8,100000000,k2_twin,"(0, 2)",2,1.320337,narrow,339,148681428,1,1.264064,-0.264064,0.264064,18.817317,1.124306
8,100000000,k2_twin,"(0, 2)",2,1.320337,narrow,339,149188326,1,1.263606,-0.263606,0.263606,18.820720,1.124103
8,100000000,k2_twin,"(0, 2)",2,1.320337,narrow,339,149607455,0,1.263230,-1.263230,1.263230,18.823525,1.123935
8,100000000,k2_twin,"(0, 2)",2,1.320337,narrow,339,150044051,1,1.262839,-0.262839,0.262839,18.826439,1.123761
8,100000000,k2_twin,"(0, 2)",2,1.320337,narrow,339,150243697,0,1.262660,-1.262660,1.262660,18.827769,1.123682
8,100000000,k2_twin,"(0, 2)",2,1.320337,narrow,339,150772470,0,1.262189,-1.262189,1.262189,18.831282,1.123472
8,100000000,k2_twin,"(0, 2)",2,1.320337,narrow,339,151150328,3,1.261854,1.738146,1.738146,18.833785,1.123323
8,100000000,k2_twin,"(0, 2)",2,1.320337,narrow,339,151538003,0,1.261511,-1.261511,1.261511,18.836347,1.123170
8,100000000,k2_twin,"(0, 2)",2,1.320337,narrow,339,151972094,1,1.261128,-0.261128,0.261128,18.839207,1.122999
8,100000000,k2_twin,"(0, 2)",2,1.320337,narrow,339,152159558,0,1.260963,-1.260963,1.260963,18.840440,1.122926
8,100000000,k2_twin,"(0, 2)",2,1.320337,narrow,339,152594765,2,1.260580,0.739420,0.739420,18.843296,1.122756
8,100000000,k2_twin,"(0, 2)",2,1.320337,narrow,339,153178819,4,1.260069,2.739931,2.739931,18.847117,1.122528
8,100000000,k2_twin,"(0, 2)",2,1.320337,narrow,339,153368983,1,1.259904,-0.259904,0.259904,18.848357,1.122454
8,100000000,k2_twin,"(0, 2)",2,1.320337,narrow,339,153720574,1,1.259597,-0.259597,0.259597,18.850647,1.122318
8,100000000,k2_twin,"(0, 2)",2,1.320337,narrow,339,154438371,2,1.258975,0.741025,0.741025,18.855306,1.122041
8,100000000,k2_twin,"(0, 2)",2,1.320337,narrow,339,154780651,1,1.258680,-0.258680,0.258680,18.857520,1.121909
8,100000000,k2_twin,"(0, 2)",2,1.320337,narrow,339,155206234,3,1.258313,1.741687,1.741687,18.860265,1.121746
8,100000000,k2_twin,"(0, 2)",2,1.320337,narrow,339,155591822,1,1.257982,-0.257982,0.257982,18.862747,1.121598
8,100000000,k2_twin,"(0, 2)",2,1.320337,narrow,339,155841164,2,1.257769,0.742231,0.742231,18.864348,1.121503
8,100000000,k2_twin,"(0, 2)",2,1.320337,narrow,339,156232560,1,1.257434,-0.257434,0.257434,18.866856,1.121354
8,100000000,k2_twin,"(0, 2)",2,1.320337,narrow,339,156650980,1,1.257078,-0.257078,0.257078,18.869531,1.121195
8,100000000,k2_twin,"(0, 2)",2,1.320337,narrow,339,156981431,1,1.256797,-0.256797,0.256797,18.871638,1.121070
8,100000000,k2_twin,"(0, 2)",2,1.320337,narrow,339,157528014,2,1.256334,0.743666,0.743666,18.875114,1.120863
8,100000000,k2_twin,"(0, 2)",2,1.320337,narrow,339,157939694,1,1.255987,-0.255987,0.255987,18.877724,1.120708
8,100000000,k2_twin,"(0, 2)",2,1.320337,narrow,339,158192472,1,1.255774,-0.255774,0.255774,18.879323,1.120613
8,100000000,k2_twin,"(0, 2)",2,1.320337,narrow,339,158421155,0,1.255582,-1.255582,1.255582,18.880768,1.120527
8,100000000,k2_twin,"(0, 2)",2,1.320337,narrow,339,158912199,1,1.255170,-0.255170,0.255170,18.883862,1.120344
8,100000000,k2_twin,"(0, 2)",2,1.320337,narrow,339,159154414,0,1.254968,-1.254968,1.254968,18.885385,1.120253
8,100000000,k2_twin,"(0, 2)",2,1.320337,narrow,339,159696333,0,1.254516,-1.254516,1.254516,18.888785,1.120052
8,100000000,k2_twin,"(0, 2)",2,1.320337,narrow,339,160075378,1,1.254201,-0.254201,0.254201,18.891155,1.119911
8,100000000,k2_twin,"(0, 2)",2,1.320337,narrow,339,160574043,1,1.253788,-0.253788,0.253788,18.894266,1.119727
8,100000000,k2_twin,"(0, 2)",2,1.320337,narrow,339,161035670,2,1.253408,0.746592,0.746592,18.897136,1.119557
8,100000000,k2_twin,"(0, 2)",2,1.320337,narrow,339,161480660,1,1.253042,-0.253042,0.253042,18.899896,1.119393
8,100000000,k2_twin,"(0, 2)",2,1.320337,narrow,339,161810443,1,1.252771,-0.252771,0.252771,18.901936,1.119273
8,100000000,k2_twin,"(0, 2)",2,1.320337,narrow,339,162131261,0,1.252509,-1.252509,1.252509,18.903917,1.119155
8,100000000,k2_twin,"(0, 2)",2,1.320337,narrow,339,162606048,2,1.252121,0.747879,0.747879,18.906841,1.118982
8,100000000,k2_twin,"(0, 2)",2,1.320337,narrow,339,163007611,1,1.251795,-0.251795,0.251795,18.909307,1.118836
8,100000000,k2_twin,"(0, 2)",2,1.320337,narrow,339,163234638,2,1.251610,0.748390,0.748390,18.910699,1.118754
8,100000000,k2_twin,"(0, 2)",2,1.320337,narrow,339,163508078,2,1.251389,0.748611,0.748611,18.912373,1.118655
8,100000000,k2_twin,"(0, 2)",2,1.320337,narrow,339,163967114,0,1.251018,-1.251018,1.251018,18.915176,1.118489
8,100000000,k2_twin,"(0, 2)",2,1.320337,narrow,339,164454865,0,1.250625,-1.250625,1.250625,18.918147,1.118313
8,100000000,k2_twin,"(0, 2)",2,1.320337,narrow,339,164742358,0,1.250394,-1.250394,1.250394,18.919893,1.118210
8,100000000,k2_twin,"(0, 2)",2,1.320337,narrow,339,165279506,0,1.249964,-1.249964,1.249964,18.923149,1.118018
8,100000000,k2_twin,"(0, 2)",2,1.320337,narrow,339,165490232,0,1.249796,-1.249796,1.249796,18.924423,1.117943
8,100000000,k2_twin,"(0, 2)",2,1.320337,narrow,339,165930525,1,1.249445,-0.249445,0.249445,18.927080,1.117786
8,100000000,k2_twin,"(0, 2)",2,1.320337,narrow,339,166368097,0,1.249097,-1.249097,1.249097,18.929713,1.117630
8,100000000,k2_twin,"(0, 2)",2,1.320337,narrow,339,166856866,2,1.248710,0.751290,0.751290,18.932647,1.117457
8,100000000,k2_twin,"(0, 2)",2,1.320337,narrow,339,167272569,2,1.248382,0.751618,0.751618,18.935135,1.117310
8,100000000,k2_twin,"(0, 2)",2,1.320337,narrow,339,167690874,0,1.248053,-1.248053,1.248053,18.937633,1.117163
8,100000000,k2_twin,"(0, 2)",2,1.320337,narrow,339,167886453,3,1.247899,1.752101,1.752101,18.938798,1.117094
8,100000000,k2_twin,"(0, 2)",2,1.320337,narrow,339,168418883,1,1.247482,-0.247482,0.247482,18.941965,1.116907
8,100000000,k2_twin,"(0, 2)",2,1.320337,narrow,339,168677003,0,1.247280,-1.247280,1.247280,18.943496,1.116817
8,100000000,k2_twin,"(0, 2)",2,1.320337,narrow,339,168921006,3,1.247090,1.752910,1.752910,18.944942,1.116732
8,100000000,k2_twin,"(0, 2)",2,1.320337,narrow,339,169372756,1,1.246738,-0.246738,0.246738,18.947613,1.116574
8,100000000,k2_twin,"(0, 2)",2,1.320337,narrow,339,170004609,1,1.246248,-0.246248,0.246248,18.951336,1.116355
8,100000000,k2_twin,"(0, 2)",2,1.320337,narrow,339,170247281,1,1.246061,-0.246061,0.246061,18.952763,1.116271
8,100000000,k2_twin,"(0, 2)",2,1.320337,narrow,339,170638827,3,1.245759,1.754241,1.754241,18.955060,1.116136
8,100000000,k2_twin,"(0, 2)",2,1.320337,narrow,339,171083376,1,1.245417,-0.245417,0.245417,18.957662,1.115983
8,100000000,k2_twin,"(0, 2)",2,1.320337,narrow,339,171529296,1,1.245075,-0.245075,0.245075,18.960265,1.115829
8,100000000,k2_twin,"(0, 2)",2,1.320337,narrow,339,171915709,1,1.244780,-0.244780,0.244780,18.962515,1.115697
8,100000000,k2_twin,"(0, 2)",2,1.320337,narrow,339,172098045,1,1.244640,-0.244640,0.244640,18.963575,1.115635
8,100000000,k2_twin,"(0, 2)",2,1.320337,narrow,339,172768348,1,1.244130,-0.244130,0.244130,18.967462,1.115406
8,100000000,k2_twin,"(0, 2)",2,1.320337,narrow,339,172847009,0,1.244071,-1.244071,1.244071,18.967917,1.115379
8,100000000,k2_twin,"(0, 2)",2,1.320337,narrow,339,173277380,0,1.243744,-1.243744,1.243744,18.970404,1.115233
8,100000000,k2_twin,"(0, 2)",2,1.320337,narrow,339,173708190,2,1.243419,0.756581,0.756581,18.972887,1.115087
8,100000000,k2_twin,"(0, 2)",2,1.320337,narrow,339,174161622,0,1.243077,-1.243077,1.243077,18.975494,1.114934
8,100000000,k2_twin,"(0, 2)",2,1.320337,narrow,339,174644922,1,1.242714,-0.242714,0.242714,18.978265,1.114771
8,100000000,k2_twin,"(0, 2)",2,1.320337,narrow,339,174930042,1,1.242501,-0.242501,0.242501,18.979897,1.114675
8,100000000,k2_twin,"(0, 2)",2,1.320337,narrow,339,175432058,1,1.242126,-0.242126,0.242126,18.982762,1.114507
8,100000000,k2_twin,"(0, 2)",2,1.320337,narrow,339,175805428,3,1.241847,1.758153,1.758153,18.984888,1.114382
8,100000000,k2_twin,"(0, 2)",2,1.320337,narrow,339,175964980,1,1.241729,-0.241729,0.241729,18.985796,1.114329
8,100000000,k2_twin,"(0, 2)",2,1.320337,narrow,339,176561557,0,1.241286,-1.241286,1.241286,18.989180,1.114130
8,100000000,k2_twin,"(0, 2)",2,1.320337,narrow,339,176734588,3,1.241158,1.758842,1.758842,18.990160,1.114073
8,100000000,k2_twin,"(0, 2)",2,1.320337,narrow,339,177248786,1,1.240778,-0.240778,0.240778,18.993065,1.113902
8,100000000,k2_twin,"(0, 2)",2,1.320337,narrow,339,177535745,1,1.240567,-0.240567,0.240567,18.994683,1.113807
8,100000000,k2_twin,"(0, 2)",2,1.320337,wide,4071,100383672,15,15.834083,-0.834083,0.834083,18.424510,3.979206
8,100000000,k2_twin,"(0, 2)",2,1.320337,wide,4071,100731164,7,15.828145,-8.828145,8.828145,18.427966,3.978460
8,100000000,k2_twin,"(0, 2)",2,1.320337,wide,4071,101062150,15,15.822511,-0.822511,0.822511,18.431246,3.977752
8,100000000,k2_twin,"(0, 2)",2,1.320337,wide,4071,101344174,17,15.817728,1.182272,1.182272,18.434033,3.977151
8,100000000,k2_twin,"(0, 2)",2,1.320337,wide,4071,101820296,15,15.809687,-0.809687,0.809687,18.438720,3.976140
8,100000000,k2_twin,"(0, 2)",2,1.320337,wide,4071,102240646,20,15.802625,4.197375,4.197375,18.442840,3.975252
8,100000000,k2_twin,"(0, 2)",2,1.320337,wide,4071,102454484,15,15.799045,-0.799045,0.799045,18.444929,3.974801
8,100000000,k2_twin,"(0, 2)",2,1.320337,wide,4071,102925290,13,15.791194,-2.791194,2.791194,18.449514,3.973814
8,100000000,k2_twin,"(0, 2)",2,1.320337,wide,4071,103431439,22,15.782800,6.217200,6.217200,18.454420,3.972757
8,100000000,k2_twin,"(0, 2)",2,1.320337,wide,4071,103700902,20,15.778351,4.221649,4.221649,18.457021,3.972197
8,100000000,k2_twin,"(0, 2)",2,1.320337,wide,4071,103955558,20,15.774158,4.225842,4.225842,18.459474,3.971669
8,100000000,k2_twin,"(0, 2)",2,1.320337,wide,4071,104360056,17,15.767523,1.232477,1.232477,18.463358,3.970834
8,100000000,k2_twin,"(0, 2)",2,1.320337,wide,4071,104915519,16,15.758461,0.241539,0.241539,18.468666,3.969693
8,100000000,k2_twin,"(0, 2)",2,1.320337,wide,4071,105372099,17,15.751053,1.248947,1.248947,18.473008,3.968760
8,100000000,k2_twin,"(0, 2)",2,1.320337,wide,4071,105622276,15,15.747010,-0.747010,0.747010,18.475380,3.968250
8,100000000,k2_twin,"(0, 2)",2,1.320337,wide,4071,105902201,16,15.742499,0.257501,0.257501,18.478027,3.967682
8,100000000,k2_twin,"(0, 2)",2,1.320337,wide,4071,106494079,11,15.733007,-4.733007,4.733007,18.483600,3.966486
8,100000000,k2_twin,"(0, 2)",2,1.320337,wide,4071,106839576,9,15.727495,-6.727495,6.727495,18.486839,3.965791
8,100000000,k2_twin,"(0, 2)",2,1.320337,wide,4071,107290987,13,15.720324,-2.720324,2.720324,18.491055,3.964886
8,100000000,k2_twin,"(0, 2)",2,1.320337,wide,4071,107461338,9,15.717626,-6.717626,6.717626,18.492642,3.964546
8,100000000,k2_twin,"(0, 2)",2,1.320337,wide,4071,107952449,15,15.709879,-0.709879,0.709879,18.497201,3.963569
8,100000000,k2_twin,"(0, 2)",2,1.320337,wide,4071,108225384,15,15.705590,-0.705590,0.705590,18.499726,3.963028
8,100000000,k2_twin,"(0, 2)",2,1.320337,wide,4071,108644817,19,15.699025,3.300975,3.300975,18.503595,3.962199
8,100000000,k2_twin,"(0, 2)",2,1.320337,wide,4071,109202349,18,15.690343,2.309657,2.309657,18.508713,3.961104
8,100000000,k2_twin,"(0, 2)",2,1.320337,wide,4071,109510457,7,15.685567,-8.685567,8.685567,18.511531,3.960501
8,100000000,k2_twin,"(0, 2)",2,1.320337,wide,4071,109856675,16,15.680220,0.319780,0.319780,18.514687,3.959826
8,100000000,k2_twin,"(0, 2)",2,1.320337,wide,4071,110439158,19,15.671266,3.328734,3.328734,18.519975,3.958695
8,100000000,k2_twin,"(0, 2)",2,1.320337,wide,4071,110622138,18,15.668465,2.331535,2.331535,18.521631,3.958341
8,100000000,k2_twin,"(0, 2)",2,1.320337,wide,4071,111221409,17,15.659328,1.340672,1.340672,18.527033,3.957187
8,100000000,k2_twin,"(0, 2)",2,1.320337,wide,4071,111576860,16,15.653936,0.346064,0.346064,18.530224,3.956506
8,100000000,k2_twin,"(0, 2)",2,1.320337,wide,4071,111770163,15,15.651012,-0.651012,0.651012,18.531955,3.956136
8,100000000,k2_twin,"(0, 2)",2,1.320337,wide,4071,112279517,13,15.643335,-2.643335,2.643335,18.536502,3.955166
8,100000000,k2_twin,"(0, 2)",2,1.320337,wide,4071,112640088,18,15.637925,2.362075,2.362075,18.539708,3.954482
8,100000000,k2_twin,"(0, 2)",2,1.320337,wide,4071,112961685,18,15.633117,2.366883,2.366883,18.542559,3.953874
8,100000000,k2_twin,"(0, 2)",2,1.320337,wide,4071,113534064,12,15.624598,-3.624598,3.624598,18.547613,3.952796
8,100000000,k2_twin,"(0, 2)",2,1.320337,wide,4071,113644366,15,15.622962,-0.622962,0.622962,18.548585,3.952589
8,100000000,k2_twin,"(0, 2)",2,1.320337,wide,4071,114347126,24,15.612582,8.387418,8.387418,18.554749,3.951276
8,100000000,k2_twin,"(0, 2)",2,1.320337,wide,4071,114780177,12,15.606223,-3.606223,3.606223,18.558529,3.950471
8,100000000,k2_twin,"(0, 2)",2,1.320337,wide,4071,114825284,14,15.605563,-1.605563,1.605563,18.558922,3.950388
8,100000000,k2_twin,"(0, 2)",2,1.320337,wide,4071,115199446,22,15.600093,6.399907,6.399907,18.562175,3.949695
8,100000000,k2_twin,"(0, 2)",2,1.320337,wide,4071,115754105,16,15.592023,0.407977,0.407977,18.566979,3.948674
8,100000000,k2_twin,"(0, 2)",2,1.320337,wide,4071,116069378,16,15.587456,0.412544,0.412544,18.569699,3.948095
8,100000000,k2_twin,"(0, 2)",2,1.320337,wide,4071,116720983,10,15.578062,-5.578062,5.578062,18.575297,3.946905
8,100000000,k2_twin,"(0, 2)",2,1.320337,wide,4071,116935628,11,15.574981,-4.574981,4.574981,18.577134,3.946515
8,100000000,k2_twin,"(0, 2)",2,1.320337,wide,4071,117293162,15,15.569863,-0.569863,0.569863,18.580187,3.945867
8,100000000,k2_twin,"(0, 2)",2,1.320337,wide,4071,117514430,16,15.566705,0.433295,0.433295,18.582072,3.945466
8,100000000,k2_twin,"(0, 2)",2,1.320337,wide,4071,118189603,16,15.557111,0.442889,0.442889,18.587801,3.944250
8,100000000,k2_twin,"(0, 2)",2,1.320337,wide,4071,118588185,14,15.551477,-1.551477,1.551477,18.591167,3.943536
8,100000000,k2_twin,"(0, 2)",2,1.320337,wide,4071,118875872,18,15.547424,2.452576,2.452576,18.593590,3.943022
8,100000000,k2_twin,"(0, 2)",2,1.320337,wide,4071,119301933,15,15.541443,-0.541443,0.541443,18.597168,3.942264
8,100000000,k2_twin,"(0, 2)",2,1.320337,wide,4071,119499689,22,15.538675,6.461325,6.461325,18.598824,3.941913
8,100000000,k2_twin,"(0, 2)",2,1.320337,wide,4071,119892012,8,15.533200,-7.533200,7.533200,18.602102,3.941218
8,100000000,k2_twin,"(0, 2)",2,1.320337,wide,4071,120513942,13,15.524563,-2.524563,2.524563,18.607276,3.940122
8,100000000,k2_twin,"(0, 2)",2,1.320337,wide,4071,120962681,17,15.518363,1.481637,1.481637,18.610993,3.939335
8,100000000,k2_twin,"(0, 2)",2,1.320337,wide,4071,121235121,17,15.514612,1.485388,1.485388,18.613242,3.938859
8,100000000,k2_twin,"(0, 2)",2,1.320337,wide,4071,121487494,14,15.511146,-1.511146,1.511146,18.615322,3.938419
8,100000000,k2_twin,"(0, 2)",2,1.320337,wide,4071,121909365,14,15.505371,-1.505371,1.505371,18.618788,3.937686
8,100000000,k2_twin,"(0, 2)",2,1.320337,wide,4071,122309607,19,15.499913,3.500087,3.500087,18.622066,3.936993
8,100000000,k2_twin,"(0, 2)",2,1.320337,wide,4071,122898774,17,15.491917,1.508083,1.508083,18.626872,3.935977
8,100000000,k2_twin,"(0, 2)",2,1.320337,wide,4071,123115705,10,15.488983,-5.488983,5.488983,18.628635,3.935605
8,100000000,k2_twin,"(0, 2)",2,1.320337,wide,4071,123615839,18,15.482244,2.517756,2.517756,18.632689,3.934748
8,100000000,k2_twin,"(0, 2)",2,1.320337,wide,4071,123846044,16,15.479153,0.520847,0.520847,18.634550,3.934355
8,100000000,k2_twin,"(0, 2)",2,1.320337,wide,4071,124295662,12,15.473134,-3.473134,3.473134,18.638174,3.933590
8,100000000,k2_twin,"(0, 2)",2,1.320337,wide,4071,124773634,16,15.466764,0.533236,0.533236,18.642012,3.932781
8,100000000,k2_twin,"(0, 2)",2,1.320337,wide,4071,125168574,9,15.461521,-6.461521,6.461521,18.645172,3.932114
8,100000000,k2_twin,"(0, 2)",2,1.320337,wide,4071,125318833,19,15.459532,3.540468,3.540468,18.646372,3.931861
8,100000000,k2_twin,"(0, 2)",2,1.320337,wide,4071,126024148,11,15.450230,-4.450230,4.450230,18.651984,3.930678
8,100000000,k2_twin,"(0, 2)",2,1.320337,wide,4071,126431736,16,15.444882,0.555118,0.555118,18.655213,3.929998
8,100000000,k2_twin,"(0, 2)",2,1.320337,wide,4071,126713375,14,15.441198,-1.441198,1.441198,18.657438,3.929529
8,100000000,k2_twin,"(0, 2)",2,1.320337,wide,4071,126930862,8,15.438360,-7.438360,7.438360,18.659153,3.929168
8,100000000,k2_twin,"(0, 2)",2,1.320337,wide,4071,127564284,14,15.430126,-1.430126,1.430126,18.664131,3.928120
8,100000000,k2_twin,"(0, 2)",2,1.320337,wide,4071,127700171,13,15.428366,-2.428366,2.428366,18.665196,3.927896
8,100000000,k2_twin,"(0, 2)",2,1.320337,wide,4071,128276681,9,15.420922,-6.420922,6.420922,18.669700,3.926948
8,100000000,k2_twin,"(0, 2)",2,1.320337,wide,4071,128642382,9,15.416220,-6.416220,6.416220,18.672547,3.926349
8,100000000,k2_twin,"(0, 2)",2,1.320337,wide,4071,129083552,11,15.410569,-4.410569,4.410569,18.675970,3.925630
8,100000000,k2_twin,"(0, 2)",2,1.320337,wide,4071,129522961,11,15.404962,-4.404962,4.404962,18.679369,3.924916
8,100000000,k2_twin,"(0, 2)",2,1.320337,wide,4071,129946200,6,15.399583,-9.399583,9.399583,18.682631,3.924230
8,100000000,k2_twin,"(0, 2)",2,1.320337,wide,4071,130022416,15,15.398616,-0.398616,0.398616,18.683217,3.924107
8,100000000,k2_twin,"(0, 2)",2,1.320337,wide,4071,130515689,10,15.392377,-5.392377,5.392377,18.687004,3.923312
8,100000000,k2_twin,"(0, 2)",2,1.320337,wide,4071,130982830,16,15.386493,0.613507,0.613507,18.690577,3.922562
8,100000000,k2_twin,"(0, 2)",2,1.320337,wide,4071,131156954,17,15.384306,1.615694,1.615694,18.691905,3.922283
8,100000000,k2_twin,"(0, 2)",2,1.320337,wide,4071,131891964,17,15.375111,1.624889,1.624889,18.697494,3.921111
8,100000000,k2_twin,"(0, 2)",2,1.320337,wide,4071,132186736,12,15.371440,-3.371440,3.371440,18.699726,3.920643
8,100000000,k2_twin,"(0, 2)",2,1.320337,wide,4071,132528684,15,15.367194,-0.367194,0.367194,18.702310,3.920101
8,100000000,k2_twin,"(0, 2)",2,1.320337,wide,4071,133021992,5,15.361090,-10.361090,10.361090,18.706025,3.919323
8,100000000,k2_twin,"(0, 2)",2,1.320337,wide,4071,133396180,21,15.356478,5.643522,5.643522,18.708834,3.918734
8,100000000,k2_twin,"(0, 2)",2,1.320337,wide,4071,133756734,17,15.352047,1.647953,1.647953,18.711533,3.918169
8,100000000,k2_twin,"(0, 2)",2,1.320337,wide,4071,134143821,17,15.347307,1.652693,1.652693,18.714423,3.917564
8,100000000,k2_twin,"(0, 2)",2,1.320337,wide,4071,134475316,18,15.343259,2.656741,2.656741,18.716891,3.917047
8,100000000,k2_twin,"(0, 2)",2,1.320337,wide,4071,134640297,12,15.341249,-3.341249,3.341249,18.718117,3.916791
8,100000000,k2_twin,"(0, 2)",2,1.320337,wide,4071,135151267,8,15.335042,-7.335042,7.335042,18.721905,3.915998
8,100000000,k2_twin,"(0, 2)",2,1.320337,wide,4071,135733414,14,15.328004,-1.328004,1.328004,18.726203,3.915099
8,100000000,k2_twin,"(0, 2)",2,1.320337,wide,4071,135936367,15,15.325558,-0.325558,0.325558,18.727697,3.914787
8,100000000,k2_twin,"(0, 2)",2,1.320337,wide,4071,136441603,22,15.319488,6.680512,6.680512,18.731407,3.914012
8,100000000,k2_twin,"(0, 2)",2,1.320337,wide,4071,136654127,8,15.316943,-7.316943,7.316943,18.732964,3.913687
8,100000000,k2_twin,"(0, 2)",2,1.320337,wide,4071,137288356,14,15.309374,-1.309374,1.309374,18.737594,3.912719
8,100000000,k2_twin,"(0, 2)",2,1.320337,wide,4071,137703976,17,15.304435,1.695565,1.695565,18.740617,3.912088
8,100000000,k2_twin,"(0, 2)",2,1.320337,wide,4071,137973088,18,15.301247,2.698753,2.698753,18.742569,3.911681
8,100000000,k2_twin,"(0, 2)",2,1.320337,wide,4071,138367693,9,15.296585,-6.296585,6.296585,18.745425,3.911085
8,100000000,k2_twin,"(0, 2)",2,1.320337,wide,4071,138559561,20,15.294324,4.705676,4.705676,18.746811,3.910796
8,100000000,k2_twin,"(0, 2)",2,1.320337,wide,4071,139158417,16,15.287290,0.712710,0.712710,18.751124,3.909896
8,100000000,k2_twin,"(0, 2)",2,1.320337,wide,4071,139402020,20,15.284438,4.715562,4.715562,18.752873,3.909532
8,100000000,k2_twin,"(0, 2)",2,1.320337,wide,4071,139873058,18,15.278941,2.721059,2.721059,18.756246,3.908829
8,100000000,k2_twin,"(0, 2)",2,1.320337,wide,4071,140367618,14,15.273192,-1.273192,1.273192,18.759775,3.908093
8,100000000,k2_twin,"(0, 2)",2,1.320337,wide,4071,140825179,14,15.267895,-1.267895,1.267895,18.763030,3.907415
8,100000000,k2_twin,"(0, 2)",2,1.320337,wide,4071,141187491,15,15.263714,-0.263714,0.263714,18.765599,3.906880
8,100000000,k2_twin,"(0, 2)",2,1.320337,wide,4071,141591403,13,15.259068,-2.259068,2.259068,18.768456,3.906286
8,100000000,k2_twin,"(0, 2)",2,1.320337,wide,4071,141875121,13,15.255813,-2.255813,2.255813,18.770458,3.905869
8,100000000,k2_twin,"(0, 2)",2,1.320337,wide,4071,142354185,14,15.250335,-1.250335,1.250335,18.773829,3.905168
8,100000000,k2_twin,"(0, 2)",2,1.320337,wide,4071,142546896,13,15.248138,-2.248138,2.248138,18.775182,3.904886
8,100000000,k2_twin,"(0, 2)",2,1.320337,wide,4071,142865631,13,15.244511,-2.244511,2.244511,18.777415,3.904422
8,100000000,k2_twin,"(0, 2)",2,1.320337,wide,4071,143210171,17,15.240600,1.759400,1.759400,18.779824,3.903921
8,100000000,k2_twin,"(0, 2)",2,1.320337,wide,4071,143901393,14,15.232788,-1.232788,1.232788,18.784639,3.902920
8,100000000,k2_twin,"(0, 2)",2,1.320337,wide,4071,144307414,16,15.228220,0.771780,0.771780,18.787456,3.902335
8,100000000,k2_twin,"(0, 2)",2,1.320337,wide,4071,144434191,13,15.226796,-2.226796,2.226796,18.788335,3.902153
8,100000000,k2_twin,"(0, 2)",2,1.320337,wide,4071,144969570,14,15.220801,-1.220801,1.220801,18.792034,3.901385
8,100000000,k2_twin,"(0, 2)",2,1.320337,wide,4071,145375877,8,15.216269,-7.216269,7.216269,18.794833,3.900804
8,100000000,k2_twin,"(0, 2)",2,1.320337,wide,4071,145593452,18,15.213847,2.786153,2.786153,18.796329,3.900493
8,100000000,k2_twin,"(0, 2)",2,1.320337,wide,4071,146297066,13,15.206046,-2.206046,2.206046,18.801150,3.899493
8,100000000,k2_twin,"(0, 2)",2,1.320337,wide,4071,146360392,14,15.205346,-1.205346,1.205346,18.801583,3.899403
8,100000000,k2_twin,"(0, 2)",2,1.320337,wide,4071,147028444,18,15.197983,2.802017,2.802017,18.806137,3.898459
8,100000000,k2_twin,"(0, 2)",2,1.320337,wide,4071,147115755,11,15.197023,-4.197023,4.197023,18.806730,3.898336
8,100000000,k2_twin,"(0, 2)",2,1.320337,wide,4071,147847325,20,15.189010,4.810990,4.810990,18.811691,3.897308
8,100000000,k2_twin,"(0, 2)",2,1.320337,wide,4071,147896829,19,15.188469,3.811531,3.811531,18.812025,3.897239
8,100000000,k2_twin,"(0, 2)",2,1.320337,wide,4071,148632148,20,15.180464,4.819536,4.819536,18.816985,3.896212
8,100000000,k2_twin,"(0, 2)",2,1.320337,wide,4071,148645250,24,15.180322,8.819678,8.819678,18.817073,3.896193
8,100000000,k2_twin,"(0, 2)",2,1.320337,wide,4071,149119601,13,15.175183,-2.175183,2.175183,18.820259,3.895534
8,100000000,k2_twin,"(0, 2)",2,1.320337,wide,4071,149671679,12,15.169225,-3.169225,3.169225,18.823955,3.894769
8,100000000,k2_twin,"(0, 2)",2,1.320337,wide,4071,149939065,8,15.166349,-7.166349,7.166349,18.825740,3.894400
8,100000000,k2_twin,"(0, 2)",2,1.320337,wide,4071,150229992,19,15.163226,3.836774,3.836774,18.827678,3.893999
8,100000000,k2_twin,"(0, 2)",2,1.320337,wide,4071,150801623,16,15.157111,0.842889,0.842889,18.831476,3.893213
8,100000000,k2_twin,"(0, 2)",2,1.320337,wide,4071,151289130,15,15.151917,-0.151917,0.151917,18.834703,3.892546
8,100000000,k2_twin,"(0, 2)",2,1.320337,wide,4071,151683425,13,15.147730,-2.147730,2.147730,18.837306,3.892008
8,100000000,k2_twin,"(0, 2)",2,1.320337,wide,4071,151931567,12,15.145101,-3.145101,3.145101,18.838941,3.891671
8,100000000,k2_twin,"(0, 2)",2,1.320337,wide,4071,152514667,16,15.138944,0.861056,0.861056,18.842771,3.890880
8,100000000,k2_twin,"(0, 2)",2,1.320337,wide,4071,152662130,14,15.137392,-1.137392,1.137392,18.843738,3.890680
8,100000000,k2_twin,"(0, 2)",2,1.320337,wide,4071,153007192,11,15.133765,-4.133765,4.133765,18.845995,3.890214
8,100000000,k2_twin,"(0, 2)",2,1.320337,wide,4071,153352984,16,15.130140,0.869860,0.869860,18.848253,3.889748
8,100000000,k2_twin,"(0, 2)",2,1.320337,wide,4071,154043738,15,15.122927,-0.122927,0.122927,18.852747,3.888821
8,100000000,k2_twin,"(0, 2)",2,1.320337,wide,4071,154468129,15,15.118515,-0.118515,0.118515,18.855498,3.888253
8,100000000,k2_twin,"(0, 2)",2,1.320337,wide,4071,154811285,18,15.114957,2.885043,2.885043,18.857717,3.887796
8,100000000,k2_twin,"(0, 2)",2,1.320337,wide,4071,154996744,14,15.113038,-1.113038,1.113038,18.858915,3.887549
8,100000000,k2_twin,"(0, 2)",2,1.320337,wide,4071,155318718,16,15.109712,0.890288,0.890288,18.860990,3.887121
8,100000000,k2_twin,"(0, 2)",2,1.320337,wide,4071,155992362,14,15.102781,-1.102781,1.102781,18.865318,3.886230
8,100000000,k2_twin,"(0, 2)",2,1.320337,wide,4071,156095034,17,15.101727,1.898273,1.898273,18.865976,3.886094
8,100000000,k2_twin,"(0, 2)",2,1.320337,wide,4071,156425529,13,15.098342,-2.098342,2.098342,18.868091,3.885658
8,100000000,k2_twin,"(0, 2)",2,1.320337,wide,4071,157112807,14,15.091328,-1.091328,1.091328,18.872475,3.884756
8,100000000,k2_twin,"(0, 2)",2,1.320337,wide,4071,157542943,16,15.086957,0.913043,0.913043,18.875209,3.884193
8,100000000,k2_twin,"(0, 2)",2,1.320337,wide,4071,157845958,18,15.083886,2.916114,2.916114,18.877130,3.883798
8,100000000,k2_twin,"(0, 2)",2,1.320337,wide,4071,158136010,16,15.080952,0.919048,0.919048,18.878966,3.883420
8,100000000,k2_twin,"(0, 2)",2,1.320337,wide,4071,158578661,9,15.076487,-6.076487,6.076487,18.881761,3.882845
8,100000000,k2_twin,"(0, 2)",2,1.320337,wide,4071,158924424,13,15.073010,-2.073010,2.073010,18.883939,3.882397
8,100000000,k2_twin,"(0, 2)",2,1.320337,wide,4071,159288655,11,15.069356,-4.069356,4.069356,18.886229,3.881927
8,100000000,k2_twin,"(0, 2)",2,1.320337,wide,4071,159785813,19,15.064384,3.935616,3.935616,18.889345,3.881286
8,100000000,k2_twin,"(0, 2)",2,1.320337,wide,4071,160216311,15,15.060094,-0.060094,0.060094,18.892035,3.880734
8,100000000,k2_twin,"(0, 2)",2,1.320337,wide,4071,160582279,15,15.056457,-0.056457,0.056457,18.894317,3.880265
8,100000000,k2_twin,"(0, 2)",2,1.320337,wide,4071,160995260,11,15.052364,-4.052364,4.052364,18.896885,3.879738
8,100000000,k2_twin,"(0, 2)",2,1.320337,wide,4071,161113372,14,15.051196,-1.051196,1.051196,18.897619,3.879587
8,100000000,k2_twin,"(0, 2)",2,1.320337,wide,4071,161816121,13,15.044266,-2.044266,2.044266,18.901971,3.878694
8,100000000,k2_twin,"(0, 2)",2,1.320337,wide,4071,162239717,13,15.040105,-2.040105,2.040105,18.904586,3.878157
8,100000000,k2_twin,"(0, 2)",2,1.320337,wide,4071,162448240,16,15.038061,0.961939,0.961939,18.905870,3.877894
8,100000000,k2_twin,"(0, 2)",2,1.320337,wide,4071,163021937,8,15.032455,-7.032455,7.032455,18.909395,3.877171
8,100000000,k2_twin,"(0, 2)",2,1.320337,wide,4071,163411911,17,15.028657,1.971343,1.971343,18.911785,3.876681
8,100000000,k2_twin,"(0, 2)",2,1.320337,wide,4071,163444186,18,15.028343,2.971657,2.971657,18.911982,3.876641
8,100000000,k2_twin,"(0, 2)",2,1.320337,wide,4071,164094584,14,15.022033,-1.022033,1.022033,18.915954,3.875827
8,100000000,k2_twin,"(0, 2)",2,1.320337,wide,4071,164378662,13,15.019286,-2.019286,2.019286,18.917683,3.875472
8,100000000,k2_twin,"(0, 2)",2,1.320337,wide,4071,164874770,13,15.014502,-2.014502,2.014502,18.920697,3.874855
8,100000000,k2_twin,"(0, 2)",2,1.320337,wide,4071,165103303,13,15.012304,-2.012304,2.012304,18.922082,3.874572
8,100000000,k2_twin,"(0, 2)",2,1.320337,wide,4071,165744882,15,15.006152,-0.006152,0.006152,18.925960,3.873778
8,100000000,k2_twin,"(0, 2)",2,1.320337,wide,4071,166026348,13,15.003462,-2.003462,2.003462,18.927657,3.873430
8,100000000,k2_twin,"(0, 2)",2,1.320337,wide,4071,166363256,15,15.000249,-0.000249,0.000249,18.929684,3.873015
8,100000000,k2_twin,"(0, 2)",2,1.320337,wide,4071,166726734,20,14.996791,5.003209,5.003209,18.931867,3.872569
8,100000000,k2_twin,"(0, 2)",2,1.320337,wide,4071,167276112,11,14.991580,-3.991580,3.991580,18.935156,3.871896
8,100000000,k2_twin,"(0, 2)",2,1.320337,wide,4071,167669804,16,14.987859,1.012141,1.012141,18.937507,3.871416
8,100000000,k2_twin,"(0, 2)",2,1.320337,wide,4071,167812799,24,14.986509,9.013491,9.013491,18.938360,3.871241
8,100000000,k2_twin,"(0, 2)",2,1.320337,wide,4071,168301310,17,14.981910,2.018090,2.018090,18.941266,3.870647
8,100000000,k2_twin,"(0, 2)",2,1.320337,wide,4071,168848934,15,14.976772,0.023228,0.023228,18.944515,3.869984
8,100000000,k2_twin,"(0, 2)",2,1.320337,wide,4071,169071043,13,14.974694,-1.974694,1.974694,18.945830,3.869715
8,100000000,k2_twin,"(0, 2)",2,1.320337,wide,4071,169437523,15,14.971272,0.028728,0.028728,18.947995,3.869273
8,100000000,k2_twin,"(0, 2)",2,1.320337,wide,4071,170022109,16,14.965831,1.034169,1.034169,18.951439,3.868570
8,100000000,k2_twin,"(0, 2)",2,1.320337,wide,4071,170069446,15,14.965391,0.034609,0.034609,18.951717,3.868513
8,100000000,k2_twin,"(0, 2)",2,1.320337,wide,4071,170667616,11,14.959848,-3.959848,3.959848,18.955228,3.867796
8,100000000,k2_twin,"(0, 2)",2,1.320337,wide,4071,171004760,14,14.956733,-0.956733,0.956733,18.957202,3.867394
8,100000000,k2_twin,"(0, 2)",2,1.320337,wide,4071,171337413,8,14.953667,-6.953667,6.953667,18.959145,3.866997
8,100000000,k2_twin,"(0, 2)",2,1.320337,wide,4071,171961678,15,14.947932,0.052068,0.052068,18.962782,3.866256
8,100000000,k2_twin,"(0, 2)",2,1.320337,wide,4071,172167141,18,14.946049,3.053951,3.053951,18.963976,3.866012
8,100000000,k2_twin,"(0, 2)",2,1.320337,wide,4071,172549280,13,14.942555,-1.942555,1.942555,18.966193,3.865560
8,100000000,k2_twin,"(0, 2)",2,1.320337,wide,4071,172907590,16,14.939287,1.060713,1.060713,18.968268,3.865137
8,100000000,k2_twin,"(0, 2)",2,1.320337,wide,4071,173163479,13,14.936958,-1.936958,1.936958,18.969747,3.864836
8,100000000,k2_twin,"(0, 2)",2,1.320337,wide,4071,173732316,17,14.931795,2.068205,2.068205,18.973026,3.864168
8,100000000,k2_twin,"(0, 2)",2,1.320337,wide,4071,174178986,14,14.927754,-0.927754,0.927754,18.975594,3.863645
8,100000000,k2_twin,"(0, 2)",2,1.320337,wide,4071,174579397,13,14.924142,-1.924142,1.924142,18.977890,3.863178
8,100000000,k2_twin,"(0, 2)",2,1.320337,wide,4071,174750631,16,14.922600,1.077400,1.077400,18.978871,3.862978
8,100000000,k2_twin,"(0, 2)",2,1.320337,wide,4071,175353732,17,14.917184,2.082816,2.082816,18.982316,3.862277
8,100000000,k2_twin,"(0, 2)",2,1.320337,wide,4071,175511880,15,14.915767,0.084233,0.084233,18.983217,3.862094
8,100000000,k2_twin,"(0, 2)",2,1.320337,wide,4071,176086382,11,14.910633,-3.910633,3.910633,18.986485,3.861429
8,100000000,k2_twin,"(0, 2)",2,1.320337,wide,4071,176587638,15,14.906169,0.093831,0.093831,18.989328,3.860851
8,100000000,k2_twin,"(0, 2)",2,1.320337,wide,4071,176741849,10,14.904799,-4.904799,4.904799,18.990201,3.860673
8,100000000,k2_twin,"(0, 2)",2,1.320337,wide,4071,177085979,20,14.901746,5.098254,5.098254,18.992146,3.860278
8,100000000,k2_twin,"(0, 2)",2,1.320337,wide,4071,177487108,10,14.898196,-4.898196,4.898196,18.994409,3.859818
8,100000000,k3_admiss,"(0, 2, 6)",3,2.858333,narrow,339,100351005,0,0.154934,-0.154934,0.154934,18.424185,0.393617
8,100000000,k3_admiss,"(0, 2, 6)",3,2.858333,narrow,339,100557830,1,0.154882,0.845118,0.845118,18.426244,0.393551
8,100000000,k3_admiss,"(0, 2, 6)",3,2.858333,narrow,339,100867742,0,0.154805,-0.154805,0.154805,18.429321,0.393452
8,100000000,k3_admiss,"(0, 2, 6)",3,2.858333,narrow,339,101402083,1,0.154672,0.845328,0.845328,18.434604,0.393283
8,100000000,k3_admiss,"(0, 2, 6)",3,2.858333,narrow,339,101896087,0,0.154549,-0.154549,0.154549,18.439464,0.393128
8,100000000,k3_admiss,"(0, 2, 6)",3,2.858333,narrow,339,102323136,0,0.154444,-0.154444,0.154444,18.443646,0.392994
8,100000000,k3_admiss,"(0, 2, 6)",3,2.858333,narrow,339,102407649,0,0.154424,-0.154424,0.154424,18.444472,0.392968
8,100000000,k3_admiss,"(0, 2, 6)",3,2.858333,narrow,339,103075952,1,0.154260,0.845740,0.845740,18.450977,0.392760
8,100000000,k3_admiss,"(0, 2, 6)",3,2.858333,narrow,339,103392365,0,0.154183,-0.154183,0.154183,18.454042,0.392662
8,100000000,k3_admiss,"(0, 2, 6)",3,2.858333,narrow,339,103711935,1,0.154106,0.845894,0.845894,18.457128,0.392564
8,100000000,k3_admiss,"(0, 2, 6)",3,2.858333,narrow,339,104182997,0,0.153993,-0.153993,0.153993,18.461659,0.392419
8,100000000,k3_admiss,"(0, 2, 6)",3,2.858333,narrow,339,104431077,1,0.153933,0.846067,0.846067,18.464038,0.392343
8,100000000,k3_admiss,"(0, 2, 6)",3,2.858333,narrow,339,104672030,0,0.153876,-0.153876,0.153876,18.466342,0.392270
8,100000000,k3_admiss,"(0, 2, 6)",3,2.858333,narrow,339,105131826,0,0.153766,-0.153766,0.153766,18.470726,0.392130
8,100000000,k3_admiss,"(0, 2, 6)",3,2.858333,narrow,339,105555870,1,0.153666,0.846334,0.846334,18.474751,0.392002
8,100000000,k3_admiss,"(0, 2, 6)",3,2.858333,narrow,339,105895188,0,0.153586,-0.153586,0.153586,18.477960,0.391900
8,100000000,k3_admiss,"(0, 2, 6)",3,2.858333,narrow,339,106374121,2,0.153473,1.846527,1.846527,18.482473,0.391756
8,100000000,k3_admiss,"(0, 2, 6)",3,2.858333,narrow,339,106892980,0,0.153352,-0.153352,0.153352,18.487339,0.391602
8,100000000,k3_admiss,"(0, 2, 6)",3,2.858333,narrow,339,107332087,1,0.153250,0.846750,0.846750,18.491438,0.391472
8,100000000,k3_admiss,"(0, 2, 6)",3,2.858333,narrow,339,107412581,0,0.153231,-0.153231,0.153231,18.492188,0.391448
8,100000000,k3_admiss,"(0, 2, 6)",3,2.858333,narrow,339,107950986,0,0.153107,-0.153107,0.153107,18.497188,0.391289
8,100000000,k3_admiss,"(0, 2, 6)",3,2.858333,narrow,339,108256512,0,0.153037,-0.153037,0.153037,18.500014,0.391199
8,100000000,k3_admiss,"(0, 2, 6)",3,2.858333,narrow,339,108861827,0,0.152899,-0.152899,0.152899,18.505590,0.391023
8,100000000,k3_admiss,"(0, 2, 6)",3,2.858333,narrow,339,109107455,0,0.152843,-0.152843,0.152843,18.507844,0.390951
8,100000000,k3_admiss,"(0, 2, 6)",3,2.858333,narrow,339,109347734,0,0.152788,-0.152788,0.152788,18.510044,0.390881
8,100000000,k3_admiss,"(0, 2, 6)",3,2.858333,narrow,339,110002823,0,0.152640,-0.152640,0.152640,18.516017,0.390692
8,100000000,k3_admiss,"(0, 2, 6)",3,2.858333,narrow,339,110441091,0,0.152542,-0.152542,0.152542,18.519993,0.390566
8,100000000,k3_admiss,"(0, 2, 6)",3,2.858333,narrow,339,110750067,2,0.152473,1.847527,1.847527,18.522787,0.390478
8,100000000,k3_admiss,"(0, 2, 6)",3,2.858333,narrow,339,111030434,0,0.152411,-0.152411,0.152411,18.525315,0.390398
8,100000000,k3_admiss,"(0, 2, 6)",3,2.858333,narrow,339,111419807,0,0.152324,-0.152324,0.152324,18.528816,0.390288
8,100000000,k3_admiss,"(0, 2, 6)",3,2.858333,narrow,339,111873738,1,0.152224,0.847776,0.847776,18.532881,0.390159
8,100000000,k3_admiss,"(0, 2, 6)",3,2.858333,narrow,339,112212958,0,0.152150,-0.152150,0.152150,18.535909,0.390064
8,100000000,k3_admiss,"(0, 2, 6)",3,2.858333,narrow,339,112480922,0,0.152091,-0.152091,0.152091,18.538294,0.389988
8,100000000,k3_admiss,"(0, 2, 6)",3,2.858333,narrow,339,112905669,0,0.151998,-0.151998,0.151998,18.542063,0.389869
8,100000000,k3_admiss,"(0, 2, 6)",3,2.858333,narrow,339,113563779,1,0.151855,0.848145,0.848145,18.547875,0.389686
8,100000000,k3_admiss,"(0, 2, 6)",3,2.858333,narrow,339,113798350,0,0.151805,-0.151805,0.151805,18.549939,0.389621
8,100000000,k3_admiss,"(0, 2, 6)",3,2.858333,narrow,339,114319298,0,0.151693,-0.151693,0.151693,18.554506,0.389477
8,100000000,k3_admiss,"(0, 2, 6)",3,2.858333,narrow,339,114582674,0,0.151636,-0.151636,0.151636,18.556807,0.389405
8,100000000,k3_admiss,"(0, 2, 6)",3,2.858333,narrow,339,114804404,0,0.151589,-0.151589,0.151589,18.558740,0.389344
8,100000000,k3_admiss,"(0, 2, 6)",3,2.858333,narrow,339,115491525,0,0.151443,-0.151443,0.151443,18.564708,0.389156
8,100000000,k3_admiss,"(0, 2, 6)",3,2.858333,narrow,339,115905303,0,0.151355,-0.151355,0.151355,18.568284,0.389044
8,100000000,k3_admiss,"(0, 2, 6)",3,2.858333,narrow,339,116174588,0,0.151298,-0.151298,0.151298,18.570605,0.388971
8,100000000,k3_admiss,"(0, 2, 6)",3,2.858333,narrow,339,116704935,0,0.151187,-0.151187,0.151187,18.575159,0.388828
8,100000000,k3_admiss,"(0, 2, 6)",3,2.858333,narrow,339,116874868,0,0.151152,-0.151152,0.151152,18.576614,0.388782
8,100000000,k3_admiss,"(0, 2, 6)",3,2.858333,narrow,339,117483565,0,0.151025,-0.151025,0.151025,18.581809,0.388619
8,100000000,k3_admiss,"(0, 2, 6)",3,2.858333,narrow,339,117684568,0,0.150983,-0.150983,0.150983,18.583518,0.388566
8,100000000,k3_admiss,"(0, 2, 6)",3,2.858333,narrow,339,118126659,0,0.150892,-0.150892,0.150892,18.587268,0.388448
8,100000000,k3_admiss,"(0, 2, 6)",3,2.858333,narrow,339,118323263,0,0.150851,-0.150851,0.150851,18.588931,0.388396
8,100000000,k3_admiss,"(0, 2, 6)",3,2.858333,narrow,339,118894066,0,0.150734,-0.150734,0.150734,18.593743,0.388245
8,100000000,k3_admiss,"(0, 2, 6)",3,2.858333,narrow,339,119350723,0,0.150641,-0.150641,0.150641,18.597577,0.388125
8,100000000,k3_admiss,"(0, 2, 6)",3,2.858333,narrow,339,119622214,1,0.150586,0.849414,0.849414,18.599849,0.388054
8,100000000,k3_admiss,"(0, 2, 6)",3,2.858333,narrow,339,120123495,0,0.150484,-0.150484,0.150484,18.604031,0.387923
8,100000000,k3_admiss,"(0, 2, 6)",3,2.858333,narrow,339,120597477,0,0.150389,-0.150389,0.150389,18.607969,0.387800
8,100000000,k3_admiss,"(0, 2, 6)",3,2.858333,narrow,339,120770950,0,0.150354,-0.150354,0.150354,18.609406,0.387755
8,100000000,k3_admiss,"(0, 2, 6)",3,2.858333,narrow,339,121116669,0,0.150285,-0.150285,0.150285,18.612265,0.387666
8,100000000,k3_admiss,"(0, 2, 6)",3,2.858333,narrow,339,121419838,0,0.150224,-0.150224,0.150224,18.614765,0.387588
8,100000000,k3_admiss,"(0, 2, 6)",3,2.858333,narrow,339,122087666,0,0.150091,-0.150091,0.150091,18.620250,0.387416
8,100000000,k3_admiss,"(0, 2, 6)",3,2.858333,narrow,339,122568593,0,0.149996,-0.149996,0.149996,18.624181,0.387294
8,100000000,k3_admiss,"(0, 2, 6)",3,2.858333,narrow,339,122672802,0,0.149976,-0.149976,0.149976,18.625031,0.387267
8,100000000,k3_admiss,"(0, 2, 6)",3,2.858333,narrow,339,123024620,1,0.149907,0.850093,0.850093,18.627895,0.387178
8,100000000,k3_admiss,"(0, 2, 6)",3,2.858333,narrow,339,123364236,0,0.149840,-0.149840,0.149840,18.630652,0.387092
8,100000000,k3_admiss,"(0, 2, 6)",3,2.858333,narrow,339,123829710,0,0.149749,-0.149749,0.149749,18.634418,0.386975
8,100000000,k3_admiss,"(0, 2, 6)",3,2.858333,narrow,339,124373209,0,0.149644,-0.149644,0.149644,18.638797,0.386838
8,100000000,k3_admiss,"(0, 2, 6)",3,2.858333,narrow,339,124765808,0,0.149568,-0.149568,0.149568,18.641949,0.386740
8,100000000,k3_admiss,"(0, 2, 6)",3,2.858333,narrow,339,125019057,0,0.149519,-0.149519,0.149519,18.643977,0.386677
8,100000000,k3_admiss,"(0, 2, 6)",3,2.858333,narrow,339,125395256,0,0.149447,-0.149447,0.149447,18.646981,0.386584
8,100000000,k3_admiss,"(0, 2, 6)",3,2.858333,narrow,339,125684648,0,0.149391,-0.149391,0.149391,18.649287,0.386512
8,100000000,k3_admiss,"(0, 2, 6)",3,2.858333,narrow,339,126359649,0,0.149263,-0.149263,0.149263,18.654643,0.386345
8,100000000,k3_admiss,"(0, 2, 6)",3,2.858333,narrow,339,126702357,0,0.149198,-0.149198,0.149198,18.657351,0.386261
8,100000000,k3_admiss,"(0, 2, 6)",3,2.858333,narrow,339,126853003,0,0.149169,-0.149169,0.149169,18.658540,0.386224
8,100000000,k3_admiss,"(0, 2, 6)",3,2.858333,narrow,339,127542249,0,0.149039,-0.149039,0.149039,18.663958,0.386056
8,100000000,k3_admiss,"(0, 2, 6)",3,2.858333,narrow,339,127927280,0,0.148967,-0.148967,0.148967,18.666973,0.385963
8,100000000,k3_admiss,"(0, 2, 6)",3,2.858333,narrow,339,128270012,0,0.148903,-0.148903,0.148903,18.669648,0.385880
8,100000000,k3_admiss,"(0, 2, 6)",3,2.858333,narrow,339,128496667,0,0.148861,-0.148861,0.148861,18.671414,0.385825
8,100000000,k3_admiss,"(0, 2, 6)",3,2.858333,narrow,339,128847825,1,0.148796,0.851204,0.851204,18.674143,0.385740
8,100000000,k3_admiss,"(0, 2, 6)",3,2.858333,narrow,339,129507097,0,0.148674,-0.148674,0.148674,18.679246,0.385582
8,100000000,k3_admiss,"(0, 2, 6)",3,2.858333,narrow,339,129575021,0,0.148661,-0.148661,0.148661,18.679771,0.385566
8,100000000,k3_admiss,"(0, 2, 6)",3,2.858333,narrow,339,130265093,1,0.148535,0.851465,0.851465,18.685082,0.385402
8,100000000,k3_admiss,"(0, 2, 6)",3,2.858333,narrow,339,130556133,0,0.148481,-0.148481,0.148481,18.687314,0.385333
8,100000000,k3_admiss,"(0, 2, 6)",3,2.858333,narrow,339,130786666,0,0.148439,-0.148439,0.148439,18.689078,0.385278
8,100000000,k3_admiss,"(0, 2, 6)",3,2.858333,narrow,339,131475473,1,0.148314,0.851686,0.851686,18.694331,0.385116
8,100000000,k3_admiss,"(0, 2, 6)",3,2.858333,narrow,339,131808258,0,0.148254,-0.148254,0.148254,18.696859,0.385038
8,100000000,k3_admiss,"(0, 2, 6)",3,2.858333,narrow,339,132237964,0,0.148177,-0.148177,0.148177,18.700114,0.384937
8,100000000,k3_admiss,"(0, 2, 6)",3,2.858333,narrow,339,132585033,0,0.148114,-0.148114,0.148114,18.702735,0.384856
8,100000000,k3_admiss,"(0, 2, 6)",3,2.858333,narrow,339,132869206,0,0.148063,-0.148063,0.148063,18.704876,0.384790
8,100000000,k3_admiss,"(0, 2, 6)",3,2.858333,narrow,339,133454370,0,0.147959,-0.147959,0.147959,18.709270,0.384655
8,100000000,k3_admiss,"(0, 2, 6)",3,2.858333,narrow,339,133795962,0,0.147899,-0.147899,0.147899,18.711827,0.384576
8,100000000,k3_admiss,"(0, 2, 6)",3,2.858333,narrow,339,134105244,0,0.147844,-0.147844,0.147844,18.714135,0.384505
8,100000000,k3_admiss,"(0, 2, 6)",3,2.858333,narrow,339,134602494,0,0.147756,-0.147756,0.147756,18.717837,0.384391
8,100000000,k3_admiss,"(0, 2, 6)",3,2.858333,narrow,339,134676679,0,0.147743,-0.147743,0.147743,18.718387,0.384374
8,100000000,k3_admiss,"(0, 2, 6)",3,2.858333,narrow,339,135211215,0,0.147649,-0.147649,0.147649,18.722349,0.384252
8,100000000,k3_admiss,"(0, 2, 6)",3,2.858333,narrow,339,135570124,0,0.147587,-0.147587,0.147587,18.725000,0.384170
8,100000000,k3_admiss,"(0, 2, 6)",3,2.858333,narrow,339,136137106,0,0.147488,-0.147488,0.147488,18.729173,0.384042
8,100000000,k3_admiss,"(0, 2, 6)",3,2.858333,narrow,339,136277468,1,0.147464,0.852536,0.852536,18.730204,0.384010
8,100000000,k3_admiss,"(0, 2, 6)",3,2.858333,narrow,339,136743175,1,0.147383,0.852617,0.852617,18.733615,0.383905
8,100000000,k3_admiss,"(0, 2, 6)",3,2.858333,narrow,339,136985950,0,0.147341,-0.147341,0.147341,18.735389,0.383851
8,100000000,k3_admiss,"(0, 2, 6)",3,2.858333,narrow,339,137678384,0,0.147222,-0.147222,0.147222,18.740431,0.383696
8,100000000,k3_admiss,"(0, 2, 6)",3,2.858333,narrow,339,138059587,0,0.147157,-0.147157,0.147157,18.743196,0.383611
8,100000000,k3_admiss,"(0, 2, 6)",3,2.858333,narrow,339,138302707,1,0.147116,0.852884,0.852884,18.744955,0.383557
8,100000000,k3_admiss,"(0, 2, 6)",3,2.858333,narrow,339,138602697,0,0.147065,-0.147065,0.147065,18.747122,0.383490
8,100000000,k3_admiss,"(0, 2, 6)",3,2.858333,narrow,339,139055527,1,0.146988,0.853012,0.853012,18.750384,0.383390
8,100000000,k3_admiss,"(0, 2, 6)",3,2.858333,narrow,339,139576882,0,0.146900,-0.146900,0.146900,18.754126,0.383275
8,100000000,k3_admiss,"(0, 2, 6)",3,2.858333,narrow,339,139745660,0,0.146872,-0.146872,0.146872,18.755335,0.383238
8,100000000,k3_admiss,"(0, 2, 6)",3,2.858333,narrow,339,140232362,0,0.146790,-0.146790,0.146790,18.758811,0.383132
8,100000000,k3_admiss,"(0, 2, 6)",3,2.858333,narrow,339,140475397,0,0.146749,-0.146749,0.146749,18.760543,0.383079
8,100000000,k3_admiss,"(0, 2, 6)",3,2.858333,narrow,339,141055848,0,0.146653,-0.146653,0.146653,18.764666,0.382953
8,100000000,k3_admiss,"(0, 2, 6)",3,2.858333,narrow,339,141360560,0,0.146602,-0.146602,0.146602,18.766824,0.382886
8,100000000,k3_admiss,"(0, 2, 6)",3,2.858333,narrow,339,142016051,0,0.146494,-0.146494,0.146494,18.771451,0.382745
8,100000000,k3_admiss,"(0, 2, 6)",3,2.858333,narrow,339,142088699,0,0.146482,-0.146482,0.146482,18.771962,0.382729
8,100000000,k3_admiss,"(0, 2, 6)",3,2.858333,narrow,339,142483461,0,0.146417,-0.146417,0.146417,18.774736,0.382644
8,100000000,k3_admiss,"(0, 2, 6)",3,2.858333,narrow,339,143116651,0,0.146313,-0.146313,0.146313,18.779171,0.382509
8,100000000,k3_admiss,"(0, 2, 6)",3,2.858333,narrow,339,143201652,0,0.146299,-0.146299,0.146299,18.779764,0.382491
8,100000000,k3_admiss,"(0, 2, 6)",3,2.858333,narrow,339,143632053,0,0.146229,-0.146229,0.146229,18.782765,0.382399
8,100000000,k3_admiss,"(0, 2, 6)",3,2.858333,narrow,339,144195024,0,0.146138,-0.146138,0.146138,18.786677,0.382280
8,100000000,k3_admiss,"(0, 2, 6)",3,2.858333,narrow,339,144399838,0,0.146105,-0.146105,0.146105,18.788097,0.382236
8,100000000,k3_admiss,"(0, 2, 6)",3,2.858333,narrow,339,145091952,0,0.145993,-0.145993,0.145993,18.792878,0.382091
8,100000000,k3_admiss,"(0, 2, 6)",3,2.858333,narrow,339,145159831,0,0.145982,-0.145982,0.145982,18.793346,0.382076
8,100000000,k3_admiss,"(0, 2, 6)",3,2.858333,narrow,339,145906372,0,0.145863,-0.145863,0.145863,18.798476,0.381920
8,100000000,k3_admiss,"(0, 2, 6)",3,2.858333,narrow,339,146214469,1,0.145814,0.854186,0.854186,18.800585,0.381856
8,100000000,k3_admiss,"(0, 2, 6)",3,2.858333,narrow,339,146574234,0,0.145757,-0.145757,0.145757,18.803043,0.381781
8,100000000,k3_admiss,"(0, 2, 6)",3,2.858333,narrow,339,146837361,0,0.145715,-0.145715,0.145715,18.804836,0.381726
8,100000000,k3_admiss,"(0, 2, 6)",3,2.858333,narrow,339,147394243,0,0.145627,-0.145627,0.145627,18.808621,0.381611
8,100000000,k3_admiss,"(0, 2, 6)",3,2.858333,narrow,339,147766610,0,0.145568,-0.145568,0.145568,18.811145,0.381534
8,100000000,k3_admiss,"(0, 2, 6)",3,2.858333,narrow,339,147876287,1,0.145551,0.854449,0.854449,18.811887,0.381512
8,100000000,k3_admiss,"(0, 2, 6)",3,2.858333,narrow,339,148443502,0,0.145462,-0.145462,0.145462,18.815715,0.381395
8,100000000,k3_admiss,"(0, 2, 6)",3,2.858333,narrow,339,148891692,0,0.145392,-0.145392,0.145392,18.818730,0.381303
8,100000000,k3_admiss,"(0, 2, 6)",3,2.858333,narrow,339,149106394,0,0.145359,-0.145359,0.145359,18.820171,0.381260
8,100000000,k3_admiss,"(0, 2, 6)",3,2.858333,narrow,339,149722336,0,0.145263,-0.145263,0.145263,18.824293,0.381134
8,100000000,k3_admiss,"(0, 2, 6)",3,2.858333,narrow,339,149836538,0,0.145246,-0.145246,0.145246,18.825056,0.381111
8,100000000,k3_admiss,"(0, 2, 6)",3,2.858333,narrow,339,150361157,0,0.145165,-0.145165,0.145165,18.828551,0.381005
8,100000000,k3_admiss,"(0, 2, 6)",3,2.858333,narrow,339,150755005,0,0.145104,-0.145104,0.145104,18.831167,0.380926
8,100000000,k3_admiss,"(0, 2, 6)",3,2.858333,narrow,339,151149919,0,0.145044,-0.145044,0.145044,18.833783,0.380846
8,100000000,k3_admiss,"(0, 2, 6)",3,2.858333,narrow,339,151627788,0,0.144971,-0.144971,0.144971,18.836939,0.380751
8,100000000,k3_admiss,"(0, 2, 6)",3,2.858333,narrow,339,152111604,0,0.144898,-0.144898,0.144898,18.840125,0.380654
8,100000000,k3_admiss,"(0, 2, 6)",3,2.858333,narrow,339,152484680,0,0.144841,-0.144841,0.144841,18.842575,0.380580
8,100000000,k3_admiss,"(0, 2, 6)",3,2.858333,narrow,339,152811237,0,0.144792,-0.144792,0.144792,18.844714,0.380515
8,100000000,k3_admiss,"(0, 2, 6)",3,2.858333,narrow,339,153228329,0,0.144729,-0.144729,0.144729,18.847440,0.380433
8,100000000,k3_admiss,"(0, 2, 6)",3,2.858333,narrow,339,153571739,2,0.144677,1.855323,1.855323,18.849678,0.380365
8,100000000,k3_admiss,"(0, 2, 6)",3,2.858333,narrow,339,154075772,1,0.144602,0.855398,0.855398,18.852955,0.380266
8,100000000,k3_admiss,"(0, 2, 6)",3,2.858333,narrow,339,154410170,1,0.144552,0.855448,0.855448,18.855123,0.380200
8,100000000,k3_admiss,"(0, 2, 6)",3,2.858333,narrow,339,154700140,0,0.144509,-0.144509,0.144509,18.856999,0.380143
8,100000000,k3_admiss,"(0, 2, 6)",3,2.858333,narrow,339,154929357,0,0.144475,-0.144475,0.144475,18.858480,0.380099
8,100000000,k3_admiss,"(0, 2, 6)",3,2.858333,narrow,339,155322972,0,0.144417,-0.144417,0.144417,18.861017,0.380022
8,100000000,k3_admiss,"(0, 2, 6)",3,2.858333,narrow,339,155979800,0,0.144320,-0.144320,0.144320,18.865237,0.379894
8,100000000,k3_admiss,"(0, 2, 6)",3,2.858333,narrow,339,156114376,0,0.144300,-0.144300,0.144300,18.866099,0.379868
8,100000000,k3_admiss,"(0, 2, 6)",3,2.858333,narrow,339,156508376,0,0.144242,-0.144242,0.144242,18.868620,0.379792
8,100000000,k3_admiss,"(0, 2, 6)",3,2.858333,narrow,339,156828781,1,0.144195,0.855805,0.855805,18.870665,0.379730
8,100000000,k3_admiss,"(0, 2, 6)",3,2.858333,narrow,339,157568572,0,0.144087,-0.144087,0.144087,18.875371,0.379588
8,100000000,k3_admiss,"(0, 2, 6)",3,2.858333,narrow,339,157734177,0,0.144063,-0.144063,0.144063,18.876422,0.379557
8,100000000,k3_admiss,"(0, 2, 6)",3,2.858333,narrow,339,158069113,0,0.144015,-0.144015,0.144015,18.878543,0.379493
8,100000000,k3_admiss,"(0, 2, 6)",3,2.858333,narrow,339,158376354,0,0.143970,-0.143970,0.143970,18.880485,0.379434
8,100000000,k3_admiss,"(0, 2, 6)",3,2.858333,narrow,339,159106509,0,0.143865,-0.143865,0.143865,18.885084,0.379296
8,100000000,k3_admiss,"(0, 2, 6)",3,2.858333,narrow,339,159484581,0,0.143811,-0.143811,0.143811,18.887458,0.379224
8,100000000,k3_admiss,"(0, 2, 6)",3,2.858333,narrow,339,159915269,0,0.143749,-0.143749,0.143749,18.890155,0.379143
8,100000000,k3_admiss,"(0, 2, 6)",3,2.858333,narrow,339,159936854,0,0.143746,-0.143746,0.143746,18.890290,0.379139
8,100000000,k3_admiss,"(0, 2, 6)",3,2.858333,narrow,339,160353504,0,0.143687,-0.143687,0.143687,18.892891,0.379061
8,100000000,k3_admiss,"(0, 2, 6)",3,2.858333,narrow,339,160763777,0,0.143629,-0.143629,0.143629,18.895447,0.378984
8,100000000,k3_admiss,"(0, 2, 6)",3,2.858333,narrow,339,161461894,2,0.143530,1.856470,1.856470,18.899780,0.378853
8,100000000,k3_admiss,"(0, 2, 6)",3,2.858333,narrow,339,161694983,0,0.143497,-0.143497,0.143497,18.901222,0.378810
8,100000000,k3_admiss,"(0, 2, 6)",3,2.858333,narrow,339,161886088,0,0.143470,-0.143470,0.143470,18.902403,0.378774
8,100000000,k3_admiss,"(0, 2, 6)",3,2.858333,narrow,339,162556180,0,0.143376,-0.143376,0.143376,18.906534,0.378650
8,100000000,k3_admiss,"(0, 2, 6)",3,2.858333,narrow,339,162662608,0,0.143361,-0.143361,0.143361,18.907189,0.378631
8,100000000,k3_admiss,"(0, 2, 6)",3,2.858333,narrow,339,163348355,0,0.143266,-0.143266,0.143266,18.911396,0.378504
8,100000000,k3_admiss,"(0, 2, 6)",3,2.858333,narrow,339,163449954,0,0.143251,-0.143251,0.143251,18.912017,0.378486
8,100000000,k3_admiss,"(0, 2, 6)",3,2.858333,narrow,339,164186761,0,0.143149,-0.143149,0.143149,18.916515,0.378351
8,100000000,k3_admiss,"(0, 2, 6)",3,2.858333,narrow,339,164354079,0,0.143126,-0.143126,0.143126,18.917534,0.378320
8,100000000,k3_admiss,"(0, 2, 6)",3,2.858333,narrow,339,164724582,1,0.143075,0.856925,0.856925,18.919785,0.378253
8,100000000,k3_admiss,"(0, 2, 6)",3,2.858333,narrow,339,164993388,0,0.143038,-0.143038,0.143038,18.921416,0.378204
8,100000000,k3_admiss,"(0, 2, 6)",3,2.858333,narrow,339,165376841,0,0.142985,-0.142985,0.142985,18.923737,0.378134
8,100000000,k3_admiss,"(0, 2, 6)",3,2.858333,narrow,339,166075638,0,0.142890,-0.142890,0.142890,18.927954,0.378008
8,100000000,k3_admiss,"(0, 2, 6)",3,2.858333,narrow,339,166488054,1,0.142834,0.857166,0.857166,18.930434,0.377933
8,100000000,k3_admiss,"(0, 2, 6)",3,2.858333,narrow,339,166820375,0,0.142789,-0.142789,0.142789,18.932428,0.377874
8,100000000,k3_admiss,"(0, 2, 6)",3,2.858333,narrow,339,167240714,0,0.142732,-0.142732,0.142732,18.934945,0.377798
8,100000000,k3_admiss,"(0, 2, 6)",3,2.858333,narrow,339,167566007,0,0.142688,-0.142688,0.142688,18.936888,0.377740
8,100000000,k3_admiss,"(0, 2, 6)",3,2.858333,narrow,339,167719064,0,0.142667,-0.142667,0.142667,18.937801,0.377713
8,100000000,k3_admiss,"(0, 2, 6)",3,2.858333,narrow,339,168337808,1,0.142584,0.857416,0.857416,18.941483,0.377603
8,100000000,k3_admiss,"(0, 2, 6)",3,2.858333,narrow,339,168638598,0,0.142544,-0.142544,0.142544,18.943269,0.377549
8,100000000,k3_admiss,"(0, 2, 6)",3,2.858333,narrow,339,168970231,0,0.142499,-0.142499,0.142499,18.945233,0.377491
8,100000000,k3_admiss,"(0, 2, 6)",3,2.858333,narrow,339,169629567,0,0.142411,-0.142411,0.142411,18.949128,0.377374
8,100000000,k3_admiss,"(0, 2, 6)",3,2.858333,narrow,339,169950276,0,0.142369,-0.142369,0.142369,18.951016,0.377318
8,100000000,k3_admiss,"(0, 2, 6)",3,2.858333,narrow,339,170360547,0,0.142314,-0.142314,0.142314,18.953428,0.377246
8,100000000,k3_admiss,"(0, 2, 6)",3,2.858333,narrow,339,170476799,0,0.142299,-0.142299,0.142299,18.954110,0.377226
8,100000000,k3_admiss,"(0, 2, 6)",3,2.858333,narrow,339,171083798,0,0.142219,-0.142219,0.142219,18.957664,0.377119
8,100000000,k3_admiss,"(0, 2, 6)",3,2.858333,narrow,339,171302347,0,0.142190,-0.142190,0.142190,18.958941,0.377081
8,100000000,k3_admiss,"(0, 2, 6)",3,2.858333,narrow,339,171720464,0,0.142136,-0.142136,0.142136,18.961379,0.377009
8,100000000,k3_admiss,"(0, 2, 6)",3,2.858333,narrow,339,172276800,0,0.142063,-0.142063,0.142063,18.964613,0.376912
8,100000000,k3_admiss,"(0, 2, 6)",3,2.858333,narrow,339,172747527,0,0.142002,-0.142002,0.142002,18.967342,0.376831
8,100000000,k3_admiss,"(0, 2, 6)",3,2.858333,narrow,339,172783419,0,0.141997,-0.141997,0.141997,18.967549,0.376825
8,100000000,k3_admiss,"(0, 2, 6)",3,2.858333,narrow,339,173412363,0,0.141915,-0.141915,0.141915,18.971183,0.376716
8,100000000,k3_admiss,"(0, 2, 6)",3,2.858333,narrow,339,173747995,0,0.141872,-0.141872,0.141872,18.973117,0.376659
8,100000000,k3_admiss,"(0, 2, 6)",3,2.858333,narrow,339,174184698,0,0.141816,-0.141816,0.141816,18.975627,0.376584
8,100000000,k3_admiss,"(0, 2, 6)",3,2.858333,narrow,339,174327972,0,0.141797,-0.141797,0.141797,18.976449,0.376560
8,100000000,k3_admiss,"(0, 2, 6)",3,2.858333,narrow,339,174994785,0,0.141712,-0.141712,0.141712,18.980267,0.376446
8,100000000,k3_admiss,"(0, 2, 6)",3,2.858333,narrow,339,175200505,0,0.141685,-0.141685,0.141685,18.981442,0.376411
8,100000000,k3_admiss,"(0, 2, 6)",3,2.858333,narrow,339,175782304,0,0.141611,-0.141611,0.141611,18.984757,0.376313
8,100000000,k3_admiss,"(0, 2, 6)",3,2.858333,narrow,339,176145530,0,0.141565,-0.141565,0.141565,18.986821,0.376251
8,100000000,k3_admiss,"(0, 2, 6)",3,2.858333,narrow,339,176557672,0,0.141513,-0.141513,0.141513,18.989158,0.376182
8,100000000,k3_admiss,"(0, 2, 6)",3,2.858333,narrow,339,176966624,0,0.141461,-0.141461,0.141461,18.991472,0.376113
8,100000000,k3_admiss,"(0, 2, 6)",3,2.858333,narrow,339,177245802,0,0.141426,-0.141426,0.141426,18.993048,0.376066
8,100000000,k3_admiss,"(0, 2, 6)",3,2.858333,narrow,339,177600631,0,0.141381,-0.141381,0.141381,18.995048,0.376007
8,100000000,k3_admiss,"(0, 2, 6)",3,2.858333,wide,4071,100118540,3,1.861280,1.138720,1.138720,18.421865,1.364287
8,100000000,k3_admiss,"(0, 2, 6)",3,2.858333,wide,4071,100549660,4,1.859978,2.140022,2.140022,18.426162,1.363810
8,100000000,k3_admiss,"(0, 2, 6)",3,2.858333,wide,4071,101126491,2,1.858247,0.141753,0.141753,18.431883,1.363175
8,100000000,k3_admiss,"(0, 2, 6)",3,2.858333,wide,4071,101539340,2,1.857015,0.142985,0.142985,18.435957,1.362723
8,100000000,k3_admiss,"(0, 2, 6)",3,2.858333,wide,4071,101685438,1,1.856581,-0.856581,0.856581,18.437395,1.362564
8,100000000,k3_admiss,"(0, 2, 6)",3,2.858333,wide,4071,102179397,5,1.855118,3.144882,3.144882,18.442241,1.362027
8,100000000,k3_admiss,"(0, 2, 6)",3,2.858333,wide,4071,102557204,2,1.854004,0.145996,0.145996,18.445931,1.361618
8,100000000,k3_admiss,"(0, 2, 6)",3,2.858333,wide,4071,102835017,1,1.853189,-0.853189,0.853189,18.448636,1.361319
8,100000000,k3_admiss,"(0, 2, 6)",3,2.858333,wide,4071,103226604,3,1.852044,1.147956,1.147956,18.452437,1.360898
8,100000000,k3_admiss,"(0, 2, 6)",3,2.858333,wide,4071,103842890,0,1.850253,-1.850253,1.850253,18.458390,1.360240
8,100000000,k3_admiss,"(0, 2, 6)",3,2.858333,wide,4071,104015908,4,1.849752,2.150248,2.150248,18.460054,1.360056
8,100000000,k3_admiss,"(0, 2, 6)",3,2.858333,wide,4071,104368846,5,1.848734,3.151266,3.151266,18.463442,1.359682
8,100000000,k3_admiss,"(0, 2, 6)",3,2.858333,wide,4071,104836590,1,1.847392,-0.847392,0.847392,18.467913,1.359188
8,100000000,k3_admiss,"(0, 2, 6)",3,2.858333,wide,4071,105399161,2,1.845787,0.154213,0.154213,18.473265,1.358597
8,100000000,k3_admiss,"(0, 2, 6)",3,2.858333,wide,4071,105760687,2,1.844761,0.155239,0.155239,18.476689,1.358220
8,100000000,k3_admiss,"(0, 2, 6)",3,2.858333,wide,4071,106197924,2,1.843526,0.156474,0.156474,18.480815,1.357765
8,100000000,k3_admiss,"(0, 2, 6)",3,2.858333,wide,4071,106517857,1,1.842626,-0.842626,0.842626,18.483823,1.357434
8,100000000,k3_admiss,"(0, 2, 6)",3,2.858333,wide,4071,106879406,5,1.841613,3.158387,3.158387,18.487212,1.357060
8,100000000,k3_admiss,"(0, 2, 6)",3,2.858333,wide,4071,107126160,3,1.840924,1.159076,1.159076,18.489518,1.356806
8,100000000,k3_admiss,"(0, 2, 6)",3,2.858333,wide,4071,107704722,1,1.839316,-0.839316,0.839316,18.494904,1.356214
8,100000000,k3_admiss,"(0, 2, 6)",3,2.858333,wide,4071,107929030,0,1.838695,-1.838695,1.838695,18.496984,1.355985
8,100000000,k3_admiss,"(0, 2, 6)",3,2.858333,wide,4071,108468197,1,1.837210,-0.837210,0.837210,18.501968,1.355437
8,100000000,k3_admiss,"(0, 2, 6)",3,2.858333,wide,4071,108599261,0,1.836850,-1.836850,1.836850,18.503175,1.355305
8,100000000,k3_admiss,"(0, 2, 6)",3,2.858333,wide,4071,109273164,1,1.835009,-0.835009,0.835009,18.509361,1.354625
8,100000000,k3_admiss,"(0, 2, 6)",3,2.858333,wide,4071,109618719,2,1.834071,0.165929,0.165929,18.512519,1.354279
8,100000000,k3_admiss,"(0, 2, 6)",3,2.858333,wide,4071,109927286,3,1.833235,1.166765,1.166765,18.515330,1.353970
8,100000000,k3_admiss,"(0, 2, 6)",3,2.858333,wide,4071,110434108,5,1.831870,3.168130,3.168130,18.519930,1.353466
8,100000000,k3_admiss,"(0, 2, 6)",3,2.858333,wide,4071,110543896,1,1.831575,-0.831575,0.831575,18.520923,1.353357
8,100000000,k3_admiss,"(0, 2, 6)",3,2.858333,wide,4071,111168143,2,1.829905,0.170095,0.170095,18.526554,1.352740
8,100000000,k3_admiss,"(0, 2, 6)",3,2.858333,wide,4071,111293388,1,1.829572,-0.829572,0.829572,18.527680,1.352617
8,100000000,k3_admiss,"(0, 2, 6)",3,2.858333,wide,4071,111690601,2,1.828517,0.171483,0.171483,18.531243,1.352227
8,100000000,k3_admiss,"(0, 2, 6)",3,2.858333,wide,4071,112369182,1,1.826725,-0.826725,0.826725,18.537300,1.351564
8,100000000,k3_admiss,"(0, 2, 6)",3,2.858333,wide,4071,112543587,3,1.826267,1.173733,1.173733,18.538851,1.351394
8,100000000,k3_admiss,"(0, 2, 6)",3,2.858333,wide,4071,113128113,0,1.824737,-1.824737,1.824737,18.544031,1.350828
8,100000000,k3_admiss,"(0, 2, 6)",3,2.858333,wide,4071,113545711,2,1.823649,0.176351,0.176351,18.547716,1.350426
8,100000000,k3_admiss,"(0, 2, 6)",3,2.858333,wide,4071,113678805,1,1.823304,-0.823304,0.823304,18.548888,1.350298
8,100000000,k3_admiss,"(0, 2, 6)",3,2.858333,wide,4071,114380965,4,1.821489,2.178511,2.178511,18.555045,1.349626
8,100000000,k3_admiss,"(0, 2, 6)",3,2.858333,wide,4071,114676741,2,1.820729,0.179271,0.179271,18.557628,1.349344
8,100000000,k3_admiss,"(0, 2, 6)",3,2.858333,wide,4071,114795984,2,1.820423,0.179577,0.179577,18.558667,1.349231
8,100000000,k3_admiss,"(0, 2, 6)",3,2.858333,wide,4071,115273688,0,1.819202,-1.819202,1.819202,18.562820,1.348778
8,100000000,k3_admiss,"(0, 2, 6)",3,2.858333,wide,4071,115688254,2,1.818146,0.181854,0.181854,18.566410,1.348387
8,100000000,k3_admiss,"(0, 2, 6)",3,2.858333,wide,4071,115958415,2,1.817461,0.182539,0.182539,18.568742,1.348133
8,100000000,k3_admiss,"(0, 2, 6)",3,2.858333,wide,4071,116385611,4,1.816382,2.183618,2.183618,18.572419,1.347732
8,100000000,k3_admiss,"(0, 2, 6)",3,2.858333,wide,4071,117071723,1,1.814659,-0.814659,0.814659,18.578297,1.347093
8,100000000,k3_admiss,"(0, 2, 6)",3,2.858333,wide,4071,117124563,2,1.814526,0.185474,0.185474,18.578749,1.347044
8,100000000,k3_admiss,"(0, 2, 6)",3,2.858333,wide,4071,117810425,0,1.812817,-1.812817,1.812817,18.584587,1.346409
8,100000000,k3_admiss,"(0, 2, 6)",3,2.858333,wide,4071,118134106,2,1.812014,0.187986,0.187986,18.587331,1.346111
8,100000000,k3_admiss,"(0, 2, 6)",3,2.858333,wide,4071,118443956,1,1.811248,-0.811248,0.811248,18.589950,1.345826
8,100000000,k3_admiss,"(0, 2, 6)",3,2.858333,wide,4071,118765800,3,1.810455,1.189545,1.189545,18.592664,1.345532
8,100000000,k3_admiss,"(0, 2, 6)",3,2.858333,wide,4071,119109064,3,1.809613,1.190387,1.190387,18.595550,1.345218
8,100000000,k3_admiss,"(0, 2, 6)",3,2.858333,wide,4071,119561556,2,1.808506,0.191494,0.191494,18.599342,1.344807
8,100000000,k3_admiss,"(0, 2, 6)",3,2.858333,wide,4071,120146888,2,1.807082,0.192918,0.192918,18.604226,1.344278
8,100000000,k3_admiss,"(0, 2, 6)",3,2.858333,wide,4071,120615444,1,1.805949,-0.805949,0.805949,18.608118,1.343856
8,100000000,k3_admiss,"(0, 2, 6)",3,2.858333,wide,4071,120995195,1,1.805034,-0.805034,0.805034,18.611261,1.343515
8,100000000,k3_admiss,"(0, 2, 6)",3,2.858333,wide,4071,121015422,5,1.804985,3.195015,3.195015,18.611429,1.343497
8,100000000,k3_admiss,"(0, 2, 6)",3,2.858333,wide,4071,121617050,7,1.803543,5.196457,5.196457,18.616388,1.342960
8,100000000,k3_admiss,"(0, 2, 6)",3,2.858333,wide,4071,122051418,2,1.802507,0.197493,0.197493,18.619953,1.342575
8,100000000,k3_admiss,"(0, 2, 6)",3,2.858333,wide,4071,122215310,1,1.802117,-0.802117,0.802117,18.621295,1.342430
8,100000000,k3_admiss,"(0, 2, 6)",3,2.858333,wide,4071,122661521,2,1.801060,0.198940,0.198940,18.624939,1.342036
8,100000000,k3_admiss,"(0, 2, 6)",3,2.858333,wide,4071,123233478,5,1.799711,3.200289,3.200289,18.629591,1.341533
8,100000000,k3_admiss,"(0, 2, 6)",3,2.858333,wide,4071,123396755,3,1.799327,1.200673,1.200673,18.630915,1.341390
8,100000000,k3_admiss,"(0, 2, 6)",3,2.858333,wide,4071,123843767,1,1.798280,-0.798280,0.798280,18.634531,1.341000
8,100000000,k3_admiss,"(0, 2, 6)",3,2.858333,wide,4071,124198143,5,1.797453,3.202547,3.202547,18.637389,1.340691
8,100000000,k3_admiss,"(0, 2, 6)",3,2.858333,wide,4071,124899956,3,1.795824,1.204176,1.204176,18.643024,1.340083
8,100000000,k3_admiss,"(0, 2, 6)",3,2.858333,wide,4071,124997511,0,1.795598,-1.795598,1.795598,18.643804,1.339999
8,100000000,k3_admiss,"(0, 2, 6)",3,2.858333,wide,4071,125301875,0,1.794896,-1.794896,1.794896,18.646236,1.339737
8,100000000,k3_admiss,"(0, 2, 6)",3,2.858333,wide,4071,126028667,1,1.793227,-0.793227,0.793227,18.652020,1.339114
8,100000000,k3_admiss,"(0, 2, 6)",3,2.858333,wide,4071,126078830,2,1.793112,0.206888,0.206888,18.652418,1.339071
8,100000000,k3_admiss,"(0, 2, 6)",3,2.858333,wide,4071,126771916,1,1.791532,-0.791532,0.791532,18.657900,1.338481
8,100000000,k3_admiss,"(0, 2, 6)",3,2.858333,wide,4071,127155578,2,1.790661,0.209339,0.209339,18.660922,1.338156
8,100000000,k3_admiss,"(0, 2, 6)",3,2.858333,wide,4071,127604872,0,1.789646,-1.789646,1.789646,18.664449,1.337777
8,100000000,k3_admiss,"(0, 2, 6)",3,2.858333,wide,4071,127811839,2,1.789180,0.210820,0.210820,18.666070,1.337602
8,100000000,k3_admiss,"(0, 2, 6)",3,2.858333,wide,4071,128233694,0,1.788233,-1.788233,1.788233,18.669365,1.337248
8,100000000,k3_admiss,"(0, 2, 6)",3,2.858333,wide,4071,128525262,2,1.787581,0.212419,0.212419,18.671636,1.337004
8,100000000,k3_admiss,"(0, 2, 6)",3,2.858333,wide,4071,128977350,3,1.786573,1.213427,1.213427,18.675147,1.336627
8,100000000,k3_admiss,"(0, 2, 6)",3,2.858333,wide,4071,129437335,3,1.785551,1.214449,1.214449,18.678707,1.336245
8,100000000,k3_admiss,"(0, 2, 6)",3,2.858333,wide,4071,129852840,2,1.784633,0.215367,0.215367,18.681912,1.335901
8,100000000,k3_admiss,"(0, 2, 6)",3,2.858333,wide,4071,130007345,0,1.784292,-1.784292,1.784292,18.683102,1.335774
8,100000000,k3_admiss,"(0, 2, 6)",3,2.858333,wide,4071,130469473,2,1.783276,0.216724,0.216724,18.686650,1.335393
8,100000000,k3_admiss,"(0, 2, 6)",3,2.858333,wide,4071,130803201,1,1.782544,-0.782544,0.782544,18.689204,1.335120
8,100000000,k3_admiss,"(0, 2, 6)",3,2.858333,wide,4071,131254024,4,1.781560,2.218440,2.218440,18.692645,1.334751
8,100000000,k3_admiss,"(0, 2, 6)",3,2.858333,wide,4071,131560661,1,1.780893,-0.780893,0.780893,18.694979,1.334501
8,100000000,k3_admiss,"(0, 2, 6)",3,2.858333,wide,4071,132135655,3,1.779648,1.220352,1.220352,18.699340,1.334034
8,100000000,k3_admiss,"(0, 2, 6)",3,2.858333,wide,4071,132489799,2,1.778884,0.221116,0.221116,18.702016,1.333748
8,100000000,k3_admiss,"(0, 2, 6)",3,2.858333,wide,4071,132875770,2,1.778054,0.221946,0.221946,18.704925,1.333437
8,100000000,k3_admiss,"(0, 2, 6)",3,2.858333,wide,4071,133243675,2,1.777266,0.222734,0.222734,18.707690,1.333141
8,100000000,k3_admiss,"(0, 2, 6)",3,2.858333,wide,4071,133660418,1,1.776376,-0.776376,0.776376,18.710813,1.332808
8,100000000,k3_admiss,"(0, 2, 6)",3,2.858333,wide,4071,133959835,3,1.775739,1.224261,1.224261,18.713051,1.332568
8,100000000,k3_admiss,"(0, 2, 6)",3,2.858333,wide,4071,134595004,0,1.774393,-1.774393,1.774393,18.717781,1.332063
8,100000000,k3_admiss,"(0, 2, 6)",3,2.858333,wide,4071,134978410,4,1.773584,2.226416,2.226416,18.720625,1.331760
8,100000000,k3_admiss,"(0, 2, 6)",3,2.858333,wide,4071,135339921,2,1.772824,0.227176,0.227176,18.723300,1.331474
8,100000000,k3_admiss,"(0, 2, 6)",3,2.858333,wide,4071,135618658,0,1.772240,-1.772240,1.772240,18.725358,1.331255
8,100000000,k3_admiss,"(0, 2, 6)",3,2.858333,wide,4071,135920603,2,1.771609,0.228391,0.228391,18.727581,1.331018
8,100000000,k3_admiss,"(0, 2, 6)",3,2.858333,wide,4071,136286616,2,1.770846,0.229154,0.229154,18.730271,1.330731
8,100000000,k3_admiss,"(0, 2, 6)",3,2.858333,wide,4071,136696380,2,1.769994,0.230006,0.230006,18.733273,1.330411
8,100000000,k3_admiss,"(0, 2, 6)",3,2.858333,wide,4071,137200170,2,1.768952,0.231048,0.231048,18.736952,1.330020
8,100000000,k3_admiss,"(0, 2, 6)",3,2.858333,wide,4071,137631509,2,1.768063,0.231937,0.231937,18.740090,1.329685
8,100000000,k3_admiss,"(0, 2, 6)",3,2.858333,wide,4071,137813859,2,1.767689,0.232311,0.232311,18.741414,1.329545
8,100000000,k3_admiss,"(0, 2, 6)",3,2.858333,wide,4071,138147042,2,1.767006,0.232994,0.232994,18.743829,1.329288
8,100000000,k3_admiss,"(0, 2, 6)",3,2.858333,wide,4071,138902517,0,1.765464,-1.765464,1.765464,18.749283,1.328708
8,100000000,k3_admiss,"(0, 2, 6)",3,2.858333,wide,4071,139022217,2,1.765221,0.234779,0.234779,18.750144,1.328616
8,100000000,k3_admiss,"(0, 2, 6)",3,2.858333,wide,4071,139332094,2,1.764592,0.235408,0.235408,18.752371,1.328380
8,100000000,k3_admiss,"(0, 2, 6)",3,2.858333,wide,4071,140052272,2,1.763138,0.236862,0.236862,18.757526,1.327832
8,100000000,k3_admiss,"(0, 2, 6)",3,2.858333,wide,4071,140134897,2,1.762971,0.237029,0.237029,18.758116,1.327769
8,100000000,k3_admiss,"(0, 2, 6)",3,2.858333,wide,4071,140630831,2,1.761976,0.238024,0.238024,18.761649,1.327394
8,100000000,k3_admiss,"(0, 2, 6)",3,2.858333,wide,4071,141214198,3,1.760810,1.239190,1.239190,18.765788,1.326955
8,100000000,k3_admiss,"(0, 2, 6)",3,2.858333,wide,4071,141574094,1,1.760093,-0.760093,0.760093,18.768334,1.326685
8,100000000,k3_admiss,"(0, 2, 6)",3,2.858333,wide,4071,141929735,3,1.759388,1.240612,1.240612,18.770843,1.326419
8,100000000,k3_admiss,"(0, 2, 6)",3,2.858333,wide,4071,142257623,4,1.758739,2.241261,2.241261,18.773150,1.326175
8,100000000,k3_admiss,"(0, 2, 6)",3,2.858333,wide,4071,142681620,0,1.757903,-1.757903,1.757903,18.776126,1.325859
8,100000000,k3_admiss,"(0, 2, 6)",3,2.858333,wide,4071,142884721,2,1.757504,0.242496,0.242496,18.777549,1.325709
8,100000000,k3_admiss,"(0, 2, 6)",3,2.858333,wide,4071,143297164,2,1.756694,0.243306,0.243306,18.780431,1.325404
8,100000000,k3_admiss,"(0, 2, 6)",3,2.858333,wide,4071,143813275,2,1.755686,0.244314,0.244314,18.784026,1.325023
8,100000000,k3_admiss,"(0, 2, 6)",3,2.858333,wide,4071,144118379,0,1.755092,-1.755092,1.755092,18.786146,1.324799
8,100000000,k3_admiss,"(0, 2, 6)",3,2.858333,wide,4071,144673329,3,1.754015,1.245985,1.245985,18.789989,1.324392
8,100000000,k3_admiss,"(0, 2, 6)",3,2.858333,wide,4071,145013416,2,1.753358,0.246642,0.246642,18.792337,1.324144
8,100000000,k3_admiss,"(0, 2, 6)",3,2.858333,wide,4071,145273954,1,1.752855,-0.752855,0.752855,18.794132,1.323954
8,100000000,k3_admiss,"(0, 2, 6)",3,2.858333,wide,4071,145751245,1,1.751938,-0.751938,0.751938,18.797412,1.323608
8,100000000,k3_admiss,"(0, 2, 6)",3,2.858333,wide,4071,145931164,6,1.751593,4.248407,4.248407,18.798646,1.323478
8,100000000,k3_admiss,"(0, 2, 6)",3,2.858333,wide,4071,146635041,1,1.750249,-0.750249,0.750249,18.803457,1.322970
8,100000000,k3_admiss,"(0, 2, 6)",3,2.858333,wide,4071,147026951,3,1.749504,1.250496,1.250496,18.806126,1.322688
8,100000000,k3_admiss,"(0, 2, 6)",3,2.858333,wide,4071,147375047,0,1.748844,-1.748844,1.748844,18.808491,1.322439
8,100000000,k3_admiss,"(0, 2, 6)",3,2.858333,wide,4071,147487738,4,1.748631,2.251369,2.251369,18.809256,1.322358
8,100000000,k3_admiss,"(0, 2, 6)",3,2.858333,wide,4071,148034380,0,1.747599,-1.747599,1.747599,18.812955,1.321968
8,100000000,k3_admiss,"(0, 2, 6)",3,2.858333,wide,4071,148278777,0,1.747140,-1.747140,1.747140,18.814605,1.321794
8,100000000,k3_admiss,"(0, 2, 6)",3,2.858333,wide,4071,148776310,1,1.746207,-0.746207,0.746207,18.817954,1.321441
8,100000000,k3_admiss,"(0, 2, 6)",3,2.858333,wide,4071,149065251,1,1.745667,-0.745667,0.745667,18.819895,1.321237
8,100000000,k3_admiss,"(0, 2, 6)",3,2.858333,wide,4071,149496784,0,1.744863,-1.744863,1.744863,18.822785,1.320933
8,100000000,k3_admiss,"(0, 2, 6)",3,2.858333,wide,4071,150039054,1,1.743856,-0.743856,0.743856,18.826406,1.320551
8,100000000,k3_admiss,"(0, 2, 6)",3,2.858333,wide,4071,150486167,4,1.743030,2.256970,2.256970,18.829382,1.320238
8,100000000,k3_admiss,"(0, 2, 6)",3,2.858333,wide,4071,150838119,0,1.742381,-1.742381,1.742381,18.831718,1.319993
8,100000000,k3_admiss,"(0, 2, 6)",3,2.858333,wide,4071,151357377,1,1.741428,-0.741428,0.741428,18.835154,1.319632
8,100000000,k3_admiss,"(0, 2, 6)",3,2.858333,wide,4071,151680819,1,1.740836,-0.740836,0.740836,18.837289,1.319407
8,100000000,k3_admiss,"(0, 2, 6)",3,2.858333,wide,4071,151921632,1,1.740396,-0.740396,0.740396,18.838875,1.319241
8,100000000,k3_admiss,"(0, 2, 6)",3,2.858333,wide,4071,152333629,3,1.739646,1.260354,1.260354,18.841584,1.318956
8,100000000,k3_admiss,"(0, 2, 6)",3,2.858333,wide,4071,152719195,3,1.738946,1.261054,1.261054,18.844111,1.318691
8,100000000,k3_admiss,"(0, 2, 6)",3,2.858333,wide,4071,153014522,4,1.738411,2.261589,2.261589,18.846043,1.318488
8,100000000,k3_admiss,"(0, 2, 6)",3,2.858333,wide,4071,153685196,3,1.737201,1.262799,1.262799,18.850417,1.318029
8,100000000,k3_admiss,"(0, 2, 6)",3,2.858333,wide,4071,153828070,1,1.736944,-0.736944,0.736944,18.851346,1.317932
8,100000000,k3_admiss,"(0, 2, 6)",3,2.858333,wide,4071,154280579,5,1.736133,3.263867,3.263867,18.854283,1.317624
8,100000000,k3_admiss,"(0, 2, 6)",3,2.858333,wide,4071,154668048,2,1.735440,0.264560,0.264560,18.856792,1.317361
8,100000000,k3_admiss,"(0, 2, 6)",3,2.858333,wide,4071,154918984,2,1.734992,0.265008,0.265008,18.858413,1.317191
8,100000000,k3_admiss,"(0, 2, 6)",3,2.858333,wide,4071,155333649,1,1.734255,-0.734255,0.734255,18.861086,1.316911
8,100000000,k3_admiss,"(0, 2, 6)",3,2.858333,wide,4071,155720263,1,1.733569,-0.733569,0.733569,18.863572,1.316651
8,100000000,k3_admiss,"(0, 2, 6)",3,2.858333,wide,4071,156276121,2,1.732587,0.267413,0.267413,18.867135,1.316278
8,100000000,k3_admiss,"(0, 2, 6)",3,2.858333,wide,4071,156526891,3,1.732146,1.267854,1.267854,18.868738,1.316110
8,100000000,k3_admiss,"(0, 2, 6)",3,2.858333,wide,4071,157064573,2,1.731202,0.268798,0.268798,18.872168,1.315751
8,100000000,k3_admiss,"(0, 2, 6)",3,2.858333,wide,4071,157278842,0,1.730826,-1.730826,1.730826,18.873531,1.315609
8,100000000,k3_admiss,"(0, 2, 6)",3,2.858333,wide,4071,157615218,1,1.730239,-0.730239,0.730239,18.875667,1.315385
8,100000000,k3_admiss,"(0, 2, 6)",3,2.858333,wide,4071,158017291,2,1.729538,0.270462,0.270462,18.878215,1.315119
8,100000000,k3_admiss,"(0, 2, 6)",3,2.858333,wide,4071,158584504,2,1.728554,0.271446,0.271446,18.881798,1.314745
8,100000000,k3_admiss,"(0, 2, 6)",3,2.858333,wide,4071,158839988,2,1.728112,0.271888,0.271888,18.883408,1.314577
8,100000000,k3_admiss,"(0, 2, 6)",3,2.858333,wide,4071,159284598,0,1.727345,-1.727345,1.727345,18.886203,1.314285
8,100000000,k3_admiss,"(0, 2, 6)",3,2.858333,wide,4071,159686794,2,1.726653,0.273347,0.273347,18.888725,1.314022
8,100000000,k3_admiss,"(0, 2, 6)",3,2.858333,wide,4071,160181873,1,1.725804,-0.725804,0.725804,18.891820,1.313699
8,100000000,k3_admiss,"(0, 2, 6)",3,2.858333,wide,4071,160493724,0,1.725272,-1.725272,1.725272,18.893765,1.313496
8,100000000,k3_admiss,"(0, 2, 6)",3,2.858333,wide,4071,161049992,2,1.724324,0.275676,0.275676,18.897225,1.313135
8,100000000,k3_admiss,"(0, 2, 6)",3,2.858333,wide,4071,161242888,4,1.723996,2.276004,2.276004,18.898422,1.313010
8,100000000,k3_admiss,"(0, 2, 6)",3,2.858333,wide,4071,161631385,2,1.723338,0.276662,0.276662,18.900829,1.312760
8,100000000,k3_admiss,"(0, 2, 6)",3,2.858333,wide,4071,162095526,2,1.722554,0.277446,0.277446,18.903696,1.312461
8,100000000,k3_admiss,"(0, 2, 6)",3,2.858333,wide,4071,162325606,4,1.722166,2.277834,2.277834,18.905115,1.312313
8,100000000,k3_admiss,"(0, 2, 6)",3,2.858333,wide,4071,162995991,2,1.721040,0.278960,0.278960,18.909236,1.311884
8,100000000,k3_admiss,"(0, 2, 6)",3,2.858333,wide,4071,163242351,3,1.720628,1.279372,1.279372,18.910746,1.311727
8,100000000,k3_admiss,"(0, 2, 6)",3,2.858333,wide,4071,163777078,1,1.719736,-0.719736,0.719736,18.914017,1.311387
8,100000000,k3_admiss,"(0, 2, 6)",3,2.858333,wide,4071,164037892,3,1.719302,1.280698,1.280698,18.915608,1.311221
8,100000000,k3_admiss,"(0, 2, 6)",3,2.858333,wide,4071,164384014,0,1.718727,-1.718727,1.718727,18.917716,1.311002
8,100000000,k3_admiss,"(0, 2, 6)",3,2.858333,wide,4071,164969921,1,1.717758,-0.717758,0.717758,18.921274,1.310633
8,100000000,k3_admiss,"(0, 2, 6)",3,2.858333,wide,4071,165066074,3,1.717599,1.282401,1.282401,18.921856,1.310572
8,100000000,k3_admiss,"(0, 2, 6)",3,2.858333,wide,4071,165563373,5,1.716780,3.283220,3.283220,18.924865,1.310260
8,100000000,k3_admiss,"(0, 2, 6)",3,2.858333,wide,4071,166131092,1,1.715849,-0.715849,0.715849,18.928288,1.309904
8,100000000,k3_admiss,"(0, 2, 6)",3,2.858333,wide,4071,166503814,2,1.715240,0.284760,0.284760,18.930529,1.309672
8,100000000,k3_admiss,"(0, 2, 6)",3,2.858333,wide,4071,166543412,1,1.715175,-0.715175,0.715175,18.930767,1.309647
8,100000000,k3_admiss,"(0, 2, 6)",3,2.858333,wide,4071,167195751,2,1.714113,0.285887,0.285887,18.934676,1.309241
8,100000000,k3_admiss,"(0, 2, 6)",3,2.858333,wide,4071,167497189,3,1.713624,1.286376,1.286376,18.936477,1.309055
8,100000000,k3_admiss,"(0, 2, 6)",3,2.858333,wide,4071,167920813,3,1.712938,1.287062,1.287062,18.939003,1.308793
8,100000000,k3_admiss,"(0, 2, 6)",3,2.858333,wide,4071,168214947,1,1.712464,-0.712464,0.712464,18.940753,1.308611
8,100000000,k3_admiss,"(0, 2, 6)",3,2.858333,wide,4071,168638580,0,1.711781,-1.711781,1.711781,18.943268,1.308351
8,100000000,k3_admiss,"(0, 2, 6)",3,2.858333,wide,4071,169204471,1,1.710874,-0.710874,0.710874,18.946618,1.308004
8,100000000,k3_admiss,"(0, 2, 6)",3,2.858333,wide,4071,169342475,1,1.710653,-0.710653,0.710653,18.947434,1.307919
8,100000000,k3_admiss,"(0, 2, 6)",3,2.858333,wide,4071,169957478,5,1.709671,3.290329,3.290329,18.951059,1.307544
8,100000000,k3_admiss,"(0, 2, 6)",3,2.858333,wide,4071,170405253,0,1.708959,-1.708959,1.708959,18.953690,1.307272
8,100000000,k3_admiss,"(0, 2, 6)",3,2.858333,wide,4071,170781221,3,1.708363,1.291637,1.291637,18.955894,1.307044
8,100000000,k3_admiss,"(0, 2, 6)",3,2.858333,wide,4071,170885809,2,1.708198,0.291802,0.291802,18.956506,1.306980
8,100000000,k3_admiss,"(0, 2, 6)",3,2.858333,wide,4071,171306456,1,1.707533,-0.707533,0.707533,18.958965,1.306726
8,100000000,k3_admiss,"(0, 2, 6)",3,2.858333,wide,4071,171939176,1,1.706538,-0.706538,0.706538,18.962651,1.306345
8,100000000,k3_admiss,"(0, 2, 6)",3,2.858333,wide,4071,172219934,1,1.706097,-0.706097,0.706097,18.964283,1.306177
8,100000000,k3_admiss,"(0, 2, 6)",3,2.858333,wide,4071,172438027,1,1.705756,-0.705756,0.705756,18.965548,1.306046
8,100000000,k3_admiss,"(0, 2, 6)",3,2.858333,wide,4071,172948646,2,1.704958,0.295042,0.295042,18.968505,1.305741
8,100000000,k3_admiss,"(0, 2, 6)",3,2.858333,wide,4071,173514234,2,1.704078,0.295922,0.295922,18.971770,1.305403
8,100000000,k3_admiss,"(0, 2, 6)",3,2.858333,wide,4071,173862876,2,1.703537,0.296463,0.296463,18.973777,1.305196
8,100000000,k3_admiss,"(0, 2, 6)",3,2.858333,wide,4071,173976270,1,1.703362,-0.703362,0.703362,18.974429,1.305129
8,100000000,k3_admiss,"(0, 2, 6)",3,2.858333,wide,4071,174561617,5,1.702458,3.297542,3.297542,18.977788,1.304783
8,100000000,k3_admiss,"(0, 2, 6)",3,2.858333,wide,4071,175074309,1,1.701669,-0.701669,0.701669,18.980721,1.304480
8,100000000,k3_admiss,"(0, 2, 6)",3,2.858333,wide,4071,175160881,2,1.701536,0.298464,0.298464,18.981215,1.304429
8,100000000,k3_admiss,"(0, 2, 6)",3,2.858333,wide,4071,175864995,3,1.700457,1.299543,1.299543,18.985227,1.304016
8,100000000,k3_admiss,"(0, 2, 6)",3,2.858333,wide,4071,175941500,4,1.700340,2.299660,2.299660,18.985662,1.303971
8,100000000,k3_admiss,"(0, 2, 6)",3,2.858333,wide,4071,176283168,1,1.699819,-0.699819,0.699819,18.987602,1.303771
8,100000000,k3_admiss,"(0, 2, 6)",3,2.858333,wide,4071,176976692,2,1.698765,0.301235,0.301235,18.991529,1.303367
8,100000000,k3_admiss,"(0, 2, 6)",3,2.858333,wide,4071,177210485,2,1.698411,0.301589,0.301589,18.992849,1.303231
8,100000000,k3_admiss,"(0, 2, 6)",3,2.858333,wide,4071,177693716,1,1.697681,-0.697681,0.697681,18.995572,1.302951
8,100000000,k4_admiss,"(0, 2, 6, 8)",4,4.151425,narrow,339,100335987,0,0.012214,-0.012214,0.012214,18.424035,0.110517
8,100000000,k4_admiss,"(0, 2, 6, 8)",4,4.151425,narrow,339,100666519,0,0.012205,-0.012205,0.012205,18.427324,0.110478
8,100000000,k4_admiss,"(0, 2, 6, 8)",4,4.151425,narrow,339,100810671,0,0.012201,-0.012201,0.012201,18.428755,0.110460
8,100000000,k4_admiss,"(0, 2, 6, 8)",4,4.151425,narrow,339,101224980,0,0.012191,-0.012191,0.012191,18.432856,0.110411
8,100000000,k4_admiss,"(0, 2, 6, 8)",4,4.151425,narrow,339,101776625,0,0.012176,-0.012176,0.012176,18.438291,0.110346
8,100000000,k4_admiss,"(0, 2, 6, 8)",4,4.151425,narrow,339,102230911,1,0.012165,0.987835,0.987835,18.442745,0.110293
8,100000000,k4_admiss,"(0, 2, 6, 8)",4,4.151425,narrow,339,102468340,0,0.012158,-0.012158,0.012158,18.445064,0.110265
8,100000000,k4_admiss,"(0, 2, 6, 8)",4,4.151425,narrow,339,102790450,0,0.012150,-0.012150,0.012150,18.448203,0.110228
8,100000000,k4_admiss,"(0, 2, 6, 8)",4,4.151425,narrow,339,103300826,0,0.012137,-0.012137,0.012137,18.453156,0.110168
8,100000000,k4_admiss,"(0, 2, 6, 8)",4,4.151425,narrow,339,103705002,0,0.012127,-0.012127,0.012127,18.457061,0.110122
8,100000000,k4_admiss,"(0, 2, 6, 8)",4,4.151425,narrow,339,103963754,0,0.012120,-0.012120,0.012120,18.459553,0.110092
8,100000000,k4_admiss,"(0, 2, 6, 8)",4,4.151425,narrow,339,104441746,0,0.012108,-0.012108,0.012108,18.464140,0.110037
8,100000000,k4_admiss,"(0, 2, 6, 8)",4,4.151425,narrow,339,104869467,0,0.012098,-0.012098,0.012098,18.468227,0.109989
8,100000000,k4_admiss,"(0, 2, 6, 8)",4,4.151425,narrow,339,105305422,0,0.012087,-0.012087,0.012087,18.472375,0.109939
8,100000000,k4_admiss,"(0, 2, 6, 8)",4,4.151425,narrow,339,105737083,0,0.012076,-0.012076,0.012076,18.476466,0.109891
8,100000000,k4_admiss,"(0, 2, 6, 8)",4,4.151425,narrow,339,106223403,0,0.012064,-0.012064,0.012064,18.481055,0.109836
8,100000000,k4_admiss,"(0, 2, 6, 8)",4,4.151425,narrow,339,106450816,0,0.012058,-0.012058,0.012058,18.483194,0.109811
8,100000000,k4_admiss,"(0, 2, 6, 8)",4,4.151425,narrow,339,106844589,0,0.012049,-0.012049,0.012049,18.486886,0.109767
8,100000000,k4_admiss,"(0, 2, 6, 8)",4,4.151425,narrow,339,107383831,0,0.012036,-0.012036,0.012036,18.491920,0.109707
8,100000000,k4_admiss,"(0, 2, 6, 8)",4,4.151425,narrow,339,107695305,0,0.012028,-0.012028,0.012028,18.494817,0.109673
8,100000000,k4_admiss,"(0, 2, 6, 8)",4,4.151425,narrow,339,108162117,1,0.012017,0.987983,0.987983,18.499142,0.109621
8,100000000,k4_admiss,"(0, 2, 6, 8)",4,4.151425,narrow,339,108520582,0,0.012008,-0.012008,0.012008,18.502450,0.109582
8,100000000,k4_admiss,"(0, 2, 6, 8)",4,4.151425,narrow,339,108752964,0,0.012003,-0.012003,0.012003,18.504589,0.109557
8,100000000,k4_admiss,"(0, 2, 6, 8)",4,4.151425,narrow,339,108973455,0,0.011997,-0.011997,0.011997,18.506615,0.109533
8,100000000,k4_admiss,"(0, 2, 6, 8)",4,4.151425,narrow,339,109431386,0,0.011987,-0.011987,0.011987,18.510808,0.109483
8,100000000,k4_admiss,"(0, 2, 6, 8)",4,4.151425,narrow,339,109851010,0,0.011977,-0.011977,0.011977,18.514636,0.109438
8,100000000,k4_admiss,"(0, 2, 6, 8)",4,4.151425,narrow,339,110143204,0,0.011970,-0.011970,0.011970,18.517292,0.109407
8,100000000,k4_admiss,"(0, 2, 6, 8)",4,4.151425,narrow,339,110604215,0,0.011959,-0.011959,0.011959,18.521469,0.109357
8,100000000,k4_admiss,"(0, 2, 6, 8)",4,4.151425,narrow,339,111131872,0,0.011947,-0.011947,0.011947,18.526228,0.109301
8,100000000,k4_admiss,"(0, 2, 6, 8)",4,4.151425,narrow,339,111489159,0,0.011938,-0.011938,0.011938,18.529438,0.109263
8,100000000,k4_admiss,"(0, 2, 6, 8)",4,4.151425,narrow,339,111922530,0,0.011928,-0.011928,0.011928,18.533317,0.109217
8,100000000,k4_admiss,"(0, 2, 6, 8)",4,4.151425,narrow,339,112329613,0,0.011919,-0.011919,0.011919,18.536948,0.109175
8,100000000,k4_admiss,"(0, 2, 6, 8)",4,4.151425,narrow,339,112545668,0,0.011914,-0.011914,0.011914,18.538870,0.109152
8,100000000,k4_admiss,"(0, 2, 6, 8)",4,4.151425,narrow,339,113171460,0,0.011900,-0.011900,0.011900,18.544415,0.109087
8,100000000,k4_admiss,"(0, 2, 6, 8)",4,4.151425,narrow,339,113555565,0,0.011891,-0.011891,0.011891,18.547803,0.109047
8,100000000,k4_admiss,"(0, 2, 6, 8)",4,4.151425,narrow,339,113652048,0,0.011889,-0.011889,0.011889,18.548652,0.109037
8,100000000,k4_admiss,"(0, 2, 6, 8)",4,4.151425,narrow,339,114273021,0,0.011875,-0.011875,0.011875,18.554101,0.108973
8,100000000,k4_admiss,"(0, 2, 6, 8)",4,4.151425,narrow,339,114512127,0,0.011870,-0.011870,0.011870,18.556191,0.108948
8,100000000,k4_admiss,"(0, 2, 6, 8)",4,4.151425,narrow,339,115027805,0,0.011858,-0.011858,0.011858,18.560684,0.108896
8,100000000,k4_admiss,"(0, 2, 6, 8)",4,4.151425,narrow,339,115287871,0,0.011852,-0.011852,0.011852,18.562943,0.108869
8,100000000,k4_admiss,"(0, 2, 6, 8)",4,4.151425,narrow,339,115569402,0,0.011846,-0.011846,0.011846,18.565382,0.108841
8,100000000,k4_admiss,"(0, 2, 6, 8)",4,4.151425,narrow,339,116251076,0,0.011831,-0.011831,0.011831,18.571263,0.108772
8,100000000,k4_admiss,"(0, 2, 6, 8)",4,4.151425,narrow,339,116568520,0,0.011824,-0.011824,0.011824,18.573990,0.108740
8,100000000,k4_admiss,"(0, 2, 6, 8)",4,4.151425,narrow,339,116913716,0,0.011817,-0.011817,0.011817,18.576947,0.108705
8,100000000,k4_admiss,"(0, 2, 6, 8)",4,4.151425,narrow,339,117359981,0,0.011807,-0.011807,0.011807,18.580757,0.108660
8,100000000,k4_admiss,"(0, 2, 6, 8)",4,4.151425,narrow,339,117898111,0,0.011795,-0.011795,0.011795,18.585331,0.108607
8,100000000,k4_admiss,"(0, 2, 6, 8)",4,4.151425,narrow,339,117924187,0,0.011795,-0.011795,0.011795,18.585552,0.108604
8,100000000,k4_admiss,"(0, 2, 6, 8)",4,4.151425,narrow,339,118628703,0,0.011780,-0.011780,0.011780,18.591509,0.108535
8,100000000,k4_admiss,"(0, 2, 6, 8)",4,4.151425,narrow,339,118820240,0,0.011776,-0.011776,0.011776,18.593122,0.108516
8,100000000,k4_admiss,"(0, 2, 6, 8)",4,4.151425,narrow,339,119163555,0,0.011768,-0.011768,0.011768,18.596008,0.108482
8,100000000,k4_admiss,"(0, 2, 6, 8)",4,4.151425,narrow,339,119836528,0,0.011754,-0.011754,0.011754,18.601639,0.108417
8,100000000,k4_admiss,"(0, 2, 6, 8)",4,4.151425,narrow,339,120091887,1,0.011749,0.988251,0.988251,18.603768,0.108392
8,100000000,k4_admiss,"(0, 2, 6, 8)",4,4.151425,narrow,339,120432730,0,0.011742,-0.011742,0.011742,18.606602,0.108359
8,100000000,k4_admiss,"(0, 2, 6, 8)",4,4.151425,narrow,339,120930208,0,0.011731,-0.011731,0.011731,18.610724,0.108311
8,100000000,k4_admiss,"(0, 2, 6, 8)",4,4.151425,narrow,339,121375612,0,0.011722,-0.011722,0.011722,18.614401,0.108268
8,100000000,k4_admiss,"(0, 2, 6, 8)",4,4.151425,narrow,339,121532590,0,0.011719,-0.011719,0.011719,18.615693,0.108253
8,100000000,k4_admiss,"(0, 2, 6, 8)",4,4.151425,narrow,339,122147385,0,0.011706,-0.011706,0.011706,18.620739,0.108194
8,100000000,k4_admiss,"(0, 2, 6, 8)",4,4.151425,narrow,339,122274592,0,0.011703,-0.011703,0.011703,18.621780,0.108182
8,100000000,k4_admiss,"(0, 2, 6, 8)",4,4.151425,narrow,339,122805834,0,0.011693,-0.011693,0.011693,18.626115,0.108132
8,100000000,k4_admiss,"(0, 2, 6, 8)",4,4.151425,narrow,339,123014888,0,0.011688,-0.011688,0.011688,18.627816,0.108112
8,100000000,k4_admiss,"(0, 2, 6, 8)",4,4.151425,narrow,339,123631016,0,0.011676,-0.011676,0.011676,18.632812,0.108054
8,100000000,k4_admiss,"(0, 2, 6, 8)",4,4.151425,narrow,339,123865878,0,0.011671,-0.011671,0.011671,18.634710,0.108032
8,100000000,k4_admiss,"(0, 2, 6, 8)",4,4.151425,narrow,339,124451528,0,0.011659,-0.011659,0.011659,18.639427,0.107978
8,100000000,k4_admiss,"(0, 2, 6, 8)",4,4.151425,narrow,339,124675135,0,0.011655,-0.011655,0.011655,18.641222,0.107957
8,100000000,k4_admiss,"(0, 2, 6, 8)",4,4.151425,narrow,339,125181830,0,0.011645,-0.011645,0.011645,18.645278,0.107910
8,100000000,k4_admiss,"(0, 2, 6, 8)",4,4.151425,narrow,339,125318712,0,0.011642,-0.011642,0.011642,18.646371,0.107897
8,100000000,k4_admiss,"(0, 2, 6, 8)",4,4.151425,narrow,339,125831486,0,0.011632,-0.011632,0.011632,18.650454,0.107850
8,100000000,k4_admiss,"(0, 2, 6, 8)",4,4.151425,narrow,339,126079735,0,0.011627,-0.011627,0.011627,18.652425,0.107827
8,100000000,k4_admiss,"(0, 2, 6, 8)",4,4.151425,narrow,339,126817634,0,0.011612,-0.011612,0.011612,18.658261,0.107760
8,100000000,k4_admiss,"(0, 2, 6, 8)",4,4.151425,narrow,339,127109950,0,0.011606,-0.011606,0.011606,18.660563,0.107733
8,100000000,k4_admiss,"(0, 2, 6, 8)",4,4.151425,narrow,339,127562707,0,0.011598,-0.011598,0.011598,18.664119,0.107692
8,100000000,k4_admiss,"(0, 2, 6, 8)",4,4.151425,narrow,339,127859205,0,0.011592,-0.011592,0.011592,18.666440,0.107665
8,100000000,k4_admiss,"(0, 2, 6, 8)",4,4.151425,narrow,339,128070075,0,0.011588,-0.011588,0.011588,18.668088,0.107646
8,100000000,k4_admiss,"(0, 2, 6, 8)",4,4.151425,narrow,339,128784189,0,0.011574,-0.011574,0.011574,18.673649,0.107582
8,100000000,k4_admiss,"(0, 2, 6, 8)",4,4.151425,narrow,339,129089987,0,0.011568,-0.011568,0.011568,18.676020,0.107555
8,100000000,k4_admiss,"(0, 2, 6, 8)",4,4.151425,narrow,339,129256418,0,0.011565,-0.011565,0.011565,18.677309,0.107540
8,100000000,k4_admiss,"(0, 2, 6, 8)",4,4.151425,narrow,339,129937695,0,0.011552,-0.011552,0.011552,18.682566,0.107479
8,100000000,k4_admiss,"(0, 2, 6, 8)",4,4.151425,narrow,339,129978750,0,0.011551,-0.011551,0.011551,18.682882,0.107476
8,100000000,k4_admiss,"(0, 2, 6, 8)",4,4.151425,narrow,339,130389063,0,0.011543,-0.011543,0.011543,18.686033,0.107440
8,100000000,k4_admiss,"(0, 2, 6, 8)",4,4.151425,narrow,339,130809112,0,0.011535,-0.011535,0.011535,18.689250,0.107403
8,100000000,k4_admiss,"(0, 2, 6, 8)",4,4.151425,narrow,339,131347917,0,0.011525,-0.011525,0.011525,18.693360,0.107355
8,100000000,k4_admiss,"(0, 2, 6, 8)",4,4.151425,narrow,339,131837953,0,0.011516,-0.011516,0.011516,18.697084,0.107313
8,100000000,k4_admiss,"(0, 2, 6, 8)",4,4.151425,narrow,339,131988525,0,0.011513,-0.011513,0.011513,18.698226,0.107299
8,100000000,k4_admiss,"(0, 2, 6, 8)",4,4.151425,narrow,339,132593632,0,0.011502,-0.011502,0.011502,18.702800,0.107247
8,100000000,k4_admiss,"(0, 2, 6, 8)",4,4.151425,narrow,339,132959095,0,0.011495,-0.011495,0.011495,18.705552,0.107215
8,100000000,k4_admiss,"(0, 2, 6, 8)",4,4.151425,narrow,339,133381452,0,0.011487,-0.011487,0.011487,18.708724,0.107179
8,100000000,k4_admiss,"(0, 2, 6, 8)",4,4.151425,narrow,339,133482859,0,0.011485,-0.011485,0.011485,18.709484,0.107170
8,100000000,k4_admiss,"(0, 2, 6, 8)",4,4.151425,narrow,339,134206687,0,0.011472,-0.011472,0.011472,18.714892,0.107108
8,100000000,k4_admiss,"(0, 2, 6, 8)",4,4.151425,narrow,339,134348666,0,0.011470,-0.011470,0.011470,18.715949,0.107096
8,100000000,k4_admiss,"(0, 2, 6, 8)",4,4.151425,narrow,339,134794960,0,0.011462,-0.011462,0.011462,18.719265,0.107058
8,100000000,k4_admiss,"(0, 2, 6, 8)",4,4.151425,narrow,339,135153711,0,0.011455,-0.011455,0.011455,18.721923,0.107028
8,100000000,k4_admiss,"(0, 2, 6, 8)",4,4.151425,narrow,339,135669675,0,0.011446,-0.011446,0.011446,18.725734,0.106984
8,100000000,k4_admiss,"(0, 2, 6, 8)",4,4.151425,narrow,339,136181208,0,0.011436,-0.011436,0.011436,18.729497,0.106941
8,100000000,k4_admiss,"(0, 2, 6, 8)",4,4.151425,narrow,339,136285093,0,0.011435,-0.011435,0.011435,18.730260,0.106933
8,100000000,k4_admiss,"(0, 2, 6, 8)",4,4.151425,narrow,339,136874091,0,0.011424,-0.011424,0.011424,18.734572,0.106884
8,100000000,k4_admiss,"(0, 2, 6, 8)",4,4.151425,narrow,339,137225369,0,0.011418,-0.011418,0.011418,18.737135,0.106854
8,100000000,k4_admiss,"(0, 2, 6, 8)",4,4.151425,narrow,339,137447466,0,0.011414,-0.011414,0.011414,18.738752,0.106836
8,100000000,k4_admiss,"(0, 2, 6, 8)",4,4.151425,narrow,339,137909223,0,0.011406,-0.011406,0.011406,18.742106,0.106798
8,100000000,k4_admiss,"(0, 2, 6, 8)",4,4.151425,narrow,339,138147574,0,0.011402,-0.011402,0.011402,18.743833,0.106778
8,100000000,k4_admiss,"(0, 2, 6, 8)",4,4.151425,narrow,339,138778134,0,0.011390,-0.011390,0.011390,18.748387,0.106726
8,100000000,k4_admiss,"(0, 2, 6, 8)",4,4.151425,narrow,339,139178882,0,0.011383,-0.011383,0.011383,18.751271,0.106693
8,100000000,k4_admiss,"(0, 2, 6, 8)",4,4.151425,narrow,339,139651141,0,0.011375,-0.011375,0.011375,18.754658,0.106655
8,100000000,k4_admiss,"(0, 2, 6, 8)",4,4.151425,narrow,339,139801031,0,0.011373,-0.011373,0.011373,18.755731,0.106643
8,100000000,k4_admiss,"(0, 2, 6, 8)",4,4.151425,narrow,339,140375129,0,0.011363,-0.011363,0.011363,18.759829,0.106596
8,100000000,k4_admiss,"(0, 2, 6, 8)",4,4.151425,narrow,339,140790512,0,0.011356,-0.011356,0.011356,18.762784,0.106562
8,100000000,k4_admiss,"(0, 2, 6, 8)",4,4.151425,narrow,339,140913052,0,0.011353,-0.011353,0.011353,18.763654,0.106552
8,100000000,k4_admiss,"(0, 2, 6, 8)",4,4.151425,narrow,339,141569840,0,0.011342,-0.011342,0.011342,18.768304,0.106500
8,100000000,k4_admiss,"(0, 2, 6, 8)",4,4.151425,narrow,339,141973658,0,0.011335,-0.011335,0.011335,18.771152,0.106467
8,100000000,k4_admiss,"(0, 2, 6, 8)",4,4.151425,narrow,339,142036192,0,0.011334,-0.011334,0.011334,18.771592,0.106462
8,100000000,k4_admiss,"(0, 2, 6, 8)",4,4.151425,narrow,339,142653209,0,0.011324,-0.011324,0.011324,18.775927,0.106413
8,100000000,k4_admiss,"(0, 2, 6, 8)",4,4.151425,narrow,339,143113772,0,0.011316,-0.011316,0.011316,18.779150,0.106377
8,100000000,k4_admiss,"(0, 2, 6, 8)",4,4.151425,narrow,339,143232307,0,0.011314,-0.011314,0.011314,18.779978,0.106367
8,100000000,k4_admiss,"(0, 2, 6, 8)",4,4.151425,narrow,339,143645355,0,0.011307,-0.011307,0.011307,18.782858,0.106335
8,100000000,k4_admiss,"(0, 2, 6, 8)",4,4.151425,narrow,339,144025125,0,0.011301,-0.011301,0.011301,18.785498,0.106305
8,100000000,k4_admiss,"(0, 2, 6, 8)",4,4.151425,narrow,339,144682676,0,0.011290,-0.011290,0.011290,18.790053,0.106253
8,100000000,k4_admiss,"(0, 2, 6, 8)",4,4.151425,narrow,339,145104045,0,0.011283,-0.011283,0.011283,18.792962,0.106220
8,100000000,k4_admiss,"(0, 2, 6, 8)",4,4.151425,narrow,339,145269411,0,0.011280,-0.011280,0.011280,18.794101,0.106208
8,100000000,k4_admiss,"(0, 2, 6, 8)",4,4.151425,narrow,339,145796584,0,0.011271,-0.011271,0.011271,18.797723,0.106167
8,100000000,k4_admiss,"(0, 2, 6, 8)",4,4.151425,narrow,339,146189030,0,0.011265,-0.011265,0.011265,18.800411,0.106136
8,100000000,k4_admiss,"(0, 2, 6, 8)",4,4.151425,narrow,339,146346035,0,0.011262,-0.011262,0.011262,18.801484,0.106124
8,100000000,k4_admiss,"(0, 2, 6, 8)",4,4.151425,narrow,339,146951449,0,0.011252,-0.011252,0.011252,18.805613,0.106078
8,100000000,k4_admiss,"(0, 2, 6, 8)",4,4.151425,narrow,339,147386703,0,0.011245,-0.011245,0.011245,18.808570,0.106044
8,100000000,k4_admiss,"(0, 2, 6, 8)",4,4.151425,narrow,339,147490477,0,0.011244,-0.011244,0.011244,18.809274,0.106036
8,100000000,k4_admiss,"(0, 2, 6, 8)",4,4.151425,narrow,339,148199804,0,0.011232,-0.011232,0.011232,18.814072,0.105982
8,100000000,k4_admiss,"(0, 2, 6, 8)",4,4.151425,narrow,339,148460476,0,0.011228,-0.011228,0.011228,18.815829,0.105962
8,100000000,k4_admiss,"(0, 2, 6, 8)",4,4.151425,narrow,339,148965057,0,0.011220,-0.011220,0.011220,18.819222,0.105924
8,100000000,k4_admiss,"(0, 2, 6, 8)",4,4.151425,narrow,339,149052631,0,0.011219,-0.011219,0.011219,18.819810,0.105918
8,100000000,k4_admiss,"(0, 2, 6, 8)",4,4.151425,narrow,339,149764727,0,0.011207,-0.011207,0.011207,18.824576,0.105864
8,100000000,k4_admiss,"(0, 2, 6, 8)",4,4.151425,narrow,339,149845567,0,0.011206,-0.011206,0.011206,18.825116,0.105858
8,100000000,k4_admiss,"(0, 2, 6, 8)",4,4.151425,narrow,339,150387071,0,0.011197,-0.011197,0.011197,18.828723,0.105817
8,100000000,k4_admiss,"(0, 2, 6, 8)",4,4.151425,narrow,339,150895652,0,0.011189,-0.011189,0.011189,18.832099,0.105779
8,100000000,k4_admiss,"(0, 2, 6, 8)",4,4.151425,narrow,339,151332874,0,0.011182,-0.011182,0.011182,18.834992,0.105747
8,100000000,k4_admiss,"(0, 2, 6, 8)",4,4.151425,narrow,339,151728713,0,0.011176,-0.011176,0.011176,18.837605,0.105718
8,100000000,k4_admiss,"(0, 2, 6, 8)",4,4.151425,narrow,339,151916427,0,0.011173,-0.011173,0.011173,18.838841,0.105704
8,100000000,k4_admiss,"(0, 2, 6, 8)",4,4.151425,narrow,339,152432880,0,0.011165,-0.011165,0.011165,18.842235,0.105666
8,100000000,k4_admiss,"(0, 2, 6, 8)",4,4.151425,narrow,339,152711143,0,0.011161,-0.011161,0.011161,18.844059,0.105645
8,100000000,k4_admiss,"(0, 2, 6, 8)",4,4.151425,narrow,339,153043770,0,0.011156,-0.011156,0.011156,18.846235,0.105621
8,100000000,k4_admiss,"(0, 2, 6, 8)",4,4.151425,narrow,339,153452315,0,0.011149,-0.011149,0.011149,18.848900,0.105591
8,100000000,k4_admiss,"(0, 2, 6, 8)",4,4.151425,narrow,339,154037864,0,0.011140,-0.011140,0.011140,18.852709,0.105548
8,100000000,k4_admiss,"(0, 2, 6, 8)",4,4.151425,narrow,339,154413046,0,0.011135,-0.011135,0.011135,18.855142,0.105521
8,100000000,k4_admiss,"(0, 2, 6, 8)",4,4.151425,narrow,339,154587749,0,0.011132,-0.011132,0.011132,18.856272,0.105508
8,100000000,k4_admiss,"(0, 2, 6, 8)",4,4.151425,narrow,339,155091800,0,0.011124,-0.011124,0.011124,18.859528,0.105472
8,100000000,k4_admiss,"(0, 2, 6, 8)",4,4.151425,narrow,339,155535416,0,0.011118,-0.011118,0.011118,18.862384,0.105440
8,100000000,k4_admiss,"(0, 2, 6, 8)",4,4.151425,narrow,339,155752939,0,0.011114,-0.011114,0.011114,18.863782,0.105424
8,100000000,k4_admiss,"(0, 2, 6, 8)",4,4.151425,narrow,339,156181254,0,0.011108,-0.011108,0.011108,18.866528,0.105394
8,100000000,k4_admiss,"(0, 2, 6, 8)",4,4.151425,narrow,339,156539805,0,0.011102,-0.011102,0.011102,18.868821,0.105368
8,100000000,k4_admiss,"(0, 2, 6, 8)",4,4.151425,narrow,339,156940216,0,0.011096,-0.011096,0.011096,18.871376,0.105340
8,100000000,k4_admiss,"(0, 2, 6, 8)",4,4.151425,narrow,339,157499160,0,0.011088,-0.011088,0.011088,18.874931,0.105300
8,100000000,k4_admiss,"(0, 2, 6, 8)",4,4.151425,narrow,339,157825185,0,0.011083,-0.011083,0.011083,18.876999,0.105277
8,100000000,k4_admiss,"(0, 2, 6, 8)",4,4.151425,narrow,339,158085870,0,0.011079,-0.011079,0.011079,18.878649,0.105258
8,100000000,k4_admiss,"(0, 2, 6, 8)",4,4.151425,narrow,339,158494117,0,0.011073,-0.011073,0.011073,18.881228,0.105230
8,100000000,k4_admiss,"(0, 2, 6, 8)",4,4.151425,narrow,339,158828292,0,0.011068,-0.011068,0.011068,18.883334,0.105206
8,100000000,k4_admiss,"(0, 2, 6, 8)",4,4.151425,narrow,339,159403311,0,0.011060,-0.011060,0.011060,18.886948,0.105166
8,100000000,k4_admiss,"(0, 2, 6, 8)",4,4.151425,narrow,339,159723414,0,0.011055,-0.011055,0.011055,18.888954,0.105144
8,100000000,k4_admiss,"(0, 2, 6, 8)",4,4.151425,narrow,339,159928595,0,0.011052,-0.011052,0.011052,18.890238,0.105129
8,100000000,k4_admiss,"(0, 2, 6, 8)",4,4.151425,narrow,339,160397037,0,0.011045,-0.011045,0.011045,18.893163,0.105097
8,100000000,k4_admiss,"(0, 2, 6, 8)",4,4.151425,narrow,339,160822942,0,0.011039,-0.011039,0.011039,18.895815,0.105067
8,100000000,k4_admiss,"(0, 2, 6, 8)",4,4.151425,narrow,339,161176048,0,0.011034,-0.011034,0.011034,18.898008,0.105043
8,100000000,k4_admiss,"(0, 2, 6, 8)",4,4.151425,narrow,339,161686642,0,0.011027,-0.011027,0.011027,18.901171,0.105008
8,100000000,k4_admiss,"(0, 2, 6, 8)",4,4.151425,narrow,339,162077619,0,0.011021,-0.011021,0.011021,18.903586,0.104981
8,100000000,k4_admiss,"(0, 2, 6, 8)",4,4.151425,narrow,339,162305426,0,0.011018,-0.011018,0.011018,18.904990,0.104965
8,100000000,k4_admiss,"(0, 2, 6, 8)",4,4.151425,narrow,339,162657187,0,0.011013,-0.011013,0.011013,18.907155,0.104941
8,100000000,k4_admiss,"(0, 2, 6, 8)",4,4.151425,narrow,339,163388791,0,0.011002,-0.011002,0.011002,18.911643,0.104891
8,100000000,k4_admiss,"(0, 2, 6, 8)",4,4.151425,narrow,339,163791096,0,0.010996,-0.010996,0.010996,18.914102,0.104864
8,100000000,k4_admiss,"(0, 2, 6, 8)",4,4.151425,narrow,339,164169326,0,0.010991,-0.010991,0.010991,18.916409,0.104839
8,100000000,k4_admiss,"(0, 2, 6, 8)",4,4.151425,narrow,339,164214722,0,0.010990,-0.010990,0.010990,18.916685,0.104835
8,100000000,k4_admiss,"(0, 2, 6, 8)",4,4.151425,narrow,339,164904454,0,0.010981,-0.010981,0.010981,18.920877,0.104789
8,100000000,k4_admiss,"(0, 2, 6, 8)",4,4.151425,narrow,339,165207867,0,0.010976,-0.010976,0.010976,18.922715,0.104769
8,100000000,k4_admiss,"(0, 2, 6, 8)",4,4.151425,narrow,339,165532494,0,0.010972,-0.010972,0.010972,18.924678,0.104747
8,100000000,k4_admiss,"(0, 2, 6, 8)",4,4.151425,narrow,339,166093851,0,0.010964,-0.010964,0.010964,18.928064,0.104709
8,100000000,k4_admiss,"(0, 2, 6, 8)",4,4.151425,narrow,339,166404887,0,0.010960,-0.010960,0.010960,18.929934,0.104689
8,100000000,k4_admiss,"(0, 2, 6, 8)",4,4.151425,narrow,339,166650049,0,0.010956,-0.010956,0.010956,18.931407,0.104673
8,100000000,k4_admiss,"(0, 2, 6, 8)",4,4.151425,narrow,339,167165653,0,0.010949,-0.010949,0.010949,18.934496,0.104638
8,100000000,k4_admiss,"(0, 2, 6, 8)",4,4.151425,narrow,339,167391080,0,0.010946,-0.010946,0.010946,18.935843,0.104623
8,100000000,k4_admiss,"(0, 2, 6, 8)",4,4.151425,narrow,339,167816652,0,0.010940,-0.010940,0.010940,18.938383,0.104595
8,100000000,k4_admiss,"(0, 2, 6, 8)",4,4.151425,narrow,339,168309636,0,0.010933,-0.010933,0.010933,18.941316,0.104563
8,100000000,k4_admiss,"(0, 2, 6, 8)",4,4.151425,narrow,339,168533841,0,0.010930,-0.010930,0.010930,18.942647,0.104548
8,100000000,k4_admiss,"(0, 2, 6, 8)",4,4.151425,narrow,339,168982229,0,0.010924,-0.010924,0.010924,18.945304,0.104519
8,100000000,k4_admiss,"(0, 2, 6, 8)",4,4.151425,narrow,339,169618785,0,0.010916,-0.010916,0.010916,18.949064,0.104478
8,100000000,k4_admiss,"(0, 2, 6, 8)",4,4.151425,narrow,339,169968974,0,0.010911,-0.010911,0.010911,18.951126,0.104455
8,100000000,k4_admiss,"(0, 2, 6, 8)",4,4.151425,narrow,339,170387546,0,0.010905,-0.010905,0.010905,18.953586,0.104428
8,100000000,k4_admiss,"(0, 2, 6, 8)",4,4.151425,narrow,339,170640384,0,0.010902,-0.010902,0.010902,18.955069,0.104411
8,100000000,k4_admiss,"(0, 2, 6, 8)",4,4.151425,narrow,339,170865269,0,0.010899,-0.010899,0.010899,18.956386,0.104397
8,100000000,k4_admiss,"(0, 2, 6, 8)",4,4.151425,narrow,339,171462076,0,0.010891,-0.010891,0.010891,18.959873,0.104358
8,100000000,k4_admiss,"(0, 2, 6, 8)",4,4.151425,narrow,339,171719038,0,0.010887,-0.010887,0.010887,18.961370,0.104342
8,100000000,k4_admiss,"(0, 2, 6, 8)",4,4.151425,narrow,339,172356516,0,0.010879,-0.010879,0.010879,18.965076,0.104301
8,100000000,k4_admiss,"(0, 2, 6, 8)",4,4.151425,narrow,339,172578997,0,0.010876,-0.010876,0.010876,18.966366,0.104287
8,100000000,k4_admiss,"(0, 2, 6, 8)",4,4.151425,narrow,339,172881042,0,0.010872,-0.010872,0.010872,18.968114,0.104268
8,100000000,k4_admiss,"(0, 2, 6, 8)",4,4.151425,narrow,339,173468761,0,0.010864,-0.010864,0.010864,18.971508,0.104230
8,100000000,k4_admiss,"(0, 2, 6, 8)",4,4.151425,narrow,339,173650658,0,0.010862,-0.010862,0.010862,18.972556,0.104219
8,100000000,k4_admiss,"(0, 2, 6, 8)",4,4.151425,narrow,339,174070708,0,0.010856,-0.010856,0.010856,18.974972,0.104192
8,100000000,k4_admiss,"(0, 2, 6, 8)",4,4.151425,narrow,339,174471902,0,0.010851,-0.010851,0.010851,18.977274,0.104167
8,100000000,k4_admiss,"(0, 2, 6, 8)",4,4.151425,narrow,339,174853943,0,0.010846,-0.010846,0.010846,18.979462,0.104143
8,100000000,k4_admiss,"(0, 2, 6, 8)",4,4.151425,narrow,339,175186135,0,0.010841,-0.010841,0.010841,18.981360,0.104122
8,100000000,k4_admiss,"(0, 2, 6, 8)",4,4.151425,narrow,339,175801685,0,0.010833,-0.010833,0.010833,18.984867,0.104084
8,100000000,k4_admiss,"(0, 2, 6, 8)",4,4.151425,narrow,339,176021068,0,0.010831,-0.010831,0.010831,18.986114,0.104070
8,100000000,k4_admiss,"(0, 2, 6, 8)",4,4.151425,narrow,339,176341140,0,0.010826,-0.010826,0.010826,18.987931,0.104050
8,100000000,k4_admiss,"(0, 2, 6, 8)",4,4.151425,narrow,339,176700689,0,0.010822,-0.010822,0.010822,18.989968,0.104028
8,100000000,k4_admiss,"(0, 2, 6, 8)",4,4.151425,narrow,339,177206339,0,0.010815,-0.010815,0.010815,18.992825,0.103997
8,100000000,k4_admiss,"(0, 2, 6, 8)",4,4.151425,narrow,339,177612943,1,0.010810,0.989190,0.989190,18.995117,0.103972
8,100000000,k4_admiss,"(0, 2, 6, 8)",4,4.151425,wide,4071,100380935,0,0.146661,-0.146661,0.146661,18.424483,0.382964
8,100000000,k4_admiss,"(0, 2, 6, 8)",4,4.151425,wide,4071,100452101,0,0.146639,-0.146639,0.146639,18.425192,0.382934
8,100000000,k4_admiss,"(0, 2, 6, 8)",4,4.151425,wide,4071,101059889,0,0.146447,-0.146447,0.146447,18.431224,0.382684
8,100000000,k4_admiss,"(0, 2, 6, 8)",4,4.151425,wide,4071,101380867,0,0.146346,-0.146346,0.146346,18.434395,0.382552
8,100000000,k4_admiss,"(0, 2, 6, 8)",4,4.151425,wide,4071,101669755,0,0.146256,-0.146256,0.146256,18.437240,0.382434
8,100000000,k4_admiss,"(0, 2, 6, 8)",4,4.151425,wide,4071,102145364,0,0.146108,-0.146108,0.146108,18.441907,0.382240
8,100000000,k4_admiss,"(0, 2, 6, 8)",4,4.151425,wide,4071,102561928,1,0.145979,0.854021,0.854021,18.445977,0.382072
8,100000000,k4_admiss,"(0, 2, 6, 8)",4,4.151425,wide,4071,102862555,0,0.145886,-0.145886,0.145886,18.448904,0.381951
8,100000000,k4_admiss,"(0, 2, 6, 8)",4,4.151425,wide,4071,103430860,1,0.145712,0.854288,0.854288,18.454414,0.381722
8,100000000,k4_admiss,"(0, 2, 6, 8)",4,4.151425,wide,4071,103630371,0,0.145651,-0.145651,0.145651,18.456341,0.381643
8,100000000,k4_admiss,"(0, 2, 6, 8)",4,4.151425,wide,4071,104057397,0,0.145521,-0.145521,0.145521,18.460453,0.381473
8,100000000,k4_admiss,"(0, 2, 6, 8)",4,4.151425,wide,4071,104576894,0,0.145365,-0.145365,0.145365,18.465433,0.381267
8,100000000,k4_admiss,"(0, 2, 6, 8)",4,4.151425,wide,4071,104895973,0,0.145269,-0.145269,0.145269,18.468480,0.381141
8,100000000,k4_admiss,"(0, 2, 6, 8)",4,4.151425,wide,4071,105120436,0,0.145201,-0.145201,0.145201,18.470617,0.381053
8,100000000,k4_admiss,"(0, 2, 6, 8)",4,4.151425,wide,4071,105498531,0,0.145089,-0.145089,0.145089,18.474208,0.380905
8,100000000,k4_admiss,"(0, 2, 6, 8)",4,4.151425,wide,4071,106073549,1,0.144918,0.855082,0.855082,18.479643,0.380681
8,100000000,k4_admiss,"(0, 2, 6, 8)",4,4.151425,wide,4071,106236822,0,0.144870,-0.144870,0.144870,18.481181,0.380618
8,100000000,k4_admiss,"(0, 2, 6, 8)",4,4.151425,wide,4071,106919552,0,0.144669,-0.144669,0.144669,18.487587,0.380354
8,100000000,k4_admiss,"(0, 2, 6, 8)",4,4.151425,wide,4071,107201475,1,0.144587,0.855413,0.855413,18.490221,0.380246
8,100000000,k4_admiss,"(0, 2, 6, 8)",4,4.151425,wide,4071,107515179,0,0.144495,-0.144495,0.144495,18.493143,0.380125
8,100000000,k4_admiss,"(0, 2, 6, 8)",4,4.151425,wide,4071,108156894,1,0.144309,0.855691,0.855691,18.499093,0.379881
8,100000000,k4_admiss,"(0, 2, 6, 8)",4,4.151425,wide,4071,108440022,0,0.144228,-0.144228,0.144228,18.501708,0.379773
8,100000000,k4_admiss,"(0, 2, 6, 8)",4,4.151425,wide,4071,108735858,0,0.144143,-0.144143,0.144143,18.504432,0.379662
8,100000000,k4_admiss,"(0, 2, 6, 8)",4,4.151425,wide,4071,108950836,0,0.144081,-0.144081,0.144081,18.506407,0.379581
8,100000000,k4_admiss,"(0, 2, 6, 8)",4,4.151425,wide,4071,109462141,0,0.143936,-0.143936,0.143936,18.511089,0.379389
8,100000000,k4_admiss,"(0, 2, 6, 8)",4,4.151425,wide,4071,109996149,0,0.143784,-0.143784,0.143784,18.515956,0.379189
8,100000000,k4_admiss,"(0, 2, 6, 8)",4,4.151425,wide,4071,110165065,0,0.143737,-0.143737,0.143737,18.517490,0.379126
8,100000000,k4_admiss,"(0, 2, 6, 8)",4,4.151425,wide,4071,110754501,1,0.143571,0.856429,0.856429,18.522827,0.378908
8,100000000,k4_admiss,"(0, 2, 6, 8)",4,4.151425,wide,4071,111108179,0,0.143472,-0.143472,0.143472,18.526015,0.378778
8,100000000,k4_admiss,"(0, 2, 6, 8)",4,4.151425,wide,4071,111586750,1,0.143339,0.856661,0.856661,18.530313,0.378602
8,100000000,k4_admiss,"(0, 2, 6, 8)",4,4.151425,wide,4071,111914911,0,0.143249,-0.143249,0.143249,18.533249,0.378482
8,100000000,k4_admiss,"(0, 2, 6, 8)",4,4.151425,wide,4071,112180238,0,0.143175,-0.143175,0.143175,18.535617,0.378385
8,100000000,k4_admiss,"(0, 2, 6, 8)",4,4.151425,wide,4071,112549990,0,0.143074,-0.143074,0.143074,18.538908,0.378251
8,100000000,k4_admiss,"(0, 2, 6, 8)",4,4.151425,wide,4071,112989772,0,0.142953,-0.142953,0.142953,18.542808,0.378092
8,100000000,k4_admiss,"(0, 2, 6, 8)",4,4.151425,wide,4071,113296798,0,0.142870,-0.142870,0.142870,18.545521,0.377981
8,100000000,k4_admiss,"(0, 2, 6, 8)",4,4.151425,wide,4071,113950741,1,0.142693,0.857307,0.857307,18.551277,0.377747
8,100000000,k4_admiss,"(0, 2, 6, 8)",4,4.151425,wide,4071,114068279,0,0.142661,-0.142661,0.142661,18.552308,0.377705
8,100000000,k4_admiss,"(0, 2, 6, 8)",4,4.151425,wide,4071,114664028,0,0.142501,-0.142501,0.142501,18.557517,0.377493
8,100000000,k4_admiss,"(0, 2, 6, 8)",4,4.151425,wide,4071,114867266,0,0.142446,-0.142446,0.142446,18.559288,0.377421
8,100000000,k4_admiss,"(0, 2, 6, 8)",4,4.151425,wide,4071,115501188,0,0.142278,-0.142278,0.142278,18.564791,0.377197
8,100000000,k4_admiss,"(0, 2, 6, 8)",4,4.151425,wide,4071,115691121,0,0.142227,-0.142227,0.142227,18.566434,0.377130
8,100000000,k4_admiss,"(0, 2, 6, 8)",4,4.151425,wide,4071,116320371,0,0.142061,-0.142061,0.142061,18.571859,0.376910
8,100000000,k4_admiss,"(0, 2, 6, 8)",4,4.151425,wide,4071,116356738,0,0.142052,-0.142052,0.142052,18.572171,0.376897
8,100000000,k4_admiss,"(0, 2, 6, 8)",4,4.151425,wide,4071,116960926,0,0.141893,-0.141893,0.141893,18.577350,0.376687
8,100000000,k4_admiss,"(0, 2, 6, 8)",4,4.151425,wide,4071,117123553,0,0.141851,-0.141851,0.141851,18.578740,0.376631
8,100000000,k4_admiss,"(0, 2, 6, 8)",4,4.151425,wide,4071,117749263,0,0.141688,-0.141688,0.141688,18.584068,0.376415
8,100000000,k4_admiss,"(0, 2, 6, 8)",4,4.151425,wide,4071,118272258,0,0.141553,-0.141553,0.141553,18.588500,0.376235
8,100000000,k4_admiss,"(0, 2, 6, 8)",4,4.151425,wide,4071,118504752,2,0.141493,1.858507,1.858507,18.590464,0.376156
8,100000000,k4_admiss,"(0, 2, 6, 8)",4,4.151425,wide,4071,118706056,1,0.141442,0.858558,0.858558,18.592161,0.376087
8,100000000,k4_admiss,"(0, 2, 6, 8)",4,4.151425,wide,4071,119167510,0,0.141324,-0.141324,0.141324,18.596041,0.375930
8,100000000,k4_admiss,"(0, 2, 6, 8)",4,4.151425,wide,4071,119731858,1,0.141180,0.858820,0.858820,18.600765,0.375739
8,100000000,k4_admiss,"(0, 2, 6, 8)",4,4.151425,wide,4071,120034209,0,0.141104,-0.141104,0.141104,18.603287,0.375638
8,100000000,k4_admiss,"(0, 2, 6, 8)",4,4.151425,wide,4071,120400809,0,0.141011,-0.141011,0.141011,18.606337,0.375514
8,100000000,k4_admiss,"(0, 2, 6, 8)",4,4.151425,wide,4071,120981344,0,0.140865,-0.140865,0.140865,18.611147,0.375320
8,100000000,k4_admiss,"(0, 2, 6, 8)",4,4.151425,wide,4071,121389548,0,0.140763,-0.140763,0.140763,18.614515,0.375185
8,100000000,k4_admiss,"(0, 2, 6, 8)",4,4.151425,wide,4071,121731209,0,0.140678,-0.140678,0.140678,18.617326,0.375071
8,100000000,k4_admiss,"(0, 2, 6, 8)",4,4.151425,wide,4071,122016877,0,0.140608,-0.140608,0.140608,18.619670,0.374977
8,100000000,k4_admiss,"(0, 2, 6, 8)",4,4.151425,wide,4071,122443785,0,0.140502,-0.140502,0.140502,18.623163,0.374836
8,100000000,k4_admiss,"(0, 2, 6, 8)",4,4.151425,wide,4071,122826255,0,0.140408,-0.140408,0.140408,18.626281,0.374711
8,100000000,k4_admiss,"(0, 2, 6, 8)",4,4.151425,wide,4071,123192371,0,0.140318,-0.140318,0.140318,18.629258,0.374591
8,100000000,k4_admiss,"(0, 2, 6, 8)",4,4.151425,wide,4071,123458929,0,0.140253,-0.140253,0.140253,18.631419,0.374504
8,100000000,k4_admiss,"(0, 2, 6, 8)",4,4.151425,wide,4071,123788649,0,0.140173,-0.140173,0.140173,18.634086,0.374397
8,100000000,k4_admiss,"(0, 2, 6, 8)",4,4.151425,wide,4071,124223204,0,0.140068,-0.140068,0.140068,18.637591,0.374256
8,100000000,k4_admiss,"(0, 2, 6, 8)",4,4.151425,wide,4071,124864543,0,0.139913,-0.139913,0.139913,18.642740,0.374049
8,100000000,k4_admiss,"(0, 2, 6, 8)",4,4.151425,wide,4071,125142850,0,0.139846,-0.139846,0.139846,18.644966,0.373960
8,100000000,k4_admiss,"(0, 2, 6, 8)",4,4.151425,wide,4071,125535654,0,0.139752,-0.139752,0.139752,18.648100,0.373834
8,100000000,k4_admiss,"(0, 2, 6, 8)",4,4.151425,wide,4071,125774576,0,0.139695,-0.139695,0.139695,18.650002,0.373758
8,100000000,k4_admiss,"(0, 2, 6, 8)",4,4.151425,wide,4071,126194423,0,0.139595,-0.139595,0.139595,18.653334,0.373625
8,100000000,k4_admiss,"(0, 2, 6, 8)",4,4.151425,wide,4071,126753330,0,0.139463,-0.139463,0.139463,18.657753,0.373448
8,100000000,k4_admiss,"(0, 2, 6, 8)",4,4.151425,wide,4071,127135842,0,0.139373,-0.139373,0.139373,18.660767,0.373327
8,100000000,k4_admiss,"(0, 2, 6, 8)",4,4.151425,wide,4071,127301778,0,0.139334,-0.139334,0.139334,18.662071,0.373275
8,100000000,k4_admiss,"(0, 2, 6, 8)",4,4.151425,wide,4071,127901522,1,0.139194,0.860806,0.860806,18.666771,0.373087
8,100000000,k4_admiss,"(0, 2, 6, 8)",4,4.151425,wide,4071,128028576,1,0.139164,0.860836,0.860836,18.667764,0.373047
8,100000000,k4_admiss,"(0, 2, 6, 8)",4,4.151425,wide,4071,128660036,1,0.139018,0.860982,0.860982,18.672684,0.372851
8,100000000,k4_admiss,"(0, 2, 6, 8)",4,4.151425,wide,4071,128979563,0,0.138944,-0.138944,0.138944,18.675165,0.372752
8,100000000,k4_admiss,"(0, 2, 6, 8)",4,4.151425,wide,4071,129521384,0,0.138819,-0.138819,0.138819,18.679357,0.372584
8,100000000,k4_admiss,"(0, 2, 6, 8)",4,4.151425,wide,4071,129582031,0,0.138805,-0.138805,0.138805,18.679825,0.372566
8,100000000,k4_admiss,"(0, 2, 6, 8)",4,4.151425,wide,4071,130139811,0,0.138678,-0.138678,0.138678,18.684120,0.372394
8,100000000,k4_admiss,"(0, 2, 6, 8)",4,4.151425,wide,4071,130527563,0,0.138589,-0.138589,0.138589,18.687095,0.372276
8,100000000,k4_admiss,"(0, 2, 6, 8)",4,4.151425,wide,4071,131105701,0,0.138458,-0.138458,0.138458,18.691514,0.372100
8,100000000,k4_admiss,"(0, 2, 6, 8)",4,4.151425,wide,4071,131445042,2,0.138382,1.861618,1.861618,18.694099,0.371997
8,100000000,k4_admiss,"(0, 2, 6, 8)",4,4.151425,wide,4071,131618220,0,0.138343,-0.138343,0.138343,18.695416,0.371945
8,100000000,k4_admiss,"(0, 2, 6, 8)",4,4.151425,wide,4071,132120472,0,0.138230,-0.138230,0.138230,18.699225,0.371793
8,100000000,k4_admiss,"(0, 2, 6, 8)",4,4.151425,wide,4071,132409113,0,0.138166,-0.138166,0.138166,18.701407,0.371706
8,100000000,k4_admiss,"(0, 2, 6, 8)",4,4.151425,wide,4071,132921836,0,0.138051,-0.138051,0.138051,18.705272,0.371553
8,100000000,k4_admiss,"(0, 2, 6, 8)",4,4.151425,wide,4071,133453581,0,0.137934,-0.137934,0.137934,18.709264,0.371394
8,100000000,k4_admiss,"(0, 2, 6, 8)",4,4.151425,wide,4071,133663191,0,0.137887,-0.137887,0.137887,18.710834,0.371332
8,100000000,k4_admiss,"(0, 2, 6, 8)",4,4.151425,wide,4071,133955722,0,0.137823,-0.137823,0.137823,18.713020,0.371245
8,100000000,k4_admiss,"(0, 2, 6, 8)",4,4.151425,wide,4071,134407390,0,0.137724,-0.137724,0.137724,18.716386,0.371112
8,100000000,k4_admiss,"(0, 2, 6, 8)",4,4.151425,wide,4071,134775661,0,0.137643,-0.137643,0.137643,18.719122,0.371003
8,100000000,k4_admiss,"(0, 2, 6, 8)",4,4.151425,wide,4071,135202085,0,0.137550,-0.137550,0.137550,18.722281,0.370878
8,100000000,k4_admiss,"(0, 2, 6, 8)",4,4.151425,wide,4071,135666235,0,0.137450,-0.137450,0.137450,18.725708,0.370742
8,100000000,k4_admiss,"(0, 2, 6, 8)",4,4.151425,wide,4071,135861754,0,0.137407,-0.137407,0.137407,18.727148,0.370685
8,100000000,k4_admiss,"(0, 2, 6, 8)",4,4.151425,wide,4071,136525756,0,0.137264,-0.137264,0.137264,18.732024,0.370492
8,100000000,k4_admiss,"(0, 2, 6, 8)",4,4.151425,wide,4071,136883962,1,0.137188,0.862812,0.862812,18.734644,0.370389
8,100000000,k4_admiss,"(0, 2, 6, 8)",4,4.151425,wide,4071,137112332,0,0.137139,-0.137139,0.137139,18.736311,0.370323
8,100000000,k4_admiss,"(0, 2, 6, 8)",4,4.151425,wide,4071,137656856,0,0.137023,-0.137023,0.137023,18.740275,0.370166
8,100000000,k4_admiss,"(0, 2, 6, 8)",4,4.151425,wide,4071,137978946,0,0.136955,-0.136955,0.136955,18.742612,0.370074
8,100000000,k4_admiss,"(0, 2, 6, 8)",4,4.151425,wide,4071,138184386,0,0.136911,-0.136911,0.136911,18.744099,0.370015
8,100000000,k4_admiss,"(0, 2, 6, 8)",4,4.151425,wide,4071,138831318,1,0.136775,0.863225,0.863225,18.748770,0.369831
8,100000000,k4_admiss,"(0, 2, 6, 8)",4,4.151425,wide,4071,139225675,0,0.136692,-0.136692,0.136692,18.751607,0.369719
8,100000000,k4_admiss,"(0, 2, 6, 8)",4,4.151425,wide,4071,139656581,0,0.136602,-0.136602,0.136602,18.754697,0.369597
8,100000000,k4_admiss,"(0, 2, 6, 8)",4,4.151425,wide,4071,140076854,0,0.136514,-0.136514,0.136514,18.757702,0.369479
8,100000000,k4_admiss,"(0, 2, 6, 8)",4,4.151425,wide,4071,140301262,0,0.136468,-0.136468,0.136468,18.759303,0.369416
8,100000000,k4_admiss,"(0, 2, 6, 8)",4,4.151425,wide,4071,140798527,0,0.136365,-0.136365,0.136365,18.762841,0.369276
8,100000000,k4_admiss,"(0, 2, 6, 8)",4,4.151425,wide,4071,141148927,0,0.136293,-0.136293,0.136293,18.765326,0.369178
8,100000000,k4_admiss,"(0, 2, 6, 8)",4,4.151425,wide,4071,141408300,0,0.136239,-0.136239,0.136239,18.767162,0.369106
8,100000000,k4_admiss,"(0, 2, 6, 8)",4,4.151425,wide,4071,141762247,0,0.136167,-0.136167,0.136167,18.769662,0.369008
8,100000000,k4_admiss,"(0, 2, 6, 8)",4,4.151425,wide,4071,142065219,0,0.136105,-0.136105,0.136105,18.771797,0.368924
8,100000000,k4_admiss,"(0, 2, 6, 8)",4,4.151425,wide,4071,142571598,0,0.136002,-0.136002,0.136002,18.775355,0.368784
8,100000000,k4_admiss,"(0, 2, 6, 8)",4,4.151425,wide,4071,143161572,0,0.135882,-0.135882,0.135882,18.779484,0.368622
8,100000000,k4_admiss,"(0, 2, 6, 8)",4,4.151425,wide,4071,143490028,0,0.135816,-0.135816,0.135816,18.781776,0.368532
8,100000000,k4_admiss,"(0, 2, 6, 8)",4,4.151425,wide,4071,143800207,0,0.135753,-0.135753,0.135753,18.783935,0.368447
8,100000000,k4_admiss,"(0, 2, 6, 8)",4,4.151425,wide,4071,144162132,1,0.135681,0.864319,0.864319,18.786449,0.368349
8,100000000,k4_admiss,"(0, 2, 6, 8)",4,4.151425,wide,4071,144550065,0,0.135603,-0.135603,0.135603,18.789136,0.368243
8,100000000,k4_admiss,"(0, 2, 6, 8)",4,4.151425,wide,4071,144957061,0,0.135522,-0.135522,0.135522,18.791948,0.368133
8,100000000,k4_admiss,"(0, 2, 6, 8)",4,4.151425,wide,4071,145508934,0,0.135412,-0.135412,0.135412,18.795748,0.367984
8,100000000,k4_admiss,"(0, 2, 6, 8)",4,4.151425,wide,4071,145649022,0,0.135385,-0.135385,0.135385,18.796710,0.367947
8,100000000,k4_admiss,"(0, 2, 6, 8)",4,4.151425,wide,4071,146244240,0,0.135267,-0.135267,0.135267,18.800789,0.367787
8,100000000,k4_admiss,"(0, 2, 6, 8)",4,4.151425,wide,4071,146513437,0,0.135214,-0.135214,0.135214,18.802628,0.367715
8,100000000,k4_admiss,"(0, 2, 6, 8)",4,4.151425,wide,4071,147018809,0,0.135115,-0.135115,0.135115,18.806071,0.367580
8,100000000,k4_admiss,"(0, 2, 6, 8)",4,4.151425,wide,4071,147358937,0,0.135049,-0.135049,0.135049,18.808382,0.367490
8,100000000,k4_admiss,"(0, 2, 6, 8)",4,4.151425,wide,4071,147779641,0,0.134967,-0.134967,0.134967,18.811233,0.367379
8,100000000,k4_admiss,"(0, 2, 6, 8)",4,4.151425,wide,4071,148089778,0,0.134907,-0.134907,0.134907,18.813329,0.367297
8,100000000,k4_admiss,"(0, 2, 6, 8)",4,4.151425,wide,4071,148451391,0,0.134837,-0.134837,0.134837,18.815768,0.367202
8,100000000,k4_admiss,"(0, 2, 6, 8)",4,4.151425,wide,4071,148867366,0,0.134757,-0.134757,0.134757,18.818566,0.367092
8,100000000,k4_admiss,"(0, 2, 6, 8)",4,4.151425,wide,4071,149408661,0,0.134653,-0.134653,0.134653,18.822196,0.366951
8,100000000,k4_admiss,"(0, 2, 6, 8)",4,4.151425,wide,4071,149538528,0,0.134628,-0.134628,0.134628,18.823065,0.366917
8,100000000,k4_admiss,"(0, 2, 6, 8)",4,4.151425,wide,4071,149898531,0,0.134559,-0.134559,0.134559,18.825469,0.366823
8,100000000,k4_admiss,"(0, 2, 6, 8)",4,4.151425,wide,4071,150232374,1,0.134496,0.865504,0.865504,18.827694,0.366737
8,100000000,k4_admiss,"(0, 2, 6, 8)",4,4.151425,wide,4071,150620588,0,0.134422,-0.134422,0.134422,18.830275,0.366636
8,100000000,k4_admiss,"(0, 2, 6, 8)",4,4.151425,wide,4071,151189266,0,0.134314,-0.134314,0.134314,18.834043,0.366489
8,100000000,k4_admiss,"(0, 2, 6, 8)",4,4.151425,wide,4071,151602013,0,0.134237,-0.134237,0.134237,18.836769,0.366383
8,100000000,k4_admiss,"(0, 2, 6, 8)",4,4.151425,wide,4071,152009649,0,0.134160,-0.134160,0.134160,18.839455,0.366279
8,100000000,k4_admiss,"(0, 2, 6, 8)",4,4.151425,wide,4071,152367469,2,0.134093,1.865907,1.865907,18.841806,0.366187
8,100000000,k4_admiss,"(0, 2, 6, 8)",4,4.151425,wide,4071,152811914,0,0.134010,-0.134010,0.134010,18.844718,0.366074
8,100000000,k4_admiss,"(0, 2, 6, 8)",4,4.151425,wide,4071,153225371,0,0.133934,-0.133934,0.133934,18.847420,0.365969
8,100000000,k4_admiss,"(0, 2, 6, 8)",4,4.151425,wide,4071,153551074,0,0.133873,-0.133873,0.133873,18.849544,0.365887
8,100000000,k4_admiss,"(0, 2, 6, 8)",4,4.151425,wide,4071,153926218,0,0.133804,-0.133804,0.133804,18.851984,0.365792
8,100000000,k4_admiss,"(0, 2, 6, 8)",4,4.151425,wide,4071,154248563,0,0.133745,-0.133745,0.133745,18.854076,0.365711
8,100000000,k4_admiss,"(0, 2, 6, 8)",4,4.151425,wide,4071,154785605,1,0.133646,0.866354,0.866354,18.857552,0.365576
8,100000000,k4_admiss,"(0, 2, 6, 8)",4,4.151425,wide,4071,154988270,0,0.133609,-0.133609,0.133609,18.858860,0.365526
8,100000000,k4_admiss,"(0, 2, 6, 8)",4,4.151425,wide,4071,155545948,0,0.133507,-0.133507,0.133507,18.862452,0.365386
8,100000000,k4_admiss,"(0, 2, 6, 8)",4,4.151425,wide,4071,155882370,0,0.133446,-0.133446,0.133446,18.864612,0.365303
8,100000000,k4_admiss,"(0, 2, 6, 8)",4,4.151425,wide,4071,156250102,0,0.133379,-0.133379,0.133379,18.866968,0.365211
8,100000000,k4_admiss,"(0, 2, 6, 8)",4,4.151425,wide,4071,156703240,0,0.133298,-0.133298,0.133298,18.869864,0.365099
8,100000000,k4_admiss,"(0, 2, 6, 8)",4,4.151425,wide,4071,157084556,0,0.133229,-0.133229,0.133229,18.872295,0.365005
8,100000000,k4_admiss,"(0, 2, 6, 8)",4,4.151425,wide,4071,157562705,0,0.133143,-0.133143,0.133143,18.875334,0.364888
8,100000000,k4_admiss,"(0, 2, 6, 8)",4,4.151425,wide,4071,157683602,0,0.133121,-0.133121,0.133121,18.876101,0.364858
8,100000000,k4_admiss,"(0, 2, 6, 8)",4,4.151425,wide,4071,158352353,0,0.133002,-0.133002,0.133002,18.880333,0.364695
8,100000000,k4_admiss,"(0, 2, 6, 8)",4,4.151425,wide,4071,158646404,0,0.132950,-0.132950,0.132950,18.882188,0.364623
8,100000000,k4_admiss,"(0, 2, 6, 8)",4,4.151425,wide,4071,159112331,0,0.132867,-0.132867,0.132867,18.885121,0.364510
8,100000000,k4_admiss,"(0, 2, 6, 8)",4,4.151425,wide,4071,159448931,0,0.132808,-0.132808,0.132808,18.887234,0.364428
8,100000000,k4_admiss,"(0, 2, 6, 8)",4,4.151425,wide,4071,159709387,0,0.132762,-0.132762,0.132762,18.888866,0.364365
8,100000000,k4_admiss,"(0, 2, 6, 8)",4,4.151425,wide,4071,160198805,0,0.132676,-0.132676,0.132676,18.891926,0.364247
8,100000000,k4_admiss,"(0, 2, 6, 8)",4,4.151425,wide,4071,160612366,1,0.132604,0.867396,0.867396,18.894504,0.364148
8,100000000,k4_admiss,"(0, 2, 6, 8)",4,4.151425,wide,4071,161014437,0,0.132533,-0.132533,0.132533,18.897005,0.364051
8,100000000,k4_admiss,"(0, 2, 6, 8)",4,4.151425,wide,4071,161196454,0,0.132502,-0.132502,0.132502,18.898134,0.364008
8,100000000,k4_admiss,"(0, 2, 6, 8)",4,4.151425,wide,4071,161742252,0,0.132407,-0.132407,0.132407,18.901515,0.363878
8,100000000,k4_admiss,"(0, 2, 6, 8)",4,4.151425,wide,4071,162211827,0,0.132326,-0.132326,0.132326,18.904414,0.363766
8,100000000,k4_admiss,"(0, 2, 6, 8)",4,4.151425,wide,4071,162310771,0,0.132309,-0.132309,0.132309,18.905023,0.363743
8,100000000,k4_admiss,"(0, 2, 6, 8)",4,4.151425,wide,4071,162954699,0,0.132198,-0.132198,0.132198,18.908983,0.363590
8,100000000,k4_admiss,"(0, 2, 6, 8)",4,4.151425,wide,4071,163383043,0,0.132125,-0.132125,0.132125,18.911608,0.363489
8,100000000,k4_admiss,"(0, 2, 6, 8)",4,4.151425,wide,4071,163499478,0,0.132105,-0.132105,0.132105,18.912320,0.363462
8,100000000,k4_admiss,"(0, 2, 6, 8)",4,4.151425,wide,4071,163939426,0,0.132030,-0.132030,0.132030,18.915008,0.363359
8,100000000,k4_admiss,"(0, 2, 6, 8)",4,4.151425,wide,4071,164271309,0,0.131973,-0.131973,0.131973,18.917030,0.363281
8,100000000,k4_admiss,"(0, 2, 6, 8)",4,4.151425,wide,4071,164745439,0,0.131893,-0.131893,0.131893,18.919912,0.363170
8,100000000,k4_admiss,"(0, 2, 6, 8)",4,4.151425,wide,4071,165031862,0,0.131844,-0.131844,0.131844,18.921649,0.363104
8,100000000,k4_admiss,"(0, 2, 6, 8)",4,4.151425,wide,4071,165699969,0,0.131732,-0.131732,0.131732,18.925689,0.362949
8,100000000,k4_admiss,"(0, 2, 6, 8)",4,4.151425,wide,4071,166085831,0,0.131667,-0.131667,0.131667,18.928015,0.362859
8,100000000,k4_admiss,"(0, 2, 6, 8)",4,4.151425,wide,4071,166362347,0,0.131621,-0.131621,0.131621,18.929679,0.362796
8,100000000,k4_admiss,"(0, 2, 6, 8)",4,4.151425,wide,4071,166713884,0,0.131562,-0.131562,0.131562,18.931790,0.362715
8,100000000,k4_admiss,"(0, 2, 6, 8)",4,4.151425,wide,4071,166936631,0,0.131525,-0.131525,0.131525,18.933125,0.362664
8,100000000,k4_admiss,"(0, 2, 6, 8)",4,4.151425,wide,4071,167525159,1,0.131427,0.868573,0.868573,18.936644,0.362529
8,100000000,k4_admiss,"(0, 2, 6, 8)",4,4.151425,wide,4071,167732136,0,0.131393,-0.131393,0.131393,18.937879,0.362482
8,100000000,k4_admiss,"(0, 2, 6, 8)",4,4.151425,wide,4071,168306422,0,0.131298,-0.131298,0.131298,18.941297,0.362351
8,100000000,k4_admiss,"(0, 2, 6, 8)",4,4.151425,wide,4071,168743525,0,0.131226,-0.131226,0.131226,18.943891,0.362252
8,100000000,k4_admiss,"(0, 2, 6, 8)",4,4.151425,wide,4071,168953252,0,0.131192,-0.131192,0.131192,18.945133,0.362204
8,100000000,k4_admiss,"(0, 2, 6, 8)",4,4.151425,wide,4071,169362899,0,0.131125,-0.131125,0.131125,18.947554,0.362111
8,100000000,k4_admiss,"(0, 2, 6, 8)",4,4.151425,wide,4071,169739796,0,0.131063,-0.131063,0.131063,18.949777,0.362027
8,100000000,k4_admiss,"(0, 2, 6, 8)",4,4.151425,wide,4071,170363771,0,0.130962,-0.130962,0.130962,18.953447,0.361886
8,100000000,k4_admiss,"(0, 2, 6, 8)",4,4.151425,wide,4071,170594144,0,0.130924,-0.130924,0.130924,18.954798,0.361835
8,100000000,k4_admiss,"(0, 2, 6, 8)",4,4.151425,wide,4071,170958976,0,0.130865,-0.130865,0.130865,18.956934,0.361753
8,100000000,k4_admiss,"(0, 2, 6, 8)",4,4.151425,wide,4071,171499821,0,0.130778,-0.130778,0.130778,18.960093,0.361633
8,100000000,k4_admiss,"(0, 2, 6, 8)",4,4.151425,wide,4071,171702527,0,0.130746,-0.130746,0.130746,18.961274,0.361588
8,100000000,k4_admiss,"(0, 2, 6, 8)",4,4.151425,wide,4071,172228138,0,0.130661,-0.130661,0.130661,18.964331,0.361471
8,100000000,k4_admiss,"(0, 2, 6, 8)",4,4.151425,wide,4071,172467543,0,0.130623,-0.130623,0.130623,18.965720,0.361418
8,100000000,k4_admiss,"(0, 2, 6, 8)",4,4.151425,wide,4071,173076191,0,0.130526,-0.130526,0.130526,18.969242,0.361284
8,100000000,k4_admiss,"(0, 2, 6, 8)",4,4.151425,wide,4071,173272314,0,0.130495,-0.130495,0.130495,18.970375,0.361241
8,100000000,k4_admiss,"(0, 2, 6, 8)",4,4.151425,wide,4071,173801935,0,0.130411,-0.130411,0.130411,18.973427,0.361125
8,100000000,k4_admiss,"(0, 2, 6, 8)",4,4.151425,wide,4071,174136013,0,0.130358,-0.130358,0.130358,18.975347,0.361052
8,100000000,k4_admiss,"(0, 2, 6, 8)",4,4.151425,wide,4071,174602215,0,0.130285,-0.130285,0.130285,18.978021,0.360950
8,100000000,k4_admiss,"(0, 2, 6, 8)",4,4.151425,wide,4071,174784341,1,0.130256,0.869744,0.869744,18.979063,0.360910
8,100000000,k4_admiss,"(0, 2, 6, 8)",4,4.151425,wide,4071,175427510,0,0.130155,-0.130155,0.130155,18.982736,0.360770
8,100000000,k4_admiss,"(0, 2, 6, 8)",4,4.151425,wide,4071,175540706,0,0.130138,-0.130138,0.130138,18.983382,0.360746
8,100000000,k4_admiss,"(0, 2, 6, 8)",4,4.151425,wide,4071,175889393,0,0.130083,-0.130083,0.130083,18.985366,0.360671
8,100000000,k4_admiss,"(0, 2, 6, 8)",4,4.151425,wide,4071,176435429,1,0.129998,0.870002,0.870002,18.988466,0.360553
8,100000000,k4_admiss,"(0, 2, 6, 8)",4,4.151425,wide,4071,176959884,0,0.129917,-0.129917,0.129917,18.991434,0.360440
8,100000000,k4_admiss,"(0, 2, 6, 8)",4,4.151425,wide,4071,177217995,0,0.129877,-0.129877,0.129877,18.992891,0.360385
8,100000000,k4_admiss,"(0, 2, 6, 8)",4,4.151425,wide,4071,177514675,0,0.129831,-0.129831,0.129831,18.994564,0.360321
